Creating test database for alias 'default'...
System check identified some issues:

WARNINGS:
?: (billing.W001) PlanFeature catalogue is missing (or not marked is_gating_feature=True for) gating key(s): ['AI_PROMPT_ANALYTICS_SUMMARY', 'AI_PROMPT_ASSIGNMENT_CREATION']. Every user in this environment will be DENIED the corresponding AI feature(s) - see AI_FEATURE_GATING_MAP in billing/access_control.py - until `manage.py seed_plan_features` is run.

System check identified 1 issue (0 silenced).
Cannot activate automatic trial for user scale-teacher-small-d3809e6e14@example.com (validation): Free trial plan not found. Please create one in the admin panel.
Cannot activate automatic trial for user scale-teacher-large-01a66f97c0@example.com (validation): Free trial plan not found. Please create one in the admin panel.
API Exception
Traceback (most recent call last):
  File "/home/bond-servant-in-training/Documents/Virtualenvs/AutoGrader_env/lib/python3.12/site-packages/rest_framework/views.py", line 503, in dispatch
    self.initial(request, *args, **kwargs)
  File "/home/bond-servant-in-training/Documents/Virtualenvs/AutoGrader_env/lib/python3.12/site-packages/rest_framework/views.py", line 421, in initial
    self.check_permissions(request)
  File "/home/bond-servant-in-training/Documents/Virtualenvs/AutoGrader_env/lib/python3.12/site-packages/rest_framework/views.py", line 338, in check_permissions
    if not permission.has_permission(request, self):
           ^^^^^^^^^^^^^^^^^^^^^^^^^^^^^^^^^^^^^^^^
  File "/home/bond-servant-in-training/Documents/Projects/GAP-refusal-gate6-b744c9f/users/permissions.py", line 50, in has_permission
    raise ParseError(message)
rest_framework.exceptions.ParseError: <b>Insufficient Credits:</b> Your Credit Wallet is currently empty. Please top up your credits to continue with grading or AI tasks.
API Exception
Traceback (most recent call last):
  File "/home/bond-servant-in-training/Documents/Virtualenvs/AutoGrader_env/lib/python3.12/site-packages/rest_framework/views.py", line 503, in dispatch
    self.initial(request, *args, **kwargs)
  File "/home/bond-servant-in-training/Documents/Virtualenvs/AutoGrader_env/lib/python3.12/site-packages/rest_framework/views.py", line 421, in initial
    self.check_permissions(request)
  File "/home/bond-servant-in-training/Documents/Virtualenvs/AutoGrader_env/lib/python3.12/site-packages/rest_framework/views.py", line 338, in check_permissions
    if not permission.has_permission(request, self):
           ^^^^^^^^^^^^^^^^^^^^^^^^^^^^^^^^^^^^^^^^
  File "/home/bond-servant-in-training/Documents/Projects/GAP-refusal-gate6-b744c9f/users/permissions.py", line 50, in has_permission
    raise ParseError(message)
rest_framework.exceptions.ParseError: <b>Insufficient Credits:</b> Your Credit Wallet is currently empty. Please top up your credits to continue with grading or AI tasks.
API Exception
Traceback (most recent call last):
  File "/home/bond-servant-in-training/Documents/Virtualenvs/AutoGrader_env/lib/python3.12/site-packages/rest_framework/views.py", line 503, in dispatch
    self.initial(request, *args, **kwargs)
  File "/home/bond-servant-in-training/Documents/Virtualenvs/AutoGrader_env/lib/python3.12/site-packages/rest_framework/views.py", line 421, in initial
    self.check_permissions(request)
  File "/home/bond-servant-in-training/Documents/Virtualenvs/AutoGrader_env/lib/python3.12/site-packages/rest_framework/views.py", line 338, in check_permissions
    if not permission.has_permission(request, self):
           ^^^^^^^^^^^^^^^^^^^^^^^^^^^^^^^^^^^^^^^^
  File "/home/bond-servant-in-training/Documents/Projects/GAP-refusal-gate6-b744c9f/users/permissions.py", line 50, in has_permission
    raise ParseError(message)
rest_framework.exceptions.ParseError: <b>Insufficient Credits:</b> Your Credit Wallet is currently empty. Please top up your credits to continue with grading or AI tasks.
API Exception
Traceback (most recent call last):
  File "/home/bond-servant-in-training/Documents/Virtualenvs/AutoGrader_env/lib/python3.12/site-packages/rest_framework/views.py", line 503, in dispatch
    self.initial(request, *args, **kwargs)
  File "/home/bond-servant-in-training/Documents/Virtualenvs/AutoGrader_env/lib/python3.12/site-packages/rest_framework/views.py", line 421, in initial
    self.check_permissions(request)
  File "/home/bond-servant-in-training/Documents/Virtualenvs/AutoGrader_env/lib/python3.12/site-packages/rest_framework/views.py", line 338, in check_permissions
    if not permission.has_permission(request, self):
           ^^^^^^^^^^^^^^^^^^^^^^^^^^^^^^^^^^^^^^^^
  File "/home/bond-servant-in-training/Documents/Projects/GAP-refusal-gate6-b744c9f/users/permissions.py", line 50, in has_permission
    raise ParseError(message)
rest_framework.exceptions.ParseError: <b>Insufficient Credits:</b> Your Credit Wallet is currently empty. Please top up your credits to continue with grading or AI tasks.
API Exception
Traceback (most recent call last):
  File "/home/bond-servant-in-training/Documents/Virtualenvs/AutoGrader_env/lib/python3.12/site-packages/rest_framework/views.py", line 503, in dispatch
    self.initial(request, *args, **kwargs)
  File "/home/bond-servant-in-training/Documents/Virtualenvs/AutoGrader_env/lib/python3.12/site-packages/rest_framework/views.py", line 421, in initial
    self.check_permissions(request)
  File "/home/bond-servant-in-training/Documents/Virtualenvs/AutoGrader_env/lib/python3.12/site-packages/rest_framework/views.py", line 338, in check_permissions
    if not permission.has_permission(request, self):
           ^^^^^^^^^^^^^^^^^^^^^^^^^^^^^^^^^^^^^^^^
  File "/home/bond-servant-in-training/Documents/Projects/GAP-refusal-gate6-b744c9f/users/permissions.py", line 50, in has_permission
    raise ParseError(message)
rest_framework.exceptions.ParseError: <b>Insufficient Credits:</b> Your Credit Wallet is currently empty. Please top up your credits to continue with grading or AI tasks.
API Exception
Traceback (most recent call last):
  File "/home/bond-servant-in-training/Documents/Virtualenvs/AutoGrader_env/lib/python3.12/site-packages/rest_framework/views.py", line 503, in dispatch
    self.initial(request, *args, **kwargs)
  File "/home/bond-servant-in-training/Documents/Virtualenvs/AutoGrader_env/lib/python3.12/site-packages/rest_framework/views.py", line 421, in initial
    self.check_permissions(request)
  File "/home/bond-servant-in-training/Documents/Virtualenvs/AutoGrader_env/lib/python3.12/site-packages/rest_framework/views.py", line 338, in check_permissions
    if not permission.has_permission(request, self):
           ^^^^^^^^^^^^^^^^^^^^^^^^^^^^^^^^^^^^^^^^
  File "/home/bond-servant-in-training/Documents/Projects/GAP-refusal-gate6-b744c9f/users/permissions.py", line 50, in has_permission
    raise ParseError(message)
rest_framework.exceptions.ParseError: <b>Insufficient Credits:</b> Your Credit Wallet is currently empty. Please top up your credits to continue with grading or AI tasks.
API Exception
Traceback (most recent call last):
  File "/home/bond-servant-in-training/Documents/Virtualenvs/AutoGrader_env/lib/python3.12/site-packages/rest_framework/views.py", line 503, in dispatch
    self.initial(request, *args, **kwargs)
  File "/home/bond-servant-in-training/Documents/Virtualenvs/AutoGrader_env/lib/python3.12/site-packages/rest_framework/views.py", line 421, in initial
    self.check_permissions(request)
  File "/home/bond-servant-in-training/Documents/Virtualenvs/AutoGrader_env/lib/python3.12/site-packages/rest_framework/views.py", line 338, in check_permissions
    if not permission.has_permission(request, self):
           ^^^^^^^^^^^^^^^^^^^^^^^^^^^^^^^^^^^^^^^^
  File "/home/bond-servant-in-training/Documents/Projects/GAP-refusal-gate6-b744c9f/users/permissions.py", line 50, in has_permission
    raise ParseError(message)
rest_framework.exceptions.ParseError: <b>Insufficient Credits:</b> Your Credit Wallet is currently empty. Please top up your credits to continue with grading or AI tasks.
API Exception
Traceback (most recent call last):
  File "/home/bond-servant-in-training/Documents/Virtualenvs/AutoGrader_env/lib/python3.12/site-packages/rest_framework/views.py", line 503, in dispatch
    self.initial(request, *args, **kwargs)
  File "/home/bond-servant-in-training/Documents/Virtualenvs/AutoGrader_env/lib/python3.12/site-packages/rest_framework/views.py", line 421, in initial
    self.check_permissions(request)
  File "/home/bond-servant-in-training/Documents/Virtualenvs/AutoGrader_env/lib/python3.12/site-packages/rest_framework/views.py", line 338, in check_permissions
    if not permission.has_permission(request, self):
           ^^^^^^^^^^^^^^^^^^^^^^^^^^^^^^^^^^^^^^^^
  File "/home/bond-servant-in-training/Documents/Projects/GAP-refusal-gate6-b744c9f/users/permissions.py", line 50, in has_permission
    raise ParseError(message)
rest_framework.exceptions.ParseError: <b>Insufficient Credits:</b> Your Credit Wallet is currently empty. Please top up your credits to continue with grading or AI tasks.
API Exception
Traceback (most recent call last):
  File "/home/bond-servant-in-training/Documents/Virtualenvs/AutoGrader_env/lib/python3.12/site-packages/rest_framework/views.py", line 503, in dispatch
    self.initial(request, *args, **kwargs)
  File "/home/bond-servant-in-training/Documents/Virtualenvs/AutoGrader_env/lib/python3.12/site-packages/rest_framework/views.py", line 421, in initial
    self.check_permissions(request)
  File "/home/bond-servant-in-training/Documents/Virtualenvs/AutoGrader_env/lib/python3.12/site-packages/rest_framework/views.py", line 338, in check_permissions
    if not permission.has_permission(request, self):
           ^^^^^^^^^^^^^^^^^^^^^^^^^^^^^^^^^^^^^^^^
  File "/home/bond-servant-in-training/Documents/Projects/GAP-refusal-gate6-b744c9f/users/permissions.py", line 50, in has_permission
    raise ParseError(message)
rest_framework.exceptions.ParseError: <b>Insufficient Credits:</b> Your Credit Wallet is currently empty. Please top up your credits to continue with grading or AI tasks.
API Exception
Traceback (most recent call last):
  File "/home/bond-servant-in-training/Documents/Virtualenvs/AutoGrader_env/lib/python3.12/site-packages/rest_framework/views.py", line 503, in dispatch
    self.initial(request, *args, **kwargs)
  File "/home/bond-servant-in-training/Documents/Virtualenvs/AutoGrader_env/lib/python3.12/site-packages/rest_framework/views.py", line 421, in initial
    self.check_permissions(request)
  File "/home/bond-servant-in-training/Documents/Virtualenvs/AutoGrader_env/lib/python3.12/site-packages/rest_framework/views.py", line 338, in check_permissions
    if not permission.has_permission(request, self):
           ^^^^^^^^^^^^^^^^^^^^^^^^^^^^^^^^^^^^^^^^
  File "/home/bond-servant-in-training/Documents/Projects/GAP-refusal-gate6-b744c9f/users/permissions.py", line 50, in has_permission
    raise ParseError(message)
rest_framework.exceptions.ParseError: <b>Insufficient Credits:</b> Your Credit Wallet is currently empty. Please top up your credits to continue with grading or AI tasks.
API Exception
Traceback (most recent call last):
  File "/home/bond-servant-in-training/Documents/Virtualenvs/AutoGrader_env/lib/python3.12/site-packages/rest_framework/views.py", line 503, in dispatch
    self.initial(request, *args, **kwargs)
  File "/home/bond-servant-in-training/Documents/Virtualenvs/AutoGrader_env/lib/python3.12/site-packages/rest_framework/views.py", line 421, in initial
    self.check_permissions(request)
  File "/home/bond-servant-in-training/Documents/Virtualenvs/AutoGrader_env/lib/python3.12/site-packages/rest_framework/views.py", line 338, in check_permissions
    if not permission.has_permission(request, self):
           ^^^^^^^^^^^^^^^^^^^^^^^^^^^^^^^^^^^^^^^^
  File "/home/bond-servant-in-training/Documents/Projects/GAP-refusal-gate6-b744c9f/users/permissions.py", line 50, in has_permission
    raise ParseError(message)
rest_framework.exceptions.ParseError: <b>Insufficient Credits:</b> Your Credit Wallet is currently empty. Please top up your credits to continue with grading or AI tasks.
API Exception
Traceback (most recent call last):
  File "/home/bond-servant-in-training/Documents/Virtualenvs/AutoGrader_env/lib/python3.12/site-packages/rest_framework/views.py", line 503, in dispatch
    self.initial(request, *args, **kwargs)
  File "/home/bond-servant-in-training/Documents/Virtualenvs/AutoGrader_env/lib/python3.12/site-packages/rest_framework/views.py", line 421, in initial
    self.check_permissions(request)
  File "/home/bond-servant-in-training/Documents/Virtualenvs/AutoGrader_env/lib/python3.12/site-packages/rest_framework/views.py", line 338, in check_permissions
    if not permission.has_permission(request, self):
           ^^^^^^^^^^^^^^^^^^^^^^^^^^^^^^^^^^^^^^^^
  File "/home/bond-servant-in-training/Documents/Projects/GAP-refusal-gate6-b744c9f/users/permissions.py", line 50, in has_permission
    raise ParseError(message)
rest_framework.exceptions.ParseError: <b>Insufficient Credits:</b> Your Credit Wallet is currently empty. Please top up your credits to continue with grading or AI tasks.
API Exception
Traceback (most recent call last):
  File "/home/bond-servant-in-training/Documents/Virtualenvs/AutoGrader_env/lib/python3.12/site-packages/rest_framework/views.py", line 503, in dispatch
    self.initial(request, *args, **kwargs)
  File "/home/bond-servant-in-training/Documents/Virtualenvs/AutoGrader_env/lib/python3.12/site-packages/rest_framework/views.py", line 421, in initial
    self.check_permissions(request)
  File "/home/bond-servant-in-training/Documents/Virtualenvs/AutoGrader_env/lib/python3.12/site-packages/rest_framework/views.py", line 338, in check_permissions
    if not permission.has_permission(request, self):
           ^^^^^^^^^^^^^^^^^^^^^^^^^^^^^^^^^^^^^^^^
  File "/home/bond-servant-in-training/Documents/Projects/GAP-refusal-gate6-b744c9f/users/permissions.py", line 50, in has_permission
    raise ParseError(message)
rest_framework.exceptions.ParseError: <b>Insufficient Credits:</b> Your Credit Wallet is currently empty. Please top up your credits to continue with grading or AI tasks.
API Exception
Traceback (most recent call last):
  File "/home/bond-servant-in-training/Documents/Virtualenvs/AutoGrader_env/lib/python3.12/site-packages/rest_framework/views.py", line 503, in dispatch
    self.initial(request, *args, **kwargs)
  File "/home/bond-servant-in-training/Documents/Virtualenvs/AutoGrader_env/lib/python3.12/site-packages/rest_framework/views.py", line 421, in initial
    self.check_permissions(request)
  File "/home/bond-servant-in-training/Documents/Virtualenvs/AutoGrader_env/lib/python3.12/site-packages/rest_framework/views.py", line 338, in check_permissions
    if not permission.has_permission(request, self):
           ^^^^^^^^^^^^^^^^^^^^^^^^^^^^^^^^^^^^^^^^
  File "/home/bond-servant-in-training/Documents/Projects/GAP-refusal-gate6-b744c9f/users/permissions.py", line 50, in has_permission
    raise ParseError(message)
rest_framework.exceptions.ParseError: <b>Insufficient Credits:</b> Your Credit Wallet is currently empty. Please top up your credits to continue with grading or AI tasks.
API Exception
Traceback (most recent call last):
  File "/home/bond-servant-in-training/Documents/Virtualenvs/AutoGrader_env/lib/python3.12/site-packages/rest_framework/views.py", line 503, in dispatch
    self.initial(request, *args, **kwargs)
  File "/home/bond-servant-in-training/Documents/Virtualenvs/AutoGrader_env/lib/python3.12/site-packages/rest_framework/views.py", line 421, in initial
    self.check_permissions(request)
  File "/home/bond-servant-in-training/Documents/Virtualenvs/AutoGrader_env/lib/python3.12/site-packages/rest_framework/views.py", line 338, in check_permissions
    if not permission.has_permission(request, self):
           ^^^^^^^^^^^^^^^^^^^^^^^^^^^^^^^^^^^^^^^^
  File "/home/bond-servant-in-training/Documents/Projects/GAP-refusal-gate6-b744c9f/users/permissions.py", line 50, in has_permission
    raise ParseError(message)
rest_framework.exceptions.ParseError: <b>Insufficient Credits:</b> Your Credit Wallet is currently empty. Please top up your credits to continue with grading or AI tasks.
API Exception
Traceback (most recent call last):
  File "/home/bond-servant-in-training/Documents/Virtualenvs/AutoGrader_env/lib/python3.12/site-packages/rest_framework/views.py", line 503, in dispatch
    self.initial(request, *args, **kwargs)
  File "/home/bond-servant-in-training/Documents/Virtualenvs/AutoGrader_env/lib/python3.12/site-packages/rest_framework/views.py", line 421, in initial
    self.check_permissions(request)
  File "/home/bond-servant-in-training/Documents/Virtualenvs/AutoGrader_env/lib/python3.12/site-packages/rest_framework/views.py", line 338, in check_permissions
    if not permission.has_permission(request, self):
           ^^^^^^^^^^^^^^^^^^^^^^^^^^^^^^^^^^^^^^^^
  File "/home/bond-servant-in-training/Documents/Projects/GAP-refusal-gate6-b744c9f/users/permissions.py", line 50, in has_permission
    raise ParseError(message)
rest_framework.exceptions.ParseError: <b>Insufficient Credits:</b> Your Credit Wallet is currently empty. Please top up your credits to continue with grading or AI tasks.
API Exception
Traceback (most recent call last):
  File "/home/bond-servant-in-training/Documents/Virtualenvs/AutoGrader_env/lib/python3.12/site-packages/rest_framework/views.py", line 503, in dispatch
    self.initial(request, *args, **kwargs)
  File "/home/bond-servant-in-training/Documents/Virtualenvs/AutoGrader_env/lib/python3.12/site-packages/rest_framework/views.py", line 421, in initial
    self.check_permissions(request)
  File "/home/bond-servant-in-training/Documents/Virtualenvs/AutoGrader_env/lib/python3.12/site-packages/rest_framework/views.py", line 338, in check_permissions
    if not permission.has_permission(request, self):
           ^^^^^^^^^^^^^^^^^^^^^^^^^^^^^^^^^^^^^^^^
  File "/home/bond-servant-in-training/Documents/Projects/GAP-refusal-gate6-b744c9f/users/permissions.py", line 50, in has_permission
    raise ParseError(message)
rest_framework.exceptions.ParseError: <b>Insufficient Credits:</b> Your Credit Wallet is currently empty. Please top up your credits to continue with grading or AI tasks.
API Exception
Traceback (most recent call last):
  File "/home/bond-servant-in-training/Documents/Virtualenvs/AutoGrader_env/lib/python3.12/site-packages/rest_framework/views.py", line 503, in dispatch
    self.initial(request, *args, **kwargs)
  File "/home/bond-servant-in-training/Documents/Virtualenvs/AutoGrader_env/lib/python3.12/site-packages/rest_framework/views.py", line 421, in initial
    self.check_permissions(request)
  File "/home/bond-servant-in-training/Documents/Virtualenvs/AutoGrader_env/lib/python3.12/site-packages/rest_framework/views.py", line 338, in check_permissions
    if not permission.has_permission(request, self):
           ^^^^^^^^^^^^^^^^^^^^^^^^^^^^^^^^^^^^^^^^
  File "/home/bond-servant-in-training/Documents/Projects/GAP-refusal-gate6-b744c9f/users/permissions.py", line 50, in has_permission
    raise ParseError(message)
rest_framework.exceptions.ParseError: <b>Insufficient Credits:</b> Your Credit Wallet is currently empty. Please top up your credits to continue with grading or AI tasks.
API Exception
Traceback (most recent call last):
  File "/home/bond-servant-in-training/Documents/Virtualenvs/AutoGrader_env/lib/python3.12/site-packages/rest_framework/views.py", line 503, in dispatch
    self.initial(request, *args, **kwargs)
  File "/home/bond-servant-in-training/Documents/Virtualenvs/AutoGrader_env/lib/python3.12/site-packages/rest_framework/views.py", line 421, in initial
    self.check_permissions(request)
  File "/home/bond-servant-in-training/Documents/Virtualenvs/AutoGrader_env/lib/python3.12/site-packages/rest_framework/views.py", line 338, in check_permissions
    if not permission.has_permission(request, self):
           ^^^^^^^^^^^^^^^^^^^^^^^^^^^^^^^^^^^^^^^^
  File "/home/bond-servant-in-training/Documents/Projects/GAP-refusal-gate6-b744c9f/users/permissions.py", line 50, in has_permission
    raise ParseError(message)
rest_framework.exceptions.ParseError: <b>Insufficient Credits:</b> Your Credit Wallet is currently empty. Please top up your credits to continue with grading or AI tasks.
API Exception
Traceback (most recent call last):
  File "/home/bond-servant-in-training/Documents/Virtualenvs/AutoGrader_env/lib/python3.12/site-packages/rest_framework/views.py", line 503, in dispatch
    self.initial(request, *args, **kwargs)
  File "/home/bond-servant-in-training/Documents/Virtualenvs/AutoGrader_env/lib/python3.12/site-packages/rest_framework/views.py", line 421, in initial
    self.check_permissions(request)
  File "/home/bond-servant-in-training/Documents/Virtualenvs/AutoGrader_env/lib/python3.12/site-packages/rest_framework/views.py", line 338, in check_permissions
    if not permission.has_permission(request, self):
           ^^^^^^^^^^^^^^^^^^^^^^^^^^^^^^^^^^^^^^^^
  File "/home/bond-servant-in-training/Documents/Projects/GAP-refusal-gate6-b744c9f/users/permissions.py", line 50, in has_permission
    raise ParseError(message)
rest_framework.exceptions.ParseError: <b>Insufficient Credits:</b> Your Credit Wallet is currently empty. Please top up your credits to continue with grading or AI tasks.
GATE6 {"measurement": "permission_refusal", "doctrine_sizes": true, "pool": {"connections": 19, "max_connections": 100}, "students": 600, "queries_min": 1, "queries_max": 3, "p50_ms": 19.4, "p95_ms": 23.7}
API Exception
Traceback (most recent call last):
  File "/home/bond-servant-in-training/Documents/Virtualenvs/AutoGrader_env/lib/python3.12/site-packages/rest_framework/views.py", line 503, in dispatch
    self.initial(request, *args, **kwargs)
  File "/home/bond-servant-in-training/Documents/Virtualenvs/AutoGrader_env/lib/python3.12/site-packages/rest_framework/views.py", line 421, in initial
    self.check_permissions(request)
  File "/home/bond-servant-in-training/Documents/Virtualenvs/AutoGrader_env/lib/python3.12/site-packages/rest_framework/views.py", line 338, in check_permissions
    if not permission.has_permission(request, self):
           ^^^^^^^^^^^^^^^^^^^^^^^^^^^^^^^^^^^^^^^^
  File "/home/bond-servant-in-training/Documents/Projects/GAP-refusal-gate6-b744c9f/users/permissions.py", line 50, in has_permission
    raise ParseError(message)
rest_framework.exceptions.ParseError: <b>Insufficient Credits:</b> Your Credit Wallet is currently empty. Please top up your credits to continue with grading or AI tasks.
API Exception
Traceback (most recent call last):
  File "/home/bond-servant-in-training/Documents/Virtualenvs/AutoGrader_env/lib/python3.12/site-packages/rest_framework/views.py", line 503, in dispatch
    self.initial(request, *args, **kwargs)
  File "/home/bond-servant-in-training/Documents/Virtualenvs/AutoGrader_env/lib/python3.12/site-packages/rest_framework/views.py", line 421, in initial
    self.check_permissions(request)
  File "/home/bond-servant-in-training/Documents/Virtualenvs/AutoGrader_env/lib/python3.12/site-packages/rest_framework/views.py", line 338, in check_permissions
    if not permission.has_permission(request, self):
           ^^^^^^^^^^^^^^^^^^^^^^^^^^^^^^^^^^^^^^^^
  File "/home/bond-servant-in-training/Documents/Projects/GAP-refusal-gate6-b744c9f/users/permissions.py", line 50, in has_permission
    raise ParseError(message)
rest_framework.exceptions.ParseError: <b>Insufficient Credits:</b> Your Credit Wallet is currently empty. Please top up your credits to continue with grading or AI tasks.
API Exception
Traceback (most recent call last):
  File "/home/bond-servant-in-training/Documents/Virtualenvs/AutoGrader_env/lib/python3.12/site-packages/rest_framework/views.py", line 503, in dispatch
    self.initial(request, *args, **kwargs)
  File "/home/bond-servant-in-training/Documents/Virtualenvs/AutoGrader_env/lib/python3.12/site-packages/rest_framework/views.py", line 421, in initial
    self.check_permissions(request)
  File "/home/bond-servant-in-training/Documents/Virtualenvs/AutoGrader_env/lib/python3.12/site-packages/rest_framework/views.py", line 338, in check_permissions
    if not permission.has_permission(request, self):
           ^^^^^^^^^^^^^^^^^^^^^^^^^^^^^^^^^^^^^^^^
  File "/home/bond-servant-in-training/Documents/Projects/GAP-refusal-gate6-b744c9f/users/permissions.py", line 50, in has_permission
    raise ParseError(message)
rest_framework.exceptions.ParseError: <b>Insufficient Credits:</b> Your Credit Wallet is currently empty. Please top up your credits to continue with grading or AI tasks.
API Exception
Traceback (most recent call last):
  File "/home/bond-servant-in-training/Documents/Virtualenvs/AutoGrader_env/lib/python3.12/site-packages/rest_framework/views.py", line 503, in dispatch
    self.initial(request, *args, **kwargs)
  File "/home/bond-servant-in-training/Documents/Virtualenvs/AutoGrader_env/lib/python3.12/site-packages/rest_framework/views.py", line 421, in initial
    self.check_permissions(request)
  File "/home/bond-servant-in-training/Documents/Virtualenvs/AutoGrader_env/lib/python3.12/site-packages/rest_framework/views.py", line 338, in check_permissions
    if not permission.has_permission(request, self):
           ^^^^^^^^^^^^^^^^^^^^^^^^^^^^^^^^^^^^^^^^
  File "/home/bond-servant-in-training/Documents/Projects/GAP-refusal-gate6-b744c9f/users/permissions.py", line 50, in has_permission
    raise ParseError(message)
rest_framework.exceptions.ParseError: <b>Insufficient Credits:</b> Your Credit Wallet is currently empty. Please top up your credits to continue with grading or AI tasks.
API Exception
Traceback (most recent call last):
  File "/home/bond-servant-in-training/Documents/Virtualenvs/AutoGrader_env/lib/python3.12/site-packages/rest_framework/views.py", line 503, in dispatch
    self.initial(request, *args, **kwargs)
  File "/home/bond-servant-in-training/Documents/Virtualenvs/AutoGrader_env/lib/python3.12/site-packages/rest_framework/views.py", line 421, in initial
    self.check_permissions(request)
  File "/home/bond-servant-in-training/Documents/Virtualenvs/AutoGrader_env/lib/python3.12/site-packages/rest_framework/views.py", line 338, in check_permissions
    if not permission.has_permission(request, self):
           ^^^^^^^^^^^^^^^^^^^^^^^^^^^^^^^^^^^^^^^^
  File "/home/bond-servant-in-training/Documents/Projects/GAP-refusal-gate6-b744c9f/users/permissions.py", line 50, in has_permission
    raise ParseError(message)
rest_framework.exceptions.ParseError: <b>Insufficient Credits:</b> Your Credit Wallet is currently empty. Please top up your credits to continue with grading or AI tasks.
API Exception
Traceback (most recent call last):
  File "/home/bond-servant-in-training/Documents/Virtualenvs/AutoGrader_env/lib/python3.12/site-packages/rest_framework/views.py", line 503, in dispatch
    self.initial(request, *args, **kwargs)
  File "/home/bond-servant-in-training/Documents/Virtualenvs/AutoGrader_env/lib/python3.12/site-packages/rest_framework/views.py", line 421, in initial
    self.check_permissions(request)
  File "/home/bond-servant-in-training/Documents/Virtualenvs/AutoGrader_env/lib/python3.12/site-packages/rest_framework/views.py", line 338, in check_permissions
    if not permission.has_permission(request, self):
           ^^^^^^^^^^^^^^^^^^^^^^^^^^^^^^^^^^^^^^^^
  File "/home/bond-servant-in-training/Documents/Projects/GAP-refusal-gate6-b744c9f/users/permissions.py", line 50, in has_permission
    raise ParseError(message)
rest_framework.exceptions.ParseError: <b>Insufficient Credits:</b> Your Credit Wallet is currently empty. Please top up your credits to continue with grading or AI tasks.
API Exception
Traceback (most recent call last):
  File "/home/bond-servant-in-training/Documents/Virtualenvs/AutoGrader_env/lib/python3.12/site-packages/rest_framework/views.py", line 503, in dispatch
    self.initial(request, *args, **kwargs)
  File "/home/bond-servant-in-training/Documents/Virtualenvs/AutoGrader_env/lib/python3.12/site-packages/rest_framework/views.py", line 421, in initial
    self.check_permissions(request)
  File "/home/bond-servant-in-training/Documents/Virtualenvs/AutoGrader_env/lib/python3.12/site-packages/rest_framework/views.py", line 338, in check_permissions
    if not permission.has_permission(request, self):
           ^^^^^^^^^^^^^^^^^^^^^^^^^^^^^^^^^^^^^^^^
  File "/home/bond-servant-in-training/Documents/Projects/GAP-refusal-gate6-b744c9f/users/permissions.py", line 50, in has_permission
    raise ParseError(message)
rest_framework.exceptions.ParseError: <b>Insufficient Credits:</b> Your Credit Wallet is currently empty. Please top up your credits to continue with grading or AI tasks.
API Exception
Traceback (most recent call last):
  File "/home/bond-servant-in-training/Documents/Virtualenvs/AutoGrader_env/lib/python3.12/site-packages/rest_framework/views.py", line 503, in dispatch
    self.initial(request, *args, **kwargs)
  File "/home/bond-servant-in-training/Documents/Virtualenvs/AutoGrader_env/lib/python3.12/site-packages/rest_framework/views.py", line 421, in initial
    self.check_permissions(request)
  File "/home/bond-servant-in-training/Documents/Virtualenvs/AutoGrader_env/lib/python3.12/site-packages/rest_framework/views.py", line 338, in check_permissions
    if not permission.has_permission(request, self):
           ^^^^^^^^^^^^^^^^^^^^^^^^^^^^^^^^^^^^^^^^
  File "/home/bond-servant-in-training/Documents/Projects/GAP-refusal-gate6-b744c9f/users/permissions.py", line 50, in has_permission
    raise ParseError(message)
rest_framework.exceptions.ParseError: <b>Insufficient Credits:</b> Your Credit Wallet is currently empty. Please top up your credits to continue with grading or AI tasks.
API Exception
Traceback (most recent call last):
  File "/home/bond-servant-in-training/Documents/Virtualenvs/AutoGrader_env/lib/python3.12/site-packages/rest_framework/views.py", line 503, in dispatch
    self.initial(request, *args, **kwargs)
  File "/home/bond-servant-in-training/Documents/Virtualenvs/AutoGrader_env/lib/python3.12/site-packages/rest_framework/views.py", line 421, in initial
    self.check_permissions(request)
  File "/home/bond-servant-in-training/Documents/Virtualenvs/AutoGrader_env/lib/python3.12/site-packages/rest_framework/views.py", line 338, in check_permissions
    if not permission.has_permission(request, self):
           ^^^^^^^^^^^^^^^^^^^^^^^^^^^^^^^^^^^^^^^^
  File "/home/bond-servant-in-training/Documents/Projects/GAP-refusal-gate6-b744c9f/users/permissions.py", line 50, in has_permission
    raise ParseError(message)
rest_framework.exceptions.ParseError: <b>Insufficient Credits:</b> Your Credit Wallet is currently empty. Please top up your credits to continue with grading or AI tasks.
API Exception
Traceback (most recent call last):
  File "/home/bond-servant-in-training/Documents/Virtualenvs/AutoGrader_env/lib/python3.12/site-packages/rest_framework/views.py", line 503, in dispatch
    self.initial(request, *args, **kwargs)
  File "/home/bond-servant-in-training/Documents/Virtualenvs/AutoGrader_env/lib/python3.12/site-packages/rest_framework/views.py", line 421, in initial
    self.check_permissions(request)
  File "/home/bond-servant-in-training/Documents/Virtualenvs/AutoGrader_env/lib/python3.12/site-packages/rest_framework/views.py", line 338, in check_permissions
    if not permission.has_permission(request, self):
           ^^^^^^^^^^^^^^^^^^^^^^^^^^^^^^^^^^^^^^^^
  File "/home/bond-servant-in-training/Documents/Projects/GAP-refusal-gate6-b744c9f/users/permissions.py", line 50, in has_permission
    raise ParseError(message)
rest_framework.exceptions.ParseError: <b>Insufficient Credits:</b> Your Credit Wallet is currently empty. Please top up your credits to continue with grading or AI tasks.
API Exception
Traceback (most recent call last):
  File "/home/bond-servant-in-training/Documents/Virtualenvs/AutoGrader_env/lib/python3.12/site-packages/rest_framework/views.py", line 503, in dispatch
    self.initial(request, *args, **kwargs)
  File "/home/bond-servant-in-training/Documents/Virtualenvs/AutoGrader_env/lib/python3.12/site-packages/rest_framework/views.py", line 421, in initial
    self.check_permissions(request)
  File "/home/bond-servant-in-training/Documents/Virtualenvs/AutoGrader_env/lib/python3.12/site-packages/rest_framework/views.py", line 338, in check_permissions
    if not permission.has_permission(request, self):
           ^^^^^^^^^^^^^^^^^^^^^^^^^^^^^^^^^^^^^^^^
  File "/home/bond-servant-in-training/Documents/Projects/GAP-refusal-gate6-b744c9f/users/permissions.py", line 50, in has_permission
    raise ParseError(message)
rest_framework.exceptions.ParseError: <b>Insufficient Credits:</b> Your Credit Wallet is currently empty. Please top up your credits to continue with grading or AI tasks.
API Exception
Traceback (most recent call last):
  File "/home/bond-servant-in-training/Documents/Virtualenvs/AutoGrader_env/lib/python3.12/site-packages/rest_framework/views.py", line 503, in dispatch
    self.initial(request, *args, **kwargs)
  File "/home/bond-servant-in-training/Documents/Virtualenvs/AutoGrader_env/lib/python3.12/site-packages/rest_framework/views.py", line 421, in initial
    self.check_permissions(request)
  File "/home/bond-servant-in-training/Documents/Virtualenvs/AutoGrader_env/lib/python3.12/site-packages/rest_framework/views.py", line 338, in check_permissions
    if not permission.has_permission(request, self):
           ^^^^^^^^^^^^^^^^^^^^^^^^^^^^^^^^^^^^^^^^
  File "/home/bond-servant-in-training/Documents/Projects/GAP-refusal-gate6-b744c9f/users/permissions.py", line 50, in has_permission
    raise ParseError(message)
rest_framework.exceptions.ParseError: <b>Insufficient Credits:</b> Your Credit Wallet is currently empty. Please top up your credits to continue with grading or AI tasks.
API Exception
Traceback (most recent call last):
  File "/home/bond-servant-in-training/Documents/Virtualenvs/AutoGrader_env/lib/python3.12/site-packages/rest_framework/views.py", line 503, in dispatch
    self.initial(request, *args, **kwargs)
  File "/home/bond-servant-in-training/Documents/Virtualenvs/AutoGrader_env/lib/python3.12/site-packages/rest_framework/views.py", line 421, in initial
    self.check_permissions(request)
  File "/home/bond-servant-in-training/Documents/Virtualenvs/AutoGrader_env/lib/python3.12/site-packages/rest_framework/views.py", line 338, in check_permissions
    if not permission.has_permission(request, self):
           ^^^^^^^^^^^^^^^^^^^^^^^^^^^^^^^^^^^^^^^^
  File "/home/bond-servant-in-training/Documents/Projects/GAP-refusal-gate6-b744c9f/users/permissions.py", line 50, in has_permission
    raise ParseError(message)
rest_framework.exceptions.ParseError: <b>Insufficient Credits:</b> Your Credit Wallet is currently empty. Please top up your credits to continue with grading or AI tasks.
API Exception
Traceback (most recent call last):
  File "/home/bond-servant-in-training/Documents/Virtualenvs/AutoGrader_env/lib/python3.12/site-packages/rest_framework/views.py", line 503, in dispatch
    self.initial(request, *args, **kwargs)
  File "/home/bond-servant-in-training/Documents/Virtualenvs/AutoGrader_env/lib/python3.12/site-packages/rest_framework/views.py", line 421, in initial
    self.check_permissions(request)
  File "/home/bond-servant-in-training/Documents/Virtualenvs/AutoGrader_env/lib/python3.12/site-packages/rest_framework/views.py", line 338, in check_permissions
    if not permission.has_permission(request, self):
           ^^^^^^^^^^^^^^^^^^^^^^^^^^^^^^^^^^^^^^^^
  File "/home/bond-servant-in-training/Documents/Projects/GAP-refusal-gate6-b744c9f/users/permissions.py", line 50, in has_permission
    raise ParseError(message)
rest_framework.exceptions.ParseError: <b>Insufficient Credits:</b> Your Credit Wallet is currently empty. Please top up your credits to continue with grading or AI tasks.
API Exception
Traceback (most recent call last):
  File "/home/bond-servant-in-training/Documents/Virtualenvs/AutoGrader_env/lib/python3.12/site-packages/rest_framework/views.py", line 503, in dispatch
    self.initial(request, *args, **kwargs)
  File "/home/bond-servant-in-training/Documents/Virtualenvs/AutoGrader_env/lib/python3.12/site-packages/rest_framework/views.py", line 421, in initial
    self.check_permissions(request)
  File "/home/bond-servant-in-training/Documents/Virtualenvs/AutoGrader_env/lib/python3.12/site-packages/rest_framework/views.py", line 338, in check_permissions
    if not permission.has_permission(request, self):
           ^^^^^^^^^^^^^^^^^^^^^^^^^^^^^^^^^^^^^^^^
  File "/home/bond-servant-in-training/Documents/Projects/GAP-refusal-gate6-b744c9f/users/permissions.py", line 50, in has_permission
    raise ParseError(message)
rest_framework.exceptions.ParseError: <b>Insufficient Credits:</b> Your Credit Wallet is currently empty. Please top up your credits to continue with grading or AI tasks.
API Exception
Traceback (most recent call last):
  File "/home/bond-servant-in-training/Documents/Virtualenvs/AutoGrader_env/lib/python3.12/site-packages/rest_framework/views.py", line 503, in dispatch
    self.initial(request, *args, **kwargs)
  File "/home/bond-servant-in-training/Documents/Virtualenvs/AutoGrader_env/lib/python3.12/site-packages/rest_framework/views.py", line 421, in initial
    self.check_permissions(request)
  File "/home/bond-servant-in-training/Documents/Virtualenvs/AutoGrader_env/lib/python3.12/site-packages/rest_framework/views.py", line 338, in check_permissions
    if not permission.has_permission(request, self):
           ^^^^^^^^^^^^^^^^^^^^^^^^^^^^^^^^^^^^^^^^
  File "/home/bond-servant-in-training/Documents/Projects/GAP-refusal-gate6-b744c9f/users/permissions.py", line 50, in has_permission
    raise ParseError(message)
rest_framework.exceptions.ParseError: <b>Insufficient Credits:</b> Your Credit Wallet is currently empty. Please top up your credits to continue with grading or AI tasks.
API Exception
Traceback (most recent call last):
  File "/home/bond-servant-in-training/Documents/Virtualenvs/AutoGrader_env/lib/python3.12/site-packages/rest_framework/views.py", line 503, in dispatch
    self.initial(request, *args, **kwargs)
  File "/home/bond-servant-in-training/Documents/Virtualenvs/AutoGrader_env/lib/python3.12/site-packages/rest_framework/views.py", line 421, in initial
    self.check_permissions(request)
  File "/home/bond-servant-in-training/Documents/Virtualenvs/AutoGrader_env/lib/python3.12/site-packages/rest_framework/views.py", line 338, in check_permissions
    if not permission.has_permission(request, self):
           ^^^^^^^^^^^^^^^^^^^^^^^^^^^^^^^^^^^^^^^^
  File "/home/bond-servant-in-training/Documents/Projects/GAP-refusal-gate6-b744c9f/users/permissions.py", line 50, in has_permission
    raise ParseError(message)
rest_framework.exceptions.ParseError: <b>Insufficient Credits:</b> Your Credit Wallet is currently empty. Please top up your credits to continue with grading or AI tasks.
API Exception
Traceback (most recent call last):
  File "/home/bond-servant-in-training/Documents/Virtualenvs/AutoGrader_env/lib/python3.12/site-packages/rest_framework/views.py", line 503, in dispatch
    self.initial(request, *args, **kwargs)
  File "/home/bond-servant-in-training/Documents/Virtualenvs/AutoGrader_env/lib/python3.12/site-packages/rest_framework/views.py", line 421, in initial
    self.check_permissions(request)
  File "/home/bond-servant-in-training/Documents/Virtualenvs/AutoGrader_env/lib/python3.12/site-packages/rest_framework/views.py", line 338, in check_permissions
    if not permission.has_permission(request, self):
           ^^^^^^^^^^^^^^^^^^^^^^^^^^^^^^^^^^^^^^^^
  File "/home/bond-servant-in-training/Documents/Projects/GAP-refusal-gate6-b744c9f/users/permissions.py", line 50, in has_permission
    raise ParseError(message)
rest_framework.exceptions.ParseError: <b>Insufficient Credits:</b> Your Credit Wallet is currently empty. Please top up your credits to continue with grading or AI tasks.
API Exception
Traceback (most recent call last):
  File "/home/bond-servant-in-training/Documents/Virtualenvs/AutoGrader_env/lib/python3.12/site-packages/rest_framework/views.py", line 503, in dispatch
    self.initial(request, *args, **kwargs)
  File "/home/bond-servant-in-training/Documents/Virtualenvs/AutoGrader_env/lib/python3.12/site-packages/rest_framework/views.py", line 421, in initial
    self.check_permissions(request)
  File "/home/bond-servant-in-training/Documents/Virtualenvs/AutoGrader_env/lib/python3.12/site-packages/rest_framework/views.py", line 338, in check_permissions
    if not permission.has_permission(request, self):
           ^^^^^^^^^^^^^^^^^^^^^^^^^^^^^^^^^^^^^^^^
  File "/home/bond-servant-in-training/Documents/Projects/GAP-refusal-gate6-b744c9f/users/permissions.py", line 50, in has_permission
    raise ParseError(message)
rest_framework.exceptions.ParseError: <b>Insufficient Credits:</b> Your Credit Wallet is currently empty. Please top up your credits to continue with grading or AI tasks.
API Exception
Traceback (most recent call last):
  File "/home/bond-servant-in-training/Documents/Virtualenvs/AutoGrader_env/lib/python3.12/site-packages/rest_framework/views.py", line 503, in dispatch
    self.initial(request, *args, **kwargs)
  File "/home/bond-servant-in-training/Documents/Virtualenvs/AutoGrader_env/lib/python3.12/site-packages/rest_framework/views.py", line 421, in initial
    self.check_permissions(request)
  File "/home/bond-servant-in-training/Documents/Virtualenvs/AutoGrader_env/lib/python3.12/site-packages/rest_framework/views.py", line 338, in check_permissions
    if not permission.has_permission(request, self):
           ^^^^^^^^^^^^^^^^^^^^^^^^^^^^^^^^^^^^^^^^
  File "/home/bond-servant-in-training/Documents/Projects/GAP-refusal-gate6-b744c9f/users/permissions.py", line 50, in has_permission
    raise ParseError(message)
rest_framework.exceptions.ParseError: <b>Insufficient Credits:</b> Your Credit Wallet is currently empty. Please top up your credits to continue with grading or AI tasks.
GATE6 {"measurement": "permission_refusal", "doctrine_sizes": true, "pool": {"connections": 19, "max_connections": 100}, "students": 6000, "queries_min": 1, "queries_max": 3, "p50_ms": 3.1, "p95_ms": 3.6}
.

students.views ERROR 2026-09-18 14:26:02,737 views 2491130 129007631715264 [request_id=97f56884355a4f4cb9fbf183d8134a06] Failed to save submission update

Traceback (most recent call last):
  File "/home/bond-servant-in-training/Documents/Projects/GAP-refusal-gate6-b744c9f/students/views.py", line 659, in partial_update
    submission = update_submission_from_raw_text(
                 ^^^^^^^^^^^^^^^^^^^^^^^^^^^^^^^^
  File "/home/bond-servant-in-training/Documents/Projects/GAP-refusal-gate6-b744c9f/students/services.py", line 1142, in update_submission_from_raw_text
    extracted = ai_processor.extract_answer_with_retry(
                ^^^^^^^^^^^^^^^^^^^^^^^^^^^^^^^^^^^^^^^
  File "/home/bond-servant-in-training/Documents/Projects/GAP-refusal-gate6-b744c9f/ai_processor/services.py", line 2121, in extract_answer_with_retry
    result = self.extract_answer_image(
             ^^^^^^^^^^^^^^^^^^^^^^^^^^
  File "/home/bond-servant-in-training/Documents/Projects/GAP-refusal-gate6-b744c9f/ai_processor/services.py", line 1819, in extract_answer_image
    response = self.execute_graded_task(
               ^^^^^^^^^^^^^^^^^^^^^^^^^
  File "/home/bond-servant-in-training/Documents/Projects/GAP-refusal-gate6-b744c9f/ai_processor/services.py", line 4498, in execute_graded_task
    raise InsufficientCreditsError(
billing.errors.InsufficientCreditsError: Task requires ~26577 credits, but you only have 1000 credits. Please refill your wallet to continue


students.views ERROR 2026-09-18 14:26:02,794 views 2491130 129007631715264 [request_id=edb2b3c900f1458f9f541fcd119f3efc] Failed to save submission update

Traceback (most recent call last):
  File "/home/bond-servant-in-training/Documents/Projects/GAP-refusal-gate6-b744c9f/students/views.py", line 659, in partial_update
    submission = update_submission_from_raw_text(
                 ^^^^^^^^^^^^^^^^^^^^^^^^^^^^^^^^
  File "/home/bond-servant-in-training/Documents/Projects/GAP-refusal-gate6-b744c9f/students/services.py", line 1142, in update_submission_from_raw_text
    extracted = ai_processor.extract_answer_with_retry(
                ^^^^^^^^^^^^^^^^^^^^^^^^^^^^^^^^^^^^^^^
  File "/home/bond-servant-in-training/Documents/Projects/GAP-refusal-gate6-b744c9f/ai_processor/services.py", line 2121, in extract_answer_with_retry
    result = self.extract_answer_image(
             ^^^^^^^^^^^^^^^^^^^^^^^^^^
  File "/home/bond-servant-in-training/Documents/Projects/GAP-refusal-gate6-b744c9f/ai_processor/services.py", line 1819, in extract_answer_image
    response = self.execute_graded_task(
               ^^^^^^^^^^^^^^^^^^^^^^^^^
  File "/home/bond-servant-in-training/Documents/Projects/GAP-refusal-gate6-b744c9f/ai_processor/services.py", line 4498, in execute_graded_task
    raise InsufficientCreditsError(
billing.errors.InsufficientCreditsError: Task requires ~26577 credits, but you only have 1000 credits. Please refill your wallet to continue


students.views ERROR 2026-09-18 14:26:02,830 views 2491130 129007631715264 [request_id=1137d2eeb59a45f09fa13480642b6546] Failed to save submission update

Traceback (most recent call last):
  File "/home/bond-servant-in-training/Documents/Projects/GAP-refusal-gate6-b744c9f/students/views.py", line 659, in partial_update
    submission = update_submission_from_raw_text(
                 ^^^^^^^^^^^^^^^^^^^^^^^^^^^^^^^^
  File "/home/bond-servant-in-training/Documents/Projects/GAP-refusal-gate6-b744c9f/students/services.py", line 1142, in update_submission_from_raw_text
    extracted = ai_processor.extract_answer_with_retry(
                ^^^^^^^^^^^^^^^^^^^^^^^^^^^^^^^^^^^^^^^
  File "/home/bond-servant-in-training/Documents/Projects/GAP-refusal-gate6-b744c9f/ai_processor/services.py", line 2121, in extract_answer_with_retry
    result = self.extract_answer_image(
             ^^^^^^^^^^^^^^^^^^^^^^^^^^
  File "/home/bond-servant-in-training/Documents/Projects/GAP-refusal-gate6-b744c9f/ai_processor/services.py", line 1819, in extract_answer_image
    response = self.execute_graded_task(
               ^^^^^^^^^^^^^^^^^^^^^^^^^
  File "/home/bond-servant-in-training/Documents/Projects/GAP-refusal-gate6-b744c9f/ai_processor/services.py", line 4498, in execute_graded_task
    raise InsufficientCreditsError(
billing.errors.InsufficientCreditsError: Task requires ~26577 credits, but you only have 1000 credits. Please refill your wallet to continue


students.views ERROR 2026-09-18 14:26:02,864 views 2491130 129007631715264 [request_id=f5b5a30750bc463db1b53ad5bd6402d9] Failed to save submission update

Traceback (most recent call last):
  File "/home/bond-servant-in-training/Documents/Projects/GAP-refusal-gate6-b744c9f/students/views.py", line 659, in partial_update
    submission = update_submission_from_raw_text(
                 ^^^^^^^^^^^^^^^^^^^^^^^^^^^^^^^^
  File "/home/bond-servant-in-training/Documents/Projects/GAP-refusal-gate6-b744c9f/students/services.py", line 1142, in update_submission_from_raw_text
    extracted = ai_processor.extract_answer_with_retry(
                ^^^^^^^^^^^^^^^^^^^^^^^^^^^^^^^^^^^^^^^
  File "/home/bond-servant-in-training/Documents/Projects/GAP-refusal-gate6-b744c9f/ai_processor/services.py", line 2121, in extract_answer_with_retry
    result = self.extract_answer_image(
             ^^^^^^^^^^^^^^^^^^^^^^^^^^
  File "/home/bond-servant-in-training/Documents/Projects/GAP-refusal-gate6-b744c9f/ai_processor/services.py", line 1819, in extract_answer_image
    response = self.execute_graded_task(
               ^^^^^^^^^^^^^^^^^^^^^^^^^
  File "/home/bond-servant-in-training/Documents/Projects/GAP-refusal-gate6-b744c9f/ai_processor/services.py", line 4498, in execute_graded_task
    raise InsufficientCreditsError(
billing.errors.InsufficientCreditsError: Task requires ~26577 credits, but you only have 1000 credits. Please refill your wallet to continue


students.views ERROR 2026-09-18 14:26:02,900 views 2491130 129007631715264 [request_id=af0b9ffbbf1446228d5a1c246c14907c] Failed to save submission update

Traceback (most recent call last):
  File "/home/bond-servant-in-training/Documents/Projects/GAP-refusal-gate6-b744c9f/students/views.py", line 659, in partial_update
    submission = update_submission_from_raw_text(
                 ^^^^^^^^^^^^^^^^^^^^^^^^^^^^^^^^
  File "/home/bond-servant-in-training/Documents/Projects/GAP-refusal-gate6-b744c9f/students/services.py", line 1142, in update_submission_from_raw_text
    extracted = ai_processor.extract_answer_with_retry(
                ^^^^^^^^^^^^^^^^^^^^^^^^^^^^^^^^^^^^^^^
  File "/home/bond-servant-in-training/Documents/Projects/GAP-refusal-gate6-b744c9f/ai_processor/services.py", line 2121, in extract_answer_with_retry
    result = self.extract_answer_image(
             ^^^^^^^^^^^^^^^^^^^^^^^^^^
  File "/home/bond-servant-in-training/Documents/Projects/GAP-refusal-gate6-b744c9f/ai_processor/services.py", line 1819, in extract_answer_image
    response = self.execute_graded_task(
               ^^^^^^^^^^^^^^^^^^^^^^^^^
  File "/home/bond-servant-in-training/Documents/Projects/GAP-refusal-gate6-b744c9f/ai_processor/services.py", line 4498, in execute_graded_task
    raise InsufficientCreditsError(
billing.errors.InsufficientCreditsError: Task requires ~26577 credits, but you only have 1000 credits. Please refill your wallet to continue


students.views ERROR 2026-09-18 14:26:02,935 views 2491130 129007631715264 [request_id=6855d615688d4dfcacaee3490bf95f84] Failed to save submission update

Traceback (most recent call last):
  File "/home/bond-servant-in-training/Documents/Projects/GAP-refusal-gate6-b744c9f/students/views.py", line 659, in partial_update
    submission = update_submission_from_raw_text(
                 ^^^^^^^^^^^^^^^^^^^^^^^^^^^^^^^^
  File "/home/bond-servant-in-training/Documents/Projects/GAP-refusal-gate6-b744c9f/students/services.py", line 1142, in update_submission_from_raw_text
    extracted = ai_processor.extract_answer_with_retry(
                ^^^^^^^^^^^^^^^^^^^^^^^^^^^^^^^^^^^^^^^
  File "/home/bond-servant-in-training/Documents/Projects/GAP-refusal-gate6-b744c9f/ai_processor/services.py", line 2121, in extract_answer_with_retry
    result = self.extract_answer_image(
             ^^^^^^^^^^^^^^^^^^^^^^^^^^
  File "/home/bond-servant-in-training/Documents/Projects/GAP-refusal-gate6-b744c9f/ai_processor/services.py", line 1819, in extract_answer_image
    response = self.execute_graded_task(
               ^^^^^^^^^^^^^^^^^^^^^^^^^
  File "/home/bond-servant-in-training/Documents/Projects/GAP-refusal-gate6-b744c9f/ai_processor/services.py", line 4498, in execute_graded_task
    raise InsufficientCreditsError(
billing.errors.InsufficientCreditsError: Task requires ~26577 credits, but you only have 1000 credits. Please refill your wallet to continue


students.views ERROR 2026-09-18 14:26:02,961 views 2491130 129007631715264 [request_id=e06343da1c734f358c1d0a87bd6ff156] Failed to save submission update

Traceback (most recent call last):
  File "/home/bond-servant-in-training/Documents/Projects/GAP-refusal-gate6-b744c9f/students/views.py", line 659, in partial_update
    submission = update_submission_from_raw_text(
                 ^^^^^^^^^^^^^^^^^^^^^^^^^^^^^^^^
  File "/home/bond-servant-in-training/Documents/Projects/GAP-refusal-gate6-b744c9f/students/services.py", line 1142, in update_submission_from_raw_text
    extracted = ai_processor.extract_answer_with_retry(
                ^^^^^^^^^^^^^^^^^^^^^^^^^^^^^^^^^^^^^^^
  File "/home/bond-servant-in-training/Documents/Projects/GAP-refusal-gate6-b744c9f/ai_processor/services.py", line 2121, in extract_answer_with_retry
    result = self.extract_answer_image(
             ^^^^^^^^^^^^^^^^^^^^^^^^^^
  File "/home/bond-servant-in-training/Documents/Projects/GAP-refusal-gate6-b744c9f/ai_processor/services.py", line 1819, in extract_answer_image
    response = self.execute_graded_task(
               ^^^^^^^^^^^^^^^^^^^^^^^^^
  File "/home/bond-servant-in-training/Documents/Projects/GAP-refusal-gate6-b744c9f/ai_processor/services.py", line 4498, in execute_graded_task
    raise InsufficientCreditsError(
billing.errors.InsufficientCreditsError: Task requires ~26577 credits, but you only have 1000 credits. Please refill your wallet to continue


students.views ERROR 2026-09-18 14:26:02,990 views 2491130 129007631715264 [request_id=700254230b40470e8defc8976e1015b7] Failed to save submission update

Traceback (most recent call last):
  File "/home/bond-servant-in-training/Documents/Projects/GAP-refusal-gate6-b744c9f/students/views.py", line 659, in partial_update
    submission = update_submission_from_raw_text(
                 ^^^^^^^^^^^^^^^^^^^^^^^^^^^^^^^^
  File "/home/bond-servant-in-training/Documents/Projects/GAP-refusal-gate6-b744c9f/students/services.py", line 1142, in update_submission_from_raw_text
    extracted = ai_processor.extract_answer_with_retry(
                ^^^^^^^^^^^^^^^^^^^^^^^^^^^^^^^^^^^^^^^
  File "/home/bond-servant-in-training/Documents/Projects/GAP-refusal-gate6-b744c9f/ai_processor/services.py", line 2121, in extract_answer_with_retry
    result = self.extract_answer_image(
             ^^^^^^^^^^^^^^^^^^^^^^^^^^
  File "/home/bond-servant-in-training/Documents/Projects/GAP-refusal-gate6-b744c9f/ai_processor/services.py", line 1819, in extract_answer_image
    response = self.execute_graded_task(
               ^^^^^^^^^^^^^^^^^^^^^^^^^
  File "/home/bond-servant-in-training/Documents/Projects/GAP-refusal-gate6-b744c9f/ai_processor/services.py", line 4498, in execute_graded_task
    raise InsufficientCreditsError(
billing.errors.InsufficientCreditsError: Task requires ~26577 credits, but you only have 1000 credits. Please refill your wallet to continue


students.views ERROR 2026-09-18 14:26:03,028 views 2491130 129007631715264 [request_id=cd82710939204aefb3999b986d28167c] Failed to save submission update

Traceback (most recent call last):
  File "/home/bond-servant-in-training/Documents/Projects/GAP-refusal-gate6-b744c9f/students/views.py", line 659, in partial_update
    submission = update_submission_from_raw_text(
                 ^^^^^^^^^^^^^^^^^^^^^^^^^^^^^^^^
  File "/home/bond-servant-in-training/Documents/Projects/GAP-refusal-gate6-b744c9f/students/services.py", line 1142, in update_submission_from_raw_text
    extracted = ai_processor.extract_answer_with_retry(
                ^^^^^^^^^^^^^^^^^^^^^^^^^^^^^^^^^^^^^^^
  File "/home/bond-servant-in-training/Documents/Projects/GAP-refusal-gate6-b744c9f/ai_processor/services.py", line 2121, in extract_answer_with_retry
    result = self.extract_answer_image(
             ^^^^^^^^^^^^^^^^^^^^^^^^^^
  File "/home/bond-servant-in-training/Documents/Projects/GAP-refusal-gate6-b744c9f/ai_processor/services.py", line 1819, in extract_answer_image
    response = self.execute_graded_task(
               ^^^^^^^^^^^^^^^^^^^^^^^^^
  File "/home/bond-servant-in-training/Documents/Projects/GAP-refusal-gate6-b744c9f/ai_processor/services.py", line 4498, in execute_graded_task
    raise InsufficientCreditsError(
billing.errors.InsufficientCreditsError: Task requires ~26577 credits, but you only have 1000 credits. Please refill your wallet to continue


students.views ERROR 2026-09-18 14:26:03,057 views 2491130 129007631715264 [request_id=f967d378fe244f39bdc0684bec2b7e0f] Failed to save submission update

Traceback (most recent call last):
  File "/home/bond-servant-in-training/Documents/Projects/GAP-refusal-gate6-b744c9f/students/views.py", line 659, in partial_update
    submission = update_submission_from_raw_text(
                 ^^^^^^^^^^^^^^^^^^^^^^^^^^^^^^^^
  File "/home/bond-servant-in-training/Documents/Projects/GAP-refusal-gate6-b744c9f/students/services.py", line 1142, in update_submission_from_raw_text
    extracted = ai_processor.extract_answer_with_retry(
                ^^^^^^^^^^^^^^^^^^^^^^^^^^^^^^^^^^^^^^^
  File "/home/bond-servant-in-training/Documents/Projects/GAP-refusal-gate6-b744c9f/ai_processor/services.py", line 2121, in extract_answer_with_retry
    result = self.extract_answer_image(
             ^^^^^^^^^^^^^^^^^^^^^^^^^^
  File "/home/bond-servant-in-training/Documents/Projects/GAP-refusal-gate6-b744c9f/ai_processor/services.py", line 1819, in extract_answer_image
    response = self.execute_graded_task(
               ^^^^^^^^^^^^^^^^^^^^^^^^^
  File "/home/bond-servant-in-training/Documents/Projects/GAP-refusal-gate6-b744c9f/ai_processor/services.py", line 4498, in execute_graded_task
    raise InsufficientCreditsError(
billing.errors.InsufficientCreditsError: Task requires ~26577 credits, but you only have 1000 credits. Please refill your wallet to continue


students.views ERROR 2026-09-18 14:26:03,088 views 2491130 129007631715264 [request_id=6987394712f64b6998395494ab5c2fd6] Failed to save submission update

Traceback (most recent call last):
  File "/home/bond-servant-in-training/Documents/Projects/GAP-refusal-gate6-b744c9f/students/views.py", line 659, in partial_update
    submission = update_submission_from_raw_text(
                 ^^^^^^^^^^^^^^^^^^^^^^^^^^^^^^^^
  File "/home/bond-servant-in-training/Documents/Projects/GAP-refusal-gate6-b744c9f/students/services.py", line 1142, in update_submission_from_raw_text
    extracted = ai_processor.extract_answer_with_retry(
                ^^^^^^^^^^^^^^^^^^^^^^^^^^^^^^^^^^^^^^^
  File "/home/bond-servant-in-training/Documents/Projects/GAP-refusal-gate6-b744c9f/ai_processor/services.py", line 2121, in extract_answer_with_retry
    result = self.extract_answer_image(
             ^^^^^^^^^^^^^^^^^^^^^^^^^^
  File "/home/bond-servant-in-training/Documents/Projects/GAP-refusal-gate6-b744c9f/ai_processor/services.py", line 1819, in extract_answer_image
    response = self.execute_graded_task(
               ^^^^^^^^^^^^^^^^^^^^^^^^^
  File "/home/bond-servant-in-training/Documents/Projects/GAP-refusal-gate6-b744c9f/ai_processor/services.py", line 4498, in execute_graded_task
    raise InsufficientCreditsError(
billing.errors.InsufficientCreditsError: Task requires ~26577 credits, but you only have 1000 credits. Please refill your wallet to continue


students.views ERROR 2026-09-18 14:26:03,125 views 2491130 129007631715264 [request_id=1bbd165ed13646859108e72c9cea8aa2] Failed to save submission update

Traceback (most recent call last):
  File "/home/bond-servant-in-training/Documents/Projects/GAP-refusal-gate6-b744c9f/students/views.py", line 659, in partial_update
    submission = update_submission_from_raw_text(
                 ^^^^^^^^^^^^^^^^^^^^^^^^^^^^^^^^
  File "/home/bond-servant-in-training/Documents/Projects/GAP-refusal-gate6-b744c9f/students/services.py", line 1142, in update_submission_from_raw_text
    extracted = ai_processor.extract_answer_with_retry(
                ^^^^^^^^^^^^^^^^^^^^^^^^^^^^^^^^^^^^^^^
  File "/home/bond-servant-in-training/Documents/Projects/GAP-refusal-gate6-b744c9f/ai_processor/services.py", line 2121, in extract_answer_with_retry
    result = self.extract_answer_image(
             ^^^^^^^^^^^^^^^^^^^^^^^^^^
  File "/home/bond-servant-in-training/Documents/Projects/GAP-refusal-gate6-b744c9f/ai_processor/services.py", line 1819, in extract_answer_image
    response = self.execute_graded_task(
               ^^^^^^^^^^^^^^^^^^^^^^^^^
  File "/home/bond-servant-in-training/Documents/Projects/GAP-refusal-gate6-b744c9f/ai_processor/services.py", line 4498, in execute_graded_task
    raise InsufficientCreditsError(
billing.errors.InsufficientCreditsError: Task requires ~26577 credits, but you only have 1000 credits. Please refill your wallet to continue


students.views ERROR 2026-09-18 14:26:03,158 views 2491130 129007631715264 [request_id=582c479e081d427088186e0f4fb46628] Failed to save submission update

Traceback (most recent call last):
  File "/home/bond-servant-in-training/Documents/Projects/GAP-refusal-gate6-b744c9f/students/views.py", line 659, in partial_update
    submission = update_submission_from_raw_text(
                 ^^^^^^^^^^^^^^^^^^^^^^^^^^^^^^^^
  File "/home/bond-servant-in-training/Documents/Projects/GAP-refusal-gate6-b744c9f/students/services.py", line 1142, in update_submission_from_raw_text
    extracted = ai_processor.extract_answer_with_retry(
                ^^^^^^^^^^^^^^^^^^^^^^^^^^^^^^^^^^^^^^^
  File "/home/bond-servant-in-training/Documents/Projects/GAP-refusal-gate6-b744c9f/ai_processor/services.py", line 2121, in extract_answer_with_retry
    result = self.extract_answer_image(
             ^^^^^^^^^^^^^^^^^^^^^^^^^^
  File "/home/bond-servant-in-training/Documents/Projects/GAP-refusal-gate6-b744c9f/ai_processor/services.py", line 1819, in extract_answer_image
    response = self.execute_graded_task(
               ^^^^^^^^^^^^^^^^^^^^^^^^^
  File "/home/bond-servant-in-training/Documents/Projects/GAP-refusal-gate6-b744c9f/ai_processor/services.py", line 4498, in execute_graded_task
    raise InsufficientCreditsError(
billing.errors.InsufficientCreditsError: Task requires ~26577 credits, but you only have 1000 credits. Please refill your wallet to continue


students.views ERROR 2026-09-18 14:26:03,191 views 2491130 129007631715264 [request_id=d86307c3d28447f5920de10d0eaf5df4] Failed to save submission update

Traceback (most recent call last):
  File "/home/bond-servant-in-training/Documents/Projects/GAP-refusal-gate6-b744c9f/students/views.py", line 659, in partial_update
    submission = update_submission_from_raw_text(
                 ^^^^^^^^^^^^^^^^^^^^^^^^^^^^^^^^
  File "/home/bond-servant-in-training/Documents/Projects/GAP-refusal-gate6-b744c9f/students/services.py", line 1142, in update_submission_from_raw_text
    extracted = ai_processor.extract_answer_with_retry(
                ^^^^^^^^^^^^^^^^^^^^^^^^^^^^^^^^^^^^^^^
  File "/home/bond-servant-in-training/Documents/Projects/GAP-refusal-gate6-b744c9f/ai_processor/services.py", line 2121, in extract_answer_with_retry
    result = self.extract_answer_image(
             ^^^^^^^^^^^^^^^^^^^^^^^^^^
  File "/home/bond-servant-in-training/Documents/Projects/GAP-refusal-gate6-b744c9f/ai_processor/services.py", line 1819, in extract_answer_image
    response = self.execute_graded_task(
               ^^^^^^^^^^^^^^^^^^^^^^^^^
  File "/home/bond-servant-in-training/Documents/Projects/GAP-refusal-gate6-b744c9f/ai_processor/services.py", line 4498, in execute_graded_task
    raise InsufficientCreditsError(
billing.errors.InsufficientCreditsError: Task requires ~26577 credits, but you only have 1000 credits. Please refill your wallet to continue


students.views ERROR 2026-09-18 14:26:03,225 views 2491130 129007631715264 [request_id=a4460f1e8626480b87edd6e5e11de0bd] Failed to save submission update

Traceback (most recent call last):
  File "/home/bond-servant-in-training/Documents/Projects/GAP-refusal-gate6-b744c9f/students/views.py", line 659, in partial_update
    submission = update_submission_from_raw_text(
                 ^^^^^^^^^^^^^^^^^^^^^^^^^^^^^^^^
  File "/home/bond-servant-in-training/Documents/Projects/GAP-refusal-gate6-b744c9f/students/services.py", line 1142, in update_submission_from_raw_text
    extracted = ai_processor.extract_answer_with_retry(
                ^^^^^^^^^^^^^^^^^^^^^^^^^^^^^^^^^^^^^^^
  File "/home/bond-servant-in-training/Documents/Projects/GAP-refusal-gate6-b744c9f/ai_processor/services.py", line 2121, in extract_answer_with_retry
    result = self.extract_answer_image(
             ^^^^^^^^^^^^^^^^^^^^^^^^^^
  File "/home/bond-servant-in-training/Documents/Projects/GAP-refusal-gate6-b744c9f/ai_processor/services.py", line 1819, in extract_answer_image
    response = self.execute_graded_task(
               ^^^^^^^^^^^^^^^^^^^^^^^^^
  File "/home/bond-servant-in-training/Documents/Projects/GAP-refusal-gate6-b744c9f/ai_processor/services.py", line 4498, in execute_graded_task
    raise InsufficientCreditsError(
billing.errors.InsufficientCreditsError: Task requires ~26577 credits, but you only have 1000 credits. Please refill your wallet to continue


students.views ERROR 2026-09-18 14:26:03,270 views 2491130 129007631715264 [request_id=24e1bea8dd884088aaa3c659eff04c14] Failed to save submission update

Traceback (most recent call last):
  File "/home/bond-servant-in-training/Documents/Projects/GAP-refusal-gate6-b744c9f/students/views.py", line 659, in partial_update
    submission = update_submission_from_raw_text(
                 ^^^^^^^^^^^^^^^^^^^^^^^^^^^^^^^^
  File "/home/bond-servant-in-training/Documents/Projects/GAP-refusal-gate6-b744c9f/students/services.py", line 1142, in update_submission_from_raw_text
    extracted = ai_processor.extract_answer_with_retry(
                ^^^^^^^^^^^^^^^^^^^^^^^^^^^^^^^^^^^^^^^
  File "/home/bond-servant-in-training/Documents/Projects/GAP-refusal-gate6-b744c9f/ai_processor/services.py", line 2121, in extract_answer_with_retry
    result = self.extract_answer_image(
             ^^^^^^^^^^^^^^^^^^^^^^^^^^
  File "/home/bond-servant-in-training/Documents/Projects/GAP-refusal-gate6-b744c9f/ai_processor/services.py", line 1819, in extract_answer_image
    response = self.execute_graded_task(
               ^^^^^^^^^^^^^^^^^^^^^^^^^
  File "/home/bond-servant-in-training/Documents/Projects/GAP-refusal-gate6-b744c9f/ai_processor/services.py", line 4498, in execute_graded_task
    raise InsufficientCreditsError(
billing.errors.InsufficientCreditsError: Task requires ~26577 credits, but you only have 1000 credits. Please refill your wallet to continue


students.views ERROR 2026-09-18 14:26:03,309 views 2491130 129007631715264 [request_id=d64f94755b0c48f194b128d531d05287] Failed to save submission update

Traceback (most recent call last):
  File "/home/bond-servant-in-training/Documents/Projects/GAP-refusal-gate6-b744c9f/students/views.py", line 659, in partial_update
    submission = update_submission_from_raw_text(
                 ^^^^^^^^^^^^^^^^^^^^^^^^^^^^^^^^
  File "/home/bond-servant-in-training/Documents/Projects/GAP-refusal-gate6-b744c9f/students/services.py", line 1142, in update_submission_from_raw_text
    extracted = ai_processor.extract_answer_with_retry(
                ^^^^^^^^^^^^^^^^^^^^^^^^^^^^^^^^^^^^^^^
  File "/home/bond-servant-in-training/Documents/Projects/GAP-refusal-gate6-b744c9f/ai_processor/services.py", line 2121, in extract_answer_with_retry
    result = self.extract_answer_image(
             ^^^^^^^^^^^^^^^^^^^^^^^^^^
  File "/home/bond-servant-in-training/Documents/Projects/GAP-refusal-gate6-b744c9f/ai_processor/services.py", line 1819, in extract_answer_image
    response = self.execute_graded_task(
               ^^^^^^^^^^^^^^^^^^^^^^^^^
  File "/home/bond-servant-in-training/Documents/Projects/GAP-refusal-gate6-b744c9f/ai_processor/services.py", line 4498, in execute_graded_task
    raise InsufficientCreditsError(
billing.errors.InsufficientCreditsError: Task requires ~26577 credits, but you only have 1000 credits. Please refill your wallet to continue


students.views ERROR 2026-09-18 14:26:03,340 views 2491130 129007631715264 [request_id=72c03f01fad94c5d870f2d374ac01ee2] Failed to save submission update

Traceback (most recent call last):
  File "/home/bond-servant-in-training/Documents/Projects/GAP-refusal-gate6-b744c9f/students/views.py", line 659, in partial_update
    submission = update_submission_from_raw_text(
                 ^^^^^^^^^^^^^^^^^^^^^^^^^^^^^^^^
  File "/home/bond-servant-in-training/Documents/Projects/GAP-refusal-gate6-b744c9f/students/services.py", line 1142, in update_submission_from_raw_text
    extracted = ai_processor.extract_answer_with_retry(
                ^^^^^^^^^^^^^^^^^^^^^^^^^^^^^^^^^^^^^^^
  File "/home/bond-servant-in-training/Documents/Projects/GAP-refusal-gate6-b744c9f/ai_processor/services.py", line 2121, in extract_answer_with_retry
    result = self.extract_answer_image(
             ^^^^^^^^^^^^^^^^^^^^^^^^^^
  File "/home/bond-servant-in-training/Documents/Projects/GAP-refusal-gate6-b744c9f/ai_processor/services.py", line 1819, in extract_answer_image
    response = self.execute_graded_task(
               ^^^^^^^^^^^^^^^^^^^^^^^^^
  File "/home/bond-servant-in-training/Documents/Projects/GAP-refusal-gate6-b744c9f/ai_processor/services.py", line 4498, in execute_graded_task
    raise InsufficientCreditsError(
billing.errors.InsufficientCreditsError: Task requires ~26577 credits, but you only have 1000 credits. Please refill your wallet to continue


students.views ERROR 2026-09-18 14:26:03,373 views 2491130 129007631715264 [request_id=403fa5c83e124671bb69fb54c8b8d0e6] Failed to save submission update

Traceback (most recent call last):
  File "/home/bond-servant-in-training/Documents/Projects/GAP-refusal-gate6-b744c9f/students/views.py", line 659, in partial_update
    submission = update_submission_from_raw_text(
                 ^^^^^^^^^^^^^^^^^^^^^^^^^^^^^^^^
  File "/home/bond-servant-in-training/Documents/Projects/GAP-refusal-gate6-b744c9f/students/services.py", line 1142, in update_submission_from_raw_text
    extracted = ai_processor.extract_answer_with_retry(
                ^^^^^^^^^^^^^^^^^^^^^^^^^^^^^^^^^^^^^^^
  File "/home/bond-servant-in-training/Documents/Projects/GAP-refusal-gate6-b744c9f/ai_processor/services.py", line 2121, in extract_answer_with_retry
    result = self.extract_answer_image(
             ^^^^^^^^^^^^^^^^^^^^^^^^^^
  File "/home/bond-servant-in-training/Documents/Projects/GAP-refusal-gate6-b744c9f/ai_processor/services.py", line 1819, in extract_answer_image
    response = self.execute_graded_task(
               ^^^^^^^^^^^^^^^^^^^^^^^^^
  File "/home/bond-servant-in-training/Documents/Projects/GAP-refusal-gate6-b744c9f/ai_processor/services.py", line 4498, in execute_graded_task
    raise InsufficientCreditsError(
billing.errors.InsufficientCreditsError: Task requires ~26577 credits, but you only have 1000 credits. Please refill your wallet to continue


students.views ERROR 2026-09-18 14:26:03,410 views 2491130 129007631715264 [request_id=175f15abbd46464fb8e6ffa0d13bc1e6] Failed to save submission update

Traceback (most recent call last):
  File "/home/bond-servant-in-training/Documents/Projects/GAP-refusal-gate6-b744c9f/students/views.py", line 659, in partial_update
    submission = update_submission_from_raw_text(
                 ^^^^^^^^^^^^^^^^^^^^^^^^^^^^^^^^
  File "/home/bond-servant-in-training/Documents/Projects/GAP-refusal-gate6-b744c9f/students/services.py", line 1142, in update_submission_from_raw_text
    extracted = ai_processor.extract_answer_with_retry(
                ^^^^^^^^^^^^^^^^^^^^^^^^^^^^^^^^^^^^^^^
  File "/home/bond-servant-in-training/Documents/Projects/GAP-refusal-gate6-b744c9f/ai_processor/services.py", line 2121, in extract_answer_with_retry
    result = self.extract_answer_image(
             ^^^^^^^^^^^^^^^^^^^^^^^^^^
  File "/home/bond-servant-in-training/Documents/Projects/GAP-refusal-gate6-b744c9f/ai_processor/services.py", line 1819, in extract_answer_image
    response = self.execute_graded_task(
               ^^^^^^^^^^^^^^^^^^^^^^^^^
  File "/home/bond-servant-in-training/Documents/Projects/GAP-refusal-gate6-b744c9f/ai_processor/services.py", line 4498, in execute_graded_task
    raise InsufficientCreditsError(
billing.errors.InsufficientCreditsError: Task requires ~26577 credits, but you only have 1000 credits. Please refill your wallet to continue
GATE6 {"measurement": "service_refusal", "doctrine_sizes": true, "pool": {"connections": 19, "max_connections": 100}, "students": 600, "queries_min": 14, "queries_max": 16, "p50_ms": 30.4, "p95_ms": 41.6}


students.views ERROR 2026-09-18 14:26:03,445 views 2491130 129007631715264 [request_id=5147b688a10f4640beef9c68688e8534] Failed to save submission update

Traceback (most recent call last):
  File "/home/bond-servant-in-training/Documents/Projects/GAP-refusal-gate6-b744c9f/students/views.py", line 659, in partial_update
    submission = update_submission_from_raw_text(
                 ^^^^^^^^^^^^^^^^^^^^^^^^^^^^^^^^
  File "/home/bond-servant-in-training/Documents/Projects/GAP-refusal-gate6-b744c9f/students/services.py", line 1142, in update_submission_from_raw_text
    extracted = ai_processor.extract_answer_with_retry(
                ^^^^^^^^^^^^^^^^^^^^^^^^^^^^^^^^^^^^^^^
  File "/home/bond-servant-in-training/Documents/Projects/GAP-refusal-gate6-b744c9f/ai_processor/services.py", line 2121, in extract_answer_with_retry
    result = self.extract_answer_image(
             ^^^^^^^^^^^^^^^^^^^^^^^^^^
  File "/home/bond-servant-in-training/Documents/Projects/GAP-refusal-gate6-b744c9f/ai_processor/services.py", line 1819, in extract_answer_image
    response = self.execute_graded_task(
               ^^^^^^^^^^^^^^^^^^^^^^^^^
  File "/home/bond-servant-in-training/Documents/Projects/GAP-refusal-gate6-b744c9f/ai_processor/services.py", line 4498, in execute_graded_task
    raise InsufficientCreditsError(
billing.errors.InsufficientCreditsError: Task requires ~26602 credits, but you only have 1000 credits. Please refill your wallet to continue


students.views ERROR 2026-09-18 14:26:03,481 views 2491130 129007631715264 [request_id=dcad64e395014288822113739d5aa669] Failed to save submission update

Traceback (most recent call last):
  File "/home/bond-servant-in-training/Documents/Projects/GAP-refusal-gate6-b744c9f/students/views.py", line 659, in partial_update
    submission = update_submission_from_raw_text(
                 ^^^^^^^^^^^^^^^^^^^^^^^^^^^^^^^^
  File "/home/bond-servant-in-training/Documents/Projects/GAP-refusal-gate6-b744c9f/students/services.py", line 1142, in update_submission_from_raw_text
    extracted = ai_processor.extract_answer_with_retry(
                ^^^^^^^^^^^^^^^^^^^^^^^^^^^^^^^^^^^^^^^
  File "/home/bond-servant-in-training/Documents/Projects/GAP-refusal-gate6-b744c9f/ai_processor/services.py", line 2121, in extract_answer_with_retry
    result = self.extract_answer_image(
             ^^^^^^^^^^^^^^^^^^^^^^^^^^
  File "/home/bond-servant-in-training/Documents/Projects/GAP-refusal-gate6-b744c9f/ai_processor/services.py", line 1819, in extract_answer_image
    response = self.execute_graded_task(
               ^^^^^^^^^^^^^^^^^^^^^^^^^
  File "/home/bond-servant-in-training/Documents/Projects/GAP-refusal-gate6-b744c9f/ai_processor/services.py", line 4498, in execute_graded_task
    raise InsufficientCreditsError(
billing.errors.InsufficientCreditsError: Task requires ~26602 credits, but you only have 1000 credits. Please refill your wallet to continue


students.views ERROR 2026-09-18 14:26:03,534 views 2491130 129007631715264 [request_id=b22614a01df34073b4950a93e4ed194c] Failed to save submission update

Traceback (most recent call last):
  File "/home/bond-servant-in-training/Documents/Projects/GAP-refusal-gate6-b744c9f/students/views.py", line 659, in partial_update
    submission = update_submission_from_raw_text(
                 ^^^^^^^^^^^^^^^^^^^^^^^^^^^^^^^^
  File "/home/bond-servant-in-training/Documents/Projects/GAP-refusal-gate6-b744c9f/students/services.py", line 1142, in update_submission_from_raw_text
    extracted = ai_processor.extract_answer_with_retry(
                ^^^^^^^^^^^^^^^^^^^^^^^^^^^^^^^^^^^^^^^
  File "/home/bond-servant-in-training/Documents/Projects/GAP-refusal-gate6-b744c9f/ai_processor/services.py", line 2121, in extract_answer_with_retry
    result = self.extract_answer_image(
             ^^^^^^^^^^^^^^^^^^^^^^^^^^
  File "/home/bond-servant-in-training/Documents/Projects/GAP-refusal-gate6-b744c9f/ai_processor/services.py", line 1819, in extract_answer_image
    response = self.execute_graded_task(
               ^^^^^^^^^^^^^^^^^^^^^^^^^
  File "/home/bond-servant-in-training/Documents/Projects/GAP-refusal-gate6-b744c9f/ai_processor/services.py", line 4498, in execute_graded_task
    raise InsufficientCreditsError(
billing.errors.InsufficientCreditsError: Task requires ~26602 credits, but you only have 1000 credits. Please refill your wallet to continue


students.views ERROR 2026-09-18 14:26:03,566 views 2491130 129007631715264 [request_id=d623491942604404abdc1701dd693ab7] Failed to save submission update

Traceback (most recent call last):
  File "/home/bond-servant-in-training/Documents/Projects/GAP-refusal-gate6-b744c9f/students/views.py", line 659, in partial_update
    submission = update_submission_from_raw_text(
                 ^^^^^^^^^^^^^^^^^^^^^^^^^^^^^^^^
  File "/home/bond-servant-in-training/Documents/Projects/GAP-refusal-gate6-b744c9f/students/services.py", line 1142, in update_submission_from_raw_text
    extracted = ai_processor.extract_answer_with_retry(
                ^^^^^^^^^^^^^^^^^^^^^^^^^^^^^^^^^^^^^^^
  File "/home/bond-servant-in-training/Documents/Projects/GAP-refusal-gate6-b744c9f/ai_processor/services.py", line 2121, in extract_answer_with_retry
    result = self.extract_answer_image(
             ^^^^^^^^^^^^^^^^^^^^^^^^^^
  File "/home/bond-servant-in-training/Documents/Projects/GAP-refusal-gate6-b744c9f/ai_processor/services.py", line 1819, in extract_answer_image
    response = self.execute_graded_task(
               ^^^^^^^^^^^^^^^^^^^^^^^^^
  File "/home/bond-servant-in-training/Documents/Projects/GAP-refusal-gate6-b744c9f/ai_processor/services.py", line 4498, in execute_graded_task
    raise InsufficientCreditsError(
billing.errors.InsufficientCreditsError: Task requires ~26602 credits, but you only have 1000 credits. Please refill your wallet to continue


students.views ERROR 2026-09-18 14:26:03,597 views 2491130 129007631715264 [request_id=3e7c4bccde014e1cb68125bcf441c5dd] Failed to save submission update

Traceback (most recent call last):
  File "/home/bond-servant-in-training/Documents/Projects/GAP-refusal-gate6-b744c9f/students/views.py", line 659, in partial_update
    submission = update_submission_from_raw_text(
                 ^^^^^^^^^^^^^^^^^^^^^^^^^^^^^^^^
  File "/home/bond-servant-in-training/Documents/Projects/GAP-refusal-gate6-b744c9f/students/services.py", line 1142, in update_submission_from_raw_text
    extracted = ai_processor.extract_answer_with_retry(
                ^^^^^^^^^^^^^^^^^^^^^^^^^^^^^^^^^^^^^^^
  File "/home/bond-servant-in-training/Documents/Projects/GAP-refusal-gate6-b744c9f/ai_processor/services.py", line 2121, in extract_answer_with_retry
    result = self.extract_answer_image(
             ^^^^^^^^^^^^^^^^^^^^^^^^^^
  File "/home/bond-servant-in-training/Documents/Projects/GAP-refusal-gate6-b744c9f/ai_processor/services.py", line 1819, in extract_answer_image
    response = self.execute_graded_task(
               ^^^^^^^^^^^^^^^^^^^^^^^^^
  File "/home/bond-servant-in-training/Documents/Projects/GAP-refusal-gate6-b744c9f/ai_processor/services.py", line 4498, in execute_graded_task
    raise InsufficientCreditsError(
billing.errors.InsufficientCreditsError: Task requires ~26602 credits, but you only have 1000 credits. Please refill your wallet to continue


students.views ERROR 2026-09-18 14:26:03,633 views 2491130 129007631715264 [request_id=1cf76ad49a304815911d73728d61537e] Failed to save submission update

Traceback (most recent call last):
  File "/home/bond-servant-in-training/Documents/Projects/GAP-refusal-gate6-b744c9f/students/views.py", line 659, in partial_update
    submission = update_submission_from_raw_text(
                 ^^^^^^^^^^^^^^^^^^^^^^^^^^^^^^^^
  File "/home/bond-servant-in-training/Documents/Projects/GAP-refusal-gate6-b744c9f/students/services.py", line 1142, in update_submission_from_raw_text
    extracted = ai_processor.extract_answer_with_retry(
                ^^^^^^^^^^^^^^^^^^^^^^^^^^^^^^^^^^^^^^^
  File "/home/bond-servant-in-training/Documents/Projects/GAP-refusal-gate6-b744c9f/ai_processor/services.py", line 2121, in extract_answer_with_retry
    result = self.extract_answer_image(
             ^^^^^^^^^^^^^^^^^^^^^^^^^^
  File "/home/bond-servant-in-training/Documents/Projects/GAP-refusal-gate6-b744c9f/ai_processor/services.py", line 1819, in extract_answer_image
    response = self.execute_graded_task(
               ^^^^^^^^^^^^^^^^^^^^^^^^^
  File "/home/bond-servant-in-training/Documents/Projects/GAP-refusal-gate6-b744c9f/ai_processor/services.py", line 4498, in execute_graded_task
    raise InsufficientCreditsError(
billing.errors.InsufficientCreditsError: Task requires ~26602 credits, but you only have 1000 credits. Please refill your wallet to continue


students.views ERROR 2026-09-18 14:26:03,698 views 2491130 129007631715264 [request_id=af7c0add9f674653af2b76f96154a66b] Failed to save submission update

Traceback (most recent call last):
  File "/home/bond-servant-in-training/Documents/Projects/GAP-refusal-gate6-b744c9f/students/views.py", line 659, in partial_update
    submission = update_submission_from_raw_text(
                 ^^^^^^^^^^^^^^^^^^^^^^^^^^^^^^^^
  File "/home/bond-servant-in-training/Documents/Projects/GAP-refusal-gate6-b744c9f/students/services.py", line 1142, in update_submission_from_raw_text
    extracted = ai_processor.extract_answer_with_retry(
                ^^^^^^^^^^^^^^^^^^^^^^^^^^^^^^^^^^^^^^^
  File "/home/bond-servant-in-training/Documents/Projects/GAP-refusal-gate6-b744c9f/ai_processor/services.py", line 2121, in extract_answer_with_retry
    result = self.extract_answer_image(
             ^^^^^^^^^^^^^^^^^^^^^^^^^^
  File "/home/bond-servant-in-training/Documents/Projects/GAP-refusal-gate6-b744c9f/ai_processor/services.py", line 1819, in extract_answer_image
    response = self.execute_graded_task(
               ^^^^^^^^^^^^^^^^^^^^^^^^^
  File "/home/bond-servant-in-training/Documents/Projects/GAP-refusal-gate6-b744c9f/ai_processor/services.py", line 4498, in execute_graded_task
    raise InsufficientCreditsError(
billing.errors.InsufficientCreditsError: Task requires ~26602 credits, but you only have 1000 credits. Please refill your wallet to continue


students.views ERROR 2026-09-18 14:26:03,756 views 2491130 129007631715264 [request_id=1b5440cb38fc4e1e974ce022458f5bc7] Failed to save submission update

Traceback (most recent call last):
  File "/home/bond-servant-in-training/Documents/Projects/GAP-refusal-gate6-b744c9f/students/views.py", line 659, in partial_update
    submission = update_submission_from_raw_text(
                 ^^^^^^^^^^^^^^^^^^^^^^^^^^^^^^^^
  File "/home/bond-servant-in-training/Documents/Projects/GAP-refusal-gate6-b744c9f/students/services.py", line 1142, in update_submission_from_raw_text
    extracted = ai_processor.extract_answer_with_retry(
                ^^^^^^^^^^^^^^^^^^^^^^^^^^^^^^^^^^^^^^^
  File "/home/bond-servant-in-training/Documents/Projects/GAP-refusal-gate6-b744c9f/ai_processor/services.py", line 2121, in extract_answer_with_retry
    result = self.extract_answer_image(
             ^^^^^^^^^^^^^^^^^^^^^^^^^^
  File "/home/bond-servant-in-training/Documents/Projects/GAP-refusal-gate6-b744c9f/ai_processor/services.py", line 1819, in extract_answer_image
    response = self.execute_graded_task(
               ^^^^^^^^^^^^^^^^^^^^^^^^^
  File "/home/bond-servant-in-training/Documents/Projects/GAP-refusal-gate6-b744c9f/ai_processor/services.py", line 4498, in execute_graded_task
    raise InsufficientCreditsError(
billing.errors.InsufficientCreditsError: Task requires ~26602 credits, but you only have 1000 credits. Please refill your wallet to continue


students.views ERROR 2026-09-18 14:26:03,796 views 2491130 129007631715264 [request_id=3f8e9a5f3cea402c884a74ee03f92882] Failed to save submission update

Traceback (most recent call last):
  File "/home/bond-servant-in-training/Documents/Projects/GAP-refusal-gate6-b744c9f/students/views.py", line 659, in partial_update
    submission = update_submission_from_raw_text(
                 ^^^^^^^^^^^^^^^^^^^^^^^^^^^^^^^^
  File "/home/bond-servant-in-training/Documents/Projects/GAP-refusal-gate6-b744c9f/students/services.py", line 1142, in update_submission_from_raw_text
    extracted = ai_processor.extract_answer_with_retry(
                ^^^^^^^^^^^^^^^^^^^^^^^^^^^^^^^^^^^^^^^
  File "/home/bond-servant-in-training/Documents/Projects/GAP-refusal-gate6-b744c9f/ai_processor/services.py", line 2121, in extract_answer_with_retry
    result = self.extract_answer_image(
             ^^^^^^^^^^^^^^^^^^^^^^^^^^
  File "/home/bond-servant-in-training/Documents/Projects/GAP-refusal-gate6-b744c9f/ai_processor/services.py", line 1819, in extract_answer_image
    response = self.execute_graded_task(
               ^^^^^^^^^^^^^^^^^^^^^^^^^
  File "/home/bond-servant-in-training/Documents/Projects/GAP-refusal-gate6-b744c9f/ai_processor/services.py", line 4498, in execute_graded_task
    raise InsufficientCreditsError(
billing.errors.InsufficientCreditsError: Task requires ~26602 credits, but you only have 1000 credits. Please refill your wallet to continue


students.views ERROR 2026-09-18 14:26:03,840 views 2491130 129007631715264 [request_id=3d346a24f1f34c9887ffabb97143a73a] Failed to save submission update

Traceback (most recent call last):
  File "/home/bond-servant-in-training/Documents/Projects/GAP-refusal-gate6-b744c9f/students/views.py", line 659, in partial_update
    submission = update_submission_from_raw_text(
                 ^^^^^^^^^^^^^^^^^^^^^^^^^^^^^^^^
  File "/home/bond-servant-in-training/Documents/Projects/GAP-refusal-gate6-b744c9f/students/services.py", line 1142, in update_submission_from_raw_text
    extracted = ai_processor.extract_answer_with_retry(
                ^^^^^^^^^^^^^^^^^^^^^^^^^^^^^^^^^^^^^^^
  File "/home/bond-servant-in-training/Documents/Projects/GAP-refusal-gate6-b744c9f/ai_processor/services.py", line 2121, in extract_answer_with_retry
    result = self.extract_answer_image(
             ^^^^^^^^^^^^^^^^^^^^^^^^^^
  File "/home/bond-servant-in-training/Documents/Projects/GAP-refusal-gate6-b744c9f/ai_processor/services.py", line 1819, in extract_answer_image
    response = self.execute_graded_task(
               ^^^^^^^^^^^^^^^^^^^^^^^^^
  File "/home/bond-servant-in-training/Documents/Projects/GAP-refusal-gate6-b744c9f/ai_processor/services.py", line 4498, in execute_graded_task
    raise InsufficientCreditsError(
billing.errors.InsufficientCreditsError: Task requires ~26602 credits, but you only have 1000 credits. Please refill your wallet to continue


students.views ERROR 2026-09-18 14:26:03,886 views 2491130 129007631715264 [request_id=db7bd739214c46ceb8f9b7e99b7409ff] Failed to save submission update

Traceback (most recent call last):
  File "/home/bond-servant-in-training/Documents/Projects/GAP-refusal-gate6-b744c9f/students/views.py", line 659, in partial_update
    submission = update_submission_from_raw_text(
                 ^^^^^^^^^^^^^^^^^^^^^^^^^^^^^^^^
  File "/home/bond-servant-in-training/Documents/Projects/GAP-refusal-gate6-b744c9f/students/services.py", line 1142, in update_submission_from_raw_text
    extracted = ai_processor.extract_answer_with_retry(
                ^^^^^^^^^^^^^^^^^^^^^^^^^^^^^^^^^^^^^^^
  File "/home/bond-servant-in-training/Documents/Projects/GAP-refusal-gate6-b744c9f/ai_processor/services.py", line 2121, in extract_answer_with_retry
    result = self.extract_answer_image(
             ^^^^^^^^^^^^^^^^^^^^^^^^^^
  File "/home/bond-servant-in-training/Documents/Projects/GAP-refusal-gate6-b744c9f/ai_processor/services.py", line 1819, in extract_answer_image
    response = self.execute_graded_task(
               ^^^^^^^^^^^^^^^^^^^^^^^^^
  File "/home/bond-servant-in-training/Documents/Projects/GAP-refusal-gate6-b744c9f/ai_processor/services.py", line 4498, in execute_graded_task
    raise InsufficientCreditsError(
billing.errors.InsufficientCreditsError: Task requires ~26602 credits, but you only have 1000 credits. Please refill your wallet to continue


students.views ERROR 2026-09-18 14:26:03,923 views 2491130 129007631715264 [request_id=b24b6f6f9ec84b2ebc089896d8f302a8] Failed to save submission update

Traceback (most recent call last):
  File "/home/bond-servant-in-training/Documents/Projects/GAP-refusal-gate6-b744c9f/students/views.py", line 659, in partial_update
    submission = update_submission_from_raw_text(
                 ^^^^^^^^^^^^^^^^^^^^^^^^^^^^^^^^
  File "/home/bond-servant-in-training/Documents/Projects/GAP-refusal-gate6-b744c9f/students/services.py", line 1142, in update_submission_from_raw_text
    extracted = ai_processor.extract_answer_with_retry(
                ^^^^^^^^^^^^^^^^^^^^^^^^^^^^^^^^^^^^^^^
  File "/home/bond-servant-in-training/Documents/Projects/GAP-refusal-gate6-b744c9f/ai_processor/services.py", line 2121, in extract_answer_with_retry
    result = self.extract_answer_image(
             ^^^^^^^^^^^^^^^^^^^^^^^^^^
  File "/home/bond-servant-in-training/Documents/Projects/GAP-refusal-gate6-b744c9f/ai_processor/services.py", line 1819, in extract_answer_image
    response = self.execute_graded_task(
               ^^^^^^^^^^^^^^^^^^^^^^^^^
  File "/home/bond-servant-in-training/Documents/Projects/GAP-refusal-gate6-b744c9f/ai_processor/services.py", line 4498, in execute_graded_task
    raise InsufficientCreditsError(
billing.errors.InsufficientCreditsError: Task requires ~26602 credits, but you only have 1000 credits. Please refill your wallet to continue


students.views ERROR 2026-09-18 14:26:03,995 views 2491130 129007631715264 [request_id=828d98dd59a247f4aa16cb955e4221aa] Failed to save submission update

Traceback (most recent call last):
  File "/home/bond-servant-in-training/Documents/Projects/GAP-refusal-gate6-b744c9f/students/views.py", line 659, in partial_update
    submission = update_submission_from_raw_text(
                 ^^^^^^^^^^^^^^^^^^^^^^^^^^^^^^^^
  File "/home/bond-servant-in-training/Documents/Projects/GAP-refusal-gate6-b744c9f/students/services.py", line 1142, in update_submission_from_raw_text
    extracted = ai_processor.extract_answer_with_retry(
                ^^^^^^^^^^^^^^^^^^^^^^^^^^^^^^^^^^^^^^^
  File "/home/bond-servant-in-training/Documents/Projects/GAP-refusal-gate6-b744c9f/ai_processor/services.py", line 2121, in extract_answer_with_retry
    result = self.extract_answer_image(
             ^^^^^^^^^^^^^^^^^^^^^^^^^^
  File "/home/bond-servant-in-training/Documents/Projects/GAP-refusal-gate6-b744c9f/ai_processor/services.py", line 1819, in extract_answer_image
    response = self.execute_graded_task(
               ^^^^^^^^^^^^^^^^^^^^^^^^^
  File "/home/bond-servant-in-training/Documents/Projects/GAP-refusal-gate6-b744c9f/ai_processor/services.py", line 4498, in execute_graded_task
    raise InsufficientCreditsError(
billing.errors.InsufficientCreditsError: Task requires ~26602 credits, but you only have 1000 credits. Please refill your wallet to continue


students.views ERROR 2026-09-18 14:26:04,037 views 2491130 129007631715264 [request_id=38a10e33455a42319ad45ebb55d16bf7] Failed to save submission update

Traceback (most recent call last):
  File "/home/bond-servant-in-training/Documents/Projects/GAP-refusal-gate6-b744c9f/students/views.py", line 659, in partial_update
    submission = update_submission_from_raw_text(
                 ^^^^^^^^^^^^^^^^^^^^^^^^^^^^^^^^
  File "/home/bond-servant-in-training/Documents/Projects/GAP-refusal-gate6-b744c9f/students/services.py", line 1142, in update_submission_from_raw_text
    extracted = ai_processor.extract_answer_with_retry(
                ^^^^^^^^^^^^^^^^^^^^^^^^^^^^^^^^^^^^^^^
  File "/home/bond-servant-in-training/Documents/Projects/GAP-refusal-gate6-b744c9f/ai_processor/services.py", line 2121, in extract_answer_with_retry
    result = self.extract_answer_image(
             ^^^^^^^^^^^^^^^^^^^^^^^^^^
  File "/home/bond-servant-in-training/Documents/Projects/GAP-refusal-gate6-b744c9f/ai_processor/services.py", line 1819, in extract_answer_image
    response = self.execute_graded_task(
               ^^^^^^^^^^^^^^^^^^^^^^^^^
  File "/home/bond-servant-in-training/Documents/Projects/GAP-refusal-gate6-b744c9f/ai_processor/services.py", line 4498, in execute_graded_task
    raise InsufficientCreditsError(
billing.errors.InsufficientCreditsError: Task requires ~26602 credits, but you only have 1000 credits. Please refill your wallet to continue


students.views ERROR 2026-09-18 14:26:04,069 views 2491130 129007631715264 [request_id=69145639ec034384943d5a9fd1b17476] Failed to save submission update

Traceback (most recent call last):
  File "/home/bond-servant-in-training/Documents/Projects/GAP-refusal-gate6-b744c9f/students/views.py", line 659, in partial_update
    submission = update_submission_from_raw_text(
                 ^^^^^^^^^^^^^^^^^^^^^^^^^^^^^^^^
  File "/home/bond-servant-in-training/Documents/Projects/GAP-refusal-gate6-b744c9f/students/services.py", line 1142, in update_submission_from_raw_text
    extracted = ai_processor.extract_answer_with_retry(
                ^^^^^^^^^^^^^^^^^^^^^^^^^^^^^^^^^^^^^^^
  File "/home/bond-servant-in-training/Documents/Projects/GAP-refusal-gate6-b744c9f/ai_processor/services.py", line 2121, in extract_answer_with_retry
    result = self.extract_answer_image(
             ^^^^^^^^^^^^^^^^^^^^^^^^^^
  File "/home/bond-servant-in-training/Documents/Projects/GAP-refusal-gate6-b744c9f/ai_processor/services.py", line 1819, in extract_answer_image
    response = self.execute_graded_task(
               ^^^^^^^^^^^^^^^^^^^^^^^^^
  File "/home/bond-servant-in-training/Documents/Projects/GAP-refusal-gate6-b744c9f/ai_processor/services.py", line 4498, in execute_graded_task
    raise InsufficientCreditsError(
billing.errors.InsufficientCreditsError: Task requires ~26602 credits, but you only have 1000 credits. Please refill your wallet to continue


students.views ERROR 2026-09-18 14:26:04,121 views 2491130 129007631715264 [request_id=2068a8b6cb874409a736558e63265222] Failed to save submission update

Traceback (most recent call last):
  File "/home/bond-servant-in-training/Documents/Projects/GAP-refusal-gate6-b744c9f/students/views.py", line 659, in partial_update
    submission = update_submission_from_raw_text(
                 ^^^^^^^^^^^^^^^^^^^^^^^^^^^^^^^^
  File "/home/bond-servant-in-training/Documents/Projects/GAP-refusal-gate6-b744c9f/students/services.py", line 1142, in update_submission_from_raw_text
    extracted = ai_processor.extract_answer_with_retry(
                ^^^^^^^^^^^^^^^^^^^^^^^^^^^^^^^^^^^^^^^
  File "/home/bond-servant-in-training/Documents/Projects/GAP-refusal-gate6-b744c9f/ai_processor/services.py", line 2121, in extract_answer_with_retry
    result = self.extract_answer_image(
             ^^^^^^^^^^^^^^^^^^^^^^^^^^
  File "/home/bond-servant-in-training/Documents/Projects/GAP-refusal-gate6-b744c9f/ai_processor/services.py", line 1819, in extract_answer_image
    response = self.execute_graded_task(
               ^^^^^^^^^^^^^^^^^^^^^^^^^
  File "/home/bond-servant-in-training/Documents/Projects/GAP-refusal-gate6-b744c9f/ai_processor/services.py", line 4498, in execute_graded_task
    raise InsufficientCreditsError(
billing.errors.InsufficientCreditsError: Task requires ~26602 credits, but you only have 1000 credits. Please refill your wallet to continue


students.views ERROR 2026-09-18 14:26:04,156 views 2491130 129007631715264 [request_id=68382feeee7f43099173f33fba0ad1b3] Failed to save submission update

Traceback (most recent call last):
  File "/home/bond-servant-in-training/Documents/Projects/GAP-refusal-gate6-b744c9f/students/views.py", line 659, in partial_update
    submission = update_submission_from_raw_text(
                 ^^^^^^^^^^^^^^^^^^^^^^^^^^^^^^^^
  File "/home/bond-servant-in-training/Documents/Projects/GAP-refusal-gate6-b744c9f/students/services.py", line 1142, in update_submission_from_raw_text
    extracted = ai_processor.extract_answer_with_retry(
                ^^^^^^^^^^^^^^^^^^^^^^^^^^^^^^^^^^^^^^^
  File "/home/bond-servant-in-training/Documents/Projects/GAP-refusal-gate6-b744c9f/ai_processor/services.py", line 2121, in extract_answer_with_retry
    result = self.extract_answer_image(
             ^^^^^^^^^^^^^^^^^^^^^^^^^^
  File "/home/bond-servant-in-training/Documents/Projects/GAP-refusal-gate6-b744c9f/ai_processor/services.py", line 1819, in extract_answer_image
    response = self.execute_graded_task(
               ^^^^^^^^^^^^^^^^^^^^^^^^^
  File "/home/bond-servant-in-training/Documents/Projects/GAP-refusal-gate6-b744c9f/ai_processor/services.py", line 4498, in execute_graded_task
    raise InsufficientCreditsError(
billing.errors.InsufficientCreditsError: Task requires ~26602 credits, but you only have 1000 credits. Please refill your wallet to continue


students.views ERROR 2026-09-18 14:26:04,198 views 2491130 129007631715264 [request_id=dbee868e5c8541759ce3668fb5fbca43] Failed to save submission update

Traceback (most recent call last):
  File "/home/bond-servant-in-training/Documents/Projects/GAP-refusal-gate6-b744c9f/students/views.py", line 659, in partial_update
    submission = update_submission_from_raw_text(
                 ^^^^^^^^^^^^^^^^^^^^^^^^^^^^^^^^
  File "/home/bond-servant-in-training/Documents/Projects/GAP-refusal-gate6-b744c9f/students/services.py", line 1142, in update_submission_from_raw_text
    extracted = ai_processor.extract_answer_with_retry(
                ^^^^^^^^^^^^^^^^^^^^^^^^^^^^^^^^^^^^^^^
  File "/home/bond-servant-in-training/Documents/Projects/GAP-refusal-gate6-b744c9f/ai_processor/services.py", line 2121, in extract_answer_with_retry
    result = self.extract_answer_image(
             ^^^^^^^^^^^^^^^^^^^^^^^^^^
  File "/home/bond-servant-in-training/Documents/Projects/GAP-refusal-gate6-b744c9f/ai_processor/services.py", line 1819, in extract_answer_image
    response = self.execute_graded_task(
               ^^^^^^^^^^^^^^^^^^^^^^^^^
  File "/home/bond-servant-in-training/Documents/Projects/GAP-refusal-gate6-b744c9f/ai_processor/services.py", line 4498, in execute_graded_task
    raise InsufficientCreditsError(
billing.errors.InsufficientCreditsError: Task requires ~26602 credits, but you only have 1000 credits. Please refill your wallet to continue


students.views ERROR 2026-09-18 14:26:04,239 views 2491130 129007631715264 [request_id=b8a154e41df44fa6ba7eea5e2609219c] Failed to save submission update

Traceback (most recent call last):
  File "/home/bond-servant-in-training/Documents/Projects/GAP-refusal-gate6-b744c9f/students/views.py", line 659, in partial_update
    submission = update_submission_from_raw_text(
                 ^^^^^^^^^^^^^^^^^^^^^^^^^^^^^^^^
  File "/home/bond-servant-in-training/Documents/Projects/GAP-refusal-gate6-b744c9f/students/services.py", line 1142, in update_submission_from_raw_text
    extracted = ai_processor.extract_answer_with_retry(
                ^^^^^^^^^^^^^^^^^^^^^^^^^^^^^^^^^^^^^^^
  File "/home/bond-servant-in-training/Documents/Projects/GAP-refusal-gate6-b744c9f/ai_processor/services.py", line 2121, in extract_answer_with_retry
    result = self.extract_answer_image(
             ^^^^^^^^^^^^^^^^^^^^^^^^^^
  File "/home/bond-servant-in-training/Documents/Projects/GAP-refusal-gate6-b744c9f/ai_processor/services.py", line 1819, in extract_answer_image
    response = self.execute_graded_task(
               ^^^^^^^^^^^^^^^^^^^^^^^^^
  File "/home/bond-servant-in-training/Documents/Projects/GAP-refusal-gate6-b744c9f/ai_processor/services.py", line 4498, in execute_graded_task
    raise InsufficientCreditsError(
billing.errors.InsufficientCreditsError: Task requires ~26602 credits, but you only have 1000 credits. Please refill your wallet to continue


students.views ERROR 2026-09-18 14:26:04,278 views 2491130 129007631715264 [request_id=02097529444548b1a6c45b15632c0fc8] Failed to save submission update

Traceback (most recent call last):
  File "/home/bond-servant-in-training/Documents/Projects/GAP-refusal-gate6-b744c9f/students/views.py", line 659, in partial_update
    submission = update_submission_from_raw_text(
                 ^^^^^^^^^^^^^^^^^^^^^^^^^^^^^^^^
  File "/home/bond-servant-in-training/Documents/Projects/GAP-refusal-gate6-b744c9f/students/services.py", line 1142, in update_submission_from_raw_text
    extracted = ai_processor.extract_answer_with_retry(
                ^^^^^^^^^^^^^^^^^^^^^^^^^^^^^^^^^^^^^^^
  File "/home/bond-servant-in-training/Documents/Projects/GAP-refusal-gate6-b744c9f/ai_processor/services.py", line 2121, in extract_answer_with_retry
    result = self.extract_answer_image(
             ^^^^^^^^^^^^^^^^^^^^^^^^^^
  File "/home/bond-servant-in-training/Documents/Projects/GAP-refusal-gate6-b744c9f/ai_processor/services.py", line 1819, in extract_answer_image
    response = self.execute_graded_task(
               ^^^^^^^^^^^^^^^^^^^^^^^^^
  File "/home/bond-servant-in-training/Documents/Projects/GAP-refusal-gate6-b744c9f/ai_processor/services.py", line 4498, in execute_graded_task
    raise InsufficientCreditsError(
billing.errors.InsufficientCreditsError: Task requires ~26602 credits, but you only have 1000 credits. Please refill your wallet to continue
GATE6 {"measurement": "service_refusal", "doctrine_sizes": true, "pool": {"connections": 19, "max_connections": 100}, "students": 6000, "queries_min": 14, "queries_max": 16, "p50_ms": 38.3, "p95_ms": 55.0}
.Cannot activate automatic trial for user scale-teacher-task-f9bede0325@example.com (validation): Free trial plan not found. Please create one in the admin panel.


students.task_tracking ERROR 2026-09-18 14:26:24,306 task_tracking 2491130 129007631715264 [request_id=-] Background task cdbd02da-6ed8-4dca-81ee-e158780fcaef failed

Traceback (most recent call last):
  File "/home/bond-servant-in-training/Documents/Projects/GAP-refusal-gate6-b744c9f/assignments/tasks.py", line 386, in extract_answer_background_task
    submission = update_submission_from_raw_text(
                 ^^^^^^^^^^^^^^^^^^^^^^^^^^^^^^^^
  File "/home/bond-servant-in-training/Documents/Projects/GAP-refusal-gate6-b744c9f/students/services.py", line 1142, in update_submission_from_raw_text
    extracted = ai_processor.extract_answer_with_retry(
                ^^^^^^^^^^^^^^^^^^^^^^^^^^^^^^^^^^^^^^^
  File "/home/bond-servant-in-training/Documents/Projects/GAP-refusal-gate6-b744c9f/ai_processor/services.py", line 2121, in extract_answer_with_retry
    result = self.extract_answer_image(
             ^^^^^^^^^^^^^^^^^^^^^^^^^^
  File "/home/bond-servant-in-training/Documents/Projects/GAP-refusal-gate6-b744c9f/ai_processor/services.py", line 1819, in extract_answer_image
    response = self.execute_graded_task(
               ^^^^^^^^^^^^^^^^^^^^^^^^^
  File "<string>", line 3, in execute_graded_task
  File "/home/bond-servant-in-training/.pyenv/versions/3.12.10/lib/python3.12/unittest/mock.py", line 1139, in __call__
    return self._mock_call(*args, **kwargs)
           ^^^^^^^^^^^^^^^^^^^^^^^^^^^^^^^^
  File "/home/bond-servant-in-training/.pyenv/versions/3.12.10/lib/python3.12/unittest/mock.py", line 1143, in _mock_call
    return self._execute_mock_call(*args, **kwargs)
           ^^^^^^^^^^^^^^^^^^^^^^^^^^^^^^^^^^^^^^^^
  File "/home/bond-servant-in-training/.pyenv/versions/3.12.10/lib/python3.12/unittest/mock.py", line 1204, in _execute_mock_call
    result = effect(*args, **kwargs)
             ^^^^^^^^^^^^^^^^^^^^^^^
  File "/home/bond-servant-in-training/Documents/Projects/GAP-refusal-gate6-b744c9f/ai_processor/services.py", line 4498, in execute_graded_task
    raise InsufficientCreditsError(
billing.errors.InsufficientCreditsError: Task requires ~26577 credits, but you only have 1000 credits. Please refill your wallet to continue
GATE6 {"measurement": "refused_task", "doctrine_sizes": true, "pool": {"connections": 19, "max_connections": 100}, "gate_calls_per_item": 4, "queries_per_item": 89, "ms_per_item": 308.9}
FCannot activate automatic trial for user weekly-20-2ff350fe32@example.com (validation): Free trial plan not found. Please create one in the admin panel.
GATE6 {"measurement": "weekly_course_summaries", "doctrine_sizes": true, "pool": {"connections": 19, "max_connections": 100}, "courses": 20, "queries_per_course": 9.05, "ms_per_course": 14.0, "log_records_with_a_stack_trace": 20}
Cannot activate automatic trial for user weekly-200-0b0f93af7c@example.com (validation): Free trial plan not found. Please create one in the admin panel.
GATE6 {"measurement": "weekly_course_summaries", "doctrine_sizes": true, "pool": {"connections": 19, "max_connections": 100}, "courses": 220, "queries_per_course": 9.0, "ms_per_course": 16.4, "log_records_with_a_stack_trace": 220}
F
======================================================================
FAIL: test_a_refused_answer_task_reaches_the_gate_once_per_item (billing.tests.test_refusal_handling_scale.RefusedTaskCostTest.test_a_refused_answer_task_reaches_the_gate_once_per_item)
----------------------------------------------------------------------
Traceback (most recent call last):
  File "/home/bond-servant-in-training/Documents/Projects/GAP-refusal-gate6-b744c9f/billing/tests/test_refusal_handling_scale.py", line 417, in test_a_refused_answer_task_reaches_the_gate_once_per_item
    self.assertEqual(gate.call_count, 1, "a permanent refusal was retried")
AssertionError: 4 != 1 : a permanent refusal was retried

======================================================================
FAIL: test_a_refused_narration_costs_a_constant_amount_per_course (billing.tests.test_refusal_handling_scale.WeeklySummaryRefusalCostTest.test_a_refused_narration_costs_a_constant_amount_per_course)
----------------------------------------------------------------------
Traceback (most recent call last):
  File "/home/bond-servant-in-training/Documents/Projects/GAP-refusal-gate6-b744c9f/billing/tests/test_refusal_handling_scale.py", line 518, in test_a_refused_narration_costs_a_constant_amount_per_course
    self.assertEqual(
AssertionError: 220 != 0 : a refusal is still being logged as an exception with a stack

----------------------------------------------------------------------
Ran 4 tests in 289.701s

FAILED (failures=2)
Destroying test database for alias 'default'...
Found 4 test(s).

  backfilled identity on 0 ledger row(s) and 0 usage log row(s)

  attributed 0 ledger row(s) to their Stripe payment
exit 1
