Creating test database for alias 'default' ('test_epic_a_merge_down_b14')...
Found 417 test(s).
Operations to perform:
  Synchronize unmigrated apps: anymail, cloudinary, cloudinary_storage, corsheaders, django_extensions, django_filters, djoser, drf_spectacular, encrypted_model_fields, humanize, messages, rest_framework, staticfiles
  Apply all migrations: admin, ai_processor, assignments, audit, auth, authtoken, billing, classrooms, contenttypes, dashboard, django_celery_beat, django_celery_results, sessions, students, token_blacklist, users
Synchronizing apps without migrations:
  Creating tables...
    Running deferred SQL...
Running migrations:
  Applying contenttypes.0001_initial... OK
  Applying contenttypes.0002_remove_content_type_name... OK
  Applying auth.0001_initial... OK
  Applying auth.0002_alter_permission_name_max_length... OK
  Applying auth.0003_alter_user_email_max_length... OK
  Applying auth.0004_alter_user_username_opts... OK
  Applying auth.0005_alter_user_last_login_null... OK
  Applying auth.0006_require_contenttypes_0002... OK
  Applying auth.0007_alter_validators_add_error_messages... OK
  Applying auth.0008_alter_user_username_max_length... OK
  Applying auth.0009_alter_user_last_name_max_length... OK
  Applying auth.0010_alter_group_name_max_length... OK
  Applying auth.0011_update_proxy_permissions... OK
  Applying auth.0012_alter_user_first_name_max_length... OK
  Applying users.0001_initial... OK
  Applying admin.0001_initial... OK
  Applying admin.0002_logentry_remove_auto_add... OK
  Applying admin.0003_logentry_add_action_flag_choices... OK
  Applying classrooms.0001_initial... OK
  Applying ai_processor.0001_initial... OK
  Applying ai_processor.0002_initial... OK
  Applying ai_processor.0003_chatsession_user... OK
  Applying ai_processor.0004_chatsession_assistant_type... OK
  Applying ai_processor.0005_benchmarkrun_benchmarkquestionoutcome... OK
  Applying classrooms.0002_initial... OK
  Applying classrooms.0003_coursecategory_course_categories... OK
  Applying classrooms.0004_course_teacher... OK
  Applying classrooms.0005_rename_studentsection_studentcourse... OK
  Applying classrooms.0006_remove_course_unique_section_name_per_session_and_more... OK
  Applying classrooms.0007_remove_studentcourse_is_active_and_more... OK
  Applying classrooms.0008_alter_studentcourse_enrollment_status... OK
  Applying classrooms.0009_school... OK
  Applying classrooms.0010_alter_studentcourse_enrollment_status... OK
  Applying classrooms.0011_remove_course_categories_topic... OK
  Applying classrooms.0012_studentcourse_auto_added... OK
  Applying classrooms.0013_studentcourse_ai_summary_and_more... OK
  Applying classrooms.0014_remove_session_unique_session_name_per_teacher_and_more... OK
  Applying classrooms.0015_remove_session_unique_session_name_per_teacher_and_more... OK
  Applying classrooms.0016_school_is_active... OK
  Applying assignments.0001_initial... OK
  Applying assignments.0002_initial... OK
  Applying assignments.0003_initial... OK
  Applying assignments.0004_rename_created_by_assignment_teacher_and_more... OK
  Applying assignments.0005_alter_assignment_options... OK
  Applying assignments.0006_assignment_estimated_time... OK
  Applying assignments.0007_remove_assignment_estimated_time_and_more... OK
  Applying assignments.0008_alter_assignment_due_date... OK
  Applying assignments.0009_assignment_extraction_confidence_and_more... OK
  Applying assignments.0010_assignment_custom_ai_prompt... OK
  Applying assignments.0011_assignment_ai_generated_assignment_ai_generated_at_and_more... OK
  Applying assignments.0012_assignment_was_overridden... OK
  Applying assignments.0013_alter_assignment_ai_generated... OK
  Applying assignments.0014_assignment_self_assessment_and_more... OK
  Applying assignments.0015_alter_assignment_potential_issues... OK
  Applying assignments.0016_assignment_extraction_completed_at_and_more... OK
  Applying assignments.0017_assignment_grading_status... OK
  Applying assignments.0018_assignment_topic... OK
  Applying assignments.0019_alter_assignment_title_and_more... OK
  Applying assignments.0020_remove_assignment_grading_status_and_more... OK
  Applying assignments.0021_assignment_overridden_at... OK
  Applying assignments.0022_assignment_raw_input... OK
  Applying assignments.0023_delete_rubric... OK
  Applying assignments.0024_alter_assignment_instructions_and_more... OK
  Applying assignments.0025_alter_assignment_instructions... OK
  Applying assignments.0026_assignment_status... OK
  Applying assignments.0027_remove_assignment_unique_assignment_per_course_and_more... OK
  Applying assignments.0028_alter_assignment_raw_input_hash... OK
  Applying assignments.0029_assignment_auto_grade_on_due_date... OK
  Applying assignments.0030_alter_assignment_status... OK
  Applying assignments.0031_assignment_grading_task_name_and_more... OK
  Applying assignments.0032_assignmentgenerationsession_and_message... OK
  Applying assignments.0033_assignmentgenerationhistory_and_more... OK
  Applying assignments.0034_assignment_admin_grading_notified_at... OK
  Applying assignments.0035_assignment_rigor_blooms_coverage_and_more... OK
  Applying assignments.0036_backfill_assignment_rigor... OK
  Applying assignments.0037_assignment_course_title_index... OK
  Applying assignments.0038_assignment_updated_at... OK
  Applying assignments.0039_assignment_upload_fingerprint... OK
  Applying assignments.0040_db_defaults_for_rollback... OK
  Applying audit.0001_initial... OK
  Applying audit.0002_alter_auditevent_actor_role... OK
  Applying authtoken.0001_initial... OK
  Applying authtoken.0002_auto_20160226_1747... OK
  Applying authtoken.0003_tokenproxy... OK
  Applying authtoken.0004_alter_tokenproxy_options... OK
  Applying users.0002_customuser_activation_expires_and_more... OK
  Applying users.0003_passwordresetotp... OK
  Applying users.0004_customuser_email_verified_at... OK
  Applying users.0005_alter_passwordresetotp_code... OK
  Applying users.0006_alter_passwordresetotp_code... OK
  Applying users.0007_passwordchangeotp... OK
  Applying users.0008_passwordchangeotp_hash_value_and_more... OK
  Applying users.0009_remove_passwordchangeotp_hash_value_and_more... OK
  Applying users.0010_customuser_school_alter_customuser_user_type... OK
  Applying billing.0001_initial... OK
  Applying billing.0002_alter_subscriptionplan_options_and_more... OK
  Applying billing.0003_creditusagelog_creditwallet_and_more... OK
  Applying billing.0004_alter_creditwallet_options_alter_creditbucket_wallet... OK
  Applying billing.0005_usersubscription_pending_plan... OK
  Applying billing.0006_alter_subscriptionplan_name... OK
  Applying billing.0007_creditbucket_is_processed_creditusagelog_is_refunded... OK
  Applying billing.0008_betaprofile... OK
  Applying billing.0009_betaprofile_uuid_and_more... OK
  Applying billing.0010_alter_betaprofile_id... OK
  Applying billing.0011_remove_betaprofile_uuid_betaprofile_uid_and_more... OK
  Applying billing.0012_populate_beta_profile_uuids... OK
  Applying billing.0013_remove_betaprofile_id_alter_betaprofile_uid... OK
  Applying billing.0014_rename_uid_betaprofile_id... OK
  Applying billing.0015_betaprofile_credits_used_feedback... OK
  Applying billing.0016_planfeature_alter_subscriptionplan_options_and_more... OK
  Applying billing.0017_remove_subscriptionplan_overage_credit_price_cents_and_more... OK
  Applying billing.0018_subscriptionplan_overage_block_price_and_more... OK
  Applying billing.0019_licensesubscription_schoolcreditallocation... OK
  Applying billing.0020_licensesubscription_contract_months_and_more... OK
  Applying billing.0021_alter_creditbucket_bucket_type_and_more... OK
  Applying billing.0022_usersubscription_is_trial_usersubscription_trial_end_and_more... OK
  Applying billing.0023_alter_subscriptionplan_name... OK
  Applying billing.0024_licensesubscription_custom_price_cents... OK
  Applying billing.0025_alter_subscriptionplan_name... OK
  Applying billing.0026_licensesubscription_total_credits_consumed... OK
  Applying billing.0027_stripeevent_creditwallet_stripe_customer_id_and_more... OK
  Applying billing.0028_alter_usersubscription_is_trial... OK
  Applying billing.0029_usersubscription_next_credit_grant_at... OK
  Applying billing.0030_alter_subscriptionplan_interval_and_more... OK
  Applying billing.0031_alter_licensesubscription_custom_price_cents_and_more... OK
  Applying billing.0032_remove_subscriptionplan_price_cents_and_more... OK
  Applying billing.0033_rename_price_subscriptionplan_price_cents... OK
  Applying billing.0034_alter_licensesubscription_custom_price_cents... OK
  Applying billing.0035_licensesubscription_stripe_customer_id... OK
  Applying billing.0036_alter_licensesubscription_contract_months_and_more... OK
  Applying billing.0037_schoolcreditallocation_next_credit_grant_at... OK
  Applying billing.0038_licensesubscription_billing_method_and_more... OK
  Applying billing.0039_alter_subscriptionplan_overage_block_price... OK
  Applying billing.0040_usersubscription_pending_change_note_and_more... OK
  Applying billing.0041_alter_usersubscription_pending_change_note_and_more... OK
  Applying billing.0042_subscriptionplan_stripe_overage_price_id... OK
  Applying billing.0043_schoolcreditallocation_is_admin_allocation... OK
  Applying billing.0044_alter_creditusagelog_feature... OK
  Applying billing.0045_billingtransaction... OK
  Applying billing.0046_remove_subscriptionplan_carry_over_max_and_more... OK
  Applying billing.0047_subscriptionplan_carry_over_max... OK
  Applying billing.0048_alter_billingtransaction_transaction_type_and_more... OK
  Applying billing.0049_billingtransaction_receipt_url... OK
  Applying billing.0050_creditusagelog_course... OK
  Applying billing.0051_creditusagelog_task_id_index... OK
  Applying billing.0052_creditusagelog_school... OK
  Applying billing.0053_backfill_creditusagelog_school... OK
  Applying billing.0054_stripeevent_attempts_stripeevent_claimed_at_and_more... OK
  Applying billing.0055_licensesubscription_consumption_window_start_and_more... OK
  Applying billing.0056_liveqarun... OK
  Applying billing.0057_usersubscription_cancelled_at... OK
  Applying billing.0058_alter_licensebillingrecord_record_type... OK
  Applying billing.0059_append_only_audit_tables... OK
  Applying billing.0060_backfill_audit_identity...
  backfilled identity on 0 ledger row(s) and 0 usage log row(s)
 OK
  Applying billing.0061_add_audit_table_time_indexes... OK
  Applying billing.0062_liveqarun_skipped_and_error_status... OK
  Applying billing.0063_payment_disputes... OK
  Applying billing.0064_refund_credit_reversal... OK
  Applying billing.0065_backfill_ledger_payment_intent...
  attributed 0 ledger row(s) to their Stripe payment
 OK
  Applying billing.0066_dispute_deficit_by_wallet... OK
  Applying billing.0067_stripe_event_recovery... OK
  Applying billing.0068_price_reconciliation... OK
  Applying billing.0069_price_sync_audit... OK
  Applying billing.0070_db_defaults_for_rollback... OK
  Applying billing.0071_stripeevent_auto_replay_attempts_and_more... OK
  Applying billing.0072_license_stripe_mutation_intent... OK
  Applying billing.0073_schoolcreditallocation_grant_anchor_at... OK
  Applying dashboard.0001_initial... OK
  Applying dashboard.0002_schoolatrisksnapshot... OK
  Applying dashboard.0003_studentriskalertstate_alert_pending... OK
  Applying dashboard.0004_db_defaults_for_rollback... OK
  Applying django_celery_beat.0001_initial... OK
  Applying django_celery_beat.0002_auto_20161118_0346... OK
  Applying django_celery_beat.0003_auto_20161209_0049... OK
  Applying django_celery_beat.0004_auto_20170221_0000... OK
  Applying django_celery_beat.0005_add_solarschedule_events_choices... OK
  Applying django_celery_beat.0006_auto_20180322_0932... OK
  Applying django_celery_beat.0007_auto_20180521_0826... OK
  Applying django_celery_beat.0008_auto_20180914_1922... OK
  Applying django_celery_beat.0006_auto_20180210_1226... OK
  Applying django_celery_beat.0006_periodictask_priority... OK
  Applying django_celery_beat.0009_periodictask_headers... OK
  Applying django_celery_beat.0010_auto_20190429_0326... OK
  Applying django_celery_beat.0011_auto_20190508_0153... OK
  Applying django_celery_beat.0012_periodictask_expire_seconds... OK
  Applying django_celery_beat.0013_auto_20200609_0727... OK
  Applying django_celery_beat.0014_remove_clockedschedule_enabled... OK
  Applying django_celery_beat.0015_edit_solarschedule_events_choices... OK
  Applying django_celery_beat.0016_alter_crontabschedule_timezone... OK
  Applying django_celery_beat.0017_alter_crontabschedule_month_of_year... OK
  Applying django_celery_beat.0018_improve_crontab_helptext... OK
  Applying django_celery_beat.0019_alter_periodictasks_options... OK
  Applying django_celery_results.0001_initial... OK
  Applying django_celery_results.0002_add_task_name_args_kwargs... OK
  Applying django_celery_results.0003_auto_20181106_1101... OK
  Applying django_celery_results.0004_auto_20190516_0412... OK
  Applying django_celery_results.0005_taskresult_worker... OK
  Applying django_celery_results.0006_taskresult_date_created... OK
  Applying django_celery_results.0007_remove_taskresult_hidden... OK
  Applying django_celery_results.0008_chordcounter... OK
  Applying django_celery_results.0009_groupresult... OK
  Applying django_celery_results.0010_remove_duplicate_indices... OK
  Applying django_celery_results.0011_taskresult_periodic_task_name... OK
  Applying django_celery_results.0012_taskresult_date_started... OK
  Applying django_celery_results.0013_taskresult_django_cele_periodi_1993cf_idx... OK
  Applying django_celery_results.0014_alter_taskresult_status... OK
  Applying sessions.0001_initial... OK
  Applying users.0011_concurrentusersnapshot_useractivity... OK
  Applying users.0012_alter_concurrentusersnapshot_timestamp... OK
  Applying users.0013_customuser_middle_name... OK
  Applying users.0014_alter_customuser_middle_name... OK
  Applying users.0015_customuser_bio_settings... OK
  Applying users.0016_remove_customuser_bio_delete_settings... OK
  Applying users.0017_settings... OK
  Applying users.0018_customuser_bio... OK
  Applying users.0019_betawhitelist... OK
  Applying users.0020_waitlist_betawhitelist_mode... OK
  Applying users.0021_betawhitelist_test_id_alter_betawhitelist_id... OK
  Applying users.0022_remove_betawhitelist_test_id_alter_betawhitelist_id... OK
  Applying users.0023_remove_waitlist_id_waitlist_test_id... OK
  Applying users.0024_remove_waitlist_test_id_waitlist_id... OK
  Applying users.0025_customuser_profile_image... OK
  Applying students.0001_initial... OK
  Applying students.0002_initial... OK
  Applying students.0003_studentsubmission_graded_at_and_more... OK
  Applying students.0004_alter_studentsubmission_graded_at... OK
  Applying students.0005_studentsubmission_ai_feedback_and_more... OK
  Applying students.0006_studentsubmission_ai_grading_completed_at... OK
  Applying students.0007_studentsubmission_extraction_confidence... OK
  Applying students.0008_studentsubmission_formatted_grade... OK
  Applying students.0009_studentsubmission_raw_input... OK
  Applying students.0010_batchuploadsession... OK
  Applying students.0011_batchuploadsession_course_and_more... OK
  Applying students.0012_alter_batchuploadsession_task_type... OK
  Applying students.0013_studentsubmission_max_points_and_more... OK
  Applying students.0014_alter_studentsubmission_score_percentage... OK
  Applying students.0015_studentsubmission_is_published... OK
  Applying students.0016_studentsubmission_grading_task_name_and_more... OK
  Applying students.0017_backgroundprocessingtask... OK
  Applying students.0018_studentsubmission_attempt_count... OK
  Applying students.0019_alter_studentsubmission_attempt_count... OK
  Applying students.0020_studentsubmission_grading_state... OK
  Applying students.0021_studentsubmission_needs_review... OK
  Applying students.0022_studentsubmission_review_severity... OK
  Applying students.0023_studentsubmission_review_tier_and_more... OK
  Applying students.0024_repair_raw_input_json... OK
  Applying students.0025_student_submission_hot_path_indexes... OK
  Applying students.0026_alter_backgroundprocessingtask_task_type... OK
  Applying students.0027_alter_studentsubmission_ai_grading_completed_at... OK
  Applying students.0028_backfill_ai_grading_completed_at... OK
  Applying students.0029_background_task_item_result... OK
  Applying students.0030_batch_session_credits_exhausted_at... OK
  Applying students.0031_submission_grading_label... OK
  Applying token_blacklist.0001_initial... OK
  Applying token_blacklist.0002_outstandingtoken_jti_hex... OK
  Applying token_blacklist.0003_auto_20171017_2007... OK
  Applying token_blacklist.0004_auto_20171017_2013... OK
  Applying token_blacklist.0005_remove_outstandingtoken_jti... OK
  Applying token_blacklist.0006_auto_20171017_2113... OK
  Applying token_blacklist.0007_auto_20171017_2214... OK
  Applying token_blacklist.0008_migrate_to_bigautofield... OK
  Applying token_blacklist.0010_fix_migrate_to_bigautofield... OK
  Applying token_blacklist.0011_linearizes_history... OK
  Applying token_blacklist.0012_alter_outstandingtoken_user... OK
  Applying token_blacklist.0013_alter_blacklistedtoken_options_and_more... OK
  Applying users.0026_customuser_registration_method... OK
  Applying users.0027_customuser_profile_image_url... OK
  Applying users.0028_alter_customuser_middle_name... OK
  Applying users.0029_usergooglecredentials... OK
  Applying users.0030_usergooglecredentials_access_token_and_more... OK
  Applying users.0031_settings_notify_new_assignment_posted... OK
  Applying users.0032_alter_settings_notify_assignment_due_reminder_and_more... OK
  Applying users.0033_settings_notify_at_risk_student_alerts_and_more... OK
  Applying users.0034_passwordresetotp_attempts_and_more... OK
  Applying users.0035_settings_notify_assignment_edited... OK
  Applying users.0036_customuser_failed_login_attempts_and_more... OK
  Applying users.0037_customuser_must_change_password... OK
  Applying users.0038_alter_customuser_must_change_password... OK
  Applying users.0039_customuser_token_epoch... OK
  Applying users.0040_db_defaults_for_rollback...System check identified some issues:

WARNINGS:
?: (billing.W001) PlanFeature catalogue is missing (or not marked is_gating_feature=True for) gating key(s): ['AI_PROMPT_ANALYTICS_SUMMARY', 'AI_PROMPT_ASSIGNMENT_CREATION']. Every user in this environment will be DENIED the corresponding AI feature(s) - see AI_FEATURE_GATING_MAP in billing/access_control.py - until `manage.py seed_plan_features` is run.

System check identified 1 issue (0 silenced).
test_below_the_budget_a_valid_code_still_completes (users.tests_s7d_registration_paused.RegistrationPausedTests.test_below_the_budget_a_valid_code_still_completes) ... FAIL
test_the_pause_is_coded_and_keeps_its_text_and_retry_after (users.tests_s7d_registration_paused.RegistrationPausedTests.test_the_pause_is_coded_and_keeps_its_text_and_retry_after) ... FAIL
test_the_per_network_throttle_is_not_mistaken_for_the_pause (users.tests_s7d_registration_paused.RegistrationPausedTests.test_the_per_network_throttle_is_not_mistaken_for_the_pause)
The two 429s must be told apart: the rate limit carries no code. ... API Exception
Traceback (most recent call last):
  File "/home/bond-servant-in-training/Documents/Virtualenvs/AutoGrader_env/lib/python3.12/site-packages/rest_framework/views.py", line 503, in dispatch
    self.initial(request, *args, **kwargs)
  File "/home/bond-servant-in-training/Documents/Virtualenvs/AutoGrader_env/lib/python3.12/site-packages/rest_framework/views.py", line 422, in initial
    self.check_throttles(request)
  File "/home/bond-servant-in-training/Documents/Virtualenvs/AutoGrader_env/lib/python3.12/site-packages/rest_framework/views.py", line 377, in check_throttles
    self.throttled(request, duration)
  File "/home/bond-servant-in-training/Documents/Virtualenvs/AutoGrader_env/lib/python3.12/site-packages/rest_framework/views.py", line 187, in throttled
    raise exceptions.Throttled(wait)
rest_framework.exceptions.Throttled: Request was throttled. Expected available in 60 seconds.
ok
test_the_renew_door_keeps_its_own_answer (users.tests_s7d_registration_paused.RegistrationPausedTests.test_the_renew_door_keeps_its_own_answer)
SM ruling Q6: renew-student-token spends the same budget but is ... FAIL
test_success (users.tests_auth_audit_doors.ChangePasswordDoorTests.test_success) ... Free trial plan not found: no trial activated for user 46228c95-74ce-4add-9afe-c67287a8a0bf.
Cannot activate automatic trial for user 46228c95-74ce-4add-9afe-c67287a8a0bf (validation): ValueError
ok
test_wrong_current_password_is_one_event_not_two (users.tests_auth_audit_doors.ChangePasswordDoorTests.test_wrong_current_password_is_one_event_not_two)
A named failure, so the authenticated request gets no generic ... Free trial plan not found: no trial activated for user 5db8d763-8926-4c17-9c0f-2c6eb2d9e522.
Cannot activate automatic trial for user 5db8d763-8926-4c17-9c0f-2c6eb2d9e522 (validation): ValueError
API Exception
Traceback (most recent call last):
  File "/home/bond-servant-in-training/Documents/Virtualenvs/AutoGrader_env/lib/python3.12/site-packages/rest_framework/views.py", line 512, in dispatch
    response = handler(request, *args, **kwargs)
               ^^^^^^^^^^^^^^^^^^^^^^^^^^^^^^^^^
  File "/home/bond-servant-in-training/Documents/Projects/Grade-Automator-Plus-epic-a-merge-down-b14/users/views.py", line 1622, in change_password
    raise ParseError("Incorrect current password. Please try again.")
rest_framework.exceptions.ParseError: Incorrect current password. Please try again.
ok
test_a_deactivated_account_is_denied_and_named (users.tests_auth_audit_doors.GoogleDoorTests.test_a_deactivated_account_is_denied_and_named)
Refused inside the view's atomic block; still recorded. ... Free trial plan not found: no trial activated for user c09fa364-8d02-4468-a000-73cccd77550b.
Cannot activate automatic trial for user c09fa364-8d02-4468-a000-73cccd77550b (validation): ValueError
API Exception
Traceback (most recent call last):
  File "/home/bond-servant-in-training/Documents/Virtualenvs/AutoGrader_env/lib/python3.12/site-packages/rest_framework/views.py", line 512, in dispatch
    response = handler(request, *args, **kwargs)
               ^^^^^^^^^^^^^^^^^^^^^^^^^^^^^^^^^
  File "/home/bond-servant-in-training/Documents/Projects/Grade-Automator-Plus-epic-a-merge-down-b14/users/views.py", line 2097, in google_auth
    return self._google_auth(request)
           ^^^^^^^^^^^^^^^^^^^^^^^^^^
  File "/home/bond-servant-in-training/Documents/Projects/Grade-Automator-Plus-epic-a-merge-down-b14/users/views.py", line 2260, in _google_auth
    raise AuthenticationFailed(
rest_framework.exceptions.AuthenticationFailed: This account has been deactivated. Please contact support.
ok
test_google_unreachable_is_a_provider_failure (users.tests_auth_audit_doors.GoogleDoorTests.test_google_unreachable_is_a_provider_failure) ... Google OAuth token exchange failed
Traceback (most recent call last):
  File "/home/bond-servant-in-training/Documents/Projects/Grade-Automator-Plus-epic-a-merge-down-b14/users/views.py", line 2135, in _google_auth
    response = http_requests.post(token_url, data=payload)
               ^^^^^^^^^^^^^^^^^^^^^^^^^^^^^^^^^^^^^^^^^^^
  File "/home/bond-servant-in-training/.pyenv/versions/3.12.10/lib/python3.12/unittest/mock.py", line 1139, in __call__
    return self._mock_call(*args, **kwargs)
           ^^^^^^^^^^^^^^^^^^^^^^^^^^^^^^^^
  File "/home/bond-servant-in-training/.pyenv/versions/3.12.10/lib/python3.12/unittest/mock.py", line 1143, in _mock_call
    return self._execute_mock_call(*args, **kwargs)
           ^^^^^^^^^^^^^^^^^^^^^^^^^^^^^^^^^^^^^^^^
  File "/home/bond-servant-in-training/.pyenv/versions/3.12.10/lib/python3.12/unittest/mock.py", line 1198, in _execute_mock_call
    raise effect
requests.exceptions.ConnectionError: dns
API Exception
Traceback (most recent call last):
  File "/home/bond-servant-in-training/Documents/Projects/Grade-Automator-Plus-epic-a-merge-down-b14/users/views.py", line 2135, in _google_auth
    response = http_requests.post(token_url, data=payload)
               ^^^^^^^^^^^^^^^^^^^^^^^^^^^^^^^^^^^^^^^^^^^
  File "/home/bond-servant-in-training/.pyenv/versions/3.12.10/lib/python3.12/unittest/mock.py", line 1139, in __call__
    return self._mock_call(*args, **kwargs)
           ^^^^^^^^^^^^^^^^^^^^^^^^^^^^^^^^
  File "/home/bond-servant-in-training/.pyenv/versions/3.12.10/lib/python3.12/unittest/mock.py", line 1143, in _mock_call
    return self._execute_mock_call(*args, **kwargs)
           ^^^^^^^^^^^^^^^^^^^^^^^^^^^^^^^^^^^^^^^^
  File "/home/bond-servant-in-training/.pyenv/versions/3.12.10/lib/python3.12/unittest/mock.py", line 1198, in _execute_mock_call
    raise effect
requests.exceptions.ConnectionError: dns

The above exception was the direct cause of the following exception:

Traceback (most recent call last):
  File "/home/bond-servant-in-training/Documents/Virtualenvs/AutoGrader_env/lib/python3.12/site-packages/rest_framework/views.py", line 512, in dispatch
    response = handler(request, *args, **kwargs)
               ^^^^^^^^^^^^^^^^^^^^^^^^^^^^^^^^^
  File "/home/bond-servant-in-training/Documents/Projects/Grade-Automator-Plus-epic-a-merge-down-b14/users/views.py", line 2097, in google_auth
    return self._google_auth(request)
           ^^^^^^^^^^^^^^^^^^^^^^^^^^
  File "/home/bond-servant-in-training/Documents/Projects/Grade-Automator-Plus-epic-a-merge-down-b14/users/views.py", line 2141, in _google_auth
    raise ParseError(
rest_framework.exceptions.ParseError: Google sign-in failed. Please try again.
ok
test_success_for_an_existing_account (users.tests_auth_audit_doors.GoogleDoorTests.test_success_for_an_existing_account) ... Free trial plan not found: no trial activated for user 92ab16ca-c971-4ab7-8a66-25a34621eb29.
Cannot activate automatic trial for user 92ab16ca-c971-4ab7-8a66-25a34621eb29 (validation): ValueError
ok
test_unverified_google_email (users.tests_auth_audit_doors.GoogleDoorTests.test_unverified_google_email) ... API Exception
Traceback (most recent call last):
  File "/home/bond-servant-in-training/Documents/Virtualenvs/AutoGrader_env/lib/python3.12/site-packages/rest_framework/views.py", line 512, in dispatch
    response = handler(request, *args, **kwargs)
               ^^^^^^^^^^^^^^^^^^^^^^^^^^^^^^^^^
  File "/home/bond-servant-in-training/Documents/Projects/Grade-Automator-Plus-epic-a-merge-down-b14/users/views.py", line 2097, in google_auth
    return self._google_auth(request)
           ^^^^^^^^^^^^^^^^^^^^^^^^^^
  File "/home/bond-servant-in-training/Documents/Projects/Grade-Automator-Plus-epic-a-merge-down-b14/users/views.py", line 2165, in _google_auth
    raise ParseError("Google has not verified your email")
rest_framework.exceptions.ParseError: Google has not verified your email
ok
test_school_admin_bad_code_survives_the_rollback (users.tests_auth_audit_doors.InvitationDoorTests.test_school_admin_bad_code_survives_the_rollback)
Refused inside the view's atomic block; the event is written after ... API Exception
Traceback (most recent call last):
  File "/home/bond-servant-in-training/Documents/Virtualenvs/AutoGrader_env/lib/python3.12/site-packages/rest_framework/views.py", line 512, in dispatch
    response = handler(request, *args, **kwargs)
               ^^^^^^^^^^^^^^^^^^^^^^^^^^^^^^^^^
  File "/home/bond-servant-in-training/Documents/Projects/Grade-Automator-Plus-epic-a-merge-down-b14/users/views.py", line 1980, in register_school_admin
    raise ParseError("Invalid or expired activation token.")
rest_framework.exceptions.ParseError: Invalid or expired activation token.
ok
test_school_admin_invitation_success (users.tests_auth_audit_doors.InvitationDoorTests.test_school_admin_invitation_success) ... ok
test_student_invitation_bad_code_survives_the_rollback (users.tests_auth_audit_doors.InvitationDoorTests.test_student_invitation_bad_code_survives_the_rollback) ... FAIL
test_locked_is_denied (users.tests_auth_audit_doors.ResetPasswordDoorTests.test_locked_is_denied)
batch-2a (L2) behaviour, merged into Epic A: a locked reset ... Free trial plan not found: no trial activated for user f6761708-8251-4f7c-98ae-e67531520ff7.
Cannot activate automatic trial for user f6761708-8251-4f7c-98ae-e67531520ff7 (validation): ValueError
ok
test_success (users.tests_auth_audit_doors.ResetPasswordDoorTests.test_success) ... Free trial plan not found: no trial activated for user 5d36acbe-6504-47d2-99b3-1ba34ee03df4.
Cannot activate automatic trial for user 5d36acbe-6504-47d2-99b3-1ba34ee03df4 (validation): ValueError
ok
test_the_guess_that_spends_the_budget_is_a_failure_that_set_the_lock (users.tests_auth_audit_doors.ResetPasswordDoorTests.test_the_guess_that_spends_the_budget_is_a_failure_that_set_the_lock)
SM ruling for the 2a merge: that guess answers 429 at once (L2), ... Free trial plan not found: no trial activated for user e07d4a01-b079-4a0e-b434-493b57f1b262.
Cannot activate automatic trial for user e07d4a01-b079-4a0e-b434-493b57f1b262 (validation): ValueError
API Exception
Traceback (most recent call last):
  File "/home/bond-servant-in-training/Documents/Virtualenvs/AutoGrader_env/lib/python3.12/site-packages/rest_framework/views.py", line 512, in dispatch
    response = handler(request, *args, **kwargs)
               ^^^^^^^^^^^^^^^^^^^^^^^^^^^^^^^^^
  File "/home/bond-servant-in-training/Documents/Projects/Grade-Automator-Plus-epic-a-merge-down-b14/users/views.py", line 1501, in reset_password
    raise ParseError("Invalid email, OTP code, or new password.")
rest_framework.exceptions.ParseError: Invalid email, OTP code, or new password.
API Exception
Traceback (most recent call last):
  File "/home/bond-servant-in-training/Documents/Virtualenvs/AutoGrader_env/lib/python3.12/site-packages/rest_framework/views.py", line 512, in dispatch
    response = handler(request, *args, **kwargs)
               ^^^^^^^^^^^^^^^^^^^^^^^^^^^^^^^^^
  File "/home/bond-servant-in-training/Documents/Projects/Grade-Automator-Plus-epic-a-merge-down-b14/users/views.py", line 1501, in reset_password
    raise ParseError("Invalid email, OTP code, or new password.")
rest_framework.exceptions.ParseError: Invalid email, OTP code, or new password.
API Exception
Traceback (most recent call last):
  File "/home/bond-servant-in-training/Documents/Virtualenvs/AutoGrader_env/lib/python3.12/site-packages/rest_framework/views.py", line 512, in dispatch
    response = handler(request, *args, **kwargs)
               ^^^^^^^^^^^^^^^^^^^^^^^^^^^^^^^^^
  File "/home/bond-servant-in-training/Documents/Projects/Grade-Automator-Plus-epic-a-merge-down-b14/users/views.py", line 1501, in reset_password
    raise ParseError("Invalid email, OTP code, or new password.")
rest_framework.exceptions.ParseError: Invalid email, OTP code, or new password.
API Exception
Traceback (most recent call last):
  File "/home/bond-servant-in-training/Documents/Virtualenvs/AutoGrader_env/lib/python3.12/site-packages/rest_framework/views.py", line 512, in dispatch
    response = handler(request, *args, **kwargs)
               ^^^^^^^^^^^^^^^^^^^^^^^^^^^^^^^^^
  File "/home/bond-servant-in-training/Documents/Projects/Grade-Automator-Plus-epic-a-merge-down-b14/users/views.py", line 1501, in reset_password
    raise ParseError("Invalid email, OTP code, or new password.")
rest_framework.exceptions.ParseError: Invalid email, OTP code, or new password.
password_reset_otp_locked
ok
test_unknown_email (users.tests_auth_audit_doors.ResetPasswordDoorTests.test_unknown_email) ... Free trial plan not found: no trial activated for user f629f77a-edec-401e-a713-b2b440b7fe7e.
Cannot activate automatic trial for user f629f77a-edec-401e-a713-b2b440b7fe7e (validation): ValueError
API Exception
Exception

The above exception was the direct cause of the following exception:

Traceback (most recent call last):
  File "/home/bond-servant-in-training/Documents/Virtualenvs/AutoGrader_env/lib/python3.12/site-packages/rest_framework/views.py", line 512, in dispatch
    response = handler(request, *args, **kwargs)
               ^^^^^^^^^^^^^^^^^^^^^^^^^^^^^^^^^
  File "/home/bond-servant-in-training/Documents/Projects/Grade-Automator-Plus-epic-a-merge-down-b14/users/views.py", line 1451, in reset_password
    raise ParseError("Invalid email, OTP code, or new password.") from Exception
rest_framework.exceptions.ParseError: Invalid email, OTP code, or new password.
ok
test_wrong_code (users.tests_auth_audit_doors.ResetPasswordDoorTests.test_wrong_code) ... Free trial plan not found: no trial activated for user 1e1c0d9f-f45f-4759-91cd-21f5bd3a9b59.
Cannot activate automatic trial for user 1e1c0d9f-f45f-4759-91cd-21f5bd3a9b59 (validation): ValueError
API Exception
Traceback (most recent call last):
  File "/home/bond-servant-in-training/Documents/Virtualenvs/AutoGrader_env/lib/python3.12/site-packages/rest_framework/views.py", line 512, in dispatch
    response = handler(request, *args, **kwargs)
               ^^^^^^^^^^^^^^^^^^^^^^^^^^^^^^^^^
  File "/home/bond-servant-in-training/Documents/Projects/Grade-Automator-Plus-epic-a-merge-down-b14/users/views.py", line 1501, in reset_password
    raise ParseError("Invalid email, OTP code, or new password.")
rest_framework.exceptions.ParseError: Invalid email, OTP code, or new password.
ok
test_a_failure_is_scoped_to_the_targets_school (users.tests_auth_audit_doors.VerifyEmailDoorTests.test_a_failure_is_scoped_to_the_targets_school) ... Free trial plan not found: no trial activated for user d38c60ac-6d10-4b12-9afb-0bc9191a9fff.
Cannot activate automatic trial for user d38c60ac-6d10-4b12-9afb-0bc9191a9fff (validation): ValueError
API Exception
Traceback (most recent call last):
  File "/home/bond-servant-in-training/Documents/Virtualenvs/AutoGrader_env/lib/python3.12/site-packages/rest_framework/views.py", line 512, in dispatch
    response = handler(request, *args, **kwargs)
               ^^^^^^^^^^^^^^^^^^^^^^^^^^^^^^^^^
  File "/home/bond-servant-in-training/Documents/Projects/Grade-Automator-Plus-epic-a-merge-down-b14/users/views.py", line 1068, in verify
    refuse("Invalid email or token.", account_for_email(email), "INVALID_CODE")
  File "/home/bond-servant-in-training/Documents/Projects/Grade-Automator-Plus-epic-a-merge-down-b14/users/views.py", line 1064, in refuse
    raise ParseError(message)
rest_framework.exceptions.ParseError: Invalid email or token.
ok
test_a_locked_attempt_is_denied_even_with_the_right_code (users.tests_auth_audit_doors.VerifyEmailDoorTests.test_a_locked_attempt_is_denied_even_with_the_right_code)
H-53's 429, recorded as one DENIED VERIFY_LOCKED naming the ... Free trial plan not found: no trial activated for user 910558b5-3f5a-4340-9811-916f86af9b21.
Cannot activate automatic trial for user 910558b5-3f5a-4340-9811-916f86af9b21 (validation): ValueError
API Exception
Traceback (most recent call last):
  File "/home/bond-servant-in-training/Documents/Virtualenvs/AutoGrader_env/lib/python3.12/site-packages/rest_framework/views.py", line 512, in dispatch
    response = handler(request, *args, **kwargs)
               ^^^^^^^^^^^^^^^^^^^^^^^^^^^^^^^^^
  File "/home/bond-servant-in-training/Documents/Projects/Grade-Automator-Plus-epic-a-merge-down-b14/users/views.py", line 1068, in verify
    refuse("Invalid email or token.", account_for_email(email), "INVALID_CODE")
  File "/home/bond-servant-in-training/Documents/Projects/Grade-Automator-Plus-epic-a-merge-down-b14/users/views.py", line 1064, in refuse
    raise ParseError(message)
rest_framework.exceptions.ParseError: Invalid email or token.
API Exception
Traceback (most recent call last):
  File "/home/bond-servant-in-training/Documents/Virtualenvs/AutoGrader_env/lib/python3.12/site-packages/rest_framework/views.py", line 512, in dispatch
    response = handler(request, *args, **kwargs)
               ^^^^^^^^^^^^^^^^^^^^^^^^^^^^^^^^^
  File "/home/bond-servant-in-training/Documents/Projects/Grade-Automator-Plus-epic-a-merge-down-b14/users/views.py", line 1068, in verify
    refuse("Invalid email or token.", account_for_email(email), "INVALID_CODE")
  File "/home/bond-servant-in-training/Documents/Projects/Grade-Automator-Plus-epic-a-merge-down-b14/users/views.py", line 1064, in refuse
    raise ParseError(message)
rest_framework.exceptions.ParseError: Invalid email or token.
API Exception
Traceback (most recent call last):
  File "/home/bond-servant-in-training/Documents/Virtualenvs/AutoGrader_env/lib/python3.12/site-packages/rest_framework/views.py", line 512, in dispatch
    response = handler(request, *args, **kwargs)
               ^^^^^^^^^^^^^^^^^^^^^^^^^^^^^^^^^
  File "/home/bond-servant-in-training/Documents/Projects/Grade-Automator-Plus-epic-a-merge-down-b14/users/views.py", line 1068, in verify
    refuse("Invalid email or token.", account_for_email(email), "INVALID_CODE")
  File "/home/bond-servant-in-training/Documents/Projects/Grade-Automator-Plus-epic-a-merge-down-b14/users/views.py", line 1064, in refuse
    raise ParseError(message)
rest_framework.exceptions.ParseError: Invalid email or token.
API Exception
Traceback (most recent call last):
  File "/home/bond-servant-in-training/Documents/Virtualenvs/AutoGrader_env/lib/python3.12/site-packages/rest_framework/views.py", line 512, in dispatch
    response = handler(request, *args, **kwargs)
               ^^^^^^^^^^^^^^^^^^^^^^^^^^^^^^^^^
  File "/home/bond-servant-in-training/Documents/Projects/Grade-Automator-Plus-epic-a-merge-down-b14/users/views.py", line 1068, in verify
    refuse("Invalid email or token.", account_for_email(email), "INVALID_CODE")
  File "/home/bond-servant-in-training/Documents/Projects/Grade-Automator-Plus-epic-a-merge-down-b14/users/views.py", line 1064, in refuse
    raise ParseError(message)
rest_framework.exceptions.ParseError: Invalid email or token.
verify_email address locked after too many attempts
API Exception
Traceback (most recent call last):
  File "/home/bond-servant-in-training/Documents/Virtualenvs/AutoGrader_env/lib/python3.12/site-packages/rest_framework/views.py", line 512, in dispatch
    response = handler(request, *args, **kwargs)
               ^^^^^^^^^^^^^^^^^^^^^^^^^^^^^^^^^
  File "/home/bond-servant-in-training/Documents/Projects/Grade-Automator-Plus-epic-a-merge-down-b14/users/views.py", line 1068, in verify
    refuse("Invalid email or token.", account_for_email(email), "INVALID_CODE")
  File "/home/bond-servant-in-training/Documents/Projects/Grade-Automator-Plus-epic-a-merge-down-b14/users/views.py", line 1064, in refuse
    raise ParseError(message)
rest_framework.exceptions.ParseError: Invalid email or token.
API Exception
Traceback (most recent call last):
  File "/home/bond-servant-in-training/Documents/Virtualenvs/AutoGrader_env/lib/python3.12/site-packages/rest_framework/views.py", line 512, in dispatch
    response = handler(request, *args, **kwargs)
               ^^^^^^^^^^^^^^^^^^^^^^^^^^^^^^^^^
  File "/home/bond-servant-in-training/Documents/Projects/Grade-Automator-Plus-epic-a-merge-down-b14/users/views.py", line 1036, in verify
    raise EnvelopedThrottled(
users.exceptions.EnvelopedThrottled: Too many incorrect codes for this email address. Please wait, then request a new verification email. Expected available in 1799 seconds.
ok
test_a_locked_unknown_address_is_denied_with_no_account_and_no_email (users.tests_auth_audit_doors.VerifyEmailDoorTests.test_a_locked_unknown_address_is_denied_with_no_account_and_no_email) ... API Exception
Traceback (most recent call last):
  File "/home/bond-servant-in-training/Documents/Virtualenvs/AutoGrader_env/lib/python3.12/site-packages/rest_framework/views.py", line 512, in dispatch
    response = handler(request, *args, **kwargs)
               ^^^^^^^^^^^^^^^^^^^^^^^^^^^^^^^^^
  File "/home/bond-servant-in-training/Documents/Projects/Grade-Automator-Plus-epic-a-merge-down-b14/users/views.py", line 1068, in verify
    refuse("Invalid email or token.", account_for_email(email), "INVALID_CODE")
  File "/home/bond-servant-in-training/Documents/Projects/Grade-Automator-Plus-epic-a-merge-down-b14/users/views.py", line 1064, in refuse
    raise ParseError(message)
rest_framework.exceptions.ParseError: Invalid email or token.
API Exception
Traceback (most recent call last):
  File "/home/bond-servant-in-training/Documents/Virtualenvs/AutoGrader_env/lib/python3.12/site-packages/rest_framework/views.py", line 512, in dispatch
    response = handler(request, *args, **kwargs)
               ^^^^^^^^^^^^^^^^^^^^^^^^^^^^^^^^^
  File "/home/bond-servant-in-training/Documents/Projects/Grade-Automator-Plus-epic-a-merge-down-b14/users/views.py", line 1068, in verify
    refuse("Invalid email or token.", account_for_email(email), "INVALID_CODE")
  File "/home/bond-servant-in-training/Documents/Projects/Grade-Automator-Plus-epic-a-merge-down-b14/users/views.py", line 1064, in refuse
    raise ParseError(message)
rest_framework.exceptions.ParseError: Invalid email or token.
API Exception
Traceback (most recent call last):
  File "/home/bond-servant-in-training/Documents/Virtualenvs/AutoGrader_env/lib/python3.12/site-packages/rest_framework/views.py", line 512, in dispatch
    response = handler(request, *args, **kwargs)
               ^^^^^^^^^^^^^^^^^^^^^^^^^^^^^^^^^
  File "/home/bond-servant-in-training/Documents/Projects/Grade-Automator-Plus-epic-a-merge-down-b14/users/views.py", line 1068, in verify
    refuse("Invalid email or token.", account_for_email(email), "INVALID_CODE")
  File "/home/bond-servant-in-training/Documents/Projects/Grade-Automator-Plus-epic-a-merge-down-b14/users/views.py", line 1064, in refuse
    raise ParseError(message)
rest_framework.exceptions.ParseError: Invalid email or token.
API Exception
Traceback (most recent call last):
  File "/home/bond-servant-in-training/Documents/Virtualenvs/AutoGrader_env/lib/python3.12/site-packages/rest_framework/views.py", line 512, in dispatch
    response = handler(request, *args, **kwargs)
               ^^^^^^^^^^^^^^^^^^^^^^^^^^^^^^^^^
  File "/home/bond-servant-in-training/Documents/Projects/Grade-Automator-Plus-epic-a-merge-down-b14/users/views.py", line 1068, in verify
    refuse("Invalid email or token.", account_for_email(email), "INVALID_CODE")
  File "/home/bond-servant-in-training/Documents/Projects/Grade-Automator-Plus-epic-a-merge-down-b14/users/views.py", line 1064, in refuse
    raise ParseError(message)
rest_framework.exceptions.ParseError: Invalid email or token.
verify_email address locked after too many attempts
API Exception
Traceback (most recent call last):
  File "/home/bond-servant-in-training/Documents/Virtualenvs/AutoGrader_env/lib/python3.12/site-packages/rest_framework/views.py", line 512, in dispatch
    response = handler(request, *args, **kwargs)
               ^^^^^^^^^^^^^^^^^^^^^^^^^^^^^^^^^
  File "/home/bond-servant-in-training/Documents/Projects/Grade-Automator-Plus-epic-a-merge-down-b14/users/views.py", line 1068, in verify
    refuse("Invalid email or token.", account_for_email(email), "INVALID_CODE")
  File "/home/bond-servant-in-training/Documents/Projects/Grade-Automator-Plus-epic-a-merge-down-b14/users/views.py", line 1064, in refuse
    raise ParseError(message)
rest_framework.exceptions.ParseError: Invalid email or token.
API Exception
Traceback (most recent call last):
  File "/home/bond-servant-in-training/Documents/Virtualenvs/AutoGrader_env/lib/python3.12/site-packages/rest_framework/views.py", line 512, in dispatch
    response = handler(request, *args, **kwargs)
               ^^^^^^^^^^^^^^^^^^^^^^^^^^^^^^^^^
  File "/home/bond-servant-in-training/Documents/Projects/Grade-Automator-Plus-epic-a-merge-down-b14/users/views.py", line 1036, in verify
    raise EnvelopedThrottled(
users.exceptions.EnvelopedThrottled: Too many incorrect codes for this email address. Please wait, then request a new verification email. Expected available in 1799 seconds.
ok
test_every_code_verify_records_is_in_the_catalogue (users.tests_auth_audit_doors.VerifyEmailDoorTests.test_every_code_verify_records_is_in_the_catalogue)
S6a's emitter refuses a code outside the catalogue, which would ... ok
test_expired_code (users.tests_auth_audit_doors.VerifyEmailDoorTests.test_expired_code) ... Free trial plan not found: no trial activated for user 1f8af568-ea68-46f1-95ad-a271f02619d4.
Cannot activate automatic trial for user 1f8af568-ea68-46f1-95ad-a271f02619d4 (validation): ValueError
API Exception
Traceback (most recent call last):
  File "/home/bond-servant-in-training/Documents/Virtualenvs/AutoGrader_env/lib/python3.12/site-packages/rest_framework/views.py", line 512, in dispatch
    response = handler(request, *args, **kwargs)
               ^^^^^^^^^^^^^^^^^^^^^^^^^^^^^^^^^
  File "/home/bond-servant-in-training/Documents/Projects/Grade-Automator-Plus-epic-a-merge-down-b14/users/views.py", line 1084, in verify
    refuse("Activation link has expired.", user, "CODE_EXPIRED")
  File "/home/bond-servant-in-training/Documents/Projects/Grade-Automator-Plus-epic-a-merge-down-b14/users/views.py", line 1064, in refuse
    raise ParseError(message)
rest_framework.exceptions.ParseError: Activation link has expired.
ok
test_success (users.tests_auth_audit_doors.VerifyEmailDoorTests.test_success) ... Free trial plan not found: no trial activated for user e29e49c1-99fd-4990-8f2f-2eb0f720a9ca.
Cannot activate automatic trial for user e29e49c1-99fd-4990-8f2f-2eb0f720a9ca (validation): ValueError
ok
test_the_guess_that_spends_the_budget_is_a_failure_that_set_the_lock (users.tests_auth_audit_doors.VerifyEmailDoorTests.test_the_guess_that_spends_the_budget_is_a_failure_that_set_the_lock)
SM ruling for the beta (H-53) merge: one event per attempt. Every ... Free trial plan not found: no trial activated for user e6619714-854d-4bc7-b0dd-57630e0f767a.
Cannot activate automatic trial for user e6619714-854d-4bc7-b0dd-57630e0f767a (validation): ValueError
API Exception
Traceback (most recent call last):
  File "/home/bond-servant-in-training/Documents/Virtualenvs/AutoGrader_env/lib/python3.12/site-packages/rest_framework/views.py", line 512, in dispatch
    response = handler(request, *args, **kwargs)
               ^^^^^^^^^^^^^^^^^^^^^^^^^^^^^^^^^
  File "/home/bond-servant-in-training/Documents/Projects/Grade-Automator-Plus-epic-a-merge-down-b14/users/views.py", line 1068, in verify
    refuse("Invalid email or token.", account_for_email(email), "INVALID_CODE")
  File "/home/bond-servant-in-training/Documents/Projects/Grade-Automator-Plus-epic-a-merge-down-b14/users/views.py", line 1064, in refuse
    raise ParseError(message)
rest_framework.exceptions.ParseError: Invalid email or token.
API Exception
Traceback (most recent call last):
  File "/home/bond-servant-in-training/Documents/Virtualenvs/AutoGrader_env/lib/python3.12/site-packages/rest_framework/views.py", line 512, in dispatch
    response = handler(request, *args, **kwargs)
               ^^^^^^^^^^^^^^^^^^^^^^^^^^^^^^^^^
  File "/home/bond-servant-in-training/Documents/Projects/Grade-Automator-Plus-epic-a-merge-down-b14/users/views.py", line 1068, in verify
    refuse("Invalid email or token.", account_for_email(email), "INVALID_CODE")
  File "/home/bond-servant-in-training/Documents/Projects/Grade-Automator-Plus-epic-a-merge-down-b14/users/views.py", line 1064, in refuse
    raise ParseError(message)
rest_framework.exceptions.ParseError: Invalid email or token.
API Exception
Traceback (most recent call last):
  File "/home/bond-servant-in-training/Documents/Virtualenvs/AutoGrader_env/lib/python3.12/site-packages/rest_framework/views.py", line 512, in dispatch
    response = handler(request, *args, **kwargs)
               ^^^^^^^^^^^^^^^^^^^^^^^^^^^^^^^^^
  File "/home/bond-servant-in-training/Documents/Projects/Grade-Automator-Plus-epic-a-merge-down-b14/users/views.py", line 1068, in verify
    refuse("Invalid email or token.", account_for_email(email), "INVALID_CODE")
  File "/home/bond-servant-in-training/Documents/Projects/Grade-Automator-Plus-epic-a-merge-down-b14/users/views.py", line 1064, in refuse
    raise ParseError(message)
rest_framework.exceptions.ParseError: Invalid email or token.
API Exception
Traceback (most recent call last):
  File "/home/bond-servant-in-training/Documents/Virtualenvs/AutoGrader_env/lib/python3.12/site-packages/rest_framework/views.py", line 512, in dispatch
    response = handler(request, *args, **kwargs)
               ^^^^^^^^^^^^^^^^^^^^^^^^^^^^^^^^^
  File "/home/bond-servant-in-training/Documents/Projects/Grade-Automator-Plus-epic-a-merge-down-b14/users/views.py", line 1068, in verify
    refuse("Invalid email or token.", account_for_email(email), "INVALID_CODE")
  File "/home/bond-servant-in-training/Documents/Projects/Grade-Automator-Plus-epic-a-merge-down-b14/users/views.py", line 1064, in refuse
    raise ParseError(message)
rest_framework.exceptions.ParseError: Invalid email or token.
verify_email address locked after too many attempts
API Exception
Traceback (most recent call last):
  File "/home/bond-servant-in-training/Documents/Virtualenvs/AutoGrader_env/lib/python3.12/site-packages/rest_framework/views.py", line 512, in dispatch
    response = handler(request, *args, **kwargs)
               ^^^^^^^^^^^^^^^^^^^^^^^^^^^^^^^^^
  File "/home/bond-servant-in-training/Documents/Projects/Grade-Automator-Plus-epic-a-merge-down-b14/users/views.py", line 1068, in verify
    refuse("Invalid email or token.", account_for_email(email), "INVALID_CODE")
  File "/home/bond-servant-in-training/Documents/Projects/Grade-Automator-Plus-epic-a-merge-down-b14/users/views.py", line 1064, in refuse
    raise ParseError(message)
rest_framework.exceptions.ParseError: Invalid email or token.
ok
test_the_user_still_signs_in_when_the_audit_store_is_down (users.tests_auth_audit_doors.VerifyEmailDoorTests.test_the_user_still_signs_in_when_the_audit_store_is_down)
FR-A-11. ... Free trial plan not found: no trial activated for user ecb94ffa-779b-42cb-b9f1-1f1e25981ff4.
Cannot activate automatic trial for user ecb94ffa-779b-42cb-b9f1-1f1e25981ff4 (validation): ValueError
audit event store_failed: action=PERMISSION_CHANGE detail=RuntimeError
audit event store_failed: action=AUTH_LOGIN detail=RuntimeError
ok
test_unknown_email_stores_no_account_and_no_email (users.tests_auth_audit_doors.VerifyEmailDoorTests.test_unknown_email_stores_no_account_and_no_email) ... API Exception
Traceback (most recent call last):
  File "/home/bond-servant-in-training/Documents/Virtualenvs/AutoGrader_env/lib/python3.12/site-packages/rest_framework/views.py", line 512, in dispatch
    response = handler(request, *args, **kwargs)
               ^^^^^^^^^^^^^^^^^^^^^^^^^^^^^^^^^
  File "/home/bond-servant-in-training/Documents/Projects/Grade-Automator-Plus-epic-a-merge-down-b14/users/views.py", line 1068, in verify
    refuse("Invalid email or token.", account_for_email(email), "INVALID_CODE")
  File "/home/bond-servant-in-training/Documents/Projects/Grade-Automator-Plus-epic-a-merge-down-b14/users/views.py", line 1064, in refuse
    raise ParseError(message)
rest_framework.exceptions.ParseError: Invalid email or token.
ok
test_wrong_code_names_the_account (users.tests_auth_audit_doors.VerifyEmailDoorTests.test_wrong_code_names_the_account) ... Free trial plan not found: no trial activated for user 0a42a34e-310e-4400-a550-25b7ad7bdb9a.
Cannot activate automatic trial for user 0a42a34e-310e-4400-a550-25b7ad7bdb9a (validation): ValueError
API Exception
Traceback (most recent call last):
  File "/home/bond-servant-in-training/Documents/Virtualenvs/AutoGrader_env/lib/python3.12/site-packages/rest_framework/views.py", line 512, in dispatch
    response = handler(request, *args, **kwargs)
               ^^^^^^^^^^^^^^^^^^^^^^^^^^^^^^^^^
  File "/home/bond-servant-in-training/Documents/Projects/Grade-Automator-Plus-epic-a-merge-down-b14/users/views.py", line 1068, in verify
    refuse("Invalid email or token.", account_for_email(email), "INVALID_CODE")
  File "/home/bond-servant-in-training/Documents/Projects/Grade-Automator-Plus-epic-a-merge-down-b14/users/views.py", line 1064, in refuse
    raise ParseError(message)
rest_framework.exceptions.ParseError: Invalid email or token.
ok
test_a_valid_token_still_activates (users.tests_auth_input_validation.VerifyEndpointInputTests.test_a_valid_token_still_activates)
Regression guard: the input hardening must not break the real flow. ... Free trial plan not found: no trial activated for user 88f7b581-b333-4cec-9b06-f72f175b17b9.
Cannot activate automatic trial for user 88f7b581-b333-4cec-9b06-f72f175b17b9 (validation): ValueError
ok
test_another_users_token_cannot_verify_this_account (users.tests_auth_input_validation.VerifyEndpointInputTests.test_another_users_token_cannot_verify_this_account)
email and token must match the SAME row, not merely both exist. ... Free trial plan not found: no trial activated for user 004ab9be-91aa-4f27-aaa5-b0023da9c40e.
Cannot activate automatic trial for user 004ab9be-91aa-4f27-aaa5-b0023da9c40e (validation): ValueError
Free trial plan not found: no trial activated for user 2723827d-6532-401d-bc19-994847cdeb25.
Cannot activate automatic trial for user 2723827d-6532-401d-bc19-994847cdeb25 (validation): ValueError
API Exception
Traceback (most recent call last):
  File "/home/bond-servant-in-training/Documents/Virtualenvs/AutoGrader_env/lib/python3.12/site-packages/rest_framework/views.py", line 512, in dispatch
    response = handler(request, *args, **kwargs)
               ^^^^^^^^^^^^^^^^^^^^^^^^^^^^^^^^^
  File "/home/bond-servant-in-training/Documents/Projects/Grade-Automator-Plus-epic-a-merge-down-b14/users/views.py", line 1068, in verify
    refuse("Invalid email or token.", account_for_email(email), "INVALID_CODE")
  File "/home/bond-servant-in-training/Documents/Projects/Grade-Automator-Plus-epic-a-merge-down-b14/users/views.py", line 1064, in refuse
    raise ParseError(message)
rest_framework.exceptions.ParseError: Invalid email or token.
ok
test_expired_token_is_rejected_and_leaves_the_account_inactive (users.tests_auth_input_validation.VerifyEndpointInputTests.test_expired_token_is_rejected_and_leaves_the_account_inactive) ... Free trial plan not found: no trial activated for user 543e7885-19c7-423d-ad72-e5628b720702.
Cannot activate automatic trial for user 543e7885-19c7-423d-ad72-e5628b720702 (validation): ValueError
API Exception
Traceback (most recent call last):
  File "/home/bond-servant-in-training/Documents/Virtualenvs/AutoGrader_env/lib/python3.12/site-packages/rest_framework/views.py", line 512, in dispatch
    response = handler(request, *args, **kwargs)
               ^^^^^^^^^^^^^^^^^^^^^^^^^^^^^^^^^
  File "/home/bond-servant-in-training/Documents/Projects/Grade-Automator-Plus-epic-a-merge-down-b14/users/views.py", line 1084, in verify
    refuse("Activation link has expired.", user, "CODE_EXPIRED")
  File "/home/bond-servant-in-training/Documents/Projects/Grade-Automator-Plus-epic-a-merge-down-b14/users/views.py", line 1064, in refuse
    raise ParseError(message)
rest_framework.exceptions.ParseError: Activation link has expired.
ok
test_missing_both_fields_is_a_400_not_a_500 (users.tests_auth_input_validation.VerifyEndpointInputTests.test_missing_both_fields_is_a_400_not_a_500)
The regression: `.get("email").strip()` on an absent key. ... Free trial plan not found: no trial activated for user b795c7a5-9cb8-4f5c-a517-68bfe4539f83.
Cannot activate automatic trial for user b795c7a5-9cb8-4f5c-a517-68bfe4539f83 (validation): ValueError
API Exception
Traceback (most recent call last):
  File "/home/bond-servant-in-training/Documents/Virtualenvs/AutoGrader_env/lib/python3.12/site-packages/rest_framework/views.py", line 512, in dispatch
    response = handler(request, *args, **kwargs)
               ^^^^^^^^^^^^^^^^^^^^^^^^^^^^^^^^^
  File "/home/bond-servant-in-training/Documents/Projects/Grade-Automator-Plus-epic-a-merge-down-b14/users/views.py", line 1009, in verify
    raise ParseError("Email and Token are required.")
rest_framework.exceptions.ParseError: Email and Token are required.
ok
test_missing_email_only_is_a_400_not_a_500 (users.tests_auth_input_validation.VerifyEndpointInputTests.test_missing_email_only_is_a_400_not_a_500) ... Free trial plan not found: no trial activated for user 3c8163fe-cdc4-4f58-9260-2c3e3a6cd963.
Cannot activate automatic trial for user 3c8163fe-cdc4-4f58-9260-2c3e3a6cd963 (validation): ValueError
API Exception
Traceback (most recent call last):
  File "/home/bond-servant-in-training/Documents/Virtualenvs/AutoGrader_env/lib/python3.12/site-packages/rest_framework/views.py", line 512, in dispatch
    response = handler(request, *args, **kwargs)
               ^^^^^^^^^^^^^^^^^^^^^^^^^^^^^^^^^
  File "/home/bond-servant-in-training/Documents/Projects/Grade-Automator-Plus-epic-a-merge-down-b14/users/views.py", line 1009, in verify
    raise ParseError("Email and Token are required.")
rest_framework.exceptions.ParseError: Email and Token are required.
ok
test_missing_token_only_is_a_400_not_a_500 (users.tests_auth_input_validation.VerifyEndpointInputTests.test_missing_token_only_is_a_400_not_a_500) ... Free trial plan not found: no trial activated for user ad812a1d-a7ac-4b9b-8e9f-1cc7e90a4462.
Cannot activate automatic trial for user ad812a1d-a7ac-4b9b-8e9f-1cc7e90a4462 (validation): ValueError
API Exception
Traceback (most recent call last):
  File "/home/bond-servant-in-training/Documents/Virtualenvs/AutoGrader_env/lib/python3.12/site-packages/rest_framework/views.py", line 512, in dispatch
    response = handler(request, *args, **kwargs)
               ^^^^^^^^^^^^^^^^^^^^^^^^^^^^^^^^^
  File "/home/bond-servant-in-training/Documents/Projects/Grade-Automator-Plus-epic-a-merge-down-b14/users/views.py", line 1009, in verify
    raise ParseError("Email and Token are required.")
rest_framework.exceptions.ParseError: Email and Token are required.
ok
test_null_values_are_a_400_not_a_500 (users.tests_auth_input_validation.VerifyEndpointInputTests.test_null_values_are_a_400_not_a_500) ... Free trial plan not found: no trial activated for user 6eb49f08-3770-4aaa-b5d3-44347d4e4fcc.
Cannot activate automatic trial for user 6eb49f08-3770-4aaa-b5d3-44347d4e4fcc (validation): ValueError
API Exception
Traceback (most recent call last):
  File "/home/bond-servant-in-training/Documents/Virtualenvs/AutoGrader_env/lib/python3.12/site-packages/rest_framework/views.py", line 512, in dispatch
    response = handler(request, *args, **kwargs)
               ^^^^^^^^^^^^^^^^^^^^^^^^^^^^^^^^^
  File "/home/bond-servant-in-training/Documents/Projects/Grade-Automator-Plus-epic-a-merge-down-b14/users/views.py", line 1009, in verify
    raise ParseError("Email and Token are required.")
rest_framework.exceptions.ParseError: Email and Token are required.
ok
test_oversized_field_does_not_crash_the_endpoint (users.tests_auth_input_validation.VerifyEndpointInputTests.test_oversized_field_does_not_crash_the_endpoint) ... Free trial plan not found: no trial activated for user 1aeca2a1-d503-4733-b911-3b6e763952ee.
Cannot activate automatic trial for user 1aeca2a1-d503-4733-b911-3b6e763952ee (validation): ValueError
API Exception
Traceback (most recent call last):
  File "/home/bond-servant-in-training/Documents/Virtualenvs/AutoGrader_env/lib/python3.12/site-packages/rest_framework/views.py", line 512, in dispatch
    response = handler(request, *args, **kwargs)
               ^^^^^^^^^^^^^^^^^^^^^^^^^^^^^^^^^
  File "/home/bond-servant-in-training/Documents/Projects/Grade-Automator-Plus-epic-a-merge-down-b14/users/views.py", line 1068, in verify
    refuse("Invalid email or token.", account_for_email(email), "INVALID_CODE")
  File "/home/bond-servant-in-training/Documents/Projects/Grade-Automator-Plus-epic-a-merge-down-b14/users/views.py", line 1064, in refuse
    raise ParseError(message)
rest_framework.exceptions.ParseError: Invalid email or token.
ok
test_whitespace_only_values_are_rejected (users.tests_auth_input_validation.VerifyEndpointInputTests.test_whitespace_only_values_are_rejected)
Stripped to empty, so this must take the "required" path. ... Free trial plan not found: no trial activated for user 095f37db-a237-497b-a6e3-e504e0df5ef8.
Cannot activate automatic trial for user 095f37db-a237-497b-a6e3-e504e0df5ef8 (validation): ValueError
API Exception
Traceback (most recent call last):
  File "/home/bond-servant-in-training/Documents/Virtualenvs/AutoGrader_env/lib/python3.12/site-packages/rest_framework/views.py", line 512, in dispatch
    response = handler(request, *args, **kwargs)
               ^^^^^^^^^^^^^^^^^^^^^^^^^^^^^^^^^
  File "/home/bond-servant-in-training/Documents/Projects/Grade-Automator-Plus-epic-a-merge-down-b14/users/views.py", line 1009, in verify
    raise ParseError("Email and Token are required.")
rest_framework.exceptions.ParseError: Email and Token are required.
ok
test_wrong_token_does_not_activate_the_account (users.tests_auth_input_validation.VerifyEndpointInputTests.test_wrong_token_does_not_activate_the_account) ... Free trial plan not found: no trial activated for user 1d05132e-fcf7-4995-9bfd-46746c91de5a.
Cannot activate automatic trial for user 1d05132e-fcf7-4995-9bfd-46746c91de5a (validation): ValueError
API Exception
Traceback (most recent call last):
  File "/home/bond-servant-in-training/Documents/Virtualenvs/AutoGrader_env/lib/python3.12/site-packages/rest_framework/views.py", line 512, in dispatch
    response = handler(request, *args, **kwargs)
               ^^^^^^^^^^^^^^^^^^^^^^^^^^^^^^^^^
  File "/home/bond-servant-in-training/Documents/Projects/Grade-Automator-Plus-epic-a-merge-down-b14/users/views.py", line 1068, in verify
    refuse("Invalid email or token.", account_for_email(email), "INVALID_CODE")
  File "/home/bond-servant-in-training/Documents/Projects/Grade-Automator-Plus-epic-a-merge-down-b14/users/views.py", line 1064, in refuse
    raise ParseError(message)
rest_framework.exceptions.ParseError: Invalid email or token.
ok
test_both_selects_run_and_find_the_expected_rows (users.tests_h47_exposure_sql.ExposureQueryTests.test_both_selects_run_and_find_the_expected_rows) ... Free trial plan not found: no trial activated for user 3715d094-6c53-42de-b17a-0af7f33e0aaf.
Cannot activate automatic trial for user 3715d094-6c53-42de-b17a-0af7f33e0aaf (validation): ValueError
Free trial plan not found: no trial activated for user 26df4cce-da3e-40e9-851a-4df76ce2547c.
Cannot activate automatic trial for user 26df4cce-da3e-40e9-851a-4df76ce2547c (validation): ValueError
ok
test_no_query_selects_personal_data_or_secrets (users.tests_h47_exposure_sql.ExposureQueryTests.test_no_query_selects_personal_data_or_secrets) ... ok
test_a_pending_teachers_code_completes_nothing (users.tests_old_activation_door_is_closed.ATeachersCodeOpensNothingHereTest.test_a_pending_teachers_code_completes_nothing) ... Free trial plan not found: no trial activated for user 8187e094-d612-4aa5-af33-aa2619d7cc28.
Cannot activate automatic trial for user 8187e094-d612-4aa5-af33-aa2619d7cc28 (validation): ValueError
Free trial plan not found: no trial activated for user 93c70659-2884-4a30-a117-29792e3de5e9.
Cannot activate automatic trial for user 93c70659-2884-4a30-a117-29792e3de5e9 (validation): ValueError
API Exception
Traceback (most recent call last):
  File "/home/bond-servant-in-training/Documents/Virtualenvs/AutoGrader_env/lib/python3.12/site-packages/rest_framework/views.py", line 512, in dispatch
    response = handler(request, *args, **kwargs)
               ^^^^^^^^^^^^^^^^^^^^^^^^^^^^^^^^^
  File "/home/bond-servant-in-training/Documents/Virtualenvs/AutoGrader_env/lib/python3.12/site-packages/rest_framework_simplejwt/views.py", line 46, in post
    serializer.is_valid(raise_exception=True)
  File "/home/bond-servant-in-training/Documents/Virtualenvs/AutoGrader_env/lib/python3.12/site-packages/rest_framework/serializers.py", line 225, in is_valid
    self._validated_data = self.run_validation(self.initial_data)
                           ^^^^^^^^^^^^^^^^^^^^^^^^^^^^^^^^^^^^^^
  File "/home/bond-servant-in-training/Documents/Virtualenvs/AutoGrader_env/lib/python3.12/site-packages/rest_framework/serializers.py", line 447, in run_validation
    value = self.validate(value)
            ^^^^^^^^^^^^^^^^^^^^
  File "/home/bond-servant-in-training/Documents/Projects/Grade-Automator-Plus-epic-a-merge-down-b14/users/serializers.py", line 510, in validate
    data = super().validate(attrs)
           ^^^^^^^^^^^^^^^^^^^^^^^
  File "/home/bond-servant-in-training/Documents/Virtualenvs/AutoGrader_env/lib/python3.12/site-packages/rest_framework_simplejwt/serializers.py", line 73, in validate
    data = super().validate(attrs)
           ^^^^^^^^^^^^^^^^^^^^^^^
  File "/home/bond-servant-in-training/Documents/Virtualenvs/AutoGrader_env/lib/python3.12/site-packages/rest_framework_simplejwt/serializers.py", line 57, in validate
    raise exceptions.AuthenticationFailed(
rest_framework.exceptions.AuthenticationFailed: No active account found with the given credentials
ok
test_the_dry_run_counts_the_accounts_with_no_name (users.tests_old_activation_door_is_closed.TheConversionCommandCountsTheNamelessTest.test_the_dry_run_counts_the_accounts_with_no_name) ... Free trial plan not found: no trial activated for user d103d06d-b6b8-411d-af51-c9ed9bcd94f9.
Cannot activate automatic trial for user d103d06d-b6b8-411d-af51-c9ed9bcd94f9 (validation): ValueError
ok
test_the_output_still_carries_ids_only (users.tests_old_activation_door_is_closed.TheConversionCommandCountsTheNamelessTest.test_the_output_still_carries_ids_only) ... Free trial plan not found: no trial activated for user 4e8b8b43-68ec-4bc5-84b9-5d9cccd6dde3.
Cannot activate automatic trial for user 4e8b8b43-68ec-4bc5-84b9-5d9cccd6dde3 (validation): ValueError
ok
test_the_real_run_reports_the_same_count (users.tests_old_activation_door_is_closed.TheConversionCommandCountsTheNamelessTest.test_the_real_run_reports_the_same_count) ... Free trial plan not found: no trial activated for user 9e095c93-0774-4027-93f7-946f46c12b2c.
Cannot activate automatic trial for user 9e095c93-0774-4027-93f7-946f46c12b2c (validation): ValueError
ok
test_a_valid_code_no_longer_opens_it (users.tests_old_activation_door_is_closed.TheDoorTest.test_a_valid_code_no_longer_opens_it) ... Free trial plan not found: no trial activated for user efa13efb-a2ae-47de-a27f-ee226b72bc56.
Cannot activate automatic trial for user efa13efb-a2ae-47de-a27f-ee226b72bc56 (validation): ValueError
ok
test_an_expired_code_is_not_offered_a_renewal (users.tests_old_activation_door_is_closed.TheDoorTest.test_an_expired_code_is_not_offered_a_renewal) ... Free trial plan not found: no trial activated for user 7235138b-9632-44a3-84b3-c5dbb2142d80.
Cannot activate automatic trial for user 7235138b-9632-44a3-84b3-c5dbb2142d80 (validation): ValueError
ok
test_every_knock_gets_the_same_answer_byte_for_byte (users.tests_old_activation_door_is_closed.TheDoorTest.test_every_knock_gets_the_same_answer_byte_for_byte) ... Free trial plan not found: no trial activated for user 3766280b-6cc3-4fde-ae13-72bf243eb9e2.
Cannot activate automatic trial for user 3766280b-6cc3-4fde-ae13-72bf243eb9e2 (validation): ValueError
ok
test_the_answer_names_no_course_and_no_classmate (users.tests_old_activation_door_is_closed.TheDoorTest.test_the_answer_names_no_course_and_no_classmate) ... Free trial plan not found: no trial activated for user 06344cc7-a31d-488d-90bc-a814e113d487.
Cannot activate automatic trial for user 06344cc7-a31d-488d-90bc-a814e113d487 (validation): ValueError
ok
test_wrong_codes_spend_no_budget_and_never_pause_the_door (users.tests_old_activation_door_is_closed.TheDoorTest.test_wrong_codes_spend_no_budget_and_never_pause_the_door) ... Free trial plan not found: no trial activated for user 270de4b9-ee88-4ffc-8b65-7c10c3f66cb8.
Cannot activate automatic trial for user 270de4b9-ee88-4ffc-8b65-7c10c3f66cb8 (validation): ValueError
ok
test_an_expired_code_is_not_renewed_and_nobody_is_mailed (users.tests_old_activation_door_is_closed.TheRenewalTest.test_an_expired_code_is_not_renewed_and_nobody_is_mailed) ... Free trial plan not found: no trial activated for user 597d3297-c61e-4346-9507-37184aec76de.
Cannot activate automatic trial for user 597d3297-c61e-4346-9507-37184aec76de (validation): ValueError
ok
test_every_request_gets_the_same_answer_byte_for_byte (users.tests_old_activation_door_is_closed.TheRenewalTest.test_every_request_gets_the_same_answer_byte_for_byte) ... Free trial plan not found: no trial activated for user cf7f407b-4a48-4701-ac66-244403994f13.
Cannot activate automatic trial for user cf7f407b-4a48-4701-ac66-244403994f13 (validation): ValueError
ok
test_a_business_google_account_is_refused_with_guidance (users.tests_google_auth.GoogleAuthViewTests.test_a_business_google_account_is_refused_with_guidance)
Google sign-in mints an individual TEACHER account, and those ... API Exception
Traceback (most recent call last):
  File "/home/bond-servant-in-training/Documents/Virtualenvs/AutoGrader_env/lib/python3.12/site-packages/rest_framework/views.py", line 512, in dispatch
    response = handler(request, *args, **kwargs)
               ^^^^^^^^^^^^^^^^^^^^^^^^^^^^^^^^^
  File "/home/bond-servant-in-training/Documents/Projects/Grade-Automator-Plus-epic-a-merge-down-b14/users/views.py", line 2097, in google_auth
    return self._google_auth(request)
           ^^^^^^^^^^^^^^^^^^^^^^^^^^
  File "/home/bond-servant-in-training/Documents/Projects/Grade-Automator-Plus-epic-a-merge-down-b14/users/views.py", line 2232, in _google_auth
    raise ParseError(
rest_framework.exceptions.ParseError: Business emails are not allowed for individual teacher accounts. Please use a personal email address or use the License subscription track. If you are joining a school, ask your school admin to invite you and use the link in that invitation instead.
ok
test_a_deactivated_account_cannot_be_revived_by_repeated_attempts (users.tests_google_auth.GoogleAuthViewTests.test_a_deactivated_account_cannot_be_revived_by_repeated_attempts)
Hammering the endpoint must not eventually flip the account on. ... Free trial plan not found: no trial activated for user b0a591a3-d09c-4cfe-bfd9-8d976ed3a103.
Cannot activate automatic trial for user b0a591a3-d09c-4cfe-bfd9-8d976ed3a103 (validation): ValueError
API Exception
Traceback (most recent call last):
  File "/home/bond-servant-in-training/Documents/Virtualenvs/AutoGrader_env/lib/python3.12/site-packages/rest_framework/views.py", line 512, in dispatch
    response = handler(request, *args, **kwargs)
               ^^^^^^^^^^^^^^^^^^^^^^^^^^^^^^^^^
  File "/home/bond-servant-in-training/Documents/Projects/Grade-Automator-Plus-epic-a-merge-down-b14/users/views.py", line 2097, in google_auth
    return self._google_auth(request)
           ^^^^^^^^^^^^^^^^^^^^^^^^^^
  File "/home/bond-servant-in-training/Documents/Projects/Grade-Automator-Plus-epic-a-merge-down-b14/users/views.py", line 2260, in _google_auth
    raise AuthenticationFailed(
rest_framework.exceptions.AuthenticationFailed: This account has been deactivated. Please contact support.
API Exception
Traceback (most recent call last):
  File "/home/bond-servant-in-training/Documents/Virtualenvs/AutoGrader_env/lib/python3.12/site-packages/rest_framework/views.py", line 512, in dispatch
    response = handler(request, *args, **kwargs)
               ^^^^^^^^^^^^^^^^^^^^^^^^^^^^^^^^^
  File "/home/bond-servant-in-training/Documents/Projects/Grade-Automator-Plus-epic-a-merge-down-b14/users/views.py", line 2097, in google_auth
    return self._google_auth(request)
           ^^^^^^^^^^^^^^^^^^^^^^^^^^
  File "/home/bond-servant-in-training/Documents/Projects/Grade-Automator-Plus-epic-a-merge-down-b14/users/views.py", line 2260, in _google_auth
    raise AuthenticationFailed(
rest_framework.exceptions.AuthenticationFailed: This account has been deactivated. Please contact support.
API Exception
Traceback (most recent call last):
  File "/home/bond-servant-in-training/Documents/Virtualenvs/AutoGrader_env/lib/python3.12/site-packages/rest_framework/views.py", line 512, in dispatch
    response = handler(request, *args, **kwargs)
               ^^^^^^^^^^^^^^^^^^^^^^^^^^^^^^^^^
  File "/home/bond-servant-in-training/Documents/Projects/Grade-Automator-Plus-epic-a-merge-down-b14/users/views.py", line 2097, in google_auth
    return self._google_auth(request)
           ^^^^^^^^^^^^^^^^^^^^^^^^^^
  File "/home/bond-servant-in-training/Documents/Projects/Grade-Automator-Plus-epic-a-merge-down-b14/users/views.py", line 2260, in _google_auth
    raise AuthenticationFailed(
rest_framework.exceptions.AuthenticationFailed: This account has been deactivated. Please contact support.
API Exception
Traceback (most recent call last):
  File "/home/bond-servant-in-training/Documents/Virtualenvs/AutoGrader_env/lib/python3.12/site-packages/rest_framework/views.py", line 512, in dispatch
    response = handler(request, *args, **kwargs)
               ^^^^^^^^^^^^^^^^^^^^^^^^^^^^^^^^^
  File "/home/bond-servant-in-training/Documents/Projects/Grade-Automator-Plus-epic-a-merge-down-b14/users/views.py", line 2097, in google_auth
    return self._google_auth(request)
           ^^^^^^^^^^^^^^^^^^^^^^^^^^
  File "/home/bond-servant-in-training/Documents/Projects/Grade-Automator-Plus-epic-a-merge-down-b14/users/views.py", line 2260, in _google_auth
    raise AuthenticationFailed(
rest_framework.exceptions.AuthenticationFailed: This account has been deactivated. Please contact support.
API Exception
Traceback (most recent call last):
  File "/home/bond-servant-in-training/Documents/Virtualenvs/AutoGrader_env/lib/python3.12/site-packages/rest_framework/views.py", line 512, in dispatch
    response = handler(request, *args, **kwargs)
               ^^^^^^^^^^^^^^^^^^^^^^^^^^^^^^^^^
  File "/home/bond-servant-in-training/Documents/Projects/Grade-Automator-Plus-epic-a-merge-down-b14/users/views.py", line 2097, in google_auth
    return self._google_auth(request)
           ^^^^^^^^^^^^^^^^^^^^^^^^^^
  File "/home/bond-servant-in-training/Documents/Projects/Grade-Automator-Plus-epic-a-merge-down-b14/users/views.py", line 2260, in _google_auth
    raise AuthenticationFailed(
rest_framework.exceptions.AuthenticationFailed: This account has been deactivated. Please contact support.
ok
test_a_deactivated_account_does_not_get_google_credentials_stored (users.tests_google_auth.GoogleAuthViewTests.test_a_deactivated_account_does_not_get_google_credentials_stored)
The refusal must happen before any state is written. ... Free trial plan not found: no trial activated for user 5ca94b28-3b4a-4ecc-ad70-9e9723d0c571.
Cannot activate automatic trial for user 5ca94b28-3b4a-4ecc-ad70-9e9723d0c571 (validation): ValueError
API Exception
Traceback (most recent call last):
  File "/home/bond-servant-in-training/Documents/Virtualenvs/AutoGrader_env/lib/python3.12/site-packages/rest_framework/views.py", line 512, in dispatch
    response = handler(request, *args, **kwargs)
               ^^^^^^^^^^^^^^^^^^^^^^^^^^^^^^^^^
  File "/home/bond-servant-in-training/Documents/Projects/Grade-Automator-Plus-epic-a-merge-down-b14/users/views.py", line 2097, in google_auth
    return self._google_auth(request)
           ^^^^^^^^^^^^^^^^^^^^^^^^^^
  File "/home/bond-servant-in-training/Documents/Projects/Grade-Automator-Plus-epic-a-merge-down-b14/users/views.py", line 2260, in _google_auth
    raise AuthenticationFailed(
rest_framework.exceptions.AuthenticationFailed: This account has been deactivated. Please contact support.
ok
test_a_deactivated_account_is_issued_no_tokens (users.tests_google_auth.GoogleAuthViewTests.test_a_deactivated_account_is_issued_no_tokens) ... Free trial plan not found: no trial activated for user 1c628f81-00b1-44d1-be21-e56f16ab5680.
Cannot activate automatic trial for user 1c628f81-00b1-44d1-be21-e56f16ab5680 (validation): ValueError
API Exception
Traceback (most recent call last):
  File "/home/bond-servant-in-training/Documents/Virtualenvs/AutoGrader_env/lib/python3.12/site-packages/rest_framework/views.py", line 512, in dispatch
    response = handler(request, *args, **kwargs)
               ^^^^^^^^^^^^^^^^^^^^^^^^^^^^^^^^^
  File "/home/bond-servant-in-training/Documents/Projects/Grade-Automator-Plus-epic-a-merge-down-b14/users/views.py", line 2097, in google_auth
    return self._google_auth(request)
           ^^^^^^^^^^^^^^^^^^^^^^^^^^
  File "/home/bond-servant-in-training/Documents/Projects/Grade-Automator-Plus-epic-a-merge-down-b14/users/views.py", line 2260, in _google_auth
    raise AuthenticationFailed(
rest_framework.exceptions.AuthenticationFailed: This account has been deactivated. Please contact support.
ok
test_a_deactivated_account_is_refused_and_stays_deactivated (users.tests_google_auth.GoogleAuthViewTests.test_a_deactivated_account_is_refused_and_stays_deactivated)
THE CARVE-OUT. This account was verified once and later switched ... Free trial plan not found: no trial activated for user 268a0f55-c6de-4a63-9c97-dd287e81eb9e.
Cannot activate automatic trial for user 268a0f55-c6de-4a63-9c97-dd287e81eb9e (validation): ValueError
API Exception
Traceback (most recent call last):
  File "/home/bond-servant-in-training/Documents/Virtualenvs/AutoGrader_env/lib/python3.12/site-packages/rest_framework/views.py", line 512, in dispatch
    response = handler(request, *args, **kwargs)
               ^^^^^^^^^^^^^^^^^^^^^^^^^^^^^^^^^
  File "/home/bond-servant-in-training/Documents/Projects/Grade-Automator-Plus-epic-a-merge-down-b14/users/views.py", line 2097, in google_auth
    return self._google_auth(request)
           ^^^^^^^^^^^^^^^^^^^^^^^^^^
  File "/home/bond-servant-in-training/Documents/Projects/Grade-Automator-Plus-epic-a-merge-down-b14/users/views.py", line 2260, in _google_auth
    raise AuthenticationFailed(
rest_framework.exceptions.AuthenticationFailed: This account has been deactivated. Please contact support.
ok
test_a_deactivated_account_is_told_why (users.tests_google_auth.GoogleAuthViewTests.test_a_deactivated_account_is_told_why) ... Free trial plan not found: no trial activated for user ff90d291-4494-4fe9-883b-7b4a9f694f68.
Cannot activate automatic trial for user ff90d291-4494-4fe9-883b-7b4a9f694f68 (validation): ValueError
API Exception
Traceback (most recent call last):
  File "/home/bond-servant-in-training/Documents/Virtualenvs/AutoGrader_env/lib/python3.12/site-packages/rest_framework/views.py", line 512, in dispatch
    response = handler(request, *args, **kwargs)
               ^^^^^^^^^^^^^^^^^^^^^^^^^^^^^^^^^
  File "/home/bond-servant-in-training/Documents/Projects/Grade-Automator-Plus-epic-a-merge-down-b14/users/views.py", line 2097, in google_auth
    return self._google_auth(request)
           ^^^^^^^^^^^^^^^^^^^^^^^^^^
  File "/home/bond-servant-in-training/Documents/Projects/Grade-Automator-Plus-epic-a-merge-down-b14/users/views.py", line 2260, in _google_auth
    raise AuthenticationFailed(
rest_framework.exceptions.AuthenticationFailed: This account has been deactivated. Please contact support.
ok
test_a_disposable_google_account_is_refused (users.tests_google_auth.GoogleAuthViewTests.test_a_disposable_google_account_is_refused) ... API Exception
Traceback (most recent call last):
  File "/home/bond-servant-in-training/Documents/Virtualenvs/AutoGrader_env/lib/python3.12/site-packages/rest_framework/views.py", line 512, in dispatch
    response = handler(request, *args, **kwargs)
               ^^^^^^^^^^^^^^^^^^^^^^^^^^^^^^^^^
  File "/home/bond-servant-in-training/Documents/Projects/Grade-Automator-Plus-epic-a-merge-down-b14/users/views.py", line 2097, in google_auth
    return self._google_auth(request)
           ^^^^^^^^^^^^^^^^^^^^^^^^^^
  File "/home/bond-servant-in-training/Documents/Projects/Grade-Automator-Plus-epic-a-merge-down-b14/users/views.py", line 2232, in _google_auth
    raise ParseError(
rest_framework.exceptions.ParseError: Business emails are not allowed for individual teacher accounts. Please use a personal email address or use the License subscription track. If you are joining a school, ask your school admin to invite you and use the link in that invitation instead.
ok
test_a_forged_token_is_rejected (users.tests_google_auth.GoogleAuthViewTests.test_a_forged_token_is_rejected)
`verify_oauth2_token` raises ValueError on a bad signature. ... API Exception
Traceback (most recent call last):
  File "/home/bond-servant-in-training/Documents/Projects/Grade-Automator-Plus-epic-a-merge-down-b14/users/views.py", line 2157, in _google_auth
    id_info = id_token.verify_oauth2_token(
              ^^^^^^^^^^^^^^^^^^^^^^^^^^^^^
  File "/home/bond-servant-in-training/.pyenv/versions/3.12.10/lib/python3.12/unittest/mock.py", line 1139, in __call__
    return self._mock_call(*args, **kwargs)
           ^^^^^^^^^^^^^^^^^^^^^^^^^^^^^^^^
  File "/home/bond-servant-in-training/.pyenv/versions/3.12.10/lib/python3.12/unittest/mock.py", line 1143, in _mock_call
    return self._execute_mock_call(*args, **kwargs)
           ^^^^^^^^^^^^^^^^^^^^^^^^^^^^^^^^^^^^^^^^
  File "/home/bond-servant-in-training/.pyenv/versions/3.12.10/lib/python3.12/unittest/mock.py", line 1198, in _execute_mock_call
    raise effect
ValueError: Token signature verification failed

The above exception was the direct cause of the following exception:

Traceback (most recent call last):
  File "/home/bond-servant-in-training/Documents/Virtualenvs/AutoGrader_env/lib/python3.12/site-packages/rest_framework/views.py", line 512, in dispatch
    response = handler(request, *args, **kwargs)
               ^^^^^^^^^^^^^^^^^^^^^^^^^^^^^^^^^
  File "/home/bond-servant-in-training/Documents/Projects/Grade-Automator-Plus-epic-a-merge-down-b14/users/views.py", line 2097, in google_auth
    return self._google_auth(request)
           ^^^^^^^^^^^^^^^^^^^^^^^^^^
  File "/home/bond-servant-in-training/Documents/Projects/Grade-Automator-Plus-epic-a-merge-down-b14/users/views.py", line 2366, in _google_auth
    raise ParseError("Invalid Google token signature") from e
rest_framework.exceptions.ParseError: Invalid Google token signature
ok
test_a_google_account_cannot_be_logged_into_with_a_password (users.tests_google_auth.GoogleAuthViewTests.test_a_google_account_cannot_be_logged_into_with_a_password)
set_unusable_password: a Google identity must not also become a ... Free trial plan not found: no trial activated for user f6bacae3-6466-41d4-a735-22844357252d.
Cannot activate automatic trial for user f6bacae3-6466-41d4-a735-22844357252d (validation): ValueError
ok
test_a_google_signup_is_not_sent_an_activation_email (users.tests_google_auth.GoogleAuthViewTests.test_a_google_signup_is_not_sent_an_activation_email)
The user-visible half of the same bug. CustomUserSerializer.create() ... Free trial plan not found: no trial activated for user 193ddf2c-8eea-4ebf-83e7-1fa977492794.
Cannot activate automatic trial for user 193ddf2c-8eea-4ebf-83e7-1fa977492794 (validation): ValueError
ok
test_a_google_signup_is_recorded_as_google_and_pre_verified (users.tests_google_auth.GoogleAuthViewTests.test_a_google_signup_is_recorded_as_google_and_pre_verified)
Regression for a live bug this suite found: the view passed ... Free trial plan not found: no trial activated for user 25f46ca3-d531-4490-a47b-5f7c0ddd596c.
Cannot activate automatic trial for user 25f46ca3-d531-4490-a47b-5f7c0ddd596c (validation): ValueError
ok
test_a_later_google_sign_in_does_not_wipe_a_password_set_by_reset (users.tests_google_auth.GoogleAuthViewTests.test_a_later_google_sign_in_does_not_wipe_a_password_set_by_reset)
Idempotency: the invalidation belongs to the moment the row goes ... Free trial plan not found: no trial activated for user f16c84f1-dc22-45c2-8c74-d0e214731124.
Cannot activate automatic trial for user f16c84f1-dc22-45c2-8c74-d0e214731124 (validation): ValueError
ok
test_a_mixed_case_google_address_matches_the_existing_lowercase_user (users.tests_google_auth.GoogleAuthViewTests.test_a_mixed_case_google_address_matches_the_existing_lowercase_user)
Regression: without lowercasing, a mixed-case address missed the ... Free trial plan not found: no trial activated for user 6c762014-4326-4c04-81f4-1e0db94dd1d0.
Cannot activate automatic trial for user 6c762014-4326-4c04-81f4-1e0db94dd1d0 (validation): ValueError
ok
test_a_network_failure_reaching_google_is_a_400_not_a_500 (users.tests_google_auth.GoogleAuthViewTests.test_a_network_failure_reaching_google_is_a_400_not_a_500) ... Google OAuth token exchange failed
Traceback (most recent call last):
  File "/home/bond-servant-in-training/Documents/Projects/Grade-Automator-Plus-epic-a-merge-down-b14/users/views.py", line 2135, in _google_auth
    response = http_requests.post(token_url, data=payload)
               ^^^^^^^^^^^^^^^^^^^^^^^^^^^^^^^^^^^^^^^^^^^
  File "/home/bond-servant-in-training/.pyenv/versions/3.12.10/lib/python3.12/unittest/mock.py", line 1139, in __call__
    return self._mock_call(*args, **kwargs)
           ^^^^^^^^^^^^^^^^^^^^^^^^^^^^^^^^
  File "/home/bond-servant-in-training/.pyenv/versions/3.12.10/lib/python3.12/unittest/mock.py", line 1143, in _mock_call
    return self._execute_mock_call(*args, **kwargs)
           ^^^^^^^^^^^^^^^^^^^^^^^^^^^^^^^^^^^^^^^^
  File "/home/bond-servant-in-training/.pyenv/versions/3.12.10/lib/python3.12/unittest/mock.py", line 1198, in _execute_mock_call
    raise effect
requests.exceptions.ConnectionError: dns failure
API Exception
Traceback (most recent call last):
  File "/home/bond-servant-in-training/Documents/Projects/Grade-Automator-Plus-epic-a-merge-down-b14/users/views.py", line 2135, in _google_auth
    response = http_requests.post(token_url, data=payload)
               ^^^^^^^^^^^^^^^^^^^^^^^^^^^^^^^^^^^^^^^^^^^
  File "/home/bond-servant-in-training/.pyenv/versions/3.12.10/lib/python3.12/unittest/mock.py", line 1139, in __call__
    return self._mock_call(*args, **kwargs)
           ^^^^^^^^^^^^^^^^^^^^^^^^^^^^^^^^
  File "/home/bond-servant-in-training/.pyenv/versions/3.12.10/lib/python3.12/unittest/mock.py", line 1143, in _mock_call
    return self._execute_mock_call(*args, **kwargs)
           ^^^^^^^^^^^^^^^^^^^^^^^^^^^^^^^^^^^^^^^^
  File "/home/bond-servant-in-training/.pyenv/versions/3.12.10/lib/python3.12/unittest/mock.py", line 1198, in _execute_mock_call
    raise effect
requests.exceptions.ConnectionError: dns failure

The above exception was the direct cause of the following exception:

Traceback (most recent call last):
  File "/home/bond-servant-in-training/Documents/Virtualenvs/AutoGrader_env/lib/python3.12/site-packages/rest_framework/views.py", line 512, in dispatch
    response = handler(request, *args, **kwargs)
               ^^^^^^^^^^^^^^^^^^^^^^^^^^^^^^^^^
  File "/home/bond-servant-in-training/Documents/Projects/Grade-Automator-Plus-epic-a-merge-down-b14/users/views.py", line 2097, in google_auth
    return self._google_auth(request)
           ^^^^^^^^^^^^^^^^^^^^^^^^^^
  File "/home/bond-servant-in-training/Documents/Projects/Grade-Automator-Plus-epic-a-merge-down-b14/users/views.py", line 2141, in _google_auth
    raise ParseError(
rest_framework.exceptions.ParseError: Google sign-in failed. Please try again.
ok
test_a_never_verified_account_is_completed_by_google (users.tests_google_auth.GoogleAuthViewTests.test_a_never_verified_account_is_completed_by_google)
Registered by email, never clicked the link, then signed in with ... Free trial plan not found: no trial activated for user 7134fc20-36fd-4029-8bd0-f23fc5f4138d.
Cannot activate automatic trial for user 7134fc20-36fd-4029-8bd0-f23fc5f4138d (validation): ValueError
ok
test_a_new_personal_account_is_created_and_logged_in (users.tests_google_auth.GoogleAuthViewTests.test_a_new_personal_account_is_created_and_logged_in) ... Free trial plan not found: no trial activated for user cfed55d5-0f47-4cf0-93da-ac090254403c.
Cannot activate automatic trial for user cfed55d5-0f47-4cf0-93da-ac090254403c (validation): ValueError
ok
test_a_non_2xx_from_google_is_a_400_not_a_500 (users.tests_google_auth.GoogleAuthViewTests.test_a_non_2xx_from_google_is_a_400_not_a_500)
This is the shape the live contract test below confirms is real. ... Google OAuth token exchange failed
Traceback (most recent call last):
  File "/home/bond-servant-in-training/Documents/Projects/Grade-Automator-Plus-epic-a-merge-down-b14/users/views.py", line 2136, in _google_auth
    response.raise_for_status()
  File "/home/bond-servant-in-training/.pyenv/versions/3.12.10/lib/python3.12/unittest/mock.py", line 1139, in __call__
    return self._mock_call(*args, **kwargs)
           ^^^^^^^^^^^^^^^^^^^^^^^^^^^^^^^^
  File "/home/bond-servant-in-training/.pyenv/versions/3.12.10/lib/python3.12/unittest/mock.py", line 1143, in _mock_call
    return self._execute_mock_call(*args, **kwargs)
           ^^^^^^^^^^^^^^^^^^^^^^^^^^^^^^^^^^^^^^^^
  File "/home/bond-servant-in-training/.pyenv/versions/3.12.10/lib/python3.12/unittest/mock.py", line 1198, in _execute_mock_call
    raise effect
requests.exceptions.HTTPError: 400 invalid_grant
API Exception
Traceback (most recent call last):
  File "/home/bond-servant-in-training/Documents/Projects/Grade-Automator-Plus-epic-a-merge-down-b14/users/views.py", line 2136, in _google_auth
    response.raise_for_status()
  File "/home/bond-servant-in-training/.pyenv/versions/3.12.10/lib/python3.12/unittest/mock.py", line 1139, in __call__
    return self._mock_call(*args, **kwargs)
           ^^^^^^^^^^^^^^^^^^^^^^^^^^^^^^^^
  File "/home/bond-servant-in-training/.pyenv/versions/3.12.10/lib/python3.12/unittest/mock.py", line 1143, in _mock_call
    return self._execute_mock_call(*args, **kwargs)
           ^^^^^^^^^^^^^^^^^^^^^^^^^^^^^^^^^^^^^^^^
  File "/home/bond-servant-in-training/.pyenv/versions/3.12.10/lib/python3.12/unittest/mock.py", line 1198, in _execute_mock_call
    raise effect
requests.exceptions.HTTPError: 400 invalid_grant

The above exception was the direct cause of the following exception:

Traceback (most recent call last):
  File "/home/bond-servant-in-training/Documents/Virtualenvs/AutoGrader_env/lib/python3.12/site-packages/rest_framework/views.py", line 512, in dispatch
    response = handler(request, *args, **kwargs)
               ^^^^^^^^^^^^^^^^^^^^^^^^^^^^^^^^^
  File "/home/bond-servant-in-training/Documents/Projects/Grade-Automator-Plus-epic-a-merge-down-b14/users/views.py", line 2097, in google_auth
    return self._google_auth(request)
           ^^^^^^^^^^^^^^^^^^^^^^^^^^
  File "/home/bond-servant-in-training/Documents/Projects/Grade-Automator-Plus-epic-a-merge-down-b14/users/views.py", line 2141, in _google_auth
    raise ParseError(
rest_framework.exceptions.ParseError: Google sign-in failed. Please try again.
ok
test_a_pre_registered_password_stops_working_once_google_completes_the_account (users.tests_google_auth.GoogleAuthViewTests.test_a_pre_registered_password_stops_working_once_google_completes_the_account)
AUTHZ-OAUTH: an attacker who self-registers the victim's email with ... Free trial plan not found: no trial activated for user f5414e7d-c07f-4187-a302-f08648fe97a4.
Cannot activate automatic trial for user f5414e7d-c07f-4187-a302-f08648fe97a4 (validation): ValueError
ok
test_a_response_without_an_id_token_is_rejected (users.tests_google_auth.GoogleAuthViewTests.test_a_response_without_an_id_token_is_rejected) ... API Exception
Traceback (most recent call last):
  File "/home/bond-servant-in-training/Documents/Virtualenvs/AutoGrader_env/lib/python3.12/site-packages/rest_framework/views.py", line 512, in dispatch
    response = handler(request, *args, **kwargs)
               ^^^^^^^^^^^^^^^^^^^^^^^^^^^^^^^^^
  File "/home/bond-servant-in-training/Documents/Projects/Grade-Automator-Plus-epic-a-merge-down-b14/users/views.py", line 2097, in google_auth
    return self._google_auth(request)
           ^^^^^^^^^^^^^^^^^^^^^^^^^^
  File "/home/bond-servant-in-training/Documents/Projects/Grade-Automator-Plus-epic-a-merge-down-b14/users/views.py", line 2155, in _google_auth
    raise ParseError("Google did not return an ID token")
rest_framework.exceptions.ParseError: Google did not return an ID token
ok
test_a_second_sign_in_updates_credentials_rather_than_duplicating (users.tests_google_auth.GoogleAuthViewTests.test_a_second_sign_in_updates_credentials_rather_than_duplicating) ... Free trial plan not found: no trial activated for user 9d29ab7b-a33f-4d81-993c-02084d52c5cd.
Cannot activate automatic trial for user 9d29ab7b-a33f-4d81-993c-02084d52c5cd (validation): ValueError
ok
test_a_sign_in_without_a_refresh_token_keeps_the_stored_one (users.tests_google_auth.GoogleAuthViewTests.test_a_sign_in_without_a_refresh_token_keeps_the_stored_one)
Google only returns a refresh_token on the FIRST consent. Writing ... Free trial plan not found: no trial activated for user 33e46fc4-a57a-495c-8e24-722ace9e6eb6.
Cannot activate automatic trial for user 33e46fc4-a57a-495c-8e24-722ace9e6eb6 (validation): ValueError
ok
test_a_timeout_reaching_google_is_a_400_not_a_500 (users.tests_google_auth.GoogleAuthViewTests.test_a_timeout_reaching_google_is_a_400_not_a_500) ... Google OAuth token exchange failed
Traceback (most recent call last):
  File "/home/bond-servant-in-training/Documents/Projects/Grade-Automator-Plus-epic-a-merge-down-b14/users/views.py", line 2135, in _google_auth
    response = http_requests.post(token_url, data=payload)
               ^^^^^^^^^^^^^^^^^^^^^^^^^^^^^^^^^^^^^^^^^^^
  File "/home/bond-servant-in-training/.pyenv/versions/3.12.10/lib/python3.12/unittest/mock.py", line 1139, in __call__
    return self._mock_call(*args, **kwargs)
           ^^^^^^^^^^^^^^^^^^^^^^^^^^^^^^^^
  File "/home/bond-servant-in-training/.pyenv/versions/3.12.10/lib/python3.12/unittest/mock.py", line 1143, in _mock_call
    return self._execute_mock_call(*args, **kwargs)
           ^^^^^^^^^^^^^^^^^^^^^^^^^^^^^^^^^^^^^^^^
  File "/home/bond-servant-in-training/.pyenv/versions/3.12.10/lib/python3.12/unittest/mock.py", line 1198, in _execute_mock_call
    raise effect
requests.exceptions.Timeout: slow
API Exception
Traceback (most recent call last):
  File "/home/bond-servant-in-training/Documents/Projects/Grade-Automator-Plus-epic-a-merge-down-b14/users/views.py", line 2135, in _google_auth
    response = http_requests.post(token_url, data=payload)
               ^^^^^^^^^^^^^^^^^^^^^^^^^^^^^^^^^^^^^^^^^^^
  File "/home/bond-servant-in-training/.pyenv/versions/3.12.10/lib/python3.12/unittest/mock.py", line 1139, in __call__
    return self._mock_call(*args, **kwargs)
           ^^^^^^^^^^^^^^^^^^^^^^^^^^^^^^^^
  File "/home/bond-servant-in-training/.pyenv/versions/3.12.10/lib/python3.12/unittest/mock.py", line 1143, in _mock_call
    return self._execute_mock_call(*args, **kwargs)
           ^^^^^^^^^^^^^^^^^^^^^^^^^^^^^^^^^^^^^^^^
  File "/home/bond-servant-in-training/.pyenv/versions/3.12.10/lib/python3.12/unittest/mock.py", line 1198, in _execute_mock_call
    raise effect
requests.exceptions.Timeout: slow

The above exception was the direct cause of the following exception:

Traceback (most recent call last):
  File "/home/bond-servant-in-training/Documents/Virtualenvs/AutoGrader_env/lib/python3.12/site-packages/rest_framework/views.py", line 512, in dispatch
    response = handler(request, *args, **kwargs)
               ^^^^^^^^^^^^^^^^^^^^^^^^^^^^^^^^^
  File "/home/bond-servant-in-training/Documents/Projects/Grade-Automator-Plus-epic-a-merge-down-b14/users/views.py", line 2097, in google_auth
    return self._google_auth(request)
           ^^^^^^^^^^^^^^^^^^^^^^^^^^
  File "/home/bond-servant-in-training/Documents/Projects/Grade-Automator-Plus-epic-a-merge-down-b14/users/views.py", line 2141, in _google_auth
    raise ParseError(
rest_framework.exceptions.ParseError: Google sign-in failed. Please try again.
ok
test_an_active_but_unverified_account_gets_marked_verified (users.tests_google_auth.GoogleAuthViewTests.test_an_active_but_unverified_account_gets_marked_verified)
Google has verified the address, so the null verification stamp is ... Free trial plan not found: no trial activated for user 43f9167f-e74e-4e3a-ad5c-950c58372c39.
Cannot activate automatic trial for user 43f9167f-e74e-4e3a-ad5c-950c58372c39 (validation): ValueError
ok
test_an_active_but_unverified_account_keeps_its_password (users.tests_google_auth.GoogleAuthViewTests.test_an_active_but_unverified_account_keeps_its_password)
Companion to test_an_active_but_unverified_account_gets_marked_verified: ... Free trial plan not found: no trial activated for user 4f0f32ca-e01a-4871-a520-db8cfec27a54.
Cannot activate automatic trial for user 4f0f32ca-e01a-4871-a520-db8cfec27a54 (validation): ValueError
ok
test_an_active_verified_account_is_not_rewritten (users.tests_google_auth.GoogleAuthViewTests.test_an_active_verified_account_is_not_rewritten)
The ordinary returning user: sign in, change nothing. ... Free trial plan not found: no trial activated for user 65a809ad-a9e1-41b1-a282-b554407e1236.
Cannot activate automatic trial for user 65a809ad-a9e1-41b1-a282-b554407e1236 (validation): ValueError
ok
test_an_existing_user_is_logged_in_without_being_duplicated (users.tests_google_auth.GoogleAuthViewTests.test_an_existing_user_is_logged_in_without_being_duplicated) ... Free trial plan not found: no trial activated for user 4c59fd7b-0d9d-4dc2-aacb-688d331dcc8f.
Cannot activate automatic trial for user 4c59fd7b-0d9d-4dc2-aacb-688d331dcc8f (validation): ValueError
ok
test_an_unchanged_account_does_not_requeue_the_sync (users.tests_google_auth.GoogleAuthViewTests.test_an_unchanged_account_does_not_requeue_the_sync) ... Free trial plan not found: no trial activated for user 2bd32a84-27a2-4185-8a9d-c50c0894576f.
Cannot activate automatic trial for user 2bd32a84-27a2-4185-8a9d-c50c0894576f (validation): ValueError
ok
test_an_unverified_google_email_cannot_create_an_account (users.tests_google_auth.GoogleAuthViewTests.test_an_unverified_google_email_cannot_create_an_account)
Without this, anyone able to add an unverified address to a Google ... API Exception
Traceback (most recent call last):
  File "/home/bond-servant-in-training/Documents/Virtualenvs/AutoGrader_env/lib/python3.12/site-packages/rest_framework/views.py", line 512, in dispatch
    response = handler(request, *args, **kwargs)
               ^^^^^^^^^^^^^^^^^^^^^^^^^^^^^^^^^
  File "/home/bond-servant-in-training/Documents/Projects/Grade-Automator-Plus-epic-a-merge-down-b14/users/views.py", line 2097, in google_auth
    return self._google_auth(request)
           ^^^^^^^^^^^^^^^^^^^^^^^^^^
  File "/home/bond-servant-in-training/Documents/Projects/Grade-Automator-Plus-epic-a-merge-down-b14/users/views.py", line 2165, in _google_auth
    raise ParseError("Google has not verified your email")
rest_framework.exceptions.ParseError: Google has not verified your email
ok
test_completing_an_account_queues_the_mailing_list_sync (users.tests_google_auth.GoogleAuthViewTests.test_completing_an_account_queues_the_mailing_list_sync)
queue_sync no-ops on an inactive user, so this is the first moment ... Free trial plan not found: no trial activated for user db7bd5a3-a101-4888-a163-12e33fea83ce.
Cannot activate automatic trial for user db7bd5a3-a101-4888-a163-12e33fea83ce (validation): ValueError
ok
test_email_verified_at_is_not_client_writable_on_registration (users.tests_google_auth.GoogleAuthViewTests.test_email_verified_at_is_not_client_writable_on_registration)
The fix injects those fields through save(), NOT by adding them to ... Free trial plan not found: no trial activated for user 940c5fe6-fb1d-4b20-8617-07f7d0b62b66.
Cannot activate automatic trial for user 940c5fe6-fb1d-4b20-8617-07f7d0b62b66 (validation): ValueError
ok
test_every_role_loses_a_pre_set_password_when_google_activates_the_row (users.tests_google_auth.GoogleAuthViewTests.test_every_role_loses_a_pre_set_password_when_google_activates_the_row) ... Free trial plan not found: no trial activated for user 39f6cc2d-e931-431a-b723-7e81cef23b5b.
Cannot activate automatic trial for user 39f6cc2d-e931-431a-b723-7e81cef23b5b (validation): ValueError
ok
test_google_credentials_are_stored_with_an_expiry (users.tests_google_auth.GoogleAuthViewTests.test_google_credentials_are_stored_with_an_expiry) ... Free trial plan not found: no trial activated for user 3bf128a5-61a8-47f0-b9f8-47b8fdbca892.
Cannot activate automatic trial for user 3bf128a5-61a8-47f0-b9f8-47b8fdbca892 (validation): ValueError
ok
test_missing_code_is_rejected (users.tests_google_auth.GoogleAuthViewTests.test_missing_code_is_rejected) ... API Exception
Traceback (most recent call last):
  File "/home/bond-servant-in-training/Documents/Virtualenvs/AutoGrader_env/lib/python3.12/site-packages/rest_framework/views.py", line 512, in dispatch
    response = handler(request, *args, **kwargs)
               ^^^^^^^^^^^^^^^^^^^^^^^^^^^^^^^^^
  File "/home/bond-servant-in-training/Documents/Projects/Grade-Automator-Plus-epic-a-merge-down-b14/users/views.py", line 2097, in google_auth
    return self._google_auth(request)
           ^^^^^^^^^^^^^^^^^^^^^^^^^^
  File "/home/bond-servant-in-training/Documents/Projects/Grade-Automator-Plus-epic-a-merge-down-b14/users/views.py", line 2120, in _google_auth
    raise ParseError("Authorization code is required")
rest_framework.exceptions.ParseError: Authorization code is required
ok
test_repeated_google_sign_ins_on_a_dormant_row_are_stable (users.tests_google_auth.GoogleAuthViewTests.test_repeated_google_sign_ins_on_a_dormant_row_are_stable) ... Free trial plan not found: no trial activated for user 77e7dea6-7489-436b-89d7-d837dad0b8ca.
Cannot activate automatic trial for user 77e7dea6-7489-436b-89d7-d837dad0b8ca (validation): ValueError
ok
test_the_attackers_password_login_fails_after_the_victim_signs_in_with_google (users.tests_google_auth.GoogleAuthViewTests.test_the_attackers_password_login_fails_after_the_victim_signs_in_with_google)
The end-to-end replay of the takeover: attacker pre-registers the ... Free trial plan not found: no trial activated for user 5e225170-35f5-48aa-aa5b-199e405e0508.
Cannot activate automatic trial for user 5e225170-35f5-48aa-aa5b-199e405e0508 (validation): ValueError
API Exception
Traceback (most recent call last):
  File "/home/bond-servant-in-training/Documents/Virtualenvs/AutoGrader_env/lib/python3.12/site-packages/rest_framework/views.py", line 512, in dispatch
    response = handler(request, *args, **kwargs)
               ^^^^^^^^^^^^^^^^^^^^^^^^^^^^^^^^^
  File "/home/bond-servant-in-training/Documents/Virtualenvs/AutoGrader_env/lib/python3.12/site-packages/rest_framework_simplejwt/views.py", line 46, in post
    serializer.is_valid(raise_exception=True)
  File "/home/bond-servant-in-training/Documents/Virtualenvs/AutoGrader_env/lib/python3.12/site-packages/rest_framework/serializers.py", line 225, in is_valid
    self._validated_data = self.run_validation(self.initial_data)
                           ^^^^^^^^^^^^^^^^^^^^^^^^^^^^^^^^^^^^^^
  File "/home/bond-servant-in-training/Documents/Virtualenvs/AutoGrader_env/lib/python3.12/site-packages/rest_framework/serializers.py", line 447, in run_validation
    value = self.validate(value)
            ^^^^^^^^^^^^^^^^^^^^
  File "/home/bond-servant-in-training/Documents/Projects/Grade-Automator-Plus-epic-a-merge-down-b14/users/serializers.py", line 510, in validate
    data = super().validate(attrs)
           ^^^^^^^^^^^^^^^^^^^^^^^
  File "/home/bond-servant-in-training/Documents/Virtualenvs/AutoGrader_env/lib/python3.12/site-packages/rest_framework_simplejwt/serializers.py", line 73, in validate
    data = super().validate(attrs)
           ^^^^^^^^^^^^^^^^^^^^^^^
  File "/home/bond-servant-in-training/Documents/Virtualenvs/AutoGrader_env/lib/python3.12/site-packages/rest_framework_simplejwt/serializers.py", line 57, in validate
    raise exceptions.AuthenticationFailed(
rest_framework.exceptions.AuthenticationFailed: No active account found with the given credentials
API Exception
Traceback (most recent call last):
  File "/home/bond-servant-in-training/Documents/Virtualenvs/AutoGrader_env/lib/python3.12/site-packages/rest_framework/views.py", line 512, in dispatch
    response = handler(request, *args, **kwargs)
               ^^^^^^^^^^^^^^^^^^^^^^^^^^^^^^^^^
  File "/home/bond-servant-in-training/Documents/Virtualenvs/AutoGrader_env/lib/python3.12/site-packages/rest_framework_simplejwt/views.py", line 46, in post
    serializer.is_valid(raise_exception=True)
  File "/home/bond-servant-in-training/Documents/Virtualenvs/AutoGrader_env/lib/python3.12/site-packages/rest_framework/serializers.py", line 225, in is_valid
    self._validated_data = self.run_validation(self.initial_data)
                           ^^^^^^^^^^^^^^^^^^^^^^^^^^^^^^^^^^^^^^
  File "/home/bond-servant-in-training/Documents/Virtualenvs/AutoGrader_env/lib/python3.12/site-packages/rest_framework/serializers.py", line 447, in run_validation
    value = self.validate(value)
            ^^^^^^^^^^^^^^^^^^^^
  File "/home/bond-servant-in-training/Documents/Projects/Grade-Automator-Plus-epic-a-merge-down-b14/users/serializers.py", line 510, in validate
    data = super().validate(attrs)
           ^^^^^^^^^^^^^^^^^^^^^^^
  File "/home/bond-servant-in-training/Documents/Virtualenvs/AutoGrader_env/lib/python3.12/site-packages/rest_framework_simplejwt/serializers.py", line 73, in validate
    data = super().validate(attrs)
           ^^^^^^^^^^^^^^^^^^^^^^^
  File "/home/bond-servant-in-training/Documents/Virtualenvs/AutoGrader_env/lib/python3.12/site-packages/rest_framework_simplejwt/serializers.py", line 57, in validate
    raise exceptions.AuthenticationFailed(
rest_framework.exceptions.AuthenticationFailed: No active account found with the given credentials
ok
test_the_rightful_owner_can_still_set_a_password_by_reset_after_google (users.tests_google_auth.GoogleAuthViewTests.test_the_rightful_owner_can_still_set_a_password_by_reset_after_google)
The cost of invalidating the password is that someone who registered ... Free trial plan not found: no trial activated for user 0c20ef70-1090-4b5c-915a-afcb55f3afa5.
Cannot activate automatic trial for user 0c20ef70-1090-4b5c-915a-afcb55f3afa5 (validation): ValueError
ok
test_tokens_from_a_completed_account_actually_work (users.tests_google_auth.GoogleAuthViewTests.test_tokens_from_a_completed_account_actually_work)
The bug this closes: the endpoint answered 200 with tokens while ... Free trial plan not found: no trial activated for user 6e1fb835-4df9-4b5e-bddc-3abdea426c75.
Cannot activate automatic trial for user 6e1fb835-4df9-4b5e-bddc-3abdea426c75 (validation): ValueError
ok
test_a_withdrawn_enrollment_is_not_resurrected_by_signing_in (users.tests_google_auth.GoogleSignInCompletesPendingEnrollmentTests.test_a_withdrawn_enrollment_is_not_resurrected_by_signing_in)
Only PENDING is promoted. A student a teacher deliberately removed ... Free trial plan not found: no trial activated for user 7c8167bc-68bf-4ae2-9906-23dcd8a77ddd.
Cannot activate automatic trial for user 7c8167bc-68bf-4ae2-9906-23dcd8a77ddd (validation): ValueError
ok
test_a_withdrawn_student_still_sees_no_assignments_after_signing_in (users.tests_google_auth.GoogleSignInCompletesPendingEnrollmentTests.test_a_withdrawn_student_still_sees_no_assignments_after_signing_in)
The end-to-end form of the guarantee, not just the database field. ... Free trial plan not found: no trial activated for user c7cbac8f-fb01-4e6e-a888-5263f633071d.
Cannot activate automatic trial for user c7cbac8f-fb01-4e6e-a888-5263f633071d (validation): ValueError
ok
test_an_established_account_signing_in_again_promotes_nothing (users.tests_google_auth.GoogleSignInCompletesPendingEnrollmentTests.test_an_established_account_signing_in_again_promotes_nothing)
The promotion is gated on the account having still been unverified ... Free trial plan not found: no trial activated for user b9a616cb-ed2f-4c72-a582-e6eb6179942c.
Cannot activate automatic trial for user b9a616cb-ed2f-4c72-a582-e6eb6179942c (validation): ValueError
ok
test_every_pending_invitation_is_promoted_not_just_the_first (users.tests_google_auth.GoogleSignInCompletesPendingEnrollmentTests.test_every_pending_invitation_is_promoted_not_just_the_first) ... Free trial plan not found: no trial activated for user f72fe432-2025-48d9-b179-4557f1257ebb.
Cannot activate automatic trial for user f72fe432-2025-48d9-b179-4557f1257ebb (validation): ValueError
ok
test_google_sign_in_promotes_a_pending_invitation_to_enrolled (users.tests_google_auth.GoogleSignInCompletesPendingEnrollmentTests.test_google_sign_in_promotes_a_pending_invitation_to_enrolled) ... Free trial plan not found: no trial activated for user 9868f56d-c206-4714-bf2a-705d97d03d15.
Cannot activate automatic trial for user 9868f56d-c206-4714-bf2a-705d97d03d15 (validation): ValueError
ok
test_network_is_required_when_ci_says_so (users.tests_google_auth.LiveContractSkipGuardTests.test_network_is_required_when_ci_says_so) ... skipped 'CI_REQUIRE_NETWORK not set'
test_google_rejects_a_bogus_code_with_an_http_error_status (users.tests_google_auth.LiveGoogleEndpointContractTests.test_google_rejects_a_bogus_code_with_an_http_error_status)
The view relies on `raise_for_status()` to notice a failed ... skipped 'live Google contract tests are opt-in: set CI_REQUIRE_NETWORK=1'
test_the_real_google_library_raises_value_error_on_a_forged_token (users.tests_google_auth.LiveGoogleEndpointContractTests.test_the_real_google_library_raises_value_error_on_a_forged_token)
The view catches ValueError and answers "Invalid Google token ... skipped 'live Google contract tests are opt-in: set CI_REQUIRE_NETWORK=1'
test_the_celery_task_records_one_completed_event (audit.tests_history.AIGradingTests.test_the_celery_task_records_one_completed_event) ... Free trial plan not found: no trial activated for user f3864770-82a5-4d96-b25e-b5ed7fc76c9e.
Cannot activate automatic trial for user f3864770-82a5-4d96-b25e-b5ed7fc76c9e (validation): ValueError


ai_processor.services INFO 2026-10-09 10:10:49,103 services 947304 132393972648896 [request_id=- client_request_id=-] [Grading] Partition: 1 question(s) — 0 graded deterministically, 0 ambiguous objective(s) deferred to the AI, 1 subjective.




ai_processor.services INFO 2026-10-09 10:10:49,105 services 947304 132393972648896 [request_id=- client_request_id=-] [Grading] 1 question(s) for the AI (0 already graded deterministically) - using single pass grading


ok
test_the_synchronous_route_records_one_completed_event_for_the_requester (audit.tests_history.AIGradingTests.test_the_synchronous_route_records_one_completed_event_for_the_requester) ... Free trial plan not found: no trial activated for user 9ce6f727-f244-4989-8815-01c801adf3a7.
Cannot activate automatic trial for user 9ce6f727-f244-4989-8815-01c801adf3a7 (validation): ValueError


ai_processor.services INFO 2026-10-09 10:10:49,365 services 947304 132393972648896 [request_id=492a224dd3d24e6f9c33bcaf3e8c45d5 client_request_id=-] [Grading] Partition: 1 question(s) — 0 graded deterministically, 0 ambiguous objective(s) deferred to the AI, 1 subjective.




ai_processor.services INFO 2026-10-09 10:10:49,367 services 947304 132393972648896 [request_id=492a224dd3d24e6f9c33bcaf3e8c45d5 client_request_id=-] [Grading] 1 question(s) for the AI (0 already graded deterministically) - using single pass grading


ok
test_acting_as_names_the_given_user_for_the_block_only (audit.tests_history.ActorRuleTests.test_acting_as_names_the_given_user_for_the_block_only) ... Free trial plan not found: no trial activated for user 6ea68c7c-48b3-4c16-aedc-85d687aa09aa.
Cannot activate automatic trial for user 6ea68c7c-48b3-4c16-aedc-85d687aa09aa (validation): ValueError
ok
test_an_authenticated_request_names_its_user_not_the_system (audit.tests_history.ActorRuleTests.test_an_authenticated_request_names_its_user_not_the_system)
SM R6's guard: this stays red while the actor is a SYSTEM shim. ... Free trial plan not found: no trial activated for user e5017db8-fd3f-4428-97de-db1a790b4709.
Cannot activate automatic trial for user e5017db8-fd3f-4428-97de-db1a790b4709 (validation): ValueError
ok
test_outside_a_request_the_actor_is_the_system (audit.tests_history.ActorRuleTests.test_outside_a_request_the_actor_is_the_system) ... ok
test_download_pdf_records_what_left_and_how_big (audit.tests_history.DataExportTests.test_download_pdf_records_what_left_and_how_big)
FR-A-01 'data export', SM-approved: the assignment PDF (questions ... Free trial plan not found: no trial activated for user f801ec22-fed2-478c-87ed-a5c46d83aa76.
Cannot activate automatic trial for user f801ec22-fed2-478c-87ed-a5c46d83aa76 (validation): ValueError
ok
test_a_deleted_submission_is_a_grade_change_with_no_after (audit.tests_history.GradeChangeRouteTests.test_a_deleted_submission_is_a_grade_change_with_no_after)
SM R5. ... Free trial plan not found: no trial activated for user 47778fd0-2db3-4c3e-994b-f7a69e15d9a2.
Cannot activate automatic trial for user 47778fd0-2db3-4c3e-994b-f7a69e15d9a2 (validation): ValueError
ok
test_an_untracked_or_unchanged_save_records_nothing (audit.tests_history.GradeChangeRouteTests.test_an_untracked_or_unchanged_save_records_nothing) ... Free trial plan not found: no trial activated for user 8c2f0ca3-a24b-4b9d-8b01-1a98f8896905.
Cannot activate automatic trial for user 8c2f0ca3-a24b-4b9d-8b01-1a98f8896905 (validation): ValueError
ok
test_mark_reviewed_records_needs_review_only (audit.tests_history.GradeChangeRouteTests.test_mark_reviewed_records_needs_review_only)
SM R1: the actor is the 'by', the event time the 'at'; the ... Free trial plan not found: no trial activated for user 85b988bd-3bb6-46fe-a294-b12d85366052.
Cannot activate automatic trial for user 85b988bd-3bb6-46fe-a294-b12d85366052 (validation): ValueError
ok
test_publish_records_the_flip_once (audit.tests_history.GradeChangeRouteTests.test_publish_records_the_flip_once) ... Free trial plan not found: no trial activated for user 890285a7-87c2-4677-8879-83b7ad31af1a.
Cannot activate automatic trial for user 890285a7-87c2-4677-8879-83b7ad31af1a (validation): ValueError
ok
test_the_grade_is_saved_when_the_audit_store_is_down (audit.tests_history.GradeChangeRouteTests.test_the_grade_is_saved_when_the_audit_store_is_down)
Gate 5 / FR-A-11. ... Free trial plan not found: no trial activated for user efb139c4-7993-4524-b4d8-aaddf5b2e6e5.
Cannot activate automatic trial for user efb139c4-7993-4524-b4d8-aaddf5b2e6e5 (validation): ValueError
audit event store_failed: action=GRADE_CHANGE detail=RuntimeError
audit event store_failed: action=STATE_CHANGE detail=RuntimeError
ok
test_update_grade_records_the_score_it_replaced (audit.tests_history.GradeChangeRouteTests.test_update_grade_records_the_score_it_replaced) ... Free trial plan not found: no trial activated for user 54bbb655-f6fe-4eb1-9ef6-e2803b71519a.
Cannot activate automatic trial for user 54bbb655-f6fe-4eb1-9ef6-e2803b71519a (validation): ValueError
ok
test_a_deleted_user_keeps_only_allow_listed_fields (audit.tests_history.PermissionChangeTests.test_a_deleted_user_keeps_only_allow_listed_fields)
SM R5's condition: role, status and ids only - never an email, ... Free trial plan not found: no trial activated for user c71a4054-a006-48dd-9c6f-0a4604245e93.
Cannot activate automatic trial for user c71a4054-a006-48dd-9c6f-0a4604245e93 (validation): ValueError
ok
test_a_role_change_is_recorded_and_a_session_revoke_is_not (audit.tests_history.PermissionChangeTests.test_a_role_change_is_recorded_and_a_session_revoke_is_not) ... Free trial plan not found: no trial activated for user f170ce49-c7b9-40e4-8cf4-4005c2ade111.
Cannot activate automatic trial for user f170ce49-c7b9-40e4-8cf4-4005c2ade111 (validation): ValueError
ok
test_a_school_admin_invitation_names_the_invitee (audit.tests_history.PermissionChangeTests.test_a_school_admin_invitation_names_the_invitee) ... ok
test_a_student_invitation_names_the_invitee (audit.tests_history.PermissionChangeTests.test_a_student_invitation_names_the_invitee)
SM ruling: the invitee who proved the invitation code acts. ... FAIL
test_admin_actions_record_each_user_they_change (audit.tests_history.PermissionChangeTests.test_admin_actions_record_each_user_they_change) ... Free trial plan not found: no trial activated for user 1323934d-525a-48e0-afc7-96836c04d377.
Cannot activate automatic trial for user 1323934d-525a-48e0-afc7-96836c04d377 (validation): ValueError
Free trial plan not found: no trial activated for user a8cb0e45-9d2d-47a2-b4b8-f9f5a42d74e8.
Cannot activate automatic trial for user a8cb0e45-9d2d-47a2-b4b8-f9f5a42d74e8 (validation): ValueError
Free trial plan not found: no trial activated for user 4b819ac6-fb61-4dfb-bdac-fd092e1175a3.
Cannot activate automatic trial for user 4b819ac6-fb61-4dfb-bdac-fd092e1175a3 (validation): ValueError
ok
test_email_verification_names_the_account_that_proved_the_code (audit.tests_history.PermissionChangeTests.test_email_verification_names_the_account_that_proved_the_code)
SM ruling: the activation is the account's own action. ... Free trial plan not found: no trial activated for user 6fa0451f-cf97-4e44-bb6b-1ca96f3570ed.
Cannot activate automatic trial for user 6fa0451f-cf97-4e44-bb6b-1ca96f3570ed (validation): ValueError
ok
test_only_a_privileged_account_is_recorded_when_created (audit.tests_history.PermissionChangeTests.test_only_a_privileged_account_is_recorded_when_created)
SM ruling 4: ordinary accounts are covered by ACCOUNT_REGISTER ... Free trial plan not found: no trial activated for user cb3f1504-772b-40ec-9d8f-31dce67cca30.
Cannot activate automatic trial for user cb3f1504-772b-40ec-9d8f-31dce67cca30 (validation): ValueError
Free trial plan not found: no trial activated for user 5c07580d-d70f-4257-83b9-12604eee524a.
Cannot activate automatic trial for user 5c07580d-d70f-4257-83b9-12604eee524a (validation): ValueError
ok
test_publish_all_gives_one_grade_change_per_student_published (audit.tests_history.PublishAllTests.test_publish_all_gives_one_grade_change_per_student_published)
D3: 30 students published, 30 events; an already-published and ... Free trial plan not found: no trial activated for user f3ea93a7-64bd-44d8-b430-62473116d89e.
Cannot activate automatic trial for user f3ea93a7-64bd-44d8-b430-62473116d89e (validation): ValueError
ok
test_a_distinct_or_annotated_queryset_is_accepted (audit.tests_history.RecordBulkTests.test_a_distinct_or_annotated_queryset_is_accepted)
Postgres refuses FOR UPDATE with DISTINCT or an aggregate; the ... Free trial plan not found: no trial activated for user f9280b6b-68f9-43c3-bea6-05c4601e7ec2.
Cannot activate automatic trial for user f9280b6b-68f9-43c3-bea6-05c4601e7ec2 (validation): ValueError
ok
test_an_untracked_bulk_write_records_nothing (audit.tests_history.RecordBulkTests.test_an_untracked_bulk_write_records_nothing) ... Free trial plan not found: no trial activated for user b9272b27-7d25-4c24-a9c3-7069e1458272.
Cannot activate automatic trial for user b9272b27-7d25-4c24-a9c3-7069e1458272 (validation): ValueError
ok
test_an_untracked_model_is_refused (audit.tests_history.RecordBulkTests.test_an_untracked_model_is_refused) ... Free trial plan not found: no trial activated for user 116096c3-9c45-4c32-9d6a-558c72b52dff.
Cannot activate automatic trial for user 116096c3-9c45-4c32-9d6a-558c72b52dff (validation): ValueError
ok
test_it_returns_the_update_count_and_skips_unchanged_rows (audit.tests_history.RecordBulkTests.test_it_returns_the_update_count_and_skips_unchanged_rows) ... Free trial plan not found: no trial activated for user e33a8439-6f0a-4d07-a4cc-1429f175168a.
Cannot activate automatic trial for user e33a8439-6f0a-4d07-a4cc-1429f175168a (validation): ValueError
ok
test_the_actor_is_keyword_only_and_used_as_given (audit.tests_history.RecordBulkTests.test_the_actor_is_keyword_only_and_used_as_given) ... Free trial plan not found: no trial activated for user 18a460ce-57bf-46af-9fd2-489de1ca69eb.
Cannot activate automatic trial for user 18a460ce-57bf-46af-9fd2-489de1ca69eb (validation): ValueError
ok
test_an_action_without_an_entry_carries_no_before_or_after (audit.tests_history.RegistryTests.test_an_action_without_an_entry_carries_no_before_or_after) ... audit event metadata dropped: action=TAG_CREATE keys=score (not allowed in before/after for this action)
ok
test_every_history_action_has_its_allow_lists (audit.tests_history.RegistryTests.test_every_history_action_has_its_allow_lists) ... ok
test_every_tracked_field_is_allowed_for_its_action_and_real (audit.tests_history.RegistryTests.test_every_tracked_field_is_allowed_for_its_action_and_real) ... ok
test_no_recorded_key_names_a_person_or_their_work (audit.tests_history.RegistryTests.test_no_recorded_key_names_a_person_or_their_work) ... ok
test_text_credentials_and_token_epoch_are_never_tracked (audit.tests_history.RegistryTests.test_text_credentials_and_token_epoch_are_never_tracked) ... ok
test_a_google_sign_in_activates_and_names_the_student (audit.tests_history.SignInActivationTests.test_a_google_sign_in_activates_and_names_the_student)
Google finishing an unverified student's registration: one ... Free trial plan not found: no trial activated for user f880b476-7139-4f34-b5c6-2cfaa4bded88.
Cannot activate automatic trial for user f880b476-7139-4f34-b5c6-2cfaa4bded88 (validation): ValueError
ok
test_a_password_sign_in_activates_and_names_the_student (audit.tests_history.SignInActivationTests.test_a_password_sign_in_activates_and_names_the_student) ... Free trial plan not found: no trial activated for user f4ff705d-fd48-4b13-8f85-235d94faf267.
Cannot activate automatic trial for user f4ff705d-fd48-4b13-8f85-235d94faf267 (validation): ValueError
ok
test_a_seat_count_change_is_recorded (audit.tests_history.SubscriptionChangeTests.test_a_seat_count_change_is_recorded) ... ok
test_a_seat_taken_and_released_is_recorded (audit.tests_history.SubscriptionChangeTests.test_a_seat_taken_and_released_is_recorded)
SM R4: an active allocation is a seat in use. ... Free trial plan not found: no trial activated for user dc11b6be-ea96-4e41-81e1-bba77790fafa.
Cannot activate automatic trial for user dc11b6be-ea96-4e41-81e1-bba77790fafa (validation): ValueError
ok
test_a_refused_inner_block_leaves_the_outer_one_in_place (audit.tests_command_actor.NestedBlocksTests.test_a_refused_inner_block_leaves_the_outer_one_in_place) ... Free trial plan not found: no trial activated for user 74db8b19-5576-450a-8618-6847e1691fe5.
Cannot activate automatic trial for user 74db8b19-5576-450a-8618-6847e1691fe5 (validation): ValueError
ok
test_the_outer_block_is_restored_after_the_inner_one (audit.tests_command_actor.NestedBlocksTests.test_the_outer_block_is_restored_after_the_inner_one) ... Free trial plan not found: no trial activated for user a20afae9-c184-45f0-b3ba-f450278ef48a.
Cannot activate automatic trial for user a20afae9-c184-45f0-b3ba-f450278ef48a (validation): ValueError
ok
test_the_outer_block_is_restored_when_the_inner_one_raises (audit.tests_command_actor.NestedBlocksTests.test_the_outer_block_is_restored_when_the_inner_one_raises) ... Free trial plan not found: no trial activated for user cae2f3c5-9850-4635-8546-2702db2e66a0.
Cannot activate automatic trial for user cae2f3c5-9850-4635-8546-2702db2e66a0 (validation): ValueError
ok
test_a_call_site_cannot_supply_the_command_key (audit.tests_command_actor.OutsideACommandTests.test_a_call_site_cannot_supply_the_command_key) ... Free trial plan not found: no trial activated for user f29c357e-ab42-450f-93a8-8660872768e2.
Cannot activate automatic trial for user f29c357e-ab42-450f-93a8-8660872768e2 (validation): ValueError
audit event metadata dropped: action=ADMIN_ACTION keys=command (not allowed for this action)
ok
test_a_save_outside_is_still_system_with_no_command (audit.tests_command_actor.OutsideACommandTests.test_a_save_outside_is_still_system_with_no_command) ... Free trial plan not found: no trial activated for user 9c79dc38-65a8-4bd3-bd8b-02c2216934ca.
Cannot activate automatic trial for user 9c79dc38-65a8-4bd3-bd8b-02c2216934ca (validation): ValueError
ok
test_an_emit_outside_is_still_system_with_no_command (audit.tests_command_actor.OutsideACommandTests.test_an_emit_outside_is_still_system_with_no_command) ... Free trial plan not found: no trial activated for user 19e4c646-f21b-4cd7-87f1-0580ad9c56b4.
Cannot activate automatic trial for user 19e4c646-f21b-4cd7-87f1-0580ad9c56b4 (validation): ValueError
ok
test_the_context_ends_when_the_block_raises (audit.tests_command_actor.OutsideACommandTests.test_the_context_ends_when_the_block_raises) ... Free trial plan not found: no trial activated for user 28ccc3f8-d933-4e81-bd3d-8ef4060dce6b.
Cannot activate automatic trial for user 28ccc3f8-d933-4e81-bd3d-8ef4060dce6b (validation): ValueError
ok
test_the_context_ends_with_the_block (audit.tests_command_actor.OutsideACommandTests.test_the_context_ends_with_the_block) ... Free trial plan not found: no trial activated for user 86bc4556-9237-4566-a58f-4483dc01baae.
Cannot activate automatic trial for user 86bc4556-9237-4566-a58f-4483dc01baae (validation): ValueError
ok
test_a_call_sites_command_value_never_reaches_the_event (audit.tests_command_actor.TheBlocksNameCannotBeReplacedTests.test_a_call_sites_command_value_never_reaches_the_event) ... Free trial plan not found: no trial activated for user ed21f3aa-c012-4ffb-a018-ce7d8f1fcb3c.
Cannot activate automatic trial for user ed21f3aa-c012-4ffb-a018-ce7d8f1fcb3c (validation): ValueError
audit event metadata dropped: action=ADMIN_ACTION keys=command (looks like an email address)
audit event metadata dropped: action=ADMIN_ACTION keys=command (not allowed for this action)
audit event metadata dropped: action=ADMIN_ACTION keys=command (not allowed for this action)
audit event metadata dropped: action=ADMIN_ACTION keys=command (not allowed for this action)
ok
test_a_command_that_does_not_exist_is_refused (audit.tests_command_actor.WhoAndWhatMayBeNamedTests.test_a_command_that_does_not_exist_is_refused) ... Free trial plan not found: no trial activated for user 53444ca9-13b1-4ec2-91d9-c82704addcab.
Cannot activate automatic trial for user 53444ca9-13b1-4ec2-91d9-c82704addcab (validation): ValueError
ok
test_a_listed_command_with_a_free_text_name_is_refused (audit.tests_command_actor.WhoAndWhatMayBeNamedTests.test_a_listed_command_with_a_free_text_name_is_refused)
Isolates the shape check: even a name Django lists as a command ... Free trial plan not found: no trial activated for user 442132a9-8a06-4945-80fd-c02e8e66e112.
Cannot activate automatic trial for user 442132a9-8a06-4945-80fd-c02e8e66e112 (validation): ValueError
ok
test_a_real_command_is_accepted (audit.tests_command_actor.WhoAndWhatMayBeNamedTests.test_a_real_command_is_accepted) ... Free trial plan not found: no trial activated for user 283fbc5d-755a-4763-b31c-3cd6a87f42f9.
Cannot activate automatic trial for user 283fbc5d-755a-4763-b31c-3cd6a87f42f9 (validation): ValueError
ok
test_a_school_admin_is_refused (audit.tests_command_actor.WhoAndWhatMayBeNamedTests.test_a_school_admin_is_refused) ... Free trial plan not found: no trial activated for user a883acfb-dd50-4dbe-9446-aac49709f5d2.
Cannot activate automatic trial for user a883acfb-dd50-4dbe-9446-aac49709f5d2 (validation): ValueError
ok
test_a_super_admin_type_without_the_superuser_flag_is_refused (audit.tests_command_actor.WhoAndWhatMayBeNamedTests.test_a_super_admin_type_without_the_superuser_flag_is_refused) ... Free trial plan not found: no trial activated for user 13d7d8c8-407f-4d02-8806-fde48a50209e.
Cannot activate automatic trial for user 13d7d8c8-407f-4d02-8806-fde48a50209e (validation): ValueError
ok
test_a_superuser_flag_without_the_super_admin_type_is_refused (audit.tests_command_actor.WhoAndWhatMayBeNamedTests.test_a_superuser_flag_without_the_super_admin_type_is_refused) ... Free trial plan not found: no trial activated for user 3f29a21a-83b6-4837-a28a-caddebbda179.
Cannot activate automatic trial for user 3f29a21a-83b6-4837-a28a-caddebbda179 (validation): ValueError
Free trial plan not found: no trial activated for user 2db282d5-446b-4d75-adef-86a57fedc416.
Cannot activate automatic trial for user 2db282d5-446b-4d75-adef-86a57fedc416 (validation): ValueError
ok
test_a_teacher_is_refused (audit.tests_command_actor.WhoAndWhatMayBeNamedTests.test_a_teacher_is_refused) ... Free trial plan not found: no trial activated for user 77dae92e-cf3a-4e66-b10a-b1ba94b1eef2.
Cannot activate automatic trial for user 77dae92e-cf3a-4e66-b10a-b1ba94b1eef2 (validation): ValueError
ok
test_an_inactive_super_admin_is_refused (audit.tests_command_actor.WhoAndWhatMayBeNamedTests.test_an_inactive_super_admin_is_refused) ... Free trial plan not found: no trial activated for user f4dab1c0-5100-4bbe-abfc-7de37681877b.
Cannot activate automatic trial for user f4dab1c0-5100-4bbe-abfc-7de37681877b (validation): ValueError
ok
test_an_unsaved_user_is_refused (audit.tests_command_actor.WhoAndWhatMayBeNamedTests.test_an_unsaved_user_is_refused) ... Free trial plan not found: no trial activated for user b1ad8e07-e8fa-4cf1-aaf8-55ef5be3ccdf.
Cannot activate automatic trial for user b1ad8e07-e8fa-4cf1-aaf8-55ef5be3ccdf (validation): ValueError
ok
test_free_text_is_refused_as_a_command (audit.tests_command_actor.WhoAndWhatMayBeNamedTests.test_free_text_is_refused_as_a_command) ... Free trial plan not found: no trial activated for user a057dcdc-8e5b-4df4-9740-56796b116bc2.
Cannot activate automatic trial for user a057dcdc-8e5b-4df4-9740-56796b116bc2 (validation): ValueError
ok
test_no_user_is_refused (audit.tests_command_actor.WhoAndWhatMayBeNamedTests.test_no_user_is_refused) ... Free trial plan not found: no trial activated for user 58c074a8-27a1-44a1-bbc9-cd082d6f41be.
Cannot activate automatic trial for user 58c074a8-27a1-44a1-bbc9-cd082d6f41be (validation): ValueError
ok
test_a_requests_signed_in_user_outranks_the_command_in_history (audit.tests_command_actor.WritesInsideACommandTests.test_a_requests_signed_in_user_outranks_the_command_in_history)
`command_actor` is for code with no request. If both exist, the ... Free trial plan not found: no trial activated for user 01f1d96c-43dd-4167-9191-cb48bc4da966.
Cannot activate automatic trial for user 01f1d96c-43dd-4167-9191-cb48bc4da966 (validation): ValueError
ok
test_a_save_is_recorded_as_the_operator (audit.tests_command_actor.WritesInsideACommandTests.test_a_save_is_recorded_as_the_operator) ... Free trial plan not found: no trial activated for user f30a0786-3c07-4df0-831b-1709afe530fb.
Cannot activate automatic trial for user f30a0786-3c07-4df0-831b-1709afe530fb (validation): ValueError
ok
test_an_explicit_actor_is_kept_and_the_command_is_still_named (audit.tests_command_actor.WritesInsideACommandTests.test_an_explicit_actor_is_kept_and_the_command_is_still_named) ... Free trial plan not found: no trial activated for user 20f0f489-c3be-4d77-9deb-83cdf15dd8e2.
Cannot activate automatic trial for user 20f0f489-c3be-4d77-9deb-83cdf15dd8e2 (validation): ValueError
ok
test_an_explicit_emit_with_no_actor_is_recorded_as_the_operator (audit.tests_command_actor.WritesInsideACommandTests.test_an_explicit_emit_with_no_actor_is_recorded_as_the_operator) ... Free trial plan not found: no trial activated for user 118823c4-c528-4154-aec6-fb2263d2cc80.
Cannot activate automatic trial for user 118823c4-c528-4154-aec6-fb2263d2cc80 (validation): ValueError
ok
test_record_bulk_is_recorded_as_the_operator (audit.tests_command_actor.WritesInsideACommandTests.test_record_bulk_is_recorded_as_the_operator) ... Free trial plan not found: no trial activated for user c0a82449-81ea-4435-b03c-0b8df9118f96.
Cannot activate automatic trial for user c0a82449-81ea-4435-b03c-0b8df9118f96 (validation): ValueError
ok
test_a_student_token_is_renewed_with_a_fresh_expiry (users.tests_models_and_admin.ActivationTokenRenewalTests.test_a_student_token_is_renewed_with_a_fresh_expiry) ... ok
test_renewal_is_refused_for_non_students (users.tests_models_and_admin.ActivationTokenRenewalTests.test_renewal_is_refused_for_non_students)
Teachers use the OTP endpoint; this path is student-only. ... Free trial plan not found: no trial activated for user 149589f9-f95d-4b5c-ad67-945f63e515e9.
Cannot activate automatic trial for user 149589f9-f95d-4b5c-ad67-945f63e515e9 (validation): ValueError
ok
test_activate_users_action_activates_the_selection (users.tests_models_and_admin.AdminActionTests.test_activate_users_action_activates_the_selection) ... Free trial plan not found: no trial activated for user d0b20f08-7c54-4cc7-8116-d0dbb150559b.
Cannot activate automatic trial for user d0b20f08-7c54-4cc7-8116-d0dbb150559b (validation): ValueError
Free trial plan not found: no trial activated for user 89830f3e-82ca-4968-a811-2dd88403b0c3.
Cannot activate automatic trial for user 89830f3e-82ca-4968-a811-2dd88403b0c3 (validation): ValueError
ok
test_beta_whitelist_admin_is_registered_with_its_search_fields (users.tests_models_and_admin.AdminActionTests.test_beta_whitelist_admin_is_registered_with_its_search_fields) ... Free trial plan not found: no trial activated for user 79cef479-f500-4e3a-a475-8f100d37dc38.
Cannot activate automatic trial for user 79cef479-f500-4e3a-a475-8f100d37dc38 (validation): ValueError
ok
test_deactivate_users_action_deactivates_the_selection (users.tests_models_and_admin.AdminActionTests.test_deactivate_users_action_deactivates_the_selection) ... Free trial plan not found: no trial activated for user c2a5a89d-1538-458c-ad8e-d56584172489.
Cannot activate automatic trial for user c2a5a89d-1538-458c-ad8e-d56584172489 (validation): ValueError
Free trial plan not found: no trial activated for user 794cd8a6-423c-4b69-aef6-3328561da9cf.
Cannot activate automatic trial for user 794cd8a6-423c-4b69-aef6-3328561da9cf (validation): ValueError
ok
test_otp_admins_expose_validity_and_forbid_manual_creation (users.tests_models_and_admin.AdminActionTests.test_otp_admins_expose_validity_and_forbid_manual_creation) ... Free trial plan not found: no trial activated for user add98f6e-621f-4a70-9ccf-aa897e3d02da.
Cannot activate automatic trial for user add98f6e-621f-4a70-9ccf-aa897e3d02da (validation): ValueError
ok
test_readonly_fields_lock_the_id_when_editing (users.tests_models_and_admin.AdminActionTests.test_readonly_fields_lock_the_id_when_editing) ... Free trial plan not found: no trial activated for user f4fa12db-8519-4b89-be61-25b43d98ab2b.
Cannot activate automatic trial for user f4fa12db-8519-4b89-be61-25b43d98ab2b (validation): ValueError
ok
test_waitlist_admin_transfer_action_moves_every_selected_row (users.tests_models_and_admin.AdminActionTests.test_waitlist_admin_transfer_action_moves_every_selected_row) ... Free trial plan not found: no trial activated for user 48021bc3-ca15-42a8-8f9a-c19c139f7b95.
Cannot activate automatic trial for user 48021bc3-ca15-42a8-8f9a-c19c139f7b95 (validation): ValueError
ok
test_add_a_waitlist_user (users.tests_models_and_admin.BetaWhitelistAndWaitlistModelTests.test_add_a_waitlist_user) ... ok
test_add_and_remove_a_beta_user (users.tests_models_and_admin.BetaWhitelistAndWaitlistModelTests.test_add_and_remove_a_beta_user) ... ok
test_str_reflects_active_state (users.tests_models_and_admin.BetaWhitelistAndWaitlistModelTests.test_str_reflects_active_state) ... ok
test_transfer_moves_the_row_and_records_the_origin (users.tests_models_and_admin.BetaWhitelistAndWaitlistModelTests.test_transfer_moves_the_row_and_records_the_origin) ... ok
test_waitlist_str_includes_the_email (users.tests_models_and_admin.BetaWhitelistAndWaitlistModelTests.test_waitlist_str_includes_the_email) ... ok
test_remaining_credits_exclude_spent_and_expired_buckets (users.tests_models_and_admin.CreditWalletBalanceTests.test_remaining_credits_exclude_spent_and_expired_buckets) ... Free trial plan not found: no trial activated for user a8823532-6ac5-4553-8d92-4f5a59f9653c.
Cannot activate automatic trial for user a8823532-6ac5-4553-8d92-4f5a59f9653c (validation): ValueError
ok
test_an_email_is_required (users.tests_models_and_admin.CustomUserManagerTests.test_an_email_is_required) ... ok
test_create_superuser_rejects_is_staff_false (users.tests_models_and_admin.CustomUserManagerTests.test_create_superuser_rejects_is_staff_false) ... ok
test_create_superuser_rejects_is_superuser_false (users.tests_models_and_admin.CustomUserManagerTests.test_create_superuser_rejects_is_superuser_false) ... ok
test_create_superuser_sets_both_flags (users.tests_models_and_admin.CustomUserManagerTests.test_create_superuser_sets_both_flags) ... Free trial plan not found: no trial activated for user 14776951-b4d0-49fd-8b22-4c88b4c5f88f.
Cannot activate automatic trial for user 14776951-b4d0-49fd-8b22-4c88b4c5f88f (validation): ValueError
ok
test_save_false_returns_an_unsaved_instance (users.tests_models_and_admin.CustomUserManagerTests.test_save_false_returns_an_unsaved_instance) ... ok
test_the_email_is_normalised (users.tests_models_and_admin.CustomUserManagerTests.test_the_email_is_normalised) ... Free trial plan not found: no trial activated for user ec3ba829-5ef6-4eac-825b-84a16444ee13.
Cannot activate automatic trial for user ec3ba829-5ef6-4eac-825b-84a16444ee13 (validation): ValueError
ok
test_failures_accumulate_then_lock (users.tests_models_and_admin.LoginLockoutModelTests.test_failures_accumulate_then_lock) ... Free trial plan not found: no trial activated for user e5ceb4d7-e057-49cf-9d1a-faa3832cfa1e.
Cannot activate automatic trial for user e5ceb4d7-e057-49cf-9d1a-faa3832cfa1e (validation): ValueError
ok
test_reset_clears_an_existing_lockout (users.tests_models_and_admin.LoginLockoutModelTests.test_reset_clears_an_existing_lockout) ... Free trial plan not found: no trial activated for user fab9bece-9a6e-4c54-bbf2-eb2316ff52d1.
Cannot activate automatic trial for user fab9bece-9a6e-4c54-bbf2-eb2316ff52d1 (validation): ValueError
ok
test_reset_is_a_noop_when_already_clean (users.tests_models_and_admin.LoginLockoutModelTests.test_reset_is_a_noop_when_already_clean)
Avoids a pointless UPDATE on every successful login. ... Free trial plan not found: no trial activated for user 1dad36b3-b6f5-46f5-b64a-c53a38979ab1.
Cannot activate automatic trial for user 1dad36b3-b6f5-46f5-b64a-c53a38979ab1 (validation): ValueError
ok
test_password_change_otp_expires_after_five_minutes (users.tests_models_and_admin.OTPModelTests.test_password_change_otp_expires_after_five_minutes) ... Free trial plan not found: no trial activated for user c9ba3a7b-c796-4e60-a5c9-a66c72c30910.
Cannot activate automatic trial for user c9ba3a7b-c796-4e60-a5c9-a66c72c30910 (validation): ValueError
ok
test_password_reset_otp_str (users.tests_models_and_admin.OTPModelTests.test_password_reset_otp_str) ... Free trial plan not found: no trial activated for user 8349b2ae-953c-4bd3-ab8a-acdfc5eab984.
Cannot activate automatic trial for user 8349b2ae-953c-4bd3-ab8a-acdfc5eab984 (validation): ValueError
ok
test_a_plan_without_monthly_credits_reports_zero (users.tests_models_and_admin.SubscriptionConvenienceTests.test_a_plan_without_monthly_credits_reports_zero) ... Free trial plan not found: no trial activated for user d649dd0a-bc9d-416e-b0d4-70bdbd51671b.
Cannot activate automatic trial for user d649dd0a-bc9d-416e-b0d4-70bdbd51671b (validation): ValueError
ok
test_an_inactive_subscription_is_ignored (users.tests_models_and_admin.SubscriptionConvenienceTests.test_an_inactive_subscription_is_ignored) ... Free trial plan not found: no trial activated for user 1decccac-5517-417e-ae69-2566e4b20e4f.
Cannot activate automatic trial for user 1decccac-5517-417e-ae69-2566e4b20e4f (validation): ValueError
ok
test_an_individual_subscription_is_reported (users.tests_models_and_admin.SubscriptionConvenienceTests.test_an_individual_subscription_is_reported) ... Free trial plan not found: no trial activated for user b868f0d6-8062-4219-93a2-c9176779cdb8.
Cannot activate automatic trial for user b868f0d6-8062-4219-93a2-c9176779cdb8 (validation): ValueError
ok
test_no_subscription_reports_none_and_zero (users.tests_models_and_admin.SubscriptionConvenienceTests.test_no_subscription_reports_none_and_zero) ... Free trial plan not found: no trial activated for user 58b65990-e522-4f7a-a417-902592723694.
Cannot activate automatic trial for user 58b65990-e522-4f7a-a417-902592723694 (validation): ValueError
ok
test_str_names_the_user (users.tests_models_and_admin.UserActivityStrTests.test_str_names_the_user) ... Free trial plan not found: no trial activated for user ffbf3d9b-d32d-43fe-8c48-e5b95d57b403.
Cannot activate automatic trial for user ffbf3d9b-d32d-43fe-8c48-e5b95d57b403 (validation): ValueError
ok
test_str_names_the_owner (users.tests_models_and_admin.UserGoogleCredentialsStrTests.test_str_names_the_owner) ... Free trial plan not found: no trial activated for user 3ea98b0b-4905-418e-b1cf-a39727891888.
Cannot activate automatic trial for user 3ea98b0b-4905-418e-b1cf-a39727891888 (validation): ValueError
ok
test_full_name_joins_the_present_parts (users.tests_models_and_admin.UserHelperTests.test_full_name_joins_the_present_parts) ... Free trial plan not found: no trial activated for user 40912e18-4692-4559-aeb2-045544b4c126.
Cannot activate automatic trial for user 40912e18-4692-4559-aeb2-045544b4c126 (validation): ValueError
ok
test_full_name_skips_blank_and_whitespace_only_parts (users.tests_models_and_admin.UserHelperTests.test_full_name_skips_blank_and_whitespace_only_parts) ... Free trial plan not found: no trial activated for user 5381e55e-bc1a-4211-a16d-302408d58956.
Cannot activate automatic trial for user 5381e55e-bc1a-4211-a16d-302408d58956 (validation): ValueError
ok
test_profile_image_upload_path_is_scoped_to_the_user (users.tests_models_and_admin.UserHelperTests.test_profile_image_upload_path_is_scoped_to_the_user) ... Free trial plan not found: no trial activated for user 456cda0c-0be4-44de-ba0b-49eff4533789.
Cannot activate automatic trial for user 456cda0c-0be4-44de-ba0b-49eff4533789 (validation): ValueError
ok
test_role_predicates (users.tests_models_and_admin.UserHelperTests.test_role_predicates) ... Free trial plan not found: no trial activated for user 2fefe290-9cd1-46c5-8dc2-e0d6ea04e62e.
Cannot activate automatic trial for user 2fefe290-9cd1-46c5-8dc2-e0d6ea04e62e (validation): ValueError
ok
test_str_is_the_full_name (users.tests_models_and_admin.UserHelperTests.test_str_is_the_full_name) ... Free trial plan not found: no trial activated for user f260098e-6d72-433e-b5ed-09309b6cdb6f.
Cannot activate automatic trial for user f260098e-6d72-433e-b5ed-09309b6cdb6f (validation): ValueError
ok
test_a_never_verified_inactive_account_still_activates_end_to_end (users.tests_switched_off_means_out.SwitchedOffRoadsTests.test_a_never_verified_inactive_account_still_activates_end_to_end)
Green on the old code too: self-registration. ... Free trial plan not found: no trial activated for user bb6468ee-516b-4870-a72e-1b770b78a01d.
Cannot activate automatic trial for user bb6468ee-516b-4870-a72e-1b770b78a01d (validation): ValueError
ok
test_a_refused_reset_for_a_switched_off_account_spends_an_attempt (users.tests_switched_off_means_out.SwitchedOffRoadsTests.test_a_refused_reset_for_a_switched_off_account_spends_an_attempt) ... API Exception
Traceback (most recent call last):
  File "/home/bond-servant-in-training/Documents/Virtualenvs/AutoGrader_env/lib/python3.12/site-packages/rest_framework/views.py", line 512, in dispatch
    response = handler(request, *args, **kwargs)
               ^^^^^^^^^^^^^^^^^^^^^^^^^^^^^^^^^
  File "/home/bond-servant-in-training/Documents/Projects/Grade-Automator-Plus-epic-a-merge-down-b14/users/views.py", line 1469, in reset_password
    raise ParseError("Invalid email, OTP code, or new password.")
rest_framework.exceptions.ParseError: Invalid email, OTP code, or new password.
ok
test_a_refused_verify_for_a_switched_off_account_locks_the_address_like_a_wrong_guess (users.tests_switched_off_means_out.SwitchedOffRoadsTests.test_a_refused_verify_for_a_switched_off_account_locks_the_address_like_a_wrong_guess)
The budget is spent as for a wrong guess only if the address is ... API Exception
Traceback (most recent call last):
  File "/home/bond-servant-in-training/Documents/Virtualenvs/AutoGrader_env/lib/python3.12/site-packages/rest_framework/views.py", line 512, in dispatch
    response = handler(request, *args, **kwargs)
               ^^^^^^^^^^^^^^^^^^^^^^^^^^^^^^^^^
  File "/home/bond-servant-in-training/Documents/Projects/Grade-Automator-Plus-epic-a-merge-down-b14/users/views.py", line 1081, in verify
    refuse("Invalid email or token.", user, "INVALID_CODE")
  File "/home/bond-servant-in-training/Documents/Projects/Grade-Automator-Plus-epic-a-merge-down-b14/users/views.py", line 1064, in refuse
    raise ParseError(message)
rest_framework.exceptions.ParseError: Invalid email or token.
verify_email address locked after too many attempts
API Exception
Traceback (most recent call last):
  File "/home/bond-servant-in-training/Documents/Virtualenvs/AutoGrader_env/lib/python3.12/site-packages/rest_framework/views.py", line 512, in dispatch
    response = handler(request, *args, **kwargs)
               ^^^^^^^^^^^^^^^^^^^^^^^^^^^^^^^^^
  File "/home/bond-servant-in-training/Documents/Projects/Grade-Automator-Plus-epic-a-merge-down-b14/users/views.py", line 1081, in verify
    refuse("Invalid email or token.", user, "INVALID_CODE")
  File "/home/bond-servant-in-training/Documents/Projects/Grade-Automator-Plus-epic-a-merge-down-b14/users/views.py", line 1064, in refuse
    raise ParseError(message)
rest_framework.exceptions.ParseError: Invalid email or token.
ok
test_a_refused_verify_for_a_switched_off_account_spends_the_budget (users.tests_switched_off_means_out.SwitchedOffRoadsTests.test_a_refused_verify_for_a_switched_off_account_spends_the_budget) ... API Exception
Traceback (most recent call last):
  File "/home/bond-servant-in-training/Documents/Virtualenvs/AutoGrader_env/lib/python3.12/site-packages/rest_framework/views.py", line 512, in dispatch
    response = handler(request, *args, **kwargs)
               ^^^^^^^^^^^^^^^^^^^^^^^^^^^^^^^^^
  File "/home/bond-servant-in-training/Documents/Projects/Grade-Automator-Plus-epic-a-merge-down-b14/users/views.py", line 1081, in verify
    refuse("Invalid email or token.", user, "INVALID_CODE")
  File "/home/bond-servant-in-training/Documents/Projects/Grade-Automator-Plus-epic-a-merge-down-b14/users/views.py", line 1064, in refuse
    raise ParseError(message)
rest_framework.exceptions.ParseError: Invalid email or token.
verify_email address locked after too many attempts
API Exception
Traceback (most recent call last):
  File "/home/bond-servant-in-training/Documents/Virtualenvs/AutoGrader_env/lib/python3.12/site-packages/rest_framework/views.py", line 512, in dispatch
    response = handler(request, *args, **kwargs)
               ^^^^^^^^^^^^^^^^^^^^^^^^^^^^^^^^^
  File "/home/bond-servant-in-training/Documents/Projects/Grade-Automator-Plus-epic-a-merge-down-b14/users/views.py", line 1081, in verify
    refuse("Invalid email or token.", user, "INVALID_CODE")
  File "/home/bond-servant-in-training/Documents/Projects/Grade-Automator-Plus-epic-a-merge-down-b14/users/views.py", line 1064, in refuse
    raise ParseError(message)
rest_framework.exceptions.ParseError: Invalid email or token.
API Exception
Traceback (most recent call last):
  File "/home/bond-servant-in-training/Documents/Virtualenvs/AutoGrader_env/lib/python3.12/site-packages/rest_framework/views.py", line 512, in dispatch
    response = handler(request, *args, **kwargs)
               ^^^^^^^^^^^^^^^^^^^^^^^^^^^^^^^^^
  File "/home/bond-servant-in-training/Documents/Projects/Grade-Automator-Plus-epic-a-merge-down-b14/users/views.py", line 1036, in verify
    raise EnvelopedThrottled(
users.exceptions.EnvelopedThrottled: Too many incorrect codes for this email address. Please wait, then request a new verification email. Expected available in 1799 seconds.
ok
test_a_reset_for_a_switched_off_account_changes_nothing_and_signs_nobody_in (users.tests_switched_off_means_out.SwitchedOffRoadsTests.test_a_reset_for_a_switched_off_account_changes_nothing_and_signs_nobody_in) ... API Exception
Traceback (most recent call last):
  File "/home/bond-servant-in-training/Documents/Virtualenvs/AutoGrader_env/lib/python3.12/site-packages/rest_framework/views.py", line 512, in dispatch
    response = handler(request, *args, **kwargs)
               ^^^^^^^^^^^^^^^^^^^^^^^^^^^^^^^^^
  File "/home/bond-servant-in-training/Documents/Projects/Grade-Automator-Plus-epic-a-merge-down-b14/users/views.py", line 1469, in reset_password
    raise ParseError("Invalid email, OTP code, or new password.")
rest_framework.exceptions.ParseError: Invalid email, OTP code, or new password.
ok
test_an_active_verified_account_can_still_reset (users.tests_switched_off_means_out.SwitchedOffRoadsTests.test_an_active_verified_account_can_still_reset)
Green on the old code too. ... Free trial plan not found: no trial activated for user 3d41b36c-6d6a-4fe0-bf96-7ee9f1f82126.
Cannot activate automatic trial for user 3d41b36c-6d6a-4fe0-bf96-7ee9f1f82126 (validation): ValueError
ok
test_an_active_verified_account_is_still_told_it_is_verified (users.tests_switched_off_means_out.SwitchedOffRoadsTests.test_an_active_verified_account_is_still_told_it_is_verified)
Green on the old code too. ... Free trial plan not found: no trial activated for user c928b64e-15ee-4a87-84b3-18cb473607a4.
Cannot activate automatic trial for user c928b64e-15ee-4a87-84b3-18cb473607a4 (validation): ValueError
API Exception
Traceback (most recent call last):
  File "/home/bond-servant-in-training/Documents/Virtualenvs/AutoGrader_env/lib/python3.12/site-packages/rest_framework/views.py", line 512, in dispatch
    response = handler(request, *args, **kwargs)
               ^^^^^^^^^^^^^^^^^^^^^^^^^^^^^^^^^
  File "/home/bond-servant-in-training/Documents/Projects/Grade-Automator-Plus-epic-a-merge-down-b14/users/views.py", line 1228, in otp
    raise ParseError("Email already verified. Please login.")
rest_framework.exceptions.ParseError: Email already verified. Please login.
ok
test_an_invited_school_admin_still_verifies (users.tests_switched_off_means_out.SwitchedOffRoadsTests.test_an_invited_school_admin_still_verifies)
Green on the old code too. ... ok
test_an_old_scheme_pending_student_still_verifies (users.tests_switched_off_means_out.SwitchedOffRoadsTests.test_an_old_scheme_pending_student_still_verifies)
Green on the old code too: inactive, never verified, a student ... ok
test_that_reset_code_request_answers_like_an_unknown_address (users.tests_switched_off_means_out.SwitchedOffRoadsTests.test_that_reset_code_request_answers_like_an_unknown_address) ... ok
test_that_reset_refusal_is_the_same_as_for_an_address_with_no_account (users.tests_switched_off_means_out.SwitchedOffRoadsTests.test_that_reset_refusal_is_the_same_as_for_an_address_with_no_account) ... API Exception
Traceback (most recent call last):
  File "/home/bond-servant-in-training/Documents/Virtualenvs/AutoGrader_env/lib/python3.12/site-packages/rest_framework/views.py", line 512, in dispatch
    response = handler(request, *args, **kwargs)
               ^^^^^^^^^^^^^^^^^^^^^^^^^^^^^^^^^
  File "/home/bond-servant-in-training/Documents/Projects/Grade-Automator-Plus-epic-a-merge-down-b14/users/views.py", line 1469, in reset_password
    raise ParseError("Invalid email, OTP code, or new password.")
rest_framework.exceptions.ParseError: Invalid email, OTP code, or new password.
API Exception
Exception

The above exception was the direct cause of the following exception:

Traceback (most recent call last):
  File "/home/bond-servant-in-training/Documents/Virtualenvs/AutoGrader_env/lib/python3.12/site-packages/rest_framework/views.py", line 512, in dispatch
    response = handler(request, *args, **kwargs)
               ^^^^^^^^^^^^^^^^^^^^^^^^^^^^^^^^^
  File "/home/bond-servant-in-training/Documents/Projects/Grade-Automator-Plus-epic-a-merge-down-b14/users/views.py", line 1451, in reset_password
    raise ParseError("Invalid email, OTP code, or new password.") from Exception
rest_framework.exceptions.ParseError: Invalid email, OTP code, or new password.
ok
test_that_verify_code_request_answers_like_an_unknown_address (users.tests_switched_off_means_out.SwitchedOffRoadsTests.test_that_verify_code_request_answers_like_an_unknown_address) ... ok
test_that_verify_refusal_is_the_wrong_code_refusal (users.tests_switched_off_means_out.SwitchedOffRoadsTests.test_that_verify_refusal_is_the_wrong_code_refusal) ... API Exception
Traceback (most recent call last):
  File "/home/bond-servant-in-training/Documents/Virtualenvs/AutoGrader_env/lib/python3.12/site-packages/rest_framework/views.py", line 512, in dispatch
    response = handler(request, *args, **kwargs)
               ^^^^^^^^^^^^^^^^^^^^^^^^^^^^^^^^^
  File "/home/bond-servant-in-training/Documents/Projects/Grade-Automator-Plus-epic-a-merge-down-b14/users/views.py", line 1081, in verify
    refuse("Invalid email or token.", user, "INVALID_CODE")
  File "/home/bond-servant-in-training/Documents/Projects/Grade-Automator-Plus-epic-a-merge-down-b14/users/views.py", line 1064, in refuse
    raise ParseError(message)
rest_framework.exceptions.ParseError: Invalid email or token.
API Exception
Traceback (most recent call last):
  File "/home/bond-servant-in-training/Documents/Virtualenvs/AutoGrader_env/lib/python3.12/site-packages/rest_framework/views.py", line 512, in dispatch
    response = handler(request, *args, **kwargs)
               ^^^^^^^^^^^^^^^^^^^^^^^^^^^^^^^^^
  File "/home/bond-servant-in-training/Documents/Projects/Grade-Automator-Plus-epic-a-merge-down-b14/users/views.py", line 1068, in verify
    refuse("Invalid email or token.", account_for_email(email), "INVALID_CODE")
  File "/home/bond-servant-in-training/Documents/Projects/Grade-Automator-Plus-epic-a-merge-down-b14/users/views.py", line 1064, in refuse
    raise ParseError(message)
rest_framework.exceptions.ParseError: Invalid email or token.
ok
test_the_reset_code_request_for_a_switched_off_account_makes_no_code (users.tests_switched_off_means_out.SwitchedOffRoadsTests.test_the_reset_code_request_for_a_switched_off_account_makes_no_code) ... ok
test_the_verify_code_request_for_a_switched_off_account_sends_nothing (users.tests_switched_off_means_out.SwitchedOffRoadsTests.test_the_verify_code_request_for_a_switched_off_account_sends_nothing) ... ok
test_verify_does_not_switch_a_switched_off_account_back_on (users.tests_switched_off_means_out.SwitchedOffRoadsTests.test_verify_does_not_switch_a_switched_off_account_back_on) ... API Exception
Traceback (most recent call last):
  File "/home/bond-servant-in-training/Documents/Virtualenvs/AutoGrader_env/lib/python3.12/site-packages/rest_framework/views.py", line 512, in dispatch
    response = handler(request, *args, **kwargs)
               ^^^^^^^^^^^^^^^^^^^^^^^^^^^^^^^^^
  File "/home/bond-servant-in-training/Documents/Projects/Grade-Automator-Plus-epic-a-merge-down-b14/users/views.py", line 1081, in verify
    refuse("Invalid email or token.", user, "INVALID_CODE")
  File "/home/bond-servant-in-training/Documents/Projects/Grade-Automator-Plus-epic-a-merge-down-b14/users/views.py", line 1064, in refuse
    raise ParseError(message)
rest_framework.exceptions.ParseError: Invalid email or token.
ok
test_a_switch_on_alone_does_not_bump_the_epoch (users.tests_switched_off_means_out.SwitchingOffRevokesSessionsTests.test_a_switch_on_alone_does_not_bump_the_epoch) ... Free trial plan not found: no trial activated for user 717be3c8-f6bd-40f8-8052-f61062d25e99.
Cannot activate automatic trial for user 717be3c8-f6bd-40f8-8052-f61062d25e99 (validation): ValueError
Free trial plan not found: no trial activated for user 721630b5-c920-484f-b9ca-b863bedd3ffe.
Cannot activate automatic trial for user 721630b5-c920-484f-b9ca-b863bedd3ffe (validation): ValueError
ok
test_an_edit_of_an_already_inactive_user_that_leaves_is_active_alone_does_not_bump (users.tests_switched_off_means_out.SwitchingOffRevokesSessionsTests.test_an_edit_of_an_already_inactive_user_that_leaves_is_active_alone_does_not_bump) ... Free trial plan not found: no trial activated for user 8710f956-d1b8-427b-b8a1-56075f87b401.
Cannot activate automatic trial for user 8710f956-d1b8-427b-b8a1-56075f87b401 (validation): ValueError
Free trial plan not found: no trial activated for user 6fc77ced-c095-4e0a-9009-a243ad3829a6.
Cannot activate automatic trial for user 6fc77ced-c095-4e0a-9009-a243ad3829a6 (validation): ValueError
ok
test_an_edit_that_does_not_touch_is_active_does_not_bump (users.tests_switched_off_means_out.SwitchingOffRevokesSessionsTests.test_an_edit_that_does_not_touch_is_active_does_not_bump) ... Free trial plan not found: no trial activated for user 0b3dc2a4-f509-42c7-97e9-159396301a92.
Cannot activate automatic trial for user 0b3dc2a4-f509-42c7-97e9-159396301a92 (validation): ValueError
Free trial plan not found: no trial activated for user 0b14d810-0b94-4c79-9cea-58ede9127ad0.
Cannot activate automatic trial for user 0b14d810-0b94-4c79-9cea-58ede9127ad0 (validation): ValueError
ok
test_an_edit_that_switches_a_user_off_bumps_the_epoch (users.tests_switched_off_means_out.SwitchingOffRevokesSessionsTests.test_an_edit_that_switches_a_user_off_bumps_the_epoch) ... Free trial plan not found: no trial activated for user 651352f2-e97b-4cb0-9af0-4e6e8471c05b.
Cannot activate automatic trial for user 651352f2-e97b-4cb0-9af0-4e6e8471c05b (validation): ValueError
Free trial plan not found: no trial activated for user 54c5b4ca-f93a-45fe-ab58-6166c6219475.
Cannot activate automatic trial for user 54c5b4ca-f93a-45fe-ab58-6166c6219475 (validation): ValueError
ok
test_an_edit_that_switches_a_user_on_does_not_bump (users.tests_switched_off_means_out.SwitchingOffRevokesSessionsTests.test_an_edit_that_switches_a_user_on_does_not_bump) ... Free trial plan not found: no trial activated for user 5efa045b-82c9-415c-ab21-12a5e9cc68b7.
Cannot activate automatic trial for user 5efa045b-82c9-415c-ab21-12a5e9cc68b7 (validation): ValueError
Free trial plan not found: no trial activated for user 482f0c2d-0e4d-49f3-a2a2-e461302958b5.
Cannot activate automatic trial for user 482f0c2d-0e4d-49f3-a2a2-e461302958b5 (validation): ValueError
ok
test_the_bulk_switch_off_bumps_the_token_epoch_by_one (users.tests_switched_off_means_out.SwitchingOffRevokesSessionsTests.test_the_bulk_switch_off_bumps_the_token_epoch_by_one) ... Free trial plan not found: no trial activated for user 00b6bc12-9a03-4245-93aa-8695ef2e22b8.
Cannot activate automatic trial for user 00b6bc12-9a03-4245-93aa-8695ef2e22b8 (validation): ValueError
Free trial plan not found: no trial activated for user a9b318f6-37f0-4aee-86d1-d04695a325bd.
Cannot activate automatic trial for user a9b318f6-37f0-4aee-86d1-d04695a325bd (validation): ValueError
ok
test_the_bulk_switch_off_leaves_an_already_inactive_rows_epoch_alone (users.tests_switched_off_means_out.SwitchingOffRevokesSessionsTests.test_the_bulk_switch_off_leaves_an_already_inactive_rows_epoch_alone) ... Free trial plan not found: no trial activated for user 652eae8f-8bf9-423f-869d-9b55b21097ec.
Cannot activate automatic trial for user 652eae8f-8bf9-423f-869d-9b55b21097ec (validation): ValueError
Free trial plan not found: no trial activated for user 8656ff04-1628-4bb9-986d-16e3f3f31354.
Cannot activate automatic trial for user 8656ff04-1628-4bb9-986d-16e3f3f31354 (validation): ValueError
Free trial plan not found: no trial activated for user cb0ef8fa-2ebf-4737-b6a9-974d8a638bc6.
Cannot activate automatic trial for user cb0ef8fa-2ebf-4737-b6a9-974d8a638bc6 (validation): ValueError
ok
test_tokens_issued_after_the_switch_on_work (users.tests_switched_off_means_out.SwitchingOffRevokesSessionsTests.test_tokens_issued_after_the_switch_on_work)
Green on the old code too. ... Free trial plan not found: no trial activated for user 7cb7c51a-ec3f-4d94-8e19-e97f8aa8ddef.
Cannot activate automatic trial for user 7cb7c51a-ec3f-4d94-8e19-e97f8aa8ddef (validation): ValueError
Free trial plan not found: no trial activated for user d0c07d74-f3c7-40d9-b6e8-b26963b8abdb.
Cannot activate automatic trial for user d0c07d74-f3c7-40d9-b6e8-b26963b8abdb (validation): ValueError
ok
test_tokens_issued_before_the_switch_off_stay_dead_after_a_switch_on (users.tests_switched_off_means_out.SwitchingOffRevokesSessionsTests.test_tokens_issued_before_the_switch_off_stay_dead_after_a_switch_on) ... Free trial plan not found: no trial activated for user 697bd4aa-1c52-41ad-9f2a-b8f060666752.
Cannot activate automatic trial for user 697bd4aa-1c52-41ad-9f2a-b8f060666752 (validation): ValueError
Free trial plan not found: no trial activated for user 48c799ca-777d-4d18-86be-6ae98fa9fbbc.
Cannot activate automatic trial for user 48c799ca-777d-4d18-86be-6ae98fa9fbbc (validation): ValueError
API Exception
Traceback (most recent call last):
  File "/home/bond-servant-in-training/Documents/Virtualenvs/AutoGrader_env/lib/python3.12/site-packages/rest_framework/views.py", line 503, in dispatch
    self.initial(request, *args, **kwargs)
  File "/home/bond-servant-in-training/Documents/Virtualenvs/AutoGrader_env/lib/python3.12/site-packages/rest_framework/views.py", line 420, in initial
    self.perform_authentication(request)
  File "/home/bond-servant-in-training/Documents/Virtualenvs/AutoGrader_env/lib/python3.12/site-packages/rest_framework/views.py", line 330, in perform_authentication
    request.user
  File "/home/bond-servant-in-training/Documents/Virtualenvs/AutoGrader_env/lib/python3.12/site-packages/rest_framework/request.py", line 232, in user
    self._authenticate()
  File "/home/bond-servant-in-training/Documents/Virtualenvs/AutoGrader_env/lib/python3.12/site-packages/rest_framework/request.py", line 385, in _authenticate
    user_auth_tuple = authenticator.authenticate(self)
                      ^^^^^^^^^^^^^^^^^^^^^^^^^^^^^^^^
  File "/home/bond-servant-in-training/Documents/Projects/Grade-Automator-Plus-epic-a-merge-down-b14/users/authentication.py", line 59, in authenticate
    raise AuthenticationFailed(
rest_framework.exceptions.AuthenticationFailed: Token has been revoked. Please log in again.
API Exception
Traceback (most recent call last):
  File "/home/bond-servant-in-training/Documents/Virtualenvs/AutoGrader_env/lib/python3.12/site-packages/rest_framework/views.py", line 512, in dispatch
    response = handler(request, *args, **kwargs)
               ^^^^^^^^^^^^^^^^^^^^^^^^^^^^^^^^^
  File "/home/bond-servant-in-training/Documents/Virtualenvs/AutoGrader_env/lib/python3.12/site-packages/rest_framework_simplejwt/views.py", line 46, in post
    serializer.is_valid(raise_exception=True)
  File "/home/bond-servant-in-training/Documents/Virtualenvs/AutoGrader_env/lib/python3.12/site-packages/rest_framework/serializers.py", line 225, in is_valid
    self._validated_data = self.run_validation(self.initial_data)
                           ^^^^^^^^^^^^^^^^^^^^^^^^^^^^^^^^^^^^^^
  File "/home/bond-servant-in-training/Documents/Virtualenvs/AutoGrader_env/lib/python3.12/site-packages/rest_framework/serializers.py", line 447, in run_validation
    value = self.validate(value)
            ^^^^^^^^^^^^^^^^^^^^
  File "/home/bond-servant-in-training/Documents/Projects/Grade-Automator-Plus-epic-a-merge-down-b14/users/serializers.py", line 577, in validate
    assert_epoch_current(refresh, user)
  File "/home/bond-servant-in-training/Documents/Projects/Grade-Automator-Plus-epic-a-merge-down-b14/users/tokens.py", line 40, in assert_epoch_current
    raise InvalidToken("Token has been revoked. Please log in again.")
rest_framework_simplejwt.exceptions.InvalidToken: {'detail': ErrorDetail(string='Token has been revoked. Please log in again.', code='token_not_valid'), 'code': ErrorDetail(string='token_not_valid', code='token_not_valid')}
ok
test_a_later_add_to_another_course_keeps_the_password_they_chose (users.tests_reset_for_an_invited_student.InvitedStudentResetTests.test_a_later_add_to_another_course_keeps_the_password_they_chose)
The reason the reset stamps last_login: without it the add sees ... Free trial plan not found: no trial activated for user 8c8cd9a0-52bf-4ed7-8298-a0283246610a.
Cannot activate automatic trial for user 8c8cd9a0-52bf-4ed7-8298-a0283246610a (validation): ValueError
ok
test_a_licence_invited_teacher_is_sent_a_reset_code (users.tests_reset_for_an_invited_student.InvitedStudentResetTests.test_a_licence_invited_teacher_is_sent_a_reset_code) ... Free trial plan not found: no trial activated for user c82b181f-82e5-49c3-b593-10bcbf414000.
Cannot activate automatic trial for user c82b181f-82e5-49c3-b593-10bcbf414000 (validation): ValueError
ok
test_a_licence_invited_teachers_reset_stamps_and_signs_them_in (users.tests_reset_for_an_invited_student.InvitedStudentResetTests.test_a_licence_invited_teachers_reset_stamps_and_signs_them_in) ... Free trial plan not found: no trial activated for user 402e03fd-b5a0-4b74-82f3-7aa348ebf0e6.
Cannot activate automatic trial for user 402e03fd-b5a0-4b74-82f3-7aa348ebf0e6 (validation): ValueError
ok
test_a_licence_re_add_after_a_reset_keeps_the_password_they_chose (users.tests_reset_for_an_invited_student.InvitedStudentResetTests.test_a_licence_re_add_after_a_reset_keeps_the_password_they_chose)
What this row creates for teachers: an invited teacher who has ... Free trial plan not found: no trial activated for user 5786308a-72fd-4586-aa1d-df29b729e3fa.
Cannot activate automatic trial for user 5786308a-72fd-4586-aa1d-df29b729e3fa (validation): ValueError
ok
test_a_locked_reset_sends_nothing_and_answers_the_same (users.tests_reset_for_an_invited_student.InvitedStudentResetTests.test_a_locked_reset_sends_nothing_and_answers_the_same) ... Free trial plan not found: no trial activated for user cb12213e-c213-42b0-9cbb-05e5369f3337.
Cannot activate automatic trial for user cb12213e-c213-42b0-9cbb-05e5369f3337 (validation): ValueError
ok
test_a_refused_reset_leaves_the_code_and_its_budget_alone (users.tests_reset_for_an_invited_student.InvitedStudentResetTests.test_a_refused_reset_leaves_the_code_and_its_budget_alone)
Decision: the code already issued is LEFT. A refusal writes nothing ... Free trial plan not found: no trial activated for user 2a733b3b-8e5b-44ac-9e2a-e8e2a6f7f149.
Cannot activate automatic trial for user 2a733b3b-8e5b-44ac-9e2a-e8e2a6f7f149 (validation): ValueError
API Exception
Traceback (most recent call last):
  File "/home/bond-servant-in-training/Documents/Virtualenvs/AutoGrader_env/lib/python3.12/site-packages/rest_framework/views.py", line 512, in dispatch
    response = handler(request, *args, **kwargs)
               ^^^^^^^^^^^^^^^^^^^^^^^^^^^^^^^^^
  File "/home/bond-servant-in-training/Documents/Projects/Grade-Automator-Plus-epic-a-merge-down-b14/users/views.py", line 1461, in reset_password
    raise ParseError("Invalid email, OTP code, or new password.")
rest_framework.exceptions.ParseError: Invalid email, OTP code, or new password.
ok
test_a_reset_is_refused_for_a_switched_off_never_verified_account (users.tests_reset_for_an_invited_student.InvitedStudentResetTests.test_a_reset_is_refused_for_a_switched_off_never_verified_account) ... Free trial plan not found: no trial activated for user 3304fac2-7797-4ef8-92aa-63180d89aa6a.
Cannot activate automatic trial for user 3304fac2-7797-4ef8-92aa-63180d89aa6a (validation): ValueError
API Exception
Traceback (most recent call last):
  File "/home/bond-servant-in-training/Documents/Virtualenvs/AutoGrader_env/lib/python3.12/site-packages/rest_framework/views.py", line 512, in dispatch
    response = handler(request, *args, **kwargs)
               ^^^^^^^^^^^^^^^^^^^^^^^^^^^^^^^^^
  File "/home/bond-servant-in-training/Documents/Projects/Grade-Automator-Plus-epic-a-merge-down-b14/users/views.py", line 1461, in reset_password
    raise ParseError("Invalid email, OTP code, or new password.")
rest_framework.exceptions.ParseError: Invalid email, OTP code, or new password.
ok
test_a_reset_leaves_an_established_accounts_flag_alone (users.tests_reset_for_an_invited_student.InvitedStudentResetTests.test_a_reset_leaves_an_established_accounts_flag_alone)
Green on the old code too: a verified user whose flag is false ... Free trial plan not found: no trial activated for user ded650f3-d5f2-4e2a-b5c4-c7f70690a7ed.
Cannot activate automatic trial for user ded650f3-d5f2-4e2a-b5c4-c7f70690a7ed (validation): ValueError
ok
test_a_reset_signs_the_student_in (users.tests_reset_for_an_invited_student.InvitedStudentResetTests.test_a_reset_signs_the_student_in) ... Free trial plan not found: no trial activated for user 8728ce45-f700-429d-9da4-f3b094b19934.
Cannot activate automatic trial for user 8728ce45-f700-429d-9da4-f3b094b19934 (validation): ValueError
ok
test_a_successful_reset_clears_must_change_password (users.tests_reset_for_an_invited_student.InvitedStudentResetTests.test_a_successful_reset_clears_must_change_password) ... Free trial plan not found: no trial activated for user 827c432f-745f-4eb0-be97-28695e52626a.
Cannot activate automatic trial for user 827c432f-745f-4eb0-be97-28695e52626a (validation): ValueError
ok
test_a_successful_reset_sets_the_password_and_stamps_the_email (users.tests_reset_for_an_invited_student.InvitedStudentResetTests.test_a_successful_reset_sets_the_password_and_stamps_the_email) ... Free trial plan not found: no trial activated for user 66f612b8-9111-420f-a4ce-16ae15b9f32d.
Cannot activate automatic trial for user 66f612b8-9111-420f-a4ce-16ae15b9f32d (validation): ValueError
ok
test_a_switched_off_account_that_verified_its_email_no_longer_resets (users.tests_reset_for_an_invited_student.InvitedStudentResetTests.test_a_switched_off_account_that_verified_its_email_no_longer_resets)
REVERSED by H-202 (Senior Manager, 2026-10-08). H-164 pinned the old ... Free trial plan not found: no trial activated for user 9f23025a-8fb1-4448-a633-f1c44ace1ba6.
Cannot activate automatic trial for user 9f23025a-8fb1-4448-a633-f1c44ace1ba6 (validation): ValueError
API Exception
Traceback (most recent call last):
  File "/home/bond-servant-in-training/Documents/Virtualenvs/AutoGrader_env/lib/python3.12/site-packages/rest_framework/views.py", line 512, in dispatch
    response = handler(request, *args, **kwargs)
               ^^^^^^^^^^^^^^^^^^^^^^^^^^^^^^^^^
  File "/home/bond-servant-in-training/Documents/Projects/Grade-Automator-Plus-epic-a-merge-down-b14/users/views.py", line 1469, in reset_password
    raise ParseError("Invalid email, OTP code, or new password.")
rest_framework.exceptions.ParseError: Invalid email, OTP code, or new password.
ok
test_a_verified_super_admin_can_still_reset (users.tests_reset_for_an_invited_student.InvitedStudentResetTests.test_a_verified_super_admin_can_still_reset)
Green on the old code too. ... Free trial plan not found: no trial activated for user fd015088-8d60-426c-88ad-3ac3cd6fabce.
Cannot activate automatic trial for user fd015088-8d60-426c-88ad-3ac3cd6fabce (validation): ValueError
ok
test_a_verified_super_admin_is_still_sent_a_reset_code (users.tests_reset_for_an_invited_student.InvitedStudentResetTests.test_a_verified_super_admin_is_still_sent_a_reset_code)
Green on the old code too: the refusal is for accounts that never ... Free trial plan not found: no trial activated for user a6163316-14d6-47fa-a260-ac38c365b757.
Cannot activate automatic trial for user a6163316-14d6-47fa-a260-ac38c365b757 (validation): ValueError
ok
test_a_wrong_code_stamps_nothing (users.tests_reset_for_an_invited_student.InvitedStudentResetTests.test_a_wrong_code_stamps_nothing) ... Free trial plan not found: no trial activated for user 6340a144-1809-4685-8f73-d04f0a2bce0b.
Cannot activate automatic trial for user 6340a144-1809-4685-8f73-d04f0a2bce0b (validation): ValueError
API Exception
Traceback (most recent call last):
  File "/home/bond-servant-in-training/Documents/Virtualenvs/AutoGrader_env/lib/python3.12/site-packages/rest_framework/views.py", line 512, in dispatch
    response = handler(request, *args, **kwargs)
               ^^^^^^^^^^^^^^^^^^^^^^^^^^^^^^^^^
  File "/home/bond-servant-in-training/Documents/Projects/Grade-Automator-Plus-epic-a-merge-down-b14/users/views.py", line 1501, in reset_password
    raise ParseError("Invalid email, OTP code, or new password.")
rest_framework.exceptions.ParseError: Invalid email, OTP code, or new password.
ok
test_an_inactive_never_verified_row_is_still_refused (users.tests_reset_for_an_invited_student.InvitedStudentResetTests.test_an_inactive_never_verified_row_is_still_refused)
Green on the old code too: a self-registered row or an old-scheme ... Free trial plan not found: no trial activated for user 5438799a-5a7b-436d-91a1-a24a38f9ebac.
Cannot activate automatic trial for user 5438799a-5a7b-436d-91a1-a24a38f9ebac (validation): ValueError
API Exception
Traceback (most recent call last):
  File "/home/bond-servant-in-training/Documents/Virtualenvs/AutoGrader_env/lib/python3.12/site-packages/rest_framework/views.py", line 512, in dispatch
    response = handler(request, *args, **kwargs)
               ^^^^^^^^^^^^^^^^^^^^^^^^^^^^^^^^^
  File "/home/bond-servant-in-training/Documents/Projects/Grade-Automator-Plus-epic-a-merge-down-b14/users/views.py", line 1261, in otp
    raise ParseError("Email not verified.")
rest_framework.exceptions.ParseError: Email not verified.
ok
test_an_invited_student_who_never_signed_in_is_sent_a_reset_code (users.tests_reset_for_an_invited_student.InvitedStudentResetTests.test_an_invited_student_who_never_signed_in_is_sent_a_reset_code) ... Free trial plan not found: no trial activated for user 5e347c44-aa02-40c5-971a-6dc81601317d.
Cannot activate automatic trial for user 5e347c44-aa02-40c5-971a-6dc81601317d (validation): ValueError
ok
test_that_refusal_is_the_same_as_for_an_address_with_no_account (users.tests_reset_for_an_invited_student.InvitedStudentResetTests.test_that_refusal_is_the_same_as_for_an_address_with_no_account) ... Free trial plan not found: no trial activated for user 03bc4429-1f67-4f78-818b-9706d1256200.
Cannot activate automatic trial for user 03bc4429-1f67-4f78-818b-9706d1256200 (validation): ValueError
API Exception
Traceback (most recent call last):
  File "/home/bond-servant-in-training/Documents/Virtualenvs/AutoGrader_env/lib/python3.12/site-packages/rest_framework/views.py", line 512, in dispatch
    response = handler(request, *args, **kwargs)
               ^^^^^^^^^^^^^^^^^^^^^^^^^^^^^^^^^
  File "/home/bond-servant-in-training/Documents/Projects/Grade-Automator-Plus-epic-a-merge-down-b14/users/views.py", line 1461, in reset_password
    raise ParseError("Invalid email, OTP code, or new password.")
rest_framework.exceptions.ParseError: Invalid email, OTP code, or new password.
API Exception
Exception

The above exception was the direct cause of the following exception:

Traceback (most recent call last):
  File "/home/bond-servant-in-training/Documents/Virtualenvs/AutoGrader_env/lib/python3.12/site-packages/rest_framework/views.py", line 512, in dispatch
    response = handler(request, *args, **kwargs)
               ^^^^^^^^^^^^^^^^^^^^^^^^^^^^^^^^^
  File "/home/bond-servant-in-training/Documents/Projects/Grade-Automator-Plus-epic-a-merge-down-b14/users/views.py", line 1451, in reset_password
    raise ParseError("Invalid email, OTP code, or new password.") from Exception
rest_framework.exceptions.ParseError: Invalid email, OTP code, or new password.
ok
test_that_refusal_says_what_the_inactive_refusal_says (users.tests_reset_for_an_invited_student.InvitedStudentResetTests.test_that_refusal_says_what_the_inactive_refusal_says) ... Free trial plan not found: no trial activated for user 261bb40c-9b6e-4180-9624-56733ce0f254.
Cannot activate automatic trial for user 261bb40c-9b6e-4180-9624-56733ce0f254 (validation): ValueError
Free trial plan not found: no trial activated for user 357f65c6-5d6b-49cb-923a-4317332d00fe.
Cannot activate automatic trial for user 357f65c6-5d6b-49cb-923a-4317332d00fe (validation): ValueError
API Exception
Traceback (most recent call last):
  File "/home/bond-servant-in-training/Documents/Virtualenvs/AutoGrader_env/lib/python3.12/site-packages/rest_framework/views.py", line 512, in dispatch
    response = handler(request, *args, **kwargs)
               ^^^^^^^^^^^^^^^^^^^^^^^^^^^^^^^^^
  File "/home/bond-servant-in-training/Documents/Projects/Grade-Automator-Plus-epic-a-merge-down-b14/users/views.py", line 1261, in otp
    raise ParseError("Email not verified.")
rest_framework.exceptions.ParseError: Email not verified.
API Exception
Traceback (most recent call last):
  File "/home/bond-servant-in-training/Documents/Virtualenvs/AutoGrader_env/lib/python3.12/site-packages/rest_framework/views.py", line 512, in dispatch
    response = handler(request, *args, **kwargs)
               ^^^^^^^^^^^^^^^^^^^^^^^^^^^^^^^^^
  File "/home/bond-servant-in-training/Documents/Projects/Grade-Automator-Plus-epic-a-merge-down-b14/users/views.py", line 1261, in otp
    raise ParseError("Email not verified.")
rest_framework.exceptions.ParseError: Email not verified.
ok
test_that_reset_refusal_is_the_same_as_for_an_address_with_no_account (users.tests_reset_for_an_invited_student.InvitedStudentResetTests.test_that_reset_refusal_is_the_same_as_for_an_address_with_no_account) ... Free trial plan not found: no trial activated for user e3999b7c-38f5-4da6-a651-637076cfa484.
Cannot activate automatic trial for user e3999b7c-38f5-4da6-a651-637076cfa484 (validation): ValueError
Free trial plan not found: no trial activated for user 8872f4ce-e535-435f-97d9-52d2a12e76d7.
Cannot activate automatic trial for user 8872f4ce-e535-435f-97d9-52d2a12e76d7 (validation): ValueError
API Exception
Traceback (most recent call last):
  File "/home/bond-servant-in-training/Documents/Virtualenvs/AutoGrader_env/lib/python3.12/site-packages/rest_framework/views.py", line 512, in dispatch
    response = handler(request, *args, **kwargs)
               ^^^^^^^^^^^^^^^^^^^^^^^^^^^^^^^^^
  File "/home/bond-servant-in-training/Documents/Projects/Grade-Automator-Plus-epic-a-merge-down-b14/users/views.py", line 1461, in reset_password
    raise ParseError("Invalid email, OTP code, or new password.")
rest_framework.exceptions.ParseError: Invalid email, OTP code, or new password.
API Exception
Exception

The above exception was the direct cause of the following exception:

Traceback (most recent call last):
  File "/home/bond-servant-in-training/Documents/Virtualenvs/AutoGrader_env/lib/python3.12/site-packages/rest_framework/views.py", line 512, in dispatch
    response = handler(request, *args, **kwargs)
               ^^^^^^^^^^^^^^^^^^^^^^^^^^^^^^^^^
  File "/home/bond-servant-in-training/Documents/Projects/Grade-Automator-Plus-epic-a-merge-down-b14/users/views.py", line 1451, in reset_password
    raise ParseError("Invalid email, OTP code, or new password.") from Exception
rest_framework.exceptions.ParseError: Invalid email, OTP code, or new password.
ok
test_the_reply_is_the_same_as_for_an_address_with_no_account (users.tests_reset_for_an_invited_student.InvitedStudentResetTests.test_the_reply_is_the_same_as_for_an_address_with_no_account) ... Free trial plan not found: no trial activated for user e6bb6d41-f407-41a9-afc3-000bf5d60453.
Cannot activate automatic trial for user e6bb6d41-f407-41a9-afc3-000bf5d60453 (validation): ValueError
ok
test_the_request_alone_does_not_verify_the_email (users.tests_reset_for_an_invited_student.InvitedStudentResetTests.test_the_request_alone_does_not_verify_the_email) ... Free trial plan not found: no trial activated for user 47896d63-6092-4120-a55d-f82f2e86b660.
Cannot activate automatic trial for user 47896d63-6092-4120-a55d-f82f2e86b660 (validation): ValueError
ok
test_the_request_refuses_a_command_line_superuser (users.tests_reset_for_an_invited_student.InvitedStudentResetTests.test_the_request_refuses_a_command_line_superuser)
create_superuser sets is_staff and is_superuser and leaves the ... Free trial plan not found: no trial activated for user 6facaa81-b6e6-4b4d-ad32-e5fd2afd5c7c.
Cannot activate automatic trial for user 6facaa81-b6e6-4b4d-ad32-e5fd2afd5c7c (validation): ValueError
Free trial plan not found: no trial activated for user d4b1dde4-1bc3-4028-b22e-d503d839a4de.
Cannot activate automatic trial for user d4b1dde4-1bc3-4028-b22e-d503d839a4de (validation): ValueError
API Exception
Traceback (most recent call last):
  File "/home/bond-servant-in-training/Documents/Virtualenvs/AutoGrader_env/lib/python3.12/site-packages/rest_framework/views.py", line 512, in dispatch
    response = handler(request, *args, **kwargs)
               ^^^^^^^^^^^^^^^^^^^^^^^^^^^^^^^^^
  File "/home/bond-servant-in-training/Documents/Projects/Grade-Automator-Plus-epic-a-merge-down-b14/users/views.py", line 1261, in otp
    raise ParseError("Email not verified.")
rest_framework.exceptions.ParseError: Email not verified.
ok
test_the_request_refuses_a_never_verified_staff_account (users.tests_reset_for_an_invited_student.InvitedStudentResetTests.test_the_request_refuses_a_never_verified_staff_account) ... Free trial plan not found: no trial activated for user af87f378-2f5a-4e5a-9f55-2eaafc2738dd.
Cannot activate automatic trial for user af87f378-2f5a-4e5a-9f55-2eaafc2738dd (validation): ValueError
Free trial plan not found: no trial activated for user 37753484-7d58-4231-84ed-23371df906f8.
Cannot activate automatic trial for user 37753484-7d58-4231-84ed-23371df906f8 (validation): ValueError
API Exception
Traceback (most recent call last):
  File "/home/bond-servant-in-training/Documents/Virtualenvs/AutoGrader_env/lib/python3.12/site-packages/rest_framework/views.py", line 512, in dispatch
    response = handler(request, *args, **kwargs)
               ^^^^^^^^^^^^^^^^^^^^^^^^^^^^^^^^^
  File "/home/bond-servant-in-training/Documents/Projects/Grade-Automator-Plus-epic-a-merge-down-b14/users/views.py", line 1261, in otp
    raise ParseError("Email not verified.")
rest_framework.exceptions.ParseError: Email not verified.
ok
test_the_request_refuses_a_never_verified_super_admin_type (users.tests_reset_for_an_invited_student.InvitedStudentResetTests.test_the_request_refuses_a_never_verified_super_admin_type) ... Free trial plan not found: no trial activated for user 8a9f1acb-531a-4883-b4a1-6bf12d9ab177.
Cannot activate automatic trial for user 8a9f1acb-531a-4883-b4a1-6bf12d9ab177 (validation): ValueError
API Exception
Traceback (most recent call last):
  File "/home/bond-servant-in-training/Documents/Virtualenvs/AutoGrader_env/lib/python3.12/site-packages/rest_framework/views.py", line 512, in dispatch
    response = handler(request, *args, **kwargs)
               ^^^^^^^^^^^^^^^^^^^^^^^^^^^^^^^^^
  File "/home/bond-servant-in-training/Documents/Projects/Grade-Automator-Plus-epic-a-merge-down-b14/users/views.py", line 1261, in otp
    raise ParseError("Email not verified.")
rest_framework.exceptions.ParseError: Email not verified.
ok
test_the_request_refuses_a_never_verified_superuser_flag (users.tests_reset_for_an_invited_student.InvitedStudentResetTests.test_the_request_refuses_a_never_verified_superuser_flag) ... Free trial plan not found: no trial activated for user be183b9d-809b-4042-b56a-8ac336a8e2c3.
Cannot activate automatic trial for user be183b9d-809b-4042-b56a-8ac336a8e2c3 (validation): ValueError
Free trial plan not found: no trial activated for user 2f74ca52-67f6-458c-a138-f0f833198783.
Cannot activate automatic trial for user 2f74ca52-67f6-458c-a138-f0f833198783 (validation): ValueError
API Exception
Traceback (most recent call last):
  File "/home/bond-servant-in-training/Documents/Virtualenvs/AutoGrader_env/lib/python3.12/site-packages/rest_framework/views.py", line 512, in dispatch
    response = handler(request, *args, **kwargs)
               ^^^^^^^^^^^^^^^^^^^^^^^^^^^^^^^^^
  File "/home/bond-servant-in-training/Documents/Projects/Grade-Automator-Plus-epic-a-merge-down-b14/users/views.py", line 1261, in otp
    raise ParseError("Email not verified.")
rest_framework.exceptions.ParseError: Email not verified.
ok
test_the_reset_refuses_a_command_line_superuser (users.tests_reset_for_an_invited_student.InvitedStudentResetTests.test_the_reset_refuses_a_command_line_superuser) ... Free trial plan not found: no trial activated for user d5fb782a-ec21-43ec-bd5a-203cd73487f1.
Cannot activate automatic trial for user d5fb782a-ec21-43ec-bd5a-203cd73487f1 (validation): ValueError
Free trial plan not found: no trial activated for user 9d077478-daca-474f-aff9-244e8fc2d708.
Cannot activate automatic trial for user 9d077478-daca-474f-aff9-244e8fc2d708 (validation): ValueError
API Exception
Traceback (most recent call last):
  File "/home/bond-servant-in-training/Documents/Virtualenvs/AutoGrader_env/lib/python3.12/site-packages/rest_framework/views.py", line 512, in dispatch
    response = handler(request, *args, **kwargs)
               ^^^^^^^^^^^^^^^^^^^^^^^^^^^^^^^^^
  File "/home/bond-servant-in-training/Documents/Projects/Grade-Automator-Plus-epic-a-merge-down-b14/users/views.py", line 1461, in reset_password
    raise ParseError("Invalid email, OTP code, or new password.")
rest_framework.exceptions.ParseError: Invalid email, OTP code, or new password.
ok
test_the_reset_refuses_a_never_verified_staff_account (users.tests_reset_for_an_invited_student.InvitedStudentResetTests.test_the_reset_refuses_a_never_verified_staff_account) ... Free trial plan not found: no trial activated for user 583e58e5-065e-45f2-bb01-170e195f3213.
Cannot activate automatic trial for user 583e58e5-065e-45f2-bb01-170e195f3213 (validation): ValueError
Free trial plan not found: no trial activated for user 382307e3-9c3a-49ba-825a-03c9f694f498.
Cannot activate automatic trial for user 382307e3-9c3a-49ba-825a-03c9f694f498 (validation): ValueError
API Exception
Traceback (most recent call last):
  File "/home/bond-servant-in-training/Documents/Virtualenvs/AutoGrader_env/lib/python3.12/site-packages/rest_framework/views.py", line 512, in dispatch
    response = handler(request, *args, **kwargs)
               ^^^^^^^^^^^^^^^^^^^^^^^^^^^^^^^^^
  File "/home/bond-servant-in-training/Documents/Projects/Grade-Automator-Plus-epic-a-merge-down-b14/users/views.py", line 1461, in reset_password
    raise ParseError("Invalid email, OTP code, or new password.")
rest_framework.exceptions.ParseError: Invalid email, OTP code, or new password.
ok
test_the_reset_refuses_a_never_verified_super_admin_type (users.tests_reset_for_an_invited_student.InvitedStudentResetTests.test_the_reset_refuses_a_never_verified_super_admin_type) ... Free trial plan not found: no trial activated for user ff7f6bc7-4db6-4340-bd5e-98ea0d4339a5.
Cannot activate automatic trial for user ff7f6bc7-4db6-4340-bd5e-98ea0d4339a5 (validation): ValueError
API Exception
Traceback (most recent call last):
  File "/home/bond-servant-in-training/Documents/Virtualenvs/AutoGrader_env/lib/python3.12/site-packages/rest_framework/views.py", line 512, in dispatch
    response = handler(request, *args, **kwargs)
               ^^^^^^^^^^^^^^^^^^^^^^^^^^^^^^^^^
  File "/home/bond-servant-in-training/Documents/Projects/Grade-Automator-Plus-epic-a-merge-down-b14/users/views.py", line 1461, in reset_password
    raise ParseError("Invalid email, OTP code, or new password.")
rest_framework.exceptions.ParseError: Invalid email, OTP code, or new password.
ok
test_the_reset_refuses_a_never_verified_superuser_flag (users.tests_reset_for_an_invited_student.InvitedStudentResetTests.test_the_reset_refuses_a_never_verified_superuser_flag) ... Free trial plan not found: no trial activated for user c0818bcb-2ae7-4435-9fb2-c920658fd46e.
Cannot activate automatic trial for user c0818bcb-2ae7-4435-9fb2-c920658fd46e (validation): ValueError
Free trial plan not found: no trial activated for user 7e6a4166-e9df-4fa2-981c-a10cac1e8ce8.
Cannot activate automatic trial for user 7e6a4166-e9df-4fa2-981c-a10cac1e8ce8 (validation): ValueError
API Exception
Traceback (most recent call last):
  File "/home/bond-servant-in-training/Documents/Virtualenvs/AutoGrader_env/lib/python3.12/site-packages/rest_framework/views.py", line 512, in dispatch
    response = handler(request, *args, **kwargs)
               ^^^^^^^^^^^^^^^^^^^^^^^^^^^^^^^^^
  File "/home/bond-servant-in-training/Documents/Projects/Grade-Automator-Plus-epic-a-merge-down-b14/users/views.py", line 1461, in reset_password
    raise ParseError("Invalid email, OTP code, or new password.")
rest_framework.exceptions.ParseError: Invalid email, OTP code, or new password.
ok
test_a_licence_invited_teacher_still_verifies_end_to_end (users.tests_reset_for_an_invited_student.VerifyEmailAdminPowerTests.test_a_licence_invited_teacher_still_verifies_end_to_end)
Green on the old code too: an active, never-verified licence ... Free trial plan not found: no trial activated for user e6185695-2c85-4f86-a109-89c7a0a1a7cc.
Cannot activate automatic trial for user e6185695-2c85-4f86-a109-89c7a0a1a7cc (validation): ValueError
ok
test_a_refused_verify_on_an_admin_power_account_locks_the_address_like_a_wrong_guess (users.tests_reset_for_an_invited_student.VerifyEmailAdminPowerTests.test_a_refused_verify_on_an_admin_power_account_locks_the_address_like_a_wrong_guess)
The budget is spent as for a wrong guess only if the address is ... Free trial plan not found: no trial activated for user c9bed004-eea0-4143-8592-e74522ca1ed4.
Cannot activate automatic trial for user c9bed004-eea0-4143-8592-e74522ca1ed4 (validation): ValueError
API Exception
Traceback (most recent call last):
  File "/home/bond-servant-in-training/Documents/Virtualenvs/AutoGrader_env/lib/python3.12/site-packages/rest_framework/views.py", line 512, in dispatch
    response = handler(request, *args, **kwargs)
               ^^^^^^^^^^^^^^^^^^^^^^^^^^^^^^^^^
  File "/home/bond-servant-in-training/Documents/Projects/Grade-Automator-Plus-epic-a-merge-down-b14/users/views.py", line 1076, in verify
    refuse("Invalid email or token.", user, "INVALID_CODE")
  File "/home/bond-servant-in-training/Documents/Projects/Grade-Automator-Plus-epic-a-merge-down-b14/users/views.py", line 1064, in refuse
    raise ParseError(message)
rest_framework.exceptions.ParseError: Invalid email or token.
verify_email address locked after too many attempts
API Exception
Traceback (most recent call last):
  File "/home/bond-servant-in-training/Documents/Virtualenvs/AutoGrader_env/lib/python3.12/site-packages/rest_framework/views.py", line 512, in dispatch
    response = handler(request, *args, **kwargs)
               ^^^^^^^^^^^^^^^^^^^^^^^^^^^^^^^^^
  File "/home/bond-servant-in-training/Documents/Projects/Grade-Automator-Plus-epic-a-merge-down-b14/users/views.py", line 1076, in verify
    refuse("Invalid email or token.", user, "INVALID_CODE")
  File "/home/bond-servant-in-training/Documents/Projects/Grade-Automator-Plus-epic-a-merge-down-b14/users/views.py", line 1064, in refuse
    raise ParseError(message)
rest_framework.exceptions.ParseError: Invalid email or token.
ok
test_a_refused_verify_spends_the_budget_like_a_wrong_guess (users.tests_reset_for_an_invited_student.VerifyEmailAdminPowerTests.test_a_refused_verify_spends_the_budget_like_a_wrong_guess) ... Free trial plan not found: no trial activated for user 35063769-91f1-48f2-8382-66ab75f76e3e.
Cannot activate automatic trial for user 35063769-91f1-48f2-8382-66ab75f76e3e (validation): ValueError
API Exception
Traceback (most recent call last):
  File "/home/bond-servant-in-training/Documents/Virtualenvs/AutoGrader_env/lib/python3.12/site-packages/rest_framework/views.py", line 512, in dispatch
    response = handler(request, *args, **kwargs)
               ^^^^^^^^^^^^^^^^^^^^^^^^^^^^^^^^^
  File "/home/bond-servant-in-training/Documents/Projects/Grade-Automator-Plus-epic-a-merge-down-b14/users/views.py", line 1076, in verify
    refuse("Invalid email or token.", user, "INVALID_CODE")
  File "/home/bond-servant-in-training/Documents/Projects/Grade-Automator-Plus-epic-a-merge-down-b14/users/views.py", line 1064, in refuse
    raise ParseError(message)
rest_framework.exceptions.ParseError: Invalid email or token.
verify_email address locked after too many attempts
API Exception
Traceback (most recent call last):
  File "/home/bond-servant-in-training/Documents/Virtualenvs/AutoGrader_env/lib/python3.12/site-packages/rest_framework/views.py", line 512, in dispatch
    response = handler(request, *args, **kwargs)
               ^^^^^^^^^^^^^^^^^^^^^^^^^^^^^^^^^
  File "/home/bond-servant-in-training/Documents/Projects/Grade-Automator-Plus-epic-a-merge-down-b14/users/views.py", line 1076, in verify
    refuse("Invalid email or token.", user, "INVALID_CODE")
  File "/home/bond-servant-in-training/Documents/Projects/Grade-Automator-Plus-epic-a-merge-down-b14/users/views.py", line 1064, in refuse
    raise ParseError(message)
rest_framework.exceptions.ParseError: Invalid email or token.
API Exception
Traceback (most recent call last):
  File "/home/bond-servant-in-training/Documents/Virtualenvs/AutoGrader_env/lib/python3.12/site-packages/rest_framework/views.py", line 512, in dispatch
    response = handler(request, *args, **kwargs)
               ^^^^^^^^^^^^^^^^^^^^^^^^^^^^^^^^^
  File "/home/bond-servant-in-training/Documents/Projects/Grade-Automator-Plus-epic-a-merge-down-b14/users/views.py", line 1036, in verify
    raise EnvelopedThrottled(
users.exceptions.EnvelopedThrottled: Too many incorrect codes for this email address. Please wait, then request a new verification email. Expected available in 1799 seconds.
ok
test_a_verified_admin_can_still_verify (users.tests_reset_for_an_invited_student.VerifyEmailAdminPowerTests.test_a_verified_admin_can_still_verify)
Green on the old code too. ... ok
test_a_verified_admin_still_gets_the_already_verified_answer (users.tests_reset_for_an_invited_student.VerifyEmailAdminPowerTests.test_a_verified_admin_still_gets_the_already_verified_answer)
Green on the old code too. ... API Exception
Traceback (most recent call last):
  File "/home/bond-servant-in-training/Documents/Virtualenvs/AutoGrader_env/lib/python3.12/site-packages/rest_framework/views.py", line 512, in dispatch
    response = handler(request, *args, **kwargs)
               ^^^^^^^^^^^^^^^^^^^^^^^^^^^^^^^^^
  File "/home/bond-servant-in-training/Documents/Projects/Grade-Automator-Plus-epic-a-merge-down-b14/users/views.py", line 1228, in otp
    raise ParseError("Email already verified. Please login.")
rest_framework.exceptions.ParseError: Email already verified. Please login.
ok
test_an_invited_school_admin_still_verifies (users.tests_reset_for_an_invited_student.VerifyEmailAdminPowerTests.test_an_invited_school_admin_still_verifies)
Green on the old code too: an invited school admin (inactive, ... ok
test_an_ordinary_unverified_user_still_activates_end_to_end (users.tests_reset_for_an_invited_student.VerifyEmailAdminPowerTests.test_an_ordinary_unverified_user_still_activates_end_to_end)
Green on the old code too: a self-registered account (inactive, ... Free trial plan not found: no trial activated for user f2aad8e1-1dc8-4f48-8834-ef43e0bd3748.
Cannot activate automatic trial for user f2aad8e1-1dc8-4f48-8834-ef43e0bd3748 (validation): ValueError
ok
test_that_code_request_answer_for_a_staff_account_is_the_unknown_ones (users.tests_reset_for_an_invited_student.VerifyEmailAdminPowerTests.test_that_code_request_answer_for_a_staff_account_is_the_unknown_ones) ... Free trial plan not found: no trial activated for user 616ab648-d3b4-4852-8e93-bb12b13ef099.
Cannot activate automatic trial for user 616ab648-d3b4-4852-8e93-bb12b13ef099 (validation): ValueError
ok
test_that_code_request_answer_for_a_super_admin_type_is_the_unknown_ones (users.tests_reset_for_an_invited_student.VerifyEmailAdminPowerTests.test_that_code_request_answer_for_a_super_admin_type_is_the_unknown_ones) ... ok
test_that_code_request_answer_for_a_superuser_flag_is_the_unknown_ones (users.tests_reset_for_an_invited_student.VerifyEmailAdminPowerTests.test_that_code_request_answer_for_a_superuser_flag_is_the_unknown_ones) ... Free trial plan not found: no trial activated for user 5b139d00-015c-4d64-b060-ca0058141a8b.
Cannot activate automatic trial for user 5b139d00-015c-4d64-b060-ca0058141a8b (validation): ValueError
ok
test_that_verify_refusal_for_a_staff_account_is_the_wrong_code_one (users.tests_reset_for_an_invited_student.VerifyEmailAdminPowerTests.test_that_verify_refusal_for_a_staff_account_is_the_wrong_code_one) ... Free trial plan not found: no trial activated for user b9eb5bca-b1cc-4a78-b405-82b2cf818970.
Cannot activate automatic trial for user b9eb5bca-b1cc-4a78-b405-82b2cf818970 (validation): ValueError
API Exception
Traceback (most recent call last):
  File "/home/bond-servant-in-training/Documents/Virtualenvs/AutoGrader_env/lib/python3.12/site-packages/rest_framework/views.py", line 512, in dispatch
    response = handler(request, *args, **kwargs)
               ^^^^^^^^^^^^^^^^^^^^^^^^^^^^^^^^^
  File "/home/bond-servant-in-training/Documents/Projects/Grade-Automator-Plus-epic-a-merge-down-b14/users/views.py", line 1076, in verify
    refuse("Invalid email or token.", user, "INVALID_CODE")
  File "/home/bond-servant-in-training/Documents/Projects/Grade-Automator-Plus-epic-a-merge-down-b14/users/views.py", line 1064, in refuse
    raise ParseError(message)
rest_framework.exceptions.ParseError: Invalid email or token.
API Exception
Traceback (most recent call last):
  File "/home/bond-servant-in-training/Documents/Virtualenvs/AutoGrader_env/lib/python3.12/site-packages/rest_framework/views.py", line 512, in dispatch
    response = handler(request, *args, **kwargs)
               ^^^^^^^^^^^^^^^^^^^^^^^^^^^^^^^^^
  File "/home/bond-servant-in-training/Documents/Projects/Grade-Automator-Plus-epic-a-merge-down-b14/users/views.py", line 1068, in verify
    refuse("Invalid email or token.", account_for_email(email), "INVALID_CODE")
  File "/home/bond-servant-in-training/Documents/Projects/Grade-Automator-Plus-epic-a-merge-down-b14/users/views.py", line 1064, in refuse
    raise ParseError(message)
rest_framework.exceptions.ParseError: Invalid email or token.
ok
test_that_verify_refusal_for_a_super_admin_type_is_the_wrong_code_one (users.tests_reset_for_an_invited_student.VerifyEmailAdminPowerTests.test_that_verify_refusal_for_a_super_admin_type_is_the_wrong_code_one) ... API Exception
Traceback (most recent call last):
  File "/home/bond-servant-in-training/Documents/Virtualenvs/AutoGrader_env/lib/python3.12/site-packages/rest_framework/views.py", line 512, in dispatch
    response = handler(request, *args, **kwargs)
               ^^^^^^^^^^^^^^^^^^^^^^^^^^^^^^^^^
  File "/home/bond-servant-in-training/Documents/Projects/Grade-Automator-Plus-epic-a-merge-down-b14/users/views.py", line 1076, in verify
    refuse("Invalid email or token.", user, "INVALID_CODE")
  File "/home/bond-servant-in-training/Documents/Projects/Grade-Automator-Plus-epic-a-merge-down-b14/users/views.py", line 1064, in refuse
    raise ParseError(message)
rest_framework.exceptions.ParseError: Invalid email or token.
API Exception
Traceback (most recent call last):
  File "/home/bond-servant-in-training/Documents/Virtualenvs/AutoGrader_env/lib/python3.12/site-packages/rest_framework/views.py", line 512, in dispatch
    response = handler(request, *args, **kwargs)
               ^^^^^^^^^^^^^^^^^^^^^^^^^^^^^^^^^
  File "/home/bond-servant-in-training/Documents/Projects/Grade-Automator-Plus-epic-a-merge-down-b14/users/views.py", line 1068, in verify
    refuse("Invalid email or token.", account_for_email(email), "INVALID_CODE")
  File "/home/bond-servant-in-training/Documents/Projects/Grade-Automator-Plus-epic-a-merge-down-b14/users/views.py", line 1064, in refuse
    raise ParseError(message)
rest_framework.exceptions.ParseError: Invalid email or token.
ok
test_that_verify_refusal_for_a_superuser_flag_is_the_wrong_code_one (users.tests_reset_for_an_invited_student.VerifyEmailAdminPowerTests.test_that_verify_refusal_for_a_superuser_flag_is_the_wrong_code_one) ... Free trial plan not found: no trial activated for user 1eb69d8c-e026-418d-bd49-820fdc1e463d.
Cannot activate automatic trial for user 1eb69d8c-e026-418d-bd49-820fdc1e463d (validation): ValueError
API Exception
Traceback (most recent call last):
  File "/home/bond-servant-in-training/Documents/Virtualenvs/AutoGrader_env/lib/python3.12/site-packages/rest_framework/views.py", line 512, in dispatch
    response = handler(request, *args, **kwargs)
               ^^^^^^^^^^^^^^^^^^^^^^^^^^^^^^^^^
  File "/home/bond-servant-in-training/Documents/Projects/Grade-Automator-Plus-epic-a-merge-down-b14/users/views.py", line 1076, in verify
    refuse("Invalid email or token.", user, "INVALID_CODE")
  File "/home/bond-servant-in-training/Documents/Projects/Grade-Automator-Plus-epic-a-merge-down-b14/users/views.py", line 1064, in refuse
    raise ParseError(message)
rest_framework.exceptions.ParseError: Invalid email or token.
API Exception
Traceback (most recent call last):
  File "/home/bond-servant-in-training/Documents/Virtualenvs/AutoGrader_env/lib/python3.12/site-packages/rest_framework/views.py", line 512, in dispatch
    response = handler(request, *args, **kwargs)
               ^^^^^^^^^^^^^^^^^^^^^^^^^^^^^^^^^
  File "/home/bond-servant-in-training/Documents/Projects/Grade-Automator-Plus-epic-a-merge-down-b14/users/views.py", line 1068, in verify
    refuse("Invalid email or token.", account_for_email(email), "INVALID_CODE")
  File "/home/bond-servant-in-training/Documents/Projects/Grade-Automator-Plus-epic-a-merge-down-b14/users/views.py", line 1064, in refuse
    raise ParseError(message)
rest_framework.exceptions.ParseError: Invalid email or token.
ok
test_the_code_request_sends_nothing_to_a_command_line_superuser (users.tests_reset_for_an_invited_student.VerifyEmailAdminPowerTests.test_the_code_request_sends_nothing_to_a_command_line_superuser) ... Free trial plan not found: no trial activated for user 627b4b00-652d-4ef6-b5fd-29809e92cea6.
Cannot activate automatic trial for user 627b4b00-652d-4ef6-b5fd-29809e92cea6 (validation): ValueError
ok
test_the_code_request_sends_nothing_to_a_never_verified_staff_account (users.tests_reset_for_an_invited_student.VerifyEmailAdminPowerTests.test_the_code_request_sends_nothing_to_a_never_verified_staff_account) ... Free trial plan not found: no trial activated for user 28b4d19b-7d9f-42c8-8f69-fcaff8af8a67.
Cannot activate automatic trial for user 28b4d19b-7d9f-42c8-8f69-fcaff8af8a67 (validation): ValueError
ok
test_the_code_request_sends_nothing_to_a_never_verified_super_admin_type (users.tests_reset_for_an_invited_student.VerifyEmailAdminPowerTests.test_the_code_request_sends_nothing_to_a_never_verified_super_admin_type) ... ok
test_the_code_request_sends_nothing_to_a_never_verified_superuser_flag (users.tests_reset_for_an_invited_student.VerifyEmailAdminPowerTests.test_the_code_request_sends_nothing_to_a_never_verified_superuser_flag) ... Free trial plan not found: no trial activated for user dcc72811-11d9-484e-80e5-f4acec5c241e.
Cannot activate automatic trial for user dcc72811-11d9-484e-80e5-f4acec5c241e (validation): ValueError
ok
test_verify_refuses_a_command_line_superuser (users.tests_reset_for_an_invited_student.VerifyEmailAdminPowerTests.test_verify_refuses_a_command_line_superuser) ... Free trial plan not found: no trial activated for user 5b91591c-ba89-4820-988c-a0342815744c.
Cannot activate automatic trial for user 5b91591c-ba89-4820-988c-a0342815744c (validation): ValueError
API Exception
Traceback (most recent call last):
  File "/home/bond-servant-in-training/Documents/Virtualenvs/AutoGrader_env/lib/python3.12/site-packages/rest_framework/views.py", line 512, in dispatch
    response = handler(request, *args, **kwargs)
               ^^^^^^^^^^^^^^^^^^^^^^^^^^^^^^^^^
  File "/home/bond-servant-in-training/Documents/Projects/Grade-Automator-Plus-epic-a-merge-down-b14/users/views.py", line 1076, in verify
    refuse("Invalid email or token.", user, "INVALID_CODE")
  File "/home/bond-servant-in-training/Documents/Projects/Grade-Automator-Plus-epic-a-merge-down-b14/users/views.py", line 1064, in refuse
    raise ParseError(message)
rest_framework.exceptions.ParseError: Invalid email or token.
ok
test_verify_refuses_a_never_verified_staff_account (users.tests_reset_for_an_invited_student.VerifyEmailAdminPowerTests.test_verify_refuses_a_never_verified_staff_account) ... Free trial plan not found: no trial activated for user 6944319e-8133-4101-8e3f-9d014b98efa1.
Cannot activate automatic trial for user 6944319e-8133-4101-8e3f-9d014b98efa1 (validation): ValueError
API Exception
Traceback (most recent call last):
  File "/home/bond-servant-in-training/Documents/Virtualenvs/AutoGrader_env/lib/python3.12/site-packages/rest_framework/views.py", line 512, in dispatch
    response = handler(request, *args, **kwargs)
               ^^^^^^^^^^^^^^^^^^^^^^^^^^^^^^^^^
  File "/home/bond-servant-in-training/Documents/Projects/Grade-Automator-Plus-epic-a-merge-down-b14/users/views.py", line 1076, in verify
    refuse("Invalid email or token.", user, "INVALID_CODE")
  File "/home/bond-servant-in-training/Documents/Projects/Grade-Automator-Plus-epic-a-merge-down-b14/users/views.py", line 1064, in refuse
    raise ParseError(message)
rest_framework.exceptions.ParseError: Invalid email or token.
ok
test_verify_refuses_a_never_verified_super_admin_type (users.tests_reset_for_an_invited_student.VerifyEmailAdminPowerTests.test_verify_refuses_a_never_verified_super_admin_type) ... API Exception
Traceback (most recent call last):
  File "/home/bond-servant-in-training/Documents/Virtualenvs/AutoGrader_env/lib/python3.12/site-packages/rest_framework/views.py", line 512, in dispatch
    response = handler(request, *args, **kwargs)
               ^^^^^^^^^^^^^^^^^^^^^^^^^^^^^^^^^
  File "/home/bond-servant-in-training/Documents/Projects/Grade-Automator-Plus-epic-a-merge-down-b14/users/views.py", line 1076, in verify
    refuse("Invalid email or token.", user, "INVALID_CODE")
  File "/home/bond-servant-in-training/Documents/Projects/Grade-Automator-Plus-epic-a-merge-down-b14/users/views.py", line 1064, in refuse
    raise ParseError(message)
rest_framework.exceptions.ParseError: Invalid email or token.
ok
test_verify_refuses_a_never_verified_superuser_flag (users.tests_reset_for_an_invited_student.VerifyEmailAdminPowerTests.test_verify_refuses_a_never_verified_superuser_flag) ... Free trial plan not found: no trial activated for user 8f91e7c6-6b18-4f2e-ad69-7932765cf991.
Cannot activate automatic trial for user 8f91e7c6-6b18-4f2e-ad69-7932765cf991 (validation): ValueError
API Exception
Traceback (most recent call last):
  File "/home/bond-servant-in-training/Documents/Virtualenvs/AutoGrader_env/lib/python3.12/site-packages/rest_framework/views.py", line 512, in dispatch
    response = handler(request, *args, **kwargs)
               ^^^^^^^^^^^^^^^^^^^^^^^^^^^^^^^^^
  File "/home/bond-servant-in-training/Documents/Projects/Grade-Automator-Plus-epic-a-merge-down-b14/users/views.py", line 1076, in verify
    refuse("Invalid email or token.", user, "INVALID_CODE")
  File "/home/bond-servant-in-training/Documents/Projects/Grade-Automator-Plus-epic-a-merge-down-b14/users/views.py", line 1064, in refuse
    raise ParseError(message)
rest_framework.exceptions.ParseError: Invalid email or token.
ok
test_roster_import_skips_a_deactivated_student_who_signed_in (classrooms.tests_roster_ready_to_use.DeactivatedAccountIsNeverReenabledTests.test_roster_import_skips_a_deactivated_student_who_signed_in) ... Free trial plan not found: no trial activated for user ad6eb96b-4e0f-42f0-a258-46c7d7a255b4.
Cannot activate automatic trial for user ad6eb96b-4e0f-42f0-a258-46c7d7a255b4 (validation): ValueError
Refused to enroll student 070724a6-d2d6-4c67-9985-141df626c9e8 into course ab9dedfc-4bd4-4a73-8abb-1c7c1e633db8: the account is deactivated.
ok
test_roster_import_skips_a_deactivated_student_who_was_verified (classrooms.tests_roster_ready_to_use.DeactivatedAccountIsNeverReenabledTests.test_roster_import_skips_a_deactivated_student_who_was_verified)
Verified (e.g. through the old code sign-up) but never signed in ... Free trial plan not found: no trial activated for user f714102e-3c09-40fb-b6ac-1e5a547c5ad4.
Cannot activate automatic trial for user f714102e-3c09-40fb-b6ac-1e5a547c5ad4 (validation): ValueError
Refused to enroll student 9501f62d-4a33-4bc6-a3f5-066aa9c225dc into course 6ad27dd4-c72e-485c-bc6e-e5c031814f88: the account is deactivated.
ok
test_roster_import_skips_a_deactivated_student_with_only_activity (classrooms.tests_roster_ready_to_use.DeactivatedAccountIsNeverReenabledTests.test_roster_import_skips_a_deactivated_student_with_only_activity)
Sign-ins from before last_login was stamped show only as activity. ... Free trial plan not found: no trial activated for user 8638e8f6-aa78-4841-ae10-b88f3734d8e9.
Cannot activate automatic trial for user 8638e8f6-aa78-4841-ae10-b88f3734d8e9 (validation): ValueError
Refused to enroll student abfbcdb6-46cb-4923-91ac-c50ff468ac92 into course 201b7127-615b-4020-b2ac-060472cccfdf: the account is deactivated.
ok
test_single_add_refuses_a_deactivated_student (classrooms.tests_roster_ready_to_use.DeactivatedAccountIsNeverReenabledTests.test_single_add_refuses_a_deactivated_student)
The same rule on the single-add path, where it was a pre-existing ... Free trial plan not found: no trial activated for user af865a6f-80a2-4e9d-80c4-3602593e910b.
Cannot activate automatic trial for user af865a6f-80a2-4e9d-80c4-3602593e910b (validation): ValueError
Refused to enroll student 1c49e954-3fa3-4272-885c-08eac55ad150 into course 1d5ef979-c93b-4b52-9ea8-aa0ef03805d9: the account is deactivated.
ok
test_single_add_still_invites_a_never_activated_legacy_row (classrooms.tests_roster_ready_to_use.DeactivatedAccountIsNeverReenabledTests.test_single_add_still_invites_a_never_activated_legacy_row) ... Free trial plan not found: no trial activated for user 42963440-dd01-4a4f-bd64-8ccb81dbf5e7.
Cannot activate automatic trial for user 42963440-dd01-4a4f-bd64-8ccb81dbf5e7 (validation): ValueError
ok
test_a_legacy_inactive_row_with_a_code_is_promoted_and_its_code_cleared (classrooms.tests_roster_ready_to_use.RosterEmailRowsAreReadyToUseTests.test_a_legacy_inactive_row_with_a_code_is_promoted_and_its_code_cleared) ... Free trial plan not found: no trial activated for user 929ccb5f-f82f-45fa-8df4-9643ae02ffa7.
Cannot activate automatic trial for user 929ccb5f-f82f-45fa-8df4-9643ae02ffa7 (validation): ValueError
ok
test_a_login_stamps_last_login (classrooms.tests_roster_ready_to_use.RosterEmailRowsAreReadyToUseTests.test_a_login_stamps_last_login) ... Free trial plan not found: no trial activated for user 277862a4-00c5-43e6-84da-ab1c42b62bc5.
Cannot activate automatic trial for user 277862a4-00c5-43e6-84da-ab1c42b62bc5 (validation): ValueError
ok
test_a_new_student_is_active_with_a_temporary_password_and_no_code (classrooms.tests_roster_ready_to_use.RosterEmailRowsAreReadyToUseTests.test_a_new_student_is_active_with_a_temporary_password_and_no_code) ... Free trial plan not found: no trial activated for user a654a38f-c901-479b-ad77-7e53406ba372.
Cannot activate automatic trial for user a654a38f-c901-479b-ad77-7e53406ba372 (validation): ValueError
ok
test_a_staff_email_is_refused (classrooms.tests_roster_ready_to_use.RosterEmailRowsAreReadyToUseTests.test_a_staff_email_is_refused) ... Free trial plan not found: no trial activated for user 09a252b9-de1b-4d34-9961-3ce90550fc17.
Cannot activate automatic trial for user 09a252b9-de1b-4d34-9961-3ce90550fc17 (validation): ValueError
Free trial plan not found: no trial activated for user af2424a4-cf07-4284-909d-a27bc56c1743.
Cannot activate automatic trial for user af2424a4-cf07-4284-909d-a27bc56c1743 (validation): ValueError
ok
test_a_student_who_has_signed_in_is_enrolled_and_keeps_their_password (classrooms.tests_roster_ready_to_use.RosterEmailRowsAreReadyToUseTests.test_a_student_who_has_signed_in_is_enrolled_and_keeps_their_password) ... Free trial plan not found: no trial activated for user 11f02fb3-2cf0-4f8e-867e-a1591490b904.
Cannot activate automatic trial for user 11f02fb3-2cf0-4f8e-867e-a1591490b904 (validation): ValueError
ok
test_a_student_who_never_signed_in_gets_a_fresh_password (classrooms.tests_roster_ready_to_use.RosterEmailRowsAreReadyToUseTests.test_a_student_who_never_signed_in_gets_a_fresh_password)
The reverse case: invited before, never signed in (no last_login, ... Free trial plan not found: no trial activated for user 681855eb-1eb3-4874-b8d9-da6510d3d2be.
Cannot activate automatic trial for user 681855eb-1eb3-4874-b8d9-da6510d3d2be (validation): ValueError
ok
test_an_already_enrolled_row_is_skipped_and_nothing_is_sent (classrooms.tests_roster_ready_to_use.RosterEmailRowsAreReadyToUseTests.test_an_already_enrolled_row_is_skipped_and_nothing_is_sent) ... Free trial plan not found: no trial activated for user d0028e88-f820-4ffe-b7cc-9ed26319e81a.
Cannot activate automatic trial for user d0028e88-f820-4ffe-b7cc-9ed26319e81a (validation): ValueError
ok
test_another_schools_student_is_refused_and_untouched (classrooms.tests_roster_ready_to_use.RosterEmailRowsAreReadyToUseTests.test_another_schools_student_is_refused_and_untouched) ... Free trial plan not found: no trial activated for user 6f7bf6f9-efe4-47f3-bdf3-a357263b3ca3.
Cannot activate automatic trial for user 6f7bf6f9-efe4-47f3-bdf3-a357263b3ca3 (validation): ValueError
Refused to enroll student 289b5e33-ad07-4706-a29f-cda610f716d6 into course 993fa584-c76e-42d5-a446-ea122931cfb1: account is associated with school(s) ['f5448497-2b42-4815-9389-1613d3592b6f'] but the course belongs to school None.
ok
test_no_row_of_a_mixed_import_leaves_a_student_with_a_code (classrooms.tests_roster_ready_to_use.RosterEmailRowsAreReadyToUseTests.test_no_row_of_a_mixed_import_leaves_a_student_with_a_code) ... Free trial plan not found: no trial activated for user abf202e7-0505-492e-ba28-86135484ce4e.
Cannot activate automatic trial for user abf202e7-0505-492e-ba28-86135484ce4e (validation): ValueError
ok
test_reimporting_a_signed_in_student_with_the_flag_set_keeps_their_password (classrooms.tests_roster_ready_to_use.RosterEmailRowsAreReadyToUseTests.test_reimporting_a_signed_in_student_with_the_flag_set_keeps_their_password)
The Verification Engineer's scenario: must_change_password is ... Free trial plan not found: no trial activated for user ba091030-0b16-415d-9689-cf1190fd2fdd.
Cannot activate automatic trial for user ba091030-0b16-415d-9689-cf1190fd2fdd (validation): ValueError
ok
test_the_emailed_password_logs_in_and_activates_the_enrollment (classrooms.tests_roster_ready_to_use.RosterEmailRowsAreReadyToUseTests.test_the_emailed_password_logs_in_and_activates_the_enrollment) ... Free trial plan not found: no trial activated for user 59b1aaec-0e56-468e-9f4b-52a22d4a64e3.
Cannot activate automatic trial for user 59b1aaec-0e56-468e-9f4b-52a22d4a64e3 (validation): ValueError
ok
test_a_signed_in_student_is_enrolled_and_keeps_their_password (classrooms.tests_roster_ready_to_use.SingleAddExistingStudentTests.test_a_signed_in_student_is_enrolled_and_keeps_their_password) ... Free trial plan not found: no trial activated for user a3378476-7f8a-4a55-9ab2-1624d03c9a0f.
Cannot activate automatic trial for user a3378476-7f8a-4a55-9ab2-1624d03c9a0f (validation): ValueError
ok
test_a_student_who_never_signed_in_is_re_sent_credentials (classrooms.tests_roster_ready_to_use.SingleAddExistingStudentTests.test_a_student_who_never_signed_in_is_re_sent_credentials) ... Free trial plan not found: no trial activated for user c44300a5-7856-4688-9e09-9a14b0eb9897.
Cannot activate automatic trial for user c44300a5-7856-4688-9e09-9a14b0eb9897 (validation): ValueError
ok
test_a_bulk_row_answers_as_for_a_staff_address (classrooms.tests_h99_placeholder_email.ACallerSuppliedPlaceholderAddressIsRefusedTests.test_a_bulk_row_answers_as_for_a_staff_address) ... Free trial plan not found: no trial activated for user 5ad9b683-e646-4a00-8f3a-16908634e4b7.
Cannot activate automatic trial for user 5ad9b683-e646-4a00-8f3a-16908634e4b7 (validation): ValueError
Free trial plan not found: no trial activated for user 87cde818-92e2-4c65-adab-2ebebd151bd6.
Cannot activate automatic trial for user 87cde818-92e2-4c65-adab-2ebebd151bd6 (validation): ValueError
ok
test_a_bulk_row_refuses_it (classrooms.tests_h99_placeholder_email.ACallerSuppliedPlaceholderAddressIsRefusedTests.test_a_bulk_row_refuses_it) ... Free trial plan not found: no trial activated for user 9a32c091-48f4-4b87-8806-48322d1745fc.
Cannot activate automatic trial for user 9a32c091-48f4-4b87-8806-48322d1745fc (validation): ValueError
Free trial plan not found: no trial activated for user 9ab00caa-d7d9-44dc-9d22-abe67170d4bd.
Cannot activate automatic trial for user 9ab00caa-d7d9-44dc-9d22-abe67170d4bd (validation): ValueError
ok
test_a_real_students_address_is_still_added (classrooms.tests_h99_placeholder_email.ACallerSuppliedPlaceholderAddressIsRefusedTests.test_a_real_students_address_is_still_added)
Control: the refusal is for the placeholder domain only. ... Free trial plan not found: no trial activated for user 56febcb3-942d-4993-bd71-aa02bde8465a.
Cannot activate automatic trial for user 56febcb3-942d-4993-bd71-aa02bde8465a (validation): ValueError
Free trial plan not found: no trial activated for user 25dbe4cb-2784-4e76-838f-9a41e947c4fa.
Cannot activate automatic trial for user 25dbe4cb-2784-4e76-838f-9a41e947c4fa (validation): ValueError
Free trial plan not found: no trial activated for user 795353fd-4c82-4709-8f18-0c1d1a84fbd0.
Cannot activate automatic trial for user 795353fd-4c82-4709-8f18-0c1d1a84fbd0 (validation): ValueError
ok
test_direct_add_answers_as_for_a_staff_address (classrooms.tests_h99_placeholder_email.ACallerSuppliedPlaceholderAddressIsRefusedTests.test_direct_add_answers_as_for_a_staff_address) ... Free trial plan not found: no trial activated for user cc067372-6c8a-4283-8b15-e1b64cbb92e0.
Cannot activate automatic trial for user cc067372-6c8a-4283-8b15-e1b64cbb92e0 (validation): ValueError
Free trial plan not found: no trial activated for user 794af3a9-b68b-493f-a321-416b7ff71cd0.
Cannot activate automatic trial for user 794af3a9-b68b-493f-a321-416b7ff71cd0 (validation): ValueError
API Exception
Traceback (most recent call last):
  File "/home/bond-servant-in-training/Documents/Virtualenvs/AutoGrader_env/lib/python3.12/site-packages/rest_framework/views.py", line 512, in dispatch
    response = handler(request, *args, **kwargs)
               ^^^^^^^^^^^^^^^^^^^^^^^^^^^^^^^^^
  File "/home/bond-servant-in-training/Documents/Projects/Grade-Automator-Plus-epic-a-merge-down-b14/classrooms/views.py", line 1418, in direct_add_student
    raise ValidationError(serializer.errors)
rest_framework.exceptions.ValidationError: {'email': [ErrorDetail(string="This email can't be added as a student.", code='invalid')]}
API Exception
Traceback (most recent call last):
  File "/home/bond-servant-in-training/Documents/Virtualenvs/AutoGrader_env/lib/python3.12/site-packages/rest_framework/views.py", line 512, in dispatch
    response = handler(request, *args, **kwargs)
               ^^^^^^^^^^^^^^^^^^^^^^^^^^^^^^^^^
  File "/home/bond-servant-in-training/Documents/Projects/Grade-Automator-Plus-epic-a-merge-down-b14/classrooms/views.py", line 1418, in direct_add_student
    raise ValidationError(serializer.errors)
rest_framework.exceptions.ValidationError: {'email': [ErrorDetail(string="This email can't be added as a student.", code='invalid')]}
API Exception
Traceback (most recent call last):
  File "/home/bond-servant-in-training/Documents/Virtualenvs/AutoGrader_env/lib/python3.12/site-packages/rest_framework/views.py", line 512, in dispatch
    response = handler(request, *args, **kwargs)
               ^^^^^^^^^^^^^^^^^^^^^^^^^^^^^^^^^
  File "/home/bond-servant-in-training/Documents/Projects/Grade-Automator-Plus-epic-a-merge-down-b14/classrooms/views.py", line 1418, in direct_add_student
    raise ValidationError(serializer.errors)
rest_framework.exceptions.ValidationError: {'email': [ErrorDetail(string="This email can't be added as a student.", code='invalid')]}
ok
test_direct_add_refuses_it (classrooms.tests_h99_placeholder_email.ACallerSuppliedPlaceholderAddressIsRefusedTests.test_direct_add_refuses_it) ... Free trial plan not found: no trial activated for user 26dcfe84-367f-47e5-8474-c6c98db6a5f8.
Cannot activate automatic trial for user 26dcfe84-367f-47e5-8474-c6c98db6a5f8 (validation): ValueError
Free trial plan not found: no trial activated for user e43daa28-d5a1-476d-beef-b91ce6df7105.
Cannot activate automatic trial for user e43daa28-d5a1-476d-beef-b91ce6df7105 (validation): ValueError
API Exception
Traceback (most recent call last):
  File "/home/bond-servant-in-training/Documents/Virtualenvs/AutoGrader_env/lib/python3.12/site-packages/rest_framework/views.py", line 512, in dispatch
    response = handler(request, *args, **kwargs)
               ^^^^^^^^^^^^^^^^^^^^^^^^^^^^^^^^^
  File "/home/bond-servant-in-training/Documents/Projects/Grade-Automator-Plus-epic-a-merge-down-b14/classrooms/views.py", line 1418, in direct_add_student
    raise ValidationError(serializer.errors)
rest_framework.exceptions.ValidationError: {'email': [ErrorDetail(string="This email can't be added as a student.", code='invalid')]}
API Exception
Traceback (most recent call last):
  File "/home/bond-servant-in-training/Documents/Virtualenvs/AutoGrader_env/lib/python3.12/site-packages/rest_framework/views.py", line 512, in dispatch
    response = handler(request, *args, **kwargs)
               ^^^^^^^^^^^^^^^^^^^^^^^^^^^^^^^^^
  File "/home/bond-servant-in-training/Documents/Projects/Grade-Automator-Plus-epic-a-merge-down-b14/classrooms/views.py", line 1418, in direct_add_student
    raise ValidationError(serializer.errors)
rest_framework.exceptions.ValidationError: {'email': [ErrorDetail(string="This email can't be added as a student.", code='invalid')]}
API Exception
Traceback (most recent call last):
  File "/home/bond-servant-in-training/Documents/Virtualenvs/AutoGrader_env/lib/python3.12/site-packages/rest_framework/views.py", line 512, in dispatch
    response = handler(request, *args, **kwargs)
               ^^^^^^^^^^^^^^^^^^^^^^^^^^^^^^^^^
  File "/home/bond-servant-in-training/Documents/Projects/Grade-Automator-Plus-epic-a-merge-down-b14/classrooms/views.py", line 1418, in direct_add_student
    raise ValidationError(serializer.errors)
rest_framework.exceptions.ValidationError: {'email': [ErrorDetail(string="This email can't be added as a student.", code='invalid')]}
API Exception
Traceback (most recent call last):
  File "/home/bond-servant-in-training/Documents/Virtualenvs/AutoGrader_env/lib/python3.12/site-packages/rest_framework/views.py", line 512, in dispatch
    response = handler(request, *args, **kwargs)
               ^^^^^^^^^^^^^^^^^^^^^^^^^^^^^^^^^
  File "/home/bond-servant-in-training/Documents/Projects/Grade-Automator-Plus-epic-a-merge-down-b14/classrooms/views.py", line 1418, in direct_add_student
    raise ValidationError(serializer.errors)
rest_framework.exceptions.ValidationError: {'email': [ErrorDetail(string="This email can't be added as a student.", code='invalid')]}
ok
test_each_form_refuses_it_before_any_lookup_or_save (classrooms.tests_h99_placeholder_email.ACallerSuppliedPlaceholderAddressIsRefusedTests.test_each_form_refuses_it_before_any_lookup_or_save)
Isolates the two serializers' own check from the shared service's ... Free trial plan not found: no trial activated for user ab6a0cf9-94e4-47ff-a220-3bad67e0a3e5.
Cannot activate automatic trial for user ab6a0cf9-94e4-47ff-a220-3bad67e0a3e5 (validation): ValueError
Free trial plan not found: no trial activated for user b533cb0f-b765-4750-92af-51febcc4dfb6.
Cannot activate automatic trial for user b533cb0f-b765-4750-92af-51febcc4dfb6 (validation): ValueError
ok
test_single_add_answers_as_for_a_staff_address (classrooms.tests_h99_placeholder_email.ACallerSuppliedPlaceholderAddressIsRefusedTests.test_single_add_answers_as_for_a_staff_address) ... Free trial plan not found: no trial activated for user 62365ebb-0f4d-495f-a771-db408c434130.
Cannot activate automatic trial for user 62365ebb-0f4d-495f-a771-db408c434130 (validation): ValueError
Free trial plan not found: no trial activated for user 6b4c6158-db58-4fe7-af09-89e48c55001a.
Cannot activate automatic trial for user 6b4c6158-db58-4fe7-af09-89e48c55001a (validation): ValueError
API Exception
Traceback (most recent call last):
  File "/home/bond-servant-in-training/Documents/Virtualenvs/AutoGrader_env/lib/python3.12/site-packages/rest_framework/views.py", line 512, in dispatch
    response = handler(request, *args, **kwargs)
               ^^^^^^^^^^^^^^^^^^^^^^^^^^^^^^^^^
  File "/home/bond-servant-in-training/Documents/Projects/Grade-Automator-Plus-epic-a-merge-down-b14/classrooms/views.py", line 1339, in students
    raise ValidationError(serializer.errors)
rest_framework.exceptions.ValidationError: {'email': [ErrorDetail(string="This email can't be added as a student.", code='invalid')], 'first_name': [ErrorDetail(string='This field is required.', code='required')], 'last_name': [ErrorDetail(string='This field is required.', code='required')]}
API Exception
Traceback (most recent call last):
  File "/home/bond-servant-in-training/Documents/Virtualenvs/AutoGrader_env/lib/python3.12/site-packages/rest_framework/views.py", line 512, in dispatch
    response = handler(request, *args, **kwargs)
               ^^^^^^^^^^^^^^^^^^^^^^^^^^^^^^^^^
  File "/home/bond-servant-in-training/Documents/Projects/Grade-Automator-Plus-epic-a-merge-down-b14/classrooms/views.py", line 1339, in students
    raise ValidationError(serializer.errors)
rest_framework.exceptions.ValidationError: {'email': [ErrorDetail(string="This email can't be added as a student.", code='invalid')], 'first_name': [ErrorDetail(string='This field is required.', code='required')], 'last_name': [ErrorDetail(string='This field is required.', code='required')]}
API Exception
Traceback (most recent call last):
  File "/home/bond-servant-in-training/Documents/Virtualenvs/AutoGrader_env/lib/python3.12/site-packages/rest_framework/views.py", line 512, in dispatch
    response = handler(request, *args, **kwargs)
               ^^^^^^^^^^^^^^^^^^^^^^^^^^^^^^^^^
  File "/home/bond-servant-in-training/Documents/Projects/Grade-Automator-Plus-epic-a-merge-down-b14/classrooms/views.py", line 1339, in students
    raise ValidationError(serializer.errors)
rest_framework.exceptions.ValidationError: {'email': [ErrorDetail(string="This email can't be added as a student.", code='invalid')], 'first_name': [ErrorDetail(string='This field is required.', code='required')], 'last_name': [ErrorDetail(string='This field is required.', code='required')]}
ok
test_single_add_refuses_it (classrooms.tests_h99_placeholder_email.ACallerSuppliedPlaceholderAddressIsRefusedTests.test_single_add_refuses_it) ... Free trial plan not found: no trial activated for user 50a578e3-298d-4d74-ad96-65484aa4ffae.
Cannot activate automatic trial for user 50a578e3-298d-4d74-ad96-65484aa4ffae (validation): ValueError
Free trial plan not found: no trial activated for user 55fcacd8-94c1-4c4e-ad00-7e7431d5f3d0.
Cannot activate automatic trial for user 55fcacd8-94c1-4c4e-ad00-7e7431d5f3d0 (validation): ValueError
API Exception
Traceback (most recent call last):
  File "/home/bond-servant-in-training/Documents/Virtualenvs/AutoGrader_env/lib/python3.12/site-packages/rest_framework/views.py", line 512, in dispatch
    response = handler(request, *args, **kwargs)
               ^^^^^^^^^^^^^^^^^^^^^^^^^^^^^^^^^
  File "/home/bond-servant-in-training/Documents/Projects/Grade-Automator-Plus-epic-a-merge-down-b14/classrooms/views.py", line 1339, in students
    raise ValidationError(serializer.errors)
rest_framework.exceptions.ValidationError: {'email': [ErrorDetail(string="This email can't be added as a student.", code='invalid')]}
API Exception
Traceback (most recent call last):
  File "/home/bond-servant-in-training/Documents/Virtualenvs/AutoGrader_env/lib/python3.12/site-packages/rest_framework/views.py", line 512, in dispatch
    response = handler(request, *args, **kwargs)
               ^^^^^^^^^^^^^^^^^^^^^^^^^^^^^^^^^
  File "/home/bond-servant-in-training/Documents/Projects/Grade-Automator-Plus-epic-a-merge-down-b14/classrooms/views.py", line 1339, in students
    raise ValidationError(serializer.errors)
rest_framework.exceptions.ValidationError: {'email': [ErrorDetail(string="This email can't be added as a student.", code='invalid')]}
API Exception
Traceback (most recent call last):
  File "/home/bond-servant-in-training/Documents/Virtualenvs/AutoGrader_env/lib/python3.12/site-packages/rest_framework/views.py", line 512, in dispatch
    response = handler(request, *args, **kwargs)
               ^^^^^^^^^^^^^^^^^^^^^^^^^^^^^^^^^
  File "/home/bond-servant-in-training/Documents/Projects/Grade-Automator-Plus-epic-a-merge-down-b14/classrooms/views.py", line 1339, in students
    raise ValidationError(serializer.errors)
rest_framework.exceptions.ValidationError: {'email': [ErrorDetail(string="This email can't be added as a student.", code='invalid')]}
API Exception
Traceback (most recent call last):
  File "/home/bond-servant-in-training/Documents/Virtualenvs/AutoGrader_env/lib/python3.12/site-packages/rest_framework/views.py", line 512, in dispatch
    response = handler(request, *args, **kwargs)
               ^^^^^^^^^^^^^^^^^^^^^^^^^^^^^^^^^
  File "/home/bond-servant-in-training/Documents/Projects/Grade-Automator-Plus-epic-a-merge-down-b14/classrooms/views.py", line 1339, in students
    raise ValidationError(serializer.errors)
rest_framework.exceptions.ValidationError: {'email': [ErrorDetail(string="This email can't be added as a student.", code='invalid')]}
ok
test_the_owner_cannot_use_it_either (classrooms.tests_h99_placeholder_email.ACallerSuppliedPlaceholderAddressIsRefusedTests.test_the_owner_cannot_use_it_either)
The rule is about the domain, not about whose student it is: the ... Free trial plan not found: no trial activated for user e00dcd4f-b775-4877-8933-a54389c4194d.
Cannot activate automatic trial for user e00dcd4f-b775-4877-8933-a54389c4194d (validation): ValueError
Free trial plan not found: no trial activated for user 832973fe-1407-4fd3-8341-575bf4f50e57.
Cannot activate automatic trial for user 832973fe-1407-4fd3-8341-575bf4f50e57 (validation): ValueError
API Exception
Traceback (most recent call last):
  File "/home/bond-servant-in-training/Documents/Virtualenvs/AutoGrader_env/lib/python3.12/site-packages/rest_framework/views.py", line 512, in dispatch
    response = handler(request, *args, **kwargs)
               ^^^^^^^^^^^^^^^^^^^^^^^^^^^^^^^^^
  File "/home/bond-servant-in-training/Documents/Projects/Grade-Automator-Plus-epic-a-merge-down-b14/classrooms/views.py", line 1339, in students
    raise ValidationError(serializer.errors)
rest_framework.exceptions.ValidationError: {'email': [ErrorDetail(string="This email can't be added as a student.", code='invalid')]}
ok
test_the_shared_service_refuses_it_and_logs_ids_only (classrooms.tests_h99_placeholder_email.ACallerSuppliedPlaceholderAddressIsRefusedTests.test_the_shared_service_refuses_it_and_logs_ids_only) ... Free trial plan not found: no trial activated for user f3c78d77-0a33-43c7-96aa-a92460fe759f.
Cannot activate automatic trial for user f3c78d77-0a33-43c7-96aa-a92460fe759f (validation): ValueError
Free trial plan not found: no trial activated for user 0519db69-a367-47b6-8ea5-3ae778345da0.
Cannot activate automatic trial for user 0519db69-a367-47b6-8ea5-3ae778345da0 (validation): ValueError
ok
test_a_bulk_row_makes_a_new_student (classrooms.tests_h99_placeholder_email.AGeneratedAddressNeverAttachesTests.test_a_bulk_row_makes_a_new_student) ... Free trial plan not found: no trial activated for user cfaea733-b23d-4c0f-96b1-60d46f50a831.
Cannot activate automatic trial for user cfaea733-b23d-4c0f-96b1-60d46f50a831 (validation): ValueError
Free trial plan not found: no trial activated for user 7049754e-0527-42ea-823d-e211b32dec38.
Cannot activate automatic trial for user 7049754e-0527-42ea-823d-e211b32dec38 (validation): ValueError
ok
test_direct_add_makes_a_new_student (classrooms.tests_h99_placeholder_email.AGeneratedAddressNeverAttachesTests.test_direct_add_makes_a_new_student) ... Free trial plan not found: no trial activated for user d439b04d-50d6-4fec-a900-bd0e5c114fae.
Cannot activate automatic trial for user d439b04d-50d6-4fec-a900-bd0e5c114fae (validation): ValueError
Free trial plan not found: no trial activated for user 1b56c859-f164-4c6f-be5f-77e286842f7b.
Cannot activate automatic trial for user 1b56c859-f164-4c6f-be5f-77e286842f7b (validation): ValueError
ok
test_the_same_teachers_other_course_gets_a_new_student_by_direct_add (classrooms.tests_h99_placeholder_email.AGeneratedAddressNeverAttachesTests.test_the_same_teachers_other_course_gets_a_new_student_by_direct_add)
Direct add never reuses an account, even the teacher's own. ... Free trial plan not found: no trial activated for user 8aaf4234-ef3a-4880-8942-1b0b991d2241.
Cannot activate automatic trial for user 8aaf4234-ef3a-4880-8942-1b0b991d2241 (validation): ValueError
Free trial plan not found: no trial activated for user d2da5409-ba83-4f7d-a0d2-cde58909e2ac.
Cannot activate automatic trial for user d2da5409-ba83-4f7d-a0d2-cde58909e2ac (validation): ValueError
ok
test_two_requests_picking_one_token_end_as_two_students (classrooms.tests_h99_placeholder_email.AGeneratedAddressNeverAttachesTests.test_two_requests_picking_one_token_end_as_two_students)
The concurrent double-add: the address looked free to this ... Free trial plan not found: no trial activated for user a1d76327-d565-4138-a2a5-5853e870057c.
Cannot activate automatic trial for user a1d76327-d565-4138-a2a5-5853e870057c (validation): ValueError
Free trial plan not found: no trial activated for user 0ba9adb9-850f-4c65-94a5-acdb37b9065c.
Cannot activate automatic trial for user 0ba9adb9-850f-4c65-94a5-acdb37b9065c (validation): ValueError
ok
test_when_every_attempt_collides_nothing_is_attached (classrooms.tests_h99_placeholder_email.AGeneratedAddressNeverAttachesTests.test_when_every_attempt_collides_nothing_is_attached) ... Free trial plan not found: no trial activated for user 9cebdca2-19eb-42ed-8568-dcc9881f1588.
Cannot activate automatic trial for user 9cebdca2-19eb-42ed-8568-dcc9881f1588 (validation): ValueError
Free trial plan not found: no trial activated for user 4a4881fe-e14d-48be-8aee-c1eefde83b17.
Cannot activate automatic trial for user 4a4881fe-e14d-48be-8aee-c1eefde83b17 (validation): ValueError
Failed to direct-add student to course
Traceback (most recent call last):
  File "/home/bond-servant-in-training/Documents/Projects/Grade-Automator-Plus-epic-a-merge-down-b14/classrooms/views.py", line 1421, in direct_add_student
    student = serializer.save()
              ^^^^^^^^^^^^^^^^^
  File "/home/bond-servant-in-training/Documents/Virtualenvs/AutoGrader_env/lib/python3.12/site-packages/rest_framework/serializers.py", line 210, in save
    self.instance = self.create(validated_data)
                    ^^^^^^^^^^^^^^^^^^^^^^^^^^^
  File "/home/bond-servant-in-training/Documents/Projects/Grade-Automator-Plus-epic-a-merge-down-b14/classrooms/serializers.py", line 765, in create
    student = _create_placeholder_student(**fields)
              ^^^^^^^^^^^^^^^^^^^^^^^^^^^^^^^^^^^^^
  File "/home/bond-servant-in-training/Documents/Projects/Grade-Automator-Plus-epic-a-merge-down-b14/classrooms/serializers.py", line 630, in _create_placeholder_student
    raise serializers.ValidationError(
rest_framework.exceptions.ValidationError: [ErrorDetail(string="We couldn't add this student to the course. Please try again.", code='invalid')]


django.request ERROR 2026-10-09 10:11:16,858 log 947304 132393972648896 [request_id=- client_request_id=-] Internal Server Error: /api/v1/course/e4330732-8cd3-40d0-b7be-d7c80eebdaa1/direct-add-student


Failed to bulk-add student at row 1 of course e4330732-8cd3-40d0-b7be-d7c80eebdaa1
Traceback (most recent call last):
  File "/home/bond-servant-in-training/Documents/Projects/Grade-Automator-Plus-epic-a-merge-down-b14/classrooms/services/roster_import.py", line 576, in _import_one
    return _import_row_without_email(course=course, row=row)
           ^^^^^^^^^^^^^^^^^^^^^^^^^^^^^^^^^^^^^^^^^^^^^^^^^
  File "/home/bond-servant-in-training/Documents/Projects/Grade-Automator-Plus-epic-a-merge-down-b14/classrooms/services/roster_import.py", line 503, in _import_row_without_email
    student = serializer.save()
              ^^^^^^^^^^^^^^^^^
  File "/home/bond-servant-in-training/Documents/Virtualenvs/AutoGrader_env/lib/python3.12/site-packages/rest_framework/serializers.py", line 210, in save
    self.instance = self.create(validated_data)
                    ^^^^^^^^^^^^^^^^^^^^^^^^^^^
  File "/home/bond-servant-in-training/Documents/Projects/Grade-Automator-Plus-epic-a-merge-down-b14/classrooms/serializers.py", line 765, in create
    student = _create_placeholder_student(**fields)
              ^^^^^^^^^^^^^^^^^^^^^^^^^^^^^^^^^^^^^
  File "/home/bond-servant-in-training/Documents/Projects/Grade-Automator-Plus-epic-a-merge-down-b14/classrooms/serializers.py", line 630, in _create_placeholder_student
    raise serializers.ValidationError(
rest_framework.exceptions.ValidationError: [ErrorDetail(string="We couldn't add this student to the course. Please try again.", code='invalid')]
ok
test_is_placeholder_email_ignores_case_and_surrounding_spaces (classrooms.tests_h99_placeholder_email.TheGeneratedAddressTests.test_is_placeholder_email_ignores_case_and_surrounding_spaces) ... Free trial plan not found: no trial activated for user a0fdc328-58a0-444f-a0cc-421f021abbb0.
Cannot activate automatic trial for user a0fdc328-58a0-444f-a0cc-421f021abbb0 (validation): ValueError
Free trial plan not found: no trial activated for user bd1f2200-1730-47d4-a29a-631f18c58920.
Cannot activate automatic trial for user bd1f2200-1730-47d4-a29a-631f18c58920 (validation): ValueError
ok
test_it_is_in_the_placeholder_domain_with_a_long_random_token (classrooms.tests_h99_placeholder_email.TheGeneratedAddressTests.test_it_is_in_the_placeholder_domain_with_a_long_random_token) ... Free trial plan not found: no trial activated for user 9b549495-f5ee-4c14-886d-007ae1ae35e7.
Cannot activate automatic trial for user 9b549495-f5ee-4c14-886d-007ae1ae35e7 (validation): ValueError
Free trial plan not found: no trial activated for user 61b96dcb-9ad9-4b6d-8369-ec174a84d0e5.
Cannot activate automatic trial for user 61b96dcb-9ad9-4b6d-8369-ec174a84d0e5 (validation): ValueError
ok
test_the_name_parts_are_folded_and_kept_short (classrooms.tests_h99_placeholder_email.TheGeneratedAddressTests.test_the_name_parts_are_folded_and_kept_short) ... Free trial plan not found: no trial activated for user f69ca5c3-2531-43c4-888b-969fb056ba63.
Cannot activate automatic trial for user f69ca5c3-2531-43c4-888b-969fb056ba63 (validation): ValueError
Free trial plan not found: no trial activated for user 001aeffa-dc3b-41f1-832a-aba7ab59e068.
Cannot activate automatic trial for user 001aeffa-dc3b-41f1-832a-aba7ab59e068 (validation): ValueError
ok
test_two_addresses_for_one_name_differ (classrooms.tests_h99_placeholder_email.TheGeneratedAddressTests.test_two_addresses_for_one_name_differ) ... Free trial plan not found: no trial activated for user 0f30f958-ec02-4f53-9f7a-d1ab62edddfe.
Cannot activate automatic trial for user 0f30f958-ec02-4f53-9f7a-d1ab62edddfe (validation): ValueError
Free trial plan not found: no trial activated for user b4128119-e8e3-40f2-adf0-71bd0f48aa6a.
Cannot activate automatic trial for user b4128119-e8e3-40f2-adf0-71bd0f48aa6a (validation): ValueError
ok
test_a_publish_and_a_score_save_each_record_their_own_change (audit.tests_history.ConcurrentGradeWritesTests.test_a_publish_and_a_score_save_each_record_their_own_change) ... Free trial plan not found: no trial activated for user 5f738bf8-2c76-4762-b683-1dc5f8cca309.
Cannot activate automatic trial for user 5f738bf8-2c76-4762-b683-1dc5f8cca309 (validation): ValueError
ok
test_every_allow_list_entry_has_a_reason (audit.tests_history_guard.BulkWritesKeepHistoryTests.test_every_allow_list_entry_has_a_reason) ... ok
test_no_unlisted_bulk_write_of_a_tracked_field (audit.tests_history_guard.BulkWritesKeepHistoryTests.test_no_unlisted_bulk_write_of_a_tracked_field) ... ok
test_the_allow_list_has_no_stale_entries (audit.tests_history_guard.BulkWritesKeepHistoryTests.test_the_allow_list_has_no_stale_entries) ... ok
test_the_tracked_names_cover_every_registered_field (audit.tests_history_guard.BulkWritesKeepHistoryTests.test_the_tracked_names_cover_every_registered_field) ... ok
test_no_unlisted_production_use_of_suppressed (audit.tests_history_guard.HistorySuppressionIsNamedTests.test_no_unlisted_production_use_of_suppressed) ... ok
test_the_scanner_finds_both_spellings (audit.tests_history_guard.HistorySuppressionIsNamedTests.test_the_scanner_finds_both_spellings) ... ok
test_the_suppression_allow_list_has_no_stale_entries (audit.tests_history_guard.HistorySuppressionIsNamedTests.test_the_suppression_allow_list_has_no_stale_entries) ... ok
test_a_multi_line_update_and_an_fk_name_are_flagged (audit.tests_history_guard.ScannerSelfTests.test_a_multi_line_update_and_an_fk_name_are_flagged) ... ok
test_a_tracked_bulk_update_is_flagged (audit.tests_history_guard.ScannerSelfTests.test_a_tracked_bulk_update_is_flagged) ... ok
test_a_tracked_update_is_flagged (audit.tests_history_guard.ScannerSelfTests.test_a_tracked_update_is_flagged) ... ok
test_an_untracked_update_and_record_bulk_are_not_flagged (audit.tests_history_guard.ScannerSelfTests.test_an_untracked_update_and_record_bulk_are_not_flagged) ... ok
test_the_enclosing_function_is_reported (audit.tests_history_guard.ScannerSelfTests.test_the_enclosing_function_is_reported) ... ok
test_unreadable_fields_are_flagged (audit.tests_history_guard.ScannerSelfTests.test_unreadable_fields_are_flagged) ... ok
test_the_emailed_row_clash_remediation (AutoGrader.tests_reason_codes.ApprovedAlternativesTests.test_the_emailed_row_clash_remediation) ... ok
test_the_nothing_finished_mid_batch_message (AutoGrader.tests_reason_codes.ApprovedAlternativesTests.test_the_nothing_finished_mid_batch_message) ... ok
test_every_code_is_user_facing_or_audit_only_and_not_both (AutoGrader.tests_reason_codes.CatalogueCompletenessTests.test_every_code_is_user_facing_or_audit_only_and_not_both) ... ok
test_every_reason_code_the_code_emits_is_in_the_catalogue (AutoGrader.tests_reason_codes.CatalogueCompletenessTests.test_every_reason_code_the_code_emits_is_in_the_catalogue) ... ok
test_every_spec_is_consistent (AutoGrader.tests_reason_codes.CatalogueCompletenessTests.test_every_spec_is_consistent) ... ok
test_every_value_is_upper_snake_and_stable (AutoGrader.tests_reason_codes.CatalogueCompletenessTests.test_every_value_is_upper_snake_and_stable) ... ok
test_only_the_two_old_refusals_keep_a_lowercase_code (AutoGrader.tests_reason_codes.CatalogueCompletenessTests.test_only_the_two_old_refusals_keep_a_lowercase_code)
F8: kept for one release beside reason_code. ... ok
test_the_scan_finds_the_codes_it_is_meant_to (AutoGrader.tests_reason_codes.CatalogueCompletenessTests.test_the_scan_finds_the_codes_it_is_meant_to)
Guard on the guard: one example per pattern the scan covers. ... ok
test_the_ten_fr_a_06_codes_are_present_and_user_facing (AutoGrader.tests_reason_codes.CatalogueCompletenessTests.test_the_ten_fr_a_06_codes_are_present_and_user_facing) ... ok
test_an_entry_keeps_the_routes_keys_and_adds_the_coded_ones (AutoGrader.tests_reason_codes.CodedEntryTests.test_an_entry_keeps_the_routes_keys_and_adds_the_coded_ones) ... ok
test_a_plain_serializer_error_is_not_mistaken_for_an_envelope (AutoGrader.tests_reason_codes.CodedEnvelopeThroughTheAPITests.test_a_plain_serializer_error_is_not_mistaken_for_an_envelope)
A field named like an envelope key (`params`) still shows its ... ok
test_a_view_that_catches_and_answers_itself_gets_the_same_envelope (AutoGrader.tests_reason_codes.CodedEnvelopeThroughTheAPITests.test_a_view_that_catches_and_answers_itself_gets_the_same_envelope) ... ok
test_every_user_facing_code_answers_its_own_envelope (AutoGrader.tests_reason_codes.CodedEnvelopeThroughTheAPITests.test_every_user_facing_code_answers_its_own_envelope) ... API request failed with MISSING_STUDENT_NAME: SENTINEL-4f1c balance=12.5 at /srv/app/secret.py
API request failed with STUDENT_NOT_ON_ROSTER: SENTINEL-4f1c balance=12.5 at /srv/app/secret.py
API request failed with FILE_UNREADABLE: SENTINEL-4f1c balance=12.5 at /srv/app/secret.py
API request failed with FILE_TYPE_UNSUPPORTED: SENTINEL-4f1c balance=12.5 at /srv/app/secret.py
API request failed with FILE_TOO_LARGE: SENTINEL-4f1c balance=12.5 at /srv/app/secret.py
API request failed with SUBMISSION_EMPTY: SENTINEL-4f1c balance=12.5 at /srv/app/secret.py
API request failed with RUBRIC_MISSING: SENTINEL-4f1c balance=12.5 at /srv/app/secret.py
API request failed with DUPLICATE_SUBMISSION: SENTINEL-4f1c balance=12.5 at /srv/app/secret.py
API request failed with PROVIDER_FAILURE: SENTINEL-4f1c balance=12.5 at /srv/app/secret.py


django.request ERROR 2026-10-09 10:11:47,986 log 947304 132393972648896 [request_id=- client_request_id=-] Service Unavailable: /coded/PROVIDER_FAILURE


API request failed with INSUFFICIENT_CREDITS_MID_BATCH: SENTINEL-4f1c balance=12.5 at /srv/app/secret.py
API request failed with INSUFFICIENT_CREDITS: SENTINEL-4f1c balance=12.5 at /srv/app/secret.py
API request failed with AI_FEATURE_NOT_AVAILABLE: SENTINEL-4f1c balance=12.5 at /srv/app/secret.py
API request failed with NOT_RETRYABLE: SENTINEL-4f1c balance=12.5 at /srv/app/secret.py
API request failed with RESET_LOCKED: SENTINEL-4f1c balance=12.5 at /srv/app/secret.py
API request failed with VERIFY_LOCKED: SENTINEL-4f1c balance=12.5 at /srv/app/secret.py
API request failed with ACCOUNT_LOCKED: SENTINEL-4f1c balance=12.5 at /srv/app/secret.py
API request failed with REGISTRATION_PAUSED: SENTINEL-4f1c balance=12.5 at /srv/app/secret.py
API request failed with FILE_NOT_A_PDF: SENTINEL-4f1c balance=12.5 at /srv/app/secret.py
API request failed with ROSTER_NO_INPUT: SENTINEL-4f1c balance=12.5 at /srv/app/secret.py
API request failed with ROSTER_EMPTY: SENTINEL-4f1c balance=12.5 at /srv/app/secret.py
API request failed with ROSTER_FILE_UNREADABLE: SENTINEL-4f1c balance=12.5 at /srv/app/secret.py
API request failed with ROSTER_TOO_MANY_ROWS: SENTINEL-4f1c balance=12.5 at /srv/app/secret.py
API request failed with ROW_NAME_MISSING: SENTINEL-4f1c balance=12.5 at /srv/app/secret.py
API request failed with ROW_NAME_INVALID: SENTINEL-4f1c balance=12.5 at /srv/app/secret.py
API request failed with ROW_ALREADY_ENROLLED: SENTINEL-4f1c balance=12.5 at /srv/app/secret.py
API request failed with ROW_NAME_CLASH: SENTINEL-4f1c balance=12.5 at /srv/app/secret.py
API request failed with ROW_STAFF_EMAIL: SENTINEL-4f1c balance=12.5 at /srv/app/secret.py
API request failed with ROW_OTHER_SCHOOL: SENTINEL-4f1c balance=12.5 at /srv/app/secret.py
API request failed with ROW_ACCOUNT_DISABLED: SENTINEL-4f1c balance=12.5 at /srv/app/secret.py
API request failed with ROW_EMAIL_INVALID: SENTINEL-4f1c balance=12.5 at /srv/app/secret.py
API request failed with ROW_DUPLICATE: SENTINEL-4f1c balance=12.5 at /srv/app/secret.py
API request failed with ROW_FAILED: SENTINEL-4f1c balance=12.5 at /srv/app/secret.py
API request failed with TEACHER_LIST_EMPTY: SENTINEL-4f1c balance=12.5 at /srv/app/secret.py
API request failed with LICENCE_INACTIVE: SENTINEL-4f1c balance=12.5 at /srv/app/secret.py
API request failed with LICENCE_SEATS_EXCEEDED: SENTINEL-4f1c balance=12.5 at /srv/app/secret.py
API request failed with TEACHER_EMAIL_NOT_BUSINESS: SENTINEL-4f1c balance=12.5 at /srv/app/secret.py
API request failed with TEACHER_EMAIL_OTHER_ROLE: SENTINEL-4f1c balance=12.5 at /srv/app/secret.py
API request failed with TEACHER_CANNOT_JOIN_YET: SENTINEL-4f1c balance=12.5 at /srv/app/secret.py
API request failed with TEACHER_IN_OTHER_SCHOOL: SENTINEL-4f1c balance=12.5 at /srv/app/secret.py
API request failed with TEACHER_ALREADY_ON_LICENCE: SENTINEL-4f1c balance=12.5 at /srv/app/secret.py
API request failed with TEACHER_NOT_ON_LICENCE: SENTINEL-4f1c balance=12.5 at /srv/app/secret.py
API request failed with TEACHER_ADD_FAILED: SENTINEL-4f1c balance=12.5 at /srv/app/secret.py
API request failed with TEACHER_REMOVE_FAILED: SENTINEL-4f1c balance=12.5 at /srv/app/secret.py
API request failed with SUBMISSION_NOT_GRADED: SENTINEL-4f1c balance=12.5 at /srv/app/secret.py
ok
test_qa_err_03_no_exception_text_reaches_any_body (AutoGrader.tests_reason_codes.CodedEnvelopeThroughTheAPITests.test_qa_err_03_no_exception_text_reaches_any_body) ... API request failed with MISSING_STUDENT_NAME: SENTINEL-4f1c balance=12.5 at /srv/app/secret.py
API request failed with STUDENT_NOT_ON_ROSTER: SENTINEL-4f1c balance=12.5 at /srv/app/secret.py
API request failed with FILE_UNREADABLE: SENTINEL-4f1c balance=12.5 at /srv/app/secret.py
API request failed with FILE_TYPE_UNSUPPORTED: SENTINEL-4f1c balance=12.5 at /srv/app/secret.py
API request failed with FILE_TOO_LARGE: SENTINEL-4f1c balance=12.5 at /srv/app/secret.py
API request failed with SUBMISSION_EMPTY: SENTINEL-4f1c balance=12.5 at /srv/app/secret.py
API request failed with RUBRIC_MISSING: SENTINEL-4f1c balance=12.5 at /srv/app/secret.py
API request failed with DUPLICATE_SUBMISSION: SENTINEL-4f1c balance=12.5 at /srv/app/secret.py
API request failed with PROVIDER_FAILURE: SENTINEL-4f1c balance=12.5 at /srv/app/secret.py


django.request ERROR 2026-10-09 10:11:48,101 log 947304 132393972648896 [request_id=- client_request_id=-] Service Unavailable: /coded/PROVIDER_FAILURE


API request failed with INSUFFICIENT_CREDITS_MID_BATCH: SENTINEL-4f1c balance=12.5 at /srv/app/secret.py
API request failed with INSUFFICIENT_CREDITS: SENTINEL-4f1c balance=12.5 at /srv/app/secret.py
API request failed with AI_FEATURE_NOT_AVAILABLE: SENTINEL-4f1c balance=12.5 at /srv/app/secret.py
API request failed with NOT_RETRYABLE: SENTINEL-4f1c balance=12.5 at /srv/app/secret.py
API request failed with RESET_LOCKED: SENTINEL-4f1c balance=12.5 at /srv/app/secret.py
API request failed with VERIFY_LOCKED: SENTINEL-4f1c balance=12.5 at /srv/app/secret.py
API request failed with ACCOUNT_LOCKED: SENTINEL-4f1c balance=12.5 at /srv/app/secret.py
API request failed with REGISTRATION_PAUSED: SENTINEL-4f1c balance=12.5 at /srv/app/secret.py
API request failed with FILE_NOT_A_PDF: SENTINEL-4f1c balance=12.5 at /srv/app/secret.py
API request failed with ROSTER_NO_INPUT: SENTINEL-4f1c balance=12.5 at /srv/app/secret.py
API request failed with ROSTER_EMPTY: SENTINEL-4f1c balance=12.5 at /srv/app/secret.py
API request failed with ROSTER_FILE_UNREADABLE: SENTINEL-4f1c balance=12.5 at /srv/app/secret.py
API request failed with ROSTER_TOO_MANY_ROWS: SENTINEL-4f1c balance=12.5 at /srv/app/secret.py
API request failed with ROW_NAME_MISSING: SENTINEL-4f1c balance=12.5 at /srv/app/secret.py
API request failed with ROW_NAME_INVALID: SENTINEL-4f1c balance=12.5 at /srv/app/secret.py
API request failed with ROW_ALREADY_ENROLLED: SENTINEL-4f1c balance=12.5 at /srv/app/secret.py
API request failed with ROW_NAME_CLASH: SENTINEL-4f1c balance=12.5 at /srv/app/secret.py
API request failed with ROW_STAFF_EMAIL: SENTINEL-4f1c balance=12.5 at /srv/app/secret.py
API request failed with ROW_OTHER_SCHOOL: SENTINEL-4f1c balance=12.5 at /srv/app/secret.py
API request failed with ROW_ACCOUNT_DISABLED: SENTINEL-4f1c balance=12.5 at /srv/app/secret.py
API request failed with ROW_EMAIL_INVALID: SENTINEL-4f1c balance=12.5 at /srv/app/secret.py
API request failed with ROW_DUPLICATE: SENTINEL-4f1c balance=12.5 at /srv/app/secret.py
API request failed with ROW_FAILED: SENTINEL-4f1c balance=12.5 at /srv/app/secret.py
API request failed with TEACHER_LIST_EMPTY: SENTINEL-4f1c balance=12.5 at /srv/app/secret.py
API request failed with LICENCE_INACTIVE: SENTINEL-4f1c balance=12.5 at /srv/app/secret.py
API request failed with LICENCE_SEATS_EXCEEDED: SENTINEL-4f1c balance=12.5 at /srv/app/secret.py
API request failed with TEACHER_EMAIL_NOT_BUSINESS: SENTINEL-4f1c balance=12.5 at /srv/app/secret.py
API request failed with TEACHER_EMAIL_OTHER_ROLE: SENTINEL-4f1c balance=12.5 at /srv/app/secret.py
API request failed with TEACHER_CANNOT_JOIN_YET: SENTINEL-4f1c balance=12.5 at /srv/app/secret.py
API request failed with TEACHER_IN_OTHER_SCHOOL: SENTINEL-4f1c balance=12.5 at /srv/app/secret.py
API request failed with TEACHER_ALREADY_ON_LICENCE: SENTINEL-4f1c balance=12.5 at /srv/app/secret.py
API request failed with TEACHER_NOT_ON_LICENCE: SENTINEL-4f1c balance=12.5 at /srv/app/secret.py
API request failed with TEACHER_ADD_FAILED: SENTINEL-4f1c balance=12.5 at /srv/app/secret.py
API request failed with TEACHER_REMOVE_FAILED: SENTINEL-4f1c balance=12.5 at /srv/app/secret.py
API request failed with SUBMISSION_NOT_GRADED: SENTINEL-4f1c balance=12.5 at /srv/app/secret.py
API request refused: InsufficientCreditsError: SENTINEL-4f1c balance=12.5 at /srv/app/secret.py
API request refused: EmptyWalletError: SENTINEL-4f1c balance=12.5 at /srv/app/secret.py
API request refused: AIFeatureNotAvailableError: AI grading isn't included in your plan.
ok
test_qa_err_04_an_inbound_request_id_is_never_the_reference (AutoGrader.tests_reason_codes.CodedEnvelopeThroughTheAPITests.test_qa_err_04_an_inbound_request_id_is_never_the_reference)
X-5 wins over the first QA-ERR-04 reading (SM ruling): echoing a ... API request failed with PROVIDER_FAILURE: SENTINEL-4f1c balance=12.5 at /srv/app/secret.py


django.request ERROR 2026-10-09 10:11:48,211 log 947304 132393972648896 [request_id=- client_request_id=-] Service Unavailable: /coded-client-id


ok
test_qa_err_04_reference_is_the_request_id (AutoGrader.tests_reason_codes.CodedEnvelopeThroughTheAPITests.test_qa_err_04_reference_is_the_request_id) ... API request failed with RUBRIC_MISSING: SENTINEL-4f1c balance=12.5 at /srv/app/secret.py
API request refused: InsufficientCreditsError: SENTINEL-4f1c balance=12.5 at /srv/app/secret.py
ok
test_the_old_refusals_keep_their_message_and_legacy_code (AutoGrader.tests_reason_codes.CodedEnvelopeThroughTheAPITests.test_the_old_refusals_keep_their_message_and_legacy_code) ... API request refused: InsufficientCreditsError: SENTINEL-4f1c balance=12.5 at /srv/app/secret.py
API request refused: EmptyWalletError: SENTINEL-4f1c balance=12.5 at /srv/app/secret.py
API request refused: AIFeatureNotAvailableError: AI grading isn't included in your plan.
ok
test_a_missing_param_is_refused (AutoGrader.tests_reason_codes.CodedErrorTests.test_a_missing_param_is_refused) ... ok
test_a_non_scalar_param_is_refused (AutoGrader.tests_reason_codes.CodedErrorTests.test_a_non_scalar_param_is_refused) ... ok
test_a_param_outside_the_spec_is_refused (AutoGrader.tests_reason_codes.CodedErrorTests.test_a_param_outside_the_spec_is_refused) ... ok
test_a_subclass_fixes_its_code (AutoGrader.tests_reason_codes.CodedErrorTests.test_a_subclass_fixes_its_code) ... ok
test_an_audit_only_code_has_no_error_body (AutoGrader.tests_reason_codes.CodedErrorTests.test_an_audit_only_code_has_no_error_body) ... ok
test_defaults_fill_a_param_the_raiser_left_out (AutoGrader.tests_reason_codes.CodedErrorTests.test_defaults_fill_a_param_the_raiser_left_out) ... ok
test_detail_stays_out_of_the_message (AutoGrader.tests_reason_codes.CodedErrorTests.test_detail_stays_out_of_the_message) ... ok
test_display_for_no_placeholder_is_refused (AutoGrader.tests_reason_codes.CodedErrorTests.test_display_for_no_placeholder_is_refused) ... ok
test_display_may_stand_in_for_an_unknown_param (AutoGrader.tests_reason_codes.CodedErrorTests.test_display_may_stand_in_for_an_unknown_param) ... ok
test_display_shapes_the_message_but_never_the_params (AutoGrader.tests_reason_codes.CodedErrorTests.test_display_shapes_the_message_but_never_the_params) ... ok
test_display_values_must_be_text (AutoGrader.tests_reason_codes.CodedErrorTests.test_display_values_must_be_text) ... ok
test_only_user_and_validation_classes_are_user_facing (AutoGrader.tests_reason_codes.CodedErrorTests.test_only_user_and_validation_classes_are_user_facing) ... ok
test_refusal_response_still_answers_refusals_only (AutoGrader.tests_reason_codes.CodedErrorTests.test_refusal_response_still_answers_refusals_only) ... ok
test_the_message_is_rendered_from_the_spec (AutoGrader.tests_reason_codes.CodedErrorTests.test_the_message_is_rendered_from_the_spec) ... ok
test_the_message_layer_shows_the_message_and_never_the_detail (AutoGrader.tests_reason_codes.CodedErrorTests.test_the_message_layer_shows_the_message_and_never_the_detail)
The path background-task item text and _failure_response's ... ok
test_a_variant_survives_being_rebuilt_from_its_args (AutoGrader.tests_reason_codes.MessageVariantTests.test_a_variant_survives_being_rebuilt_from_its_args) ... ok
test_an_unapproved_variant_is_refused (AutoGrader.tests_reason_codes.MessageVariantTests.test_an_unapproved_variant_is_refused) ... ok
test_the_variant_renders_its_own_template (AutoGrader.tests_reason_codes.MessageVariantTests.test_the_variant_renders_its_own_template) ... ok
test_a_row_code_always_carries_its_row (AutoGrader.tests_reason_codes.QaCatalogueAdditionsTests.test_a_row_code_always_carries_its_row) ... ok
test_every_approved_code_is_user_facing_with_its_approved_text (AutoGrader.tests_reason_codes.QaCatalogueAdditionsTests.test_every_approved_code_is_user_facing_with_its_approved_text) ... ok
test_no_code_says_a_teacher_has_a_subscription (AutoGrader.tests_reason_codes.QaCatalogueAdditionsTests.test_no_code_says_a_teacher_has_a_subscription)
The retired TEACHER_HAS_INDIVIDUAL_SUBSCRIPTION must not come back ... ok
test_no_neutral_code_names_a_role_or_a_school (AutoGrader.tests_reason_codes.QaCatalogueAdditionsTests.test_no_neutral_code_names_a_role_or_a_school) ... ok
test_the_cannot_join_yet_entry_is_h85s_sentence_and_nothing_more (AutoGrader.tests_reason_codes.QaCatalogueAdditionsTests.test_the_cannot_join_yet_entry_is_h85s_sentence_and_nothing_more)
H-85 on Epic A: the entry says what beta's refusal says, takes no ... ok
test_the_seat_message_reads_as_both_approved_forms (AutoGrader.tests_reason_codes.QaCatalogueAdditionsTests.test_the_seat_message_reads_as_both_approved_forms) ... ok
test_a_chosen_remediation_survives_being_rebuilt_from_its_args (AutoGrader.tests_reason_codes.RemediationChoiceTests.test_a_chosen_remediation_survives_being_rebuilt_from_its_args)
Celery's json backend rebuilds an error as cls(*args). ... ok
test_an_approved_alternative_is_carried_to_the_body (AutoGrader.tests_reason_codes.RemediationChoiceTests.test_an_approved_alternative_is_carried_to_the_body) ... ok
test_an_unapproved_remediation_is_refused (AutoGrader.tests_reason_codes.RemediationChoiceTests.test_an_unapproved_remediation_is_refused) ... ok
test_nothing_to_do_is_null (AutoGrader.tests_reason_codes.RemediationChoiceTests.test_nothing_to_do_is_null) ... ok
test_the_default_is_the_specs (AutoGrader.tests_reason_codes.RemediationChoiceTests.test_the_default_is_the_specs) ... ok
test_a_coded_body_flattens_to_its_display_sentence_alone (AutoGrader.tests_reason_codes.RendererMessageTests.test_a_coded_body_flattens_to_its_display_sentence_alone) ... ok
test_a_balance_reason_gets_the_credits_refusal (AutoGrader.tests_reason_codes.RequireAiAccessTests.test_a_balance_reason_gets_the_credits_refusal) ... AI access denied for user ANON (feature=None): No credits remaining. Please purchase more credits to continue using AI features.
AI access denied for user ANON (feature=None): Out of trial credits. Please subscribe to continue using AI features.
ok
test_a_refused_request_gets_the_plan_refusal_without_the_reason (AutoGrader.tests_reason_codes.RequireAiAccessTests.test_a_refused_request_gets_the_plan_refusal_without_the_reason) ... AI access denied for user ANON (feature=None): User not authenticated
ok
test_another_entitys_bump_leaves_the_entry_reachable (AutoGrader.tests_cache_invalidation_coverage.EveryFamilyIsReachableByItsScopeTests.test_another_entitys_bump_leaves_the_entry_reachable)
The over-invalidation half, stated as a property. Under the ... ok
test_bumping_any_scope_of_a_family_makes_its_entry_unreachable (AutoGrader.tests_cache_invalidation_coverage.EveryFamilyIsReachableByItsScopeTests.test_bumping_any_scope_of_a_family_makes_its_entry_unreachable) ... ok
test_the_pdf_and_grading_caches_have_their_own_invalidation (AutoGrader.tests_cache_invalidation_coverage.EveryFamilyIsReachableByItsScopeTests.test_the_pdf_and_grading_caches_have_their_own_invalidation)
Not response caches in the generation scheme, deliberately. ... ok
test_every_extra_cache_scopes_override_is_listed (AutoGrader.tests_cache_invalidation_coverage.KeyMapIsTheCodeTests.test_every_extra_cache_scopes_override_is_listed) ... ok
test_every_family_embeds_at_least_one_generation (AutoGrader.tests_cache_invalidation_coverage.KeyMapIsTheCodeTests.test_every_family_embeds_at_least_one_generation) ... ok
test_every_mixin_viewset_is_listed (AutoGrader.tests_cache_invalidation_coverage.KeyMapIsTheCodeTests.test_every_mixin_viewset_is_listed) ... ok
test_nothing_is_cached_under_a_raw_key (AutoGrader.tests_cache_invalidation_coverage.KeyMapIsTheCodeTests.test_nothing_is_cached_under_a_raw_key) ... ok
test_the_key_map_matches_every_versioned_key_call (AutoGrader.tests_cache_invalidation_coverage.KeyMapIsTheCodeTests.test_the_key_map_matches_every_versioned_key_call) ... ok
test_the_mixin_appends_the_extra_scopes_to_its_key (AutoGrader.tests_cache_invalidation_coverage.KeyMapIsTheCodeTests.test_the_mixin_appends_the_extra_scopes_to_its_key)
Otherwise MIXIN_EXTRA_SCOPES would describe keys nobody builds. ... ok
test_the_status_summary_family_is_versioned_on_the_student (AutoGrader.tests_cache_invalidation_coverage.KeyMapIsTheCodeTests.test_the_status_summary_family_is_versioned_on_the_student)
H-1 step 4: the one family that was still raw is on generations. ... ok
test_a_factory_imported_from_another_module_is_found_across_modules (AutoGrader.tests_cache_invalidation_coverage.RawRedisClientTests.test_a_factory_imported_from_another_module_is_found_across_modules)
raw_client_uses resolves a factory imported from another module: ... ok
test_a_listed_module_gaining_raw_writes_changes_its_count (AutoGrader.tests_cache_invalidation_coverage.RawRedisClientTests.test_a_listed_module_gaining_raw_writes_changes_its_count)
v2's F1 on the real beat_locks: two new writes, two more. ... ok
test_a_write_name_counts_whatever_it_is_called_on (AutoGrader.tests_cache_invalidation_coverage.RawRedisClientTests.test_a_write_name_counts_whatever_it_is_called_on)
Rule 1 (v2 F1): in a module that obtains a raw client, a write ... ok
test_an_imported_factory_counts_in_the_importing_module (AutoGrader.tests_cache_invalidation_coverage.RawRedisClientTests.test_an_imported_factory_counts_in_the_importing_module) ... ok
test_any_non_read_call_on_a_client_is_a_write (AutoGrader.tests_cache_invalidation_coverage.RawRedisClientTests.test_any_non_read_call_on_a_client_is_a_write)
Rule 2 (v2 F1): the read allow-list. `vf_cmd` is in no list, so ... ok
test_every_entry_gives_a_reason (AutoGrader.tests_cache_invalidation_coverage.RawRedisClientTests.test_every_entry_gives_a_reason) ... ok
test_every_raw_client_user_is_listed (AutoGrader.tests_cache_invalidation_coverage.RawRedisClientTests.test_every_raw_client_user_is_listed) ... ok
test_the_live_modules_are_found_by_the_scan (AutoGrader.tests_cache_invalidation_coverage.RawRedisClientTests.test_the_live_modules_are_found_by_the_scan)
The table is not vacuous: each listed module really is found. ... ok
test_the_scanner_finds_every_shape_it_exists_to_catch (AutoGrader.tests_cache_invalidation_coverage.RawRedisClientTests.test_the_scanner_finds_every_shape_it_exists_to_catch) ... ok
test_the_scanner_ignores_what_is_not_a_raw_write (AutoGrader.tests_cache_invalidation_coverage.RawRedisClientTests.test_the_scanner_ignores_what_is_not_a_raw_write) ... ok
test_bulk_action_is_precise_and_costs_one_teacher_query (AutoGrader.tests_cache_user_fanout.AdminBulkActionTests.test_bulk_action_is_precise_and_costs_one_teacher_query) ... Free trial plan not found: no trial activated for user fe095c26-a4c2-4290-ab55-5ff2a945188a.
Cannot activate automatic trial for user fe095c26-a4c2-4290-ab55-5ff2a945188a (validation): ValueError
Free trial plan not found: no trial activated for user 27b41178-9447-461c-8ae8-a0dbbdbd6d63.
Cannot activate automatic trial for user 27b41178-9447-461c-8ae8-a0dbbdbd6d63 (validation): ValueError
Free trial plan not found: no trial activated for user 036a173e-7e71-4002-9d0f-bd6ffa1de5a5.
Cannot activate automatic trial for user 036a173e-7e71-4002-9d0f-bd6ffa1de5a5 (validation): ValueError
Free trial plan not found: no trial activated for user 7a5bfc64-ccbd-43a8-9e25-4e395f7f272d.
Cannot activate automatic trial for user 7a5bfc64-ccbd-43a8-9e25-4e395f7f272d (validation): ValueError
Free trial plan not found: no trial activated for user c8654138-f60f-4b3f-aa24-32c15f7a8b2c.
Cannot activate automatic trial for user c8654138-f60f-4b3f-aa24-32c15f7a8b2c (validation): ValueError
Free trial plan not found: no trial activated for user 32a8a88d-fa31-47ff-b3ce-0a7d7aeb1e0c.
Cannot activate automatic trial for user 32a8a88d-fa31-47ff-b3ce-0a7d7aeb1e0c (validation): ValueError
Free trial plan not found: no trial activated for user 389e7bb2-81d0-4a94-9a49-4d2d1135e3e1.
Cannot activate automatic trial for user 389e7bb2-81d0-4a94-9a49-4d2d1135e3e1 (validation): ValueError
ok
test_bulk_deactivation_reaches_the_teachers_roster (AutoGrader.tests_cache_user_fanout.AdminBulkActionTests.test_bulk_deactivation_reaches_the_teachers_roster) ... Free trial plan not found: no trial activated for user 992540e0-cc93-461e-8f13-ce4e807ce70d.
Cannot activate automatic trial for user 992540e0-cc93-461e-8f13-ce4e807ce70d (validation): ValueError
Free trial plan not found: no trial activated for user b49547bc-b2e0-4417-b50e-095466b1e8b7.
Cannot activate automatic trial for user b49547bc-b2e0-4417-b50e-095466b1e8b7 (validation): ValueError
Free trial plan not found: no trial activated for user 1ff9b3e1-2518-431f-9733-e462e5d98e55.
Cannot activate automatic trial for user 1ff9b3e1-2518-431f-9733-e462e5d98e55 (validation): ValueError
Free trial plan not found: no trial activated for user eb2c693d-e834-4563-a4b6-0258fadf9844.
Cannot activate automatic trial for user eb2c693d-e834-4563-a4b6-0258fadf9844 (validation): ValueError
Free trial plan not found: no trial activated for user 82b84656-d8fd-4ee3-8b6f-e5dce801e0a3.
Cannot activate automatic trial for user 82b84656-d8fd-4ee3-8b6f-e5dce801e0a3 (validation): ValueError
Free trial plan not found: no trial activated for user 424222c7-e51f-4855-8e60-72b4060f44e5.
Cannot activate automatic trial for user 424222c7-e51f-4855-8e60-72b4060f44e5 (validation): ValueError
Free trial plan not found: no trial activated for user 25b20f11-74a9-4a38-849d-dc3eec29afe2.
Cannot activate automatic trial for user 25b20f11-74a9-4a38-849d-dc3eec29afe2 (validation): ValueError
ok
test_no_wildcard_sweep_runs_on_a_mutation (AutoGrader.tests_cache_user_fanout.RealBackendNoSweepTests.test_no_wildcard_sweep_runs_on_a_mutation) ... Free trial plan not found: no trial activated for user 28090d8d-4a2d-4796-9ff3-e69aa63febd6.
Cannot activate automatic trial for user 28090d8d-4a2d-4796-9ff3-e69aa63febd6 (validation): ValueError
Free trial plan not found: no trial activated for user 3a4612c3-416b-462c-92c2-322f199d4c5b.
Cannot activate automatic trial for user 3a4612c3-416b-462c-92c2-322f199d4c5b (validation): ValueError
Free trial plan not found: no trial activated for user e4d1b829-00c0-419c-911f-8f4e79906bcc.
Cannot activate automatic trial for user e4d1b829-00c0-419c-911f-8f4e79906bcc (validation): ValueError
Free trial plan not found: no trial activated for user e6ad6db3-f629-4ac6-b6e7-e15b0c631bd3.
Cannot activate automatic trial for user e6ad6db3-f629-4ac6-b6e7-e15b0c631bd3 (validation): ValueError
Free trial plan not found: no trial activated for user 28c22495-c300-4df8-af99-2a40dc19a3cb.
Cannot activate automatic trial for user 28c22495-c300-4df8-af99-2a40dc19a3cb (validation): ValueError
Free trial plan not found: no trial activated for user 6e44a9fd-d327-4179-bcaf-8863dd514a57.
Cannot activate automatic trial for user 6e44a9fd-d327-4179-bcaf-8863dd514a57 (validation): ValueError
Free trial plan not found: no trial activated for user 72aacf0f-6dfe-4e2e-99be-ae2d38fdc06b.
Cannot activate automatic trial for user 72aacf0f-6dfe-4e2e-99be-ae2d38fdc06b (validation): ValueError
ok
test_the_backend_is_real_redis (AutoGrader.tests_cache_user_fanout.RealBackendNoSweepTests.test_the_backend_is_real_redis) ... Free trial plan not found: no trial activated for user 220f7b9b-cc95-416f-8ff2-b7aa530d8105.
Cannot activate automatic trial for user 220f7b9b-cc95-416f-8ff2-b7aa530d8105 (validation): ValueError
Free trial plan not found: no trial activated for user f2d02747-cfb5-434e-91c6-14c460d6ed74.
Cannot activate automatic trial for user f2d02747-cfb5-434e-91c6-14c460d6ed74 (validation): ValueError
Free trial plan not found: no trial activated for user c5ff80a5-a762-463e-abf0-759e53a9274e.
Cannot activate automatic trial for user c5ff80a5-a762-463e-abf0-759e53a9274e (validation): ValueError
Free trial plan not found: no trial activated for user 7b3c3b6d-d856-46af-a83c-a896c588676c.
Cannot activate automatic trial for user 7b3c3b6d-d856-46af-a83c-a896c588676c (validation): ValueError
Free trial plan not found: no trial activated for user bc5b35c0-14fc-44cf-af73-ed667337aeb5.
Cannot activate automatic trial for user bc5b35c0-14fc-44cf-af73-ed667337aeb5 (validation): ValueError
Free trial plan not found: no trial activated for user 1af158fa-abfa-4466-97f0-c4ffd761e1e2.
Cannot activate automatic trial for user 1af158fa-abfa-4466-97f0-c4ffd761e1e2 (validation): ValueError
Free trial plan not found: no trial activated for user 311b2106-79fa-4b10-bd5e-f42a5462a539.
Cannot activate automatic trial for user 311b2106-79fa-4b10-bd5e-f42a5462a539 (validation): ValueError
ok
test_concurrent_student_renames_each_bump_the_shared_teacher (AutoGrader.tests_cache_user_fanout.UserRowConcurrencyTests.test_concurrent_student_renames_each_bump_the_shared_teacher) ... Free trial plan not found: no trial activated for user 6c0bdff7-3b00-4551-871d-c96b7d64d681.
Cannot activate automatic trial for user 6c0bdff7-3b00-4551-871d-c96b7d64d681 (validation): ValueError
Free trial plan not found: no trial activated for user 194f0de9-4126-414d-8267-d31d752e13c5.
Cannot activate automatic trial for user 194f0de9-4126-414d-8267-d31d752e13c5 (validation): ValueError
Free trial plan not found: no trial activated for user 347a9bb1-a956-4649-86aa-abb78ecbcf4a.
Cannot activate automatic trial for user 347a9bb1-a956-4649-86aa-abb78ecbcf4a (validation): ValueError
Free trial plan not found: no trial activated for user 4f0b3e5e-79bc-4a09-8ff2-c269029bd7e8.
Cannot activate automatic trial for user 4f0b3e5e-79bc-4a09-8ff2-c269029bd7e8 (validation): ValueError
Free trial plan not found: no trial activated for user 52d97ab6-6dc8-4732-bdfc-5442e8d4aacb.
Cannot activate automatic trial for user 52d97ab6-6dc8-4732-bdfc-5442e8d4aacb (validation): ValueError
Free trial plan not found: no trial activated for user 02132dfd-220a-45f2-bba6-767d98c8eeeb.
Cannot activate automatic trial for user 02132dfd-220a-45f2-bba6-767d98c8eeeb (validation): ValueError
Free trial plan not found: no trial activated for user eea6783e-55db-4373-8aac-58ca1915b57b.
Cannot activate automatic trial for user eea6783e-55db-4373-8aac-58ca1915b57b (validation): ValueError
Free trial plan not found: no trial activated for user 443a581a-b653-4fb7-8d69-d21bf0899c06.
Cannot activate automatic trial for user 443a581a-b653-4fb7-8d69-d21bf0899c06 (validation): ValueError
Free trial plan not found: no trial activated for user c60727b6-04cb-425f-a320-a35c1c9e8b12.
Cannot activate automatic trial for user c60727b6-04cb-425f-a320-a35c1c9e8b12 (validation): ValueError
Free trial plan not found: no trial activated for user 3c5b4f61-51a7-4539-92f6-6394fa4c5548.
Cannot activate automatic trial for user 3c5b4f61-51a7-4539-92f6-6394fa4c5548 (validation): ValueError
Free trial plan not found: no trial activated for user e20c5688-7345-4f13-bddf-caa2acecc8af.
Cannot activate automatic trial for user e20c5688-7345-4f13-bddf-caa2acecc8af (validation): ValueError
Free trial plan not found: no trial activated for user f2d34786-b99d-4b1b-8684-51a02e9fec37.
Cannot activate automatic trial for user f2d34786-b99d-4b1b-8684-51a02e9fec37 (validation): ValueError
Free trial plan not found: no trial activated for user 1fea2281-a15c-4673-995e-4884eba29937.
Cannot activate automatic trial for user 1fea2281-a15c-4673-995e-4884eba29937 (validation): ValueError
Free trial plan not found: no trial activated for user ddc88d57-6a66-4afe-9675-60ab615cffb6.
Cannot activate automatic trial for user ddc88d57-6a66-4afe-9675-60ab615cffb6 (validation): ValueError
Free trial plan not found: no trial activated for user ec9b35e7-c752-47f4-a80a-8239034608ca.
Cannot activate automatic trial for user ec9b35e7-c752-47f4-a80a-8239034608ca (validation): ValueError
ok
test_an_invisible_change_costs_no_extra_queries (AutoGrader.tests_cache_user_fanout.UserRowCostTests.test_an_invisible_change_costs_no_extra_queries) ... Free trial plan not found: no trial activated for user 07fa9cf3-584c-4382-9c3d-c30e4b045e21.
Cannot activate automatic trial for user 07fa9cf3-584c-4382-9c3d-c30e4b045e21 (validation): ValueError
Free trial plan not found: no trial activated for user 883cefd5-007c-44ef-b1ec-a667f900ef30.
Cannot activate automatic trial for user 883cefd5-007c-44ef-b1ec-a667f900ef30 (validation): ValueError
Free trial plan not found: no trial activated for user b7e89f2f-f38b-4418-8329-0936c908c023.
Cannot activate automatic trial for user b7e89f2f-f38b-4418-8329-0936c908c023 (validation): ValueError
Free trial plan not found: no trial activated for user 73bec1ea-97cc-4321-8580-b6c58d05b7d9.
Cannot activate automatic trial for user 73bec1ea-97cc-4321-8580-b6c58d05b7d9 (validation): ValueError
Free trial plan not found: no trial activated for user 8f174b5d-a0c6-48d0-b052-50c08d24d3a2.
Cannot activate automatic trial for user 8f174b5d-a0c6-48d0-b052-50c08d24d3a2 (validation): ValueError
Free trial plan not found: no trial activated for user d2b641b7-5230-49a5-a9c3-7cfdc00fb449.
Cannot activate automatic trial for user d2b641b7-5230-49a5-a9c3-7cfdc00fb449 (validation): ValueError
Free trial plan not found: no trial activated for user 0318b221-3574-45a6-a57a-e085f20b9604.
Cannot activate automatic trial for user 0318b221-3574-45a6-a57a-e085f20b9604 (validation): ValueError
ok
test_one_redis_round_trip_per_save (AutoGrader.tests_cache_user_fanout.UserRowCostTests.test_one_redis_round_trip_per_save) ... Free trial plan not found: no trial activated for user babc8914-180f-4747-932c-e1f0be7b72b1.
Cannot activate automatic trial for user babc8914-180f-4747-932c-e1f0be7b72b1 (validation): ValueError
Free trial plan not found: no trial activated for user 62c37229-ed2c-46d0-9c60-957b89ecce6e.
Cannot activate automatic trial for user 62c37229-ed2c-46d0-9c60-957b89ecce6e (validation): ValueError
Free trial plan not found: no trial activated for user fea82466-0ddf-4b21-b777-559f420edcd9.
Cannot activate automatic trial for user fea82466-0ddf-4b21-b777-559f420edcd9 (validation): ValueError
Free trial plan not found: no trial activated for user 75c8afce-2d07-47cd-82c9-c2b1219011ad.
Cannot activate automatic trial for user 75c8afce-2d07-47cd-82c9-c2b1219011ad (validation): ValueError
Free trial plan not found: no trial activated for user 7f2dd747-95e8-462a-a216-e9479145c6b4.
Cannot activate automatic trial for user 7f2dd747-95e8-462a-a216-e9479145c6b4 (validation): ValueError
Free trial plan not found: no trial activated for user 9a53ca01-01dc-40b7-8c17-24ca5817930a.
Cannot activate automatic trial for user 9a53ca01-01dc-40b7-8c17-24ca5817930a (validation): ValueError
Free trial plan not found: no trial activated for user 2d7b8239-5cf9-4b8f-820e-89659db6f427.
Cannot activate automatic trial for user 2d7b8239-5cf9-4b8f-820e-89659db6f427 (validation): ValueError
ok
test_the_fanout_query_count_is_flat_in_the_number_of_courses (AutoGrader.tests_cache_user_fanout.UserRowCostTests.test_the_fanout_query_count_is_flat_in_the_number_of_courses) ... Free trial plan not found: no trial activated for user 2281b44c-8cb9-4335-8254-07572a13ff92.
Cannot activate automatic trial for user 2281b44c-8cb9-4335-8254-07572a13ff92 (validation): ValueError
Free trial plan not found: no trial activated for user fa97007e-77f2-4442-adbb-d74a4a6cbfd5.
Cannot activate automatic trial for user fa97007e-77f2-4442-adbb-d74a4a6cbfd5 (validation): ValueError
Free trial plan not found: no trial activated for user 7b032317-af47-455a-9b51-5bdac014fa12.
Cannot activate automatic trial for user 7b032317-af47-455a-9b51-5bdac014fa12 (validation): ValueError
Free trial plan not found: no trial activated for user 7818d068-dd68-4a88-9450-aafba47db276.
Cannot activate automatic trial for user 7818d068-dd68-4a88-9450-aafba47db276 (validation): ValueError
Free trial plan not found: no trial activated for user dbe618b1-1cb2-4cfa-8e1d-50b7107d7da7.
Cannot activate automatic trial for user dbe618b1-1cb2-4cfa-8e1d-50b7107d7da7 (validation): ValueError
Free trial plan not found: no trial activated for user 895019ec-4eae-4741-b2e4-351e84a60f97.
Cannot activate automatic trial for user 895019ec-4eae-4741-b2e4-351e84a60f97 (validation): ValueError
Free trial plan not found: no trial activated for user e33cf69e-04ab-4445-bac3-010da36cbfb7.
Cannot activate automatic trial for user e33cf69e-04ab-4445-bac3-010da36cbfb7 (validation): ValueError
Free trial plan not found: no trial activated for user f12f5603-2da2-438e-8bdd-393b9c9dfa9c.
Cannot activate automatic trial for user f12f5603-2da2-438e-8bdd-393b9c9dfa9c (validation): ValueError
Free trial plan not found: no trial activated for user 9c9b66c7-395b-404f-8273-ddce36469ce9.
Cannot activate automatic trial for user 9c9b66c7-395b-404f-8273-ddce36469ce9 (validation): ValueError
Free trial plan not found: no trial activated for user 824dc78a-9fe7-4757-a4bb-cb7c00267819.
Cannot activate automatic trial for user 824dc78a-9fe7-4757-a4bb-cb7c00267819 (validation): ValueError
Free trial plan not found: no trial activated for user 8289124e-1044-473e-9271-e0fa192a6a81.
Cannot activate automatic trial for user 8289124e-1044-473e-9271-e0fa192a6a81 (validation): ValueError
Free trial plan not found: no trial activated for user 7f5facc4-28a8-48fd-bb15-9160169794c2.
Cannot activate automatic trial for user 7f5facc4-28a8-48fd-bb15-9160169794c2 (validation): ValueError
Free trial plan not found: no trial activated for user 36efa8af-4456-4dcb-b770-35a17ac88f10.
Cannot activate automatic trial for user 36efa8af-4456-4dcb-b770-35a17ac88f10 (validation): ValueError
Free trial plan not found: no trial activated for user 872433fb-d77f-486f-b261-335a79505ec6.
Cannot activate automatic trial for user 872433fb-d77f-486f-b261-335a79505ec6 (validation): ValueError
Free trial plan not found: no trial activated for user d96110d5-e201-499d-a7cb-cc0bf74d6042.
Cannot activate automatic trial for user d96110d5-e201-499d-a7cb-cc0bf74d6042 (validation): ValueError
Free trial plan not found: no trial activated for user 9fe3663d-def0-4757-bca1-0c20a272e269.
Cannot activate automatic trial for user 9fe3663d-def0-4757-bca1-0c20a272e269 (validation): ValueError
Free trial plan not found: no trial activated for user dba674d8-b68f-4c50-a09e-cdbf56b35ecf.
Cannot activate automatic trial for user dba674d8-b68f-4c50-a09e-cdbf56b35ecf (validation): ValueError
Free trial plan not found: no trial activated for user 0eaf62dc-4ebd-4059-afa9-84a6544e92b4.
Cannot activate automatic trial for user 0eaf62dc-4ebd-4059-afa9-84a6544e92b4 (validation): ValueError
Free trial plan not found: no trial activated for user c90cffed-18e1-4bb4-bfab-480b442acc0e.
Cannot activate automatic trial for user c90cffed-18e1-4bb4-bfab-480b442acc0e (validation): ValueError
Free trial plan not found: no trial activated for user f09a4ed7-3cbe-4934-b883-913992bb8170.
Cannot activate automatic trial for user f09a4ed7-3cbe-4934-b883-913992bb8170 (validation): ValueError
Free trial plan not found: no trial activated for user ab930e1f-9dbc-4a17-8ac6-47b1f44c4bd1.
Cannot activate automatic trial for user ab930e1f-9dbc-4a17-8ac6-47b1f44c4bd1 (validation): ValueError
Free trial plan not found: no trial activated for user e0dfbd96-e81f-4f4e-925b-43107aa025cc.
Cannot activate automatic trial for user e0dfbd96-e81f-4f4e-925b-43107aa025cc (validation): ValueError
Free trial plan not found: no trial activated for user d35446d5-cfa9-4abf-8bf0-4c96b9be3fd5.
Cannot activate automatic trial for user d35446d5-cfa9-4abf-8bf0-4c96b9be3fd5 (validation): ValueError
Free trial plan not found: no trial activated for user 5e3d6e40-7411-4a75-8e3d-e2e5bbf5cfe1.
Cannot activate automatic trial for user 5e3d6e40-7411-4a75-8e3d-e2e5bbf5cfe1 (validation): ValueError
Free trial plan not found: no trial activated for user c06d4a31-10c8-4272-b977-a9f5048e02f1.
Cannot activate automatic trial for user c06d4a31-10c8-4272-b977-a9f5048e02f1 (validation): ValueError
Free trial plan not found: no trial activated for user 04c14c74-6ab1-4de5-8738-ea15c391f2e7.
Cannot activate automatic trial for user 04c14c74-6ab1-4de5-8738-ea15c391f2e7 (validation): ValueError
Free trial plan not found: no trial activated for user c88cfa6b-ff59-44fb-abb6-760d33a7d13d.
Cannot activate automatic trial for user c88cfa6b-ff59-44fb-abb6-760d33a7d13d (validation): ValueError
Free trial plan not found: no trial activated for user 2348c29e-d798-4a0c-b28a-434b7508b3c4.
Cannot activate automatic trial for user 2348c29e-d798-4a0c-b28a-434b7508b3c4 (validation): ValueError
Free trial plan not found: no trial activated for user 8d01ae9f-4bd5-49a2-b5b3-c67ff079b866.
Cannot activate automatic trial for user 8d01ae9f-4bd5-49a2-b5b3-c67ff079b866 (validation): ValueError
Free trial plan not found: no trial activated for user c638bb8d-867f-489c-a807-93e0feb249ff.
Cannot activate automatic trial for user c638bb8d-867f-489c-a807-93e0feb249ff (validation): ValueError
Free trial plan not found: no trial activated for user 9910288b-ed03-43c2-a6e4-ef347f9dddac.
Cannot activate automatic trial for user 9910288b-ed03-43c2-a6e4-ef347f9dddac (validation): ValueError
Free trial plan not found: no trial activated for user 4adc4a1a-7b72-4118-b638-bd4e57bd0cb5.
Cannot activate automatic trial for user 4adc4a1a-7b72-4118-b638-bd4e57bd0cb5 (validation): ValueError
Free trial plan not found: no trial activated for user f1c9875d-1288-4725-837b-5eab1e00f564.
Cannot activate automatic trial for user f1c9875d-1288-4725-837b-5eab1e00f564 (validation): ValueError
Free trial plan not found: no trial activated for user 4fa6270e-a4ad-464c-ab1f-0d75c0de94fc.
Cannot activate automatic trial for user 4fa6270e-a4ad-464c-ab1f-0d75c0de94fc (validation): ValueError
Free trial plan not found: no trial activated for user 8ae13f4d-cd17-4e04-927c-c2271bdef841.
Cannot activate automatic trial for user 8ae13f4d-cd17-4e04-927c-c2271bdef841 (validation): ValueError
Free trial plan not found: no trial activated for user f4bc90e5-6468-4d3a-9052-6e57b4b7e855.
Cannot activate automatic trial for user f4bc90e5-6468-4d3a-9052-6e57b4b7e855 (validation): ValueError
Free trial plan not found: no trial activated for user 33df3113-9a20-4a29-b992-6898e1cb5b2a.
Cannot activate automatic trial for user 33df3113-9a20-4a29-b992-6898e1cb5b2a (validation): ValueError
ok
test_a_redis_outage_never_fails_the_user_save (AutoGrader.tests_cache_user_fanout.UserRowFailureTests.test_a_redis_outage_never_fails_the_user_save) ... Free trial plan not found: no trial activated for user 68247b36-ff09-4b81-9b5f-007ffb611298.
Cannot activate automatic trial for user 68247b36-ff09-4b81-9b5f-007ffb611298 (validation): ValueError
Free trial plan not found: no trial activated for user 70ff430a-7fa8-4705-8680-bc61fbe23c5f.
Cannot activate automatic trial for user 70ff430a-7fa8-4705-8680-bc61fbe23c5f (validation): ValueError
Free trial plan not found: no trial activated for user b8d90bda-d09e-40b0-af1e-e69940151c71.
Cannot activate automatic trial for user b8d90bda-d09e-40b0-af1e-e69940151c71 (validation): ValueError
Free trial plan not found: no trial activated for user 4876e278-8a86-4b80-bc15-f0ba3772b619.
Cannot activate automatic trial for user 4876e278-8a86-4b80-bc15-f0ba3772b619 (validation): ValueError
Free trial plan not found: no trial activated for user f2784723-48dd-4eac-91b1-c2b36ee71303.
Cannot activate automatic trial for user f2784723-48dd-4eac-91b1-c2b36ee71303 (validation): ValueError
Free trial plan not found: no trial activated for user 82faeb1d-02ad-4a30-ac53-6297fe7ce269.
Cannot activate automatic trial for user 82faeb1d-02ad-4a30-ac53-6297fe7ce269 (validation): ValueError
Free trial plan not found: no trial activated for user ce1589b5-6c38-4c57-8f33-d2ae56cde956.
Cannot activate automatic trial for user ce1589b5-6c38-4c57-8f33-d2ae56cde956 (validation): ValueError
Cache generation bump failed for cachegen:usr:68247b36-ff09-4b81-9b5f-007ffb611298; entries keyed on it will serve stale data until their TTL expires.
Traceback (most recent call last):
  File "/home/bond-servant-in-training/Documents/Projects/Grade-Automator-Plus-epic-a-merge-down-b14/AutoGrader/cache_generation.py", line 171, in bump_generation
    return _incr_or_create(key)
           ^^^^^^^^^^^^^^^^^^^^
  File "/home/bond-servant-in-training/Documents/Projects/Grade-Automator-Plus-epic-a-merge-down-b14/AutoGrader/cache_generation.py", line 201, in _incr_or_create
    return cache.incr(key)
           ^^^^^^^^^^^^^^^
  File "/home/bond-servant-in-training/Documents/Virtualenvs/AutoGrader_env/lib/python3.12/site-packages/django_redis/cache.py", line 29, in _decorator
    return method(self, *args, **kwargs)
           ^^^^^^^^^^^^^^^^^^^^^^^^^^^^^
  File "/home/bond-servant-in-training/Documents/Virtualenvs/AutoGrader_env/lib/python3.12/site-packages/django_redis/cache.py", line 130, in incr
    return self.client.incr(*args, **kwargs)
           ^^^^^^^^^^^^^^^^^^^^^^^^^^^^^^^^^
  File "/home/bond-servant-in-training/Documents/Virtualenvs/AutoGrader_env/lib/python3.12/site-packages/django_redis/client/default.py", line 653, in incr
    return self._incr(
           ^^^^^^^^^^^
  File "/home/bond-servant-in-training/Documents/Virtualenvs/AutoGrader_env/lib/python3.12/site-packages/django_redis/client/default.py", line 595, in _incr
    client = self.get_client(write=True)
             ^^^^^^^^^^^^^^^^^^^^^^^^^^^
  File "/home/bond-servant-in-training/.pyenv/versions/3.12.10/lib/python3.12/unittest/mock.py", line 1139, in __call__
    return self._mock_call(*args, **kwargs)
           ^^^^^^^^^^^^^^^^^^^^^^^^^^^^^^^^
  File "/home/bond-servant-in-training/.pyenv/versions/3.12.10/lib/python3.12/unittest/mock.py", line 1143, in _mock_call
    return self._execute_mock_call(*args, **kwargs)
           ^^^^^^^^^^^^^^^^^^^^^^^^^^^^^^^^^^^^^^^^
  File "/home/bond-servant-in-training/.pyenv/versions/3.12.10/lib/python3.12/unittest/mock.py", line 1198, in _execute_mock_call
    raise effect
  File "/home/bond-servant-in-training/Documents/Projects/Grade-Automator-Plus-epic-a-merge-down-b14/AutoGrader/cache_generation.py", line 277, in _bump_pipelined
    client = cache.client.get_client(write=True)
             ^^^^^^^^^^^^^^^^^^^^^^^^^^^^^^^^^^^
  File "/home/bond-servant-in-training/.pyenv/versions/3.12.10/lib/python3.12/unittest/mock.py", line 1139, in __call__
    return self._mock_call(*args, **kwargs)
           ^^^^^^^^^^^^^^^^^^^^^^^^^^^^^^^^
  File "/home/bond-servant-in-training/.pyenv/versions/3.12.10/lib/python3.12/unittest/mock.py", line 1143, in _mock_call
    return self._execute_mock_call(*args, **kwargs)
           ^^^^^^^^^^^^^^^^^^^^^^^^^^^^^^^^^^^^^^^^
  File "/home/bond-servant-in-training/.pyenv/versions/3.12.10/lib/python3.12/unittest/mock.py", line 1198, in _execute_mock_call
    raise effect
redis.exceptions.ConnectionError: redis unreachable
Cache generation bump failed for cachegen:global; entries keyed on it will serve stale data until their TTL expires.
Traceback (most recent call last):
  File "/home/bond-servant-in-training/Documents/Projects/Grade-Automator-Plus-epic-a-merge-down-b14/AutoGrader/cache_generation.py", line 171, in bump_generation
    return _incr_or_create(key)
           ^^^^^^^^^^^^^^^^^^^^
  File "/home/bond-servant-in-training/Documents/Projects/Grade-Automator-Plus-epic-a-merge-down-b14/AutoGrader/cache_generation.py", line 201, in _incr_or_create
    return cache.incr(key)
           ^^^^^^^^^^^^^^^
  File "/home/bond-servant-in-training/Documents/Virtualenvs/AutoGrader_env/lib/python3.12/site-packages/django_redis/cache.py", line 29, in _decorator
    return method(self, *args, **kwargs)
           ^^^^^^^^^^^^^^^^^^^^^^^^^^^^^
  File "/home/bond-servant-in-training/Documents/Virtualenvs/AutoGrader_env/lib/python3.12/site-packages/django_redis/cache.py", line 130, in incr
    return self.client.incr(*args, **kwargs)
           ^^^^^^^^^^^^^^^^^^^^^^^^^^^^^^^^^
  File "/home/bond-servant-in-training/Documents/Virtualenvs/AutoGrader_env/lib/python3.12/site-packages/django_redis/client/default.py", line 653, in incr
    return self._incr(
           ^^^^^^^^^^^
  File "/home/bond-servant-in-training/Documents/Virtualenvs/AutoGrader_env/lib/python3.12/site-packages/django_redis/client/default.py", line 595, in _incr
    client = self.get_client(write=True)
             ^^^^^^^^^^^^^^^^^^^^^^^^^^^
  File "/home/bond-servant-in-training/.pyenv/versions/3.12.10/lib/python3.12/unittest/mock.py", line 1139, in __call__
    return self._mock_call(*args, **kwargs)
           ^^^^^^^^^^^^^^^^^^^^^^^^^^^^^^^^
  File "/home/bond-servant-in-training/.pyenv/versions/3.12.10/lib/python3.12/unittest/mock.py", line 1143, in _mock_call
    return self._execute_mock_call(*args, **kwargs)
           ^^^^^^^^^^^^^^^^^^^^^^^^^^^^^^^^^^^^^^^^
  File "/home/bond-servant-in-training/.pyenv/versions/3.12.10/lib/python3.12/unittest/mock.py", line 1198, in _execute_mock_call
    raise effect
  File "/home/bond-servant-in-training/Documents/Projects/Grade-Automator-Plus-epic-a-merge-down-b14/AutoGrader/cache_generation.py", line 171, in bump_generation
    return _incr_or_create(key)
           ^^^^^^^^^^^^^^^^^^^^
  File "/home/bond-servant-in-training/Documents/Projects/Grade-Automator-Plus-epic-a-merge-down-b14/AutoGrader/cache_generation.py", line 201, in _incr_or_create
    return cache.incr(key)
           ^^^^^^^^^^^^^^^
  File "/home/bond-servant-in-training/Documents/Virtualenvs/AutoGrader_env/lib/python3.12/site-packages/django_redis/cache.py", line 29, in _decorator
    return method(self, *args, **kwargs)
           ^^^^^^^^^^^^^^^^^^^^^^^^^^^^^
  File "/home/bond-servant-in-training/Documents/Virtualenvs/AutoGrader_env/lib/python3.12/site-packages/django_redis/cache.py", line 130, in incr
    return self.client.incr(*args, **kwargs)
           ^^^^^^^^^^^^^^^^^^^^^^^^^^^^^^^^^
  File "/home/bond-servant-in-training/Documents/Virtualenvs/AutoGrader_env/lib/python3.12/site-packages/django_redis/client/default.py", line 653, in incr
    return self._incr(
           ^^^^^^^^^^^
  File "/home/bond-servant-in-training/Documents/Virtualenvs/AutoGrader_env/lib/python3.12/site-packages/django_redis/client/default.py", line 595, in _incr
    client = self.get_client(write=True)
             ^^^^^^^^^^^^^^^^^^^^^^^^^^^
  File "/home/bond-servant-in-training/.pyenv/versions/3.12.10/lib/python3.12/unittest/mock.py", line 1139, in __call__
    return self._mock_call(*args, **kwargs)
           ^^^^^^^^^^^^^^^^^^^^^^^^^^^^^^^^
  File "/home/bond-servant-in-training/.pyenv/versions/3.12.10/lib/python3.12/unittest/mock.py", line 1143, in _mock_call
    return self._execute_mock_call(*args, **kwargs)
           ^^^^^^^^^^^^^^^^^^^^^^^^^^^^^^^^^^^^^^^^
  File "/home/bond-servant-in-training/.pyenv/versions/3.12.10/lib/python3.12/unittest/mock.py", line 1198, in _execute_mock_call
    raise effect
  File "/home/bond-servant-in-training/Documents/Projects/Grade-Automator-Plus-epic-a-merge-down-b14/AutoGrader/cache_generation.py", line 277, in _bump_pipelined
    client = cache.client.get_client(write=True)
             ^^^^^^^^^^^^^^^^^^^^^^^^^^^^^^^^^^^
  File "/home/bond-servant-in-training/.pyenv/versions/3.12.10/lib/python3.12/unittest/mock.py", line 1139, in __call__
    return self._mock_call(*args, **kwargs)
           ^^^^^^^^^^^^^^^^^^^^^^^^^^^^^^^^
  File "/home/bond-servant-in-training/.pyenv/versions/3.12.10/lib/python3.12/unittest/mock.py", line 1143, in _mock_call
    return self._execute_mock_call(*args, **kwargs)
           ^^^^^^^^^^^^^^^^^^^^^^^^^^^^^^^^^^^^^^^^
  File "/home/bond-servant-in-training/.pyenv/versions/3.12.10/lib/python3.12/unittest/mock.py", line 1198, in _execute_mock_call
    raise effect
redis.exceptions.ConnectionError: redis unreachable
Cache generation bump failed for cachegen:anyusr; entries keyed on it will serve stale data until their TTL expires.
Traceback (most recent call last):
  File "/home/bond-servant-in-training/Documents/Projects/Grade-Automator-Plus-epic-a-merge-down-b14/AutoGrader/cache_generation.py", line 171, in bump_generation
    return _incr_or_create(key)
           ^^^^^^^^^^^^^^^^^^^^
  File "/home/bond-servant-in-training/Documents/Projects/Grade-Automator-Plus-epic-a-merge-down-b14/AutoGrader/cache_generation.py", line 201, in _incr_or_create
    return cache.incr(key)
           ^^^^^^^^^^^^^^^
  File "/home/bond-servant-in-training/Documents/Virtualenvs/AutoGrader_env/lib/python3.12/site-packages/django_redis/cache.py", line 29, in _decorator
    return method(self, *args, **kwargs)
           ^^^^^^^^^^^^^^^^^^^^^^^^^^^^^
  File "/home/bond-servant-in-training/Documents/Virtualenvs/AutoGrader_env/lib/python3.12/site-packages/django_redis/cache.py", line 130, in incr
    return self.client.incr(*args, **kwargs)
           ^^^^^^^^^^^^^^^^^^^^^^^^^^^^^^^^^
  File "/home/bond-servant-in-training/Documents/Virtualenvs/AutoGrader_env/lib/python3.12/site-packages/django_redis/client/default.py", line 653, in incr
    return self._incr(
           ^^^^^^^^^^^
  File "/home/bond-servant-in-training/Documents/Virtualenvs/AutoGrader_env/lib/python3.12/site-packages/django_redis/client/default.py", line 595, in _incr
    client = self.get_client(write=True)
             ^^^^^^^^^^^^^^^^^^^^^^^^^^^
  File "/home/bond-servant-in-training/.pyenv/versions/3.12.10/lib/python3.12/unittest/mock.py", line 1139, in __call__
    return self._mock_call(*args, **kwargs)
           ^^^^^^^^^^^^^^^^^^^^^^^^^^^^^^^^
  File "/home/bond-servant-in-training/.pyenv/versions/3.12.10/lib/python3.12/unittest/mock.py", line 1143, in _mock_call
    return self._execute_mock_call(*args, **kwargs)
           ^^^^^^^^^^^^^^^^^^^^^^^^^^^^^^^^^^^^^^^^
  File "/home/bond-servant-in-training/.pyenv/versions/3.12.10/lib/python3.12/unittest/mock.py", line 1198, in _execute_mock_call
    raise effect
  File "/home/bond-servant-in-training/Documents/Projects/Grade-Automator-Plus-epic-a-merge-down-b14/AutoGrader/cache_generation.py", line 171, in bump_generation
    return _incr_or_create(key)
           ^^^^^^^^^^^^^^^^^^^^
  File "/home/bond-servant-in-training/Documents/Projects/Grade-Automator-Plus-epic-a-merge-down-b14/AutoGrader/cache_generation.py", line 201, in _incr_or_create
    return cache.incr(key)
           ^^^^^^^^^^^^^^^
  File "/home/bond-servant-in-training/Documents/Virtualenvs/AutoGrader_env/lib/python3.12/site-packages/django_redis/cache.py", line 29, in _decorator
    return method(self, *args, **kwargs)
           ^^^^^^^^^^^^^^^^^^^^^^^^^^^^^
  File "/home/bond-servant-in-training/Documents/Virtualenvs/AutoGrader_env/lib/python3.12/site-packages/django_redis/cache.py", line 130, in incr
    return self.client.incr(*args, **kwargs)
           ^^^^^^^^^^^^^^^^^^^^^^^^^^^^^^^^^
  File "/home/bond-servant-in-training/Documents/Virtualenvs/AutoGrader_env/lib/python3.12/site-packages/django_redis/client/default.py", line 653, in incr
    return self._incr(
           ^^^^^^^^^^^
  File "/home/bond-servant-in-training/Documents/Virtualenvs/AutoGrader_env/lib/python3.12/site-packages/django_redis/client/default.py", line 595, in _incr
    client = self.get_client(write=True)
             ^^^^^^^^^^^^^^^^^^^^^^^^^^^
  File "/home/bond-servant-in-training/.pyenv/versions/3.12.10/lib/python3.12/unittest/mock.py", line 1139, in __call__
    return self._mock_call(*args, **kwargs)
           ^^^^^^^^^^^^^^^^^^^^^^^^^^^^^^^^
  File "/home/bond-servant-in-training/.pyenv/versions/3.12.10/lib/python3.12/unittest/mock.py", line 1143, in _mock_call
    return self._execute_mock_call(*args, **kwargs)
           ^^^^^^^^^^^^^^^^^^^^^^^^^^^^^^^^^^^^^^^^
  File "/home/bond-servant-in-training/.pyenv/versions/3.12.10/lib/python3.12/unittest/mock.py", line 1198, in _execute_mock_call
    raise effect
  File "/home/bond-servant-in-training/Documents/Projects/Grade-Automator-Plus-epic-a-merge-down-b14/AutoGrader/cache_generation.py", line 171, in bump_generation
    return _incr_or_create(key)
           ^^^^^^^^^^^^^^^^^^^^
  File "/home/bond-servant-in-training/Documents/Projects/Grade-Automator-Plus-epic-a-merge-down-b14/AutoGrader/cache_generation.py", line 201, in _incr_or_create
    return cache.incr(key)
           ^^^^^^^^^^^^^^^
  File "/home/bond-servant-in-training/Documents/Virtualenvs/AutoGrader_env/lib/python3.12/site-packages/django_redis/cache.py", line 29, in _decorator
    return method(self, *args, **kwargs)
           ^^^^^^^^^^^^^^^^^^^^^^^^^^^^^
  File "/home/bond-servant-in-training/Documents/Virtualenvs/AutoGrader_env/lib/python3.12/site-packages/django_redis/cache.py", line 130, in incr
    return self.client.incr(*args, **kwargs)
           ^^^^^^^^^^^^^^^^^^^^^^^^^^^^^^^^^
  File "/home/bond-servant-in-training/Documents/Virtualenvs/AutoGrader_env/lib/python3.12/site-packages/django_redis/client/default.py", line 653, in incr
    return self._incr(
           ^^^^^^^^^^^
  File "/home/bond-servant-in-training/Documents/Virtualenvs/AutoGrader_env/lib/python3.12/site-packages/django_redis/client/default.py", line 595, in _incr
    client = self.get_client(write=True)
             ^^^^^^^^^^^^^^^^^^^^^^^^^^^
  File "/home/bond-servant-in-training/.pyenv/versions/3.12.10/lib/python3.12/unittest/mock.py", line 1139, in __call__
    return self._mock_call(*args, **kwargs)
           ^^^^^^^^^^^^^^^^^^^^^^^^^^^^^^^^
  File "/home/bond-servant-in-training/.pyenv/versions/3.12.10/lib/python3.12/unittest/mock.py", line 1143, in _mock_call
    return self._execute_mock_call(*args, **kwargs)
           ^^^^^^^^^^^^^^^^^^^^^^^^^^^^^^^^^^^^^^^^
  File "/home/bond-servant-in-training/.pyenv/versions/3.12.10/lib/python3.12/unittest/mock.py", line 1198, in _execute_mock_call
    raise effect
  File "/home/bond-servant-in-training/Documents/Projects/Grade-Automator-Plus-epic-a-merge-down-b14/AutoGrader/cache_generation.py", line 277, in _bump_pipelined
    client = cache.client.get_client(write=True)
             ^^^^^^^^^^^^^^^^^^^^^^^^^^^^^^^^^^^
  File "/home/bond-servant-in-training/.pyenv/versions/3.12.10/lib/python3.12/unittest/mock.py", line 1139, in __call__
    return self._mock_call(*args, **kwargs)
           ^^^^^^^^^^^^^^^^^^^^^^^^^^^^^^^^
  File "/home/bond-servant-in-training/.pyenv/versions/3.12.10/lib/python3.12/unittest/mock.py", line 1143, in _mock_call
    return self._execute_mock_call(*args, **kwargs)
           ^^^^^^^^^^^^^^^^^^^^^^^^^^^^^^^^^^^^^^^^
  File "/home/bond-servant-in-training/.pyenv/versions/3.12.10/lib/python3.12/unittest/mock.py", line 1198, in _execute_mock_call
    raise effect
redis.exceptions.ConnectionError: redis unreachable
Cache generation bump failed for cachegen:sch:3b26cbbc-21ea-44bc-8024-87a5ef68cc0c; entries keyed on it will serve stale data until their TTL expires.
Traceback (most recent call last):
  File "/home/bond-servant-in-training/Documents/Projects/Grade-Automator-Plus-epic-a-merge-down-b14/AutoGrader/cache_generation.py", line 171, in bump_generation
    return _incr_or_create(key)
           ^^^^^^^^^^^^^^^^^^^^
  File "/home/bond-servant-in-training/Documents/Projects/Grade-Automator-Plus-epic-a-merge-down-b14/AutoGrader/cache_generation.py", line 201, in _incr_or_create
    return cache.incr(key)
           ^^^^^^^^^^^^^^^
  File "/home/bond-servant-in-training/Documents/Virtualenvs/AutoGrader_env/lib/python3.12/site-packages/django_redis/cache.py", line 29, in _decorator
    return method(self, *args, **kwargs)
           ^^^^^^^^^^^^^^^^^^^^^^^^^^^^^
  File "/home/bond-servant-in-training/Documents/Virtualenvs/AutoGrader_env/lib/python3.12/site-packages/django_redis/cache.py", line 130, in incr
    return self.client.incr(*args, **kwargs)
           ^^^^^^^^^^^^^^^^^^^^^^^^^^^^^^^^^
  File "/home/bond-servant-in-training/Documents/Virtualenvs/AutoGrader_env/lib/python3.12/site-packages/django_redis/client/default.py", line 653, in incr
    return self._incr(
           ^^^^^^^^^^^
  File "/home/bond-servant-in-training/Documents/Virtualenvs/AutoGrader_env/lib/python3.12/site-packages/django_redis/client/default.py", line 595, in _incr
    client = self.get_client(write=True)
             ^^^^^^^^^^^^^^^^^^^^^^^^^^^
  File "/home/bond-servant-in-training/.pyenv/versions/3.12.10/lib/python3.12/unittest/mock.py", line 1139, in __call__
    return self._mock_call(*args, **kwargs)
           ^^^^^^^^^^^^^^^^^^^^^^^^^^^^^^^^
  File "/home/bond-servant-in-training/.pyenv/versions/3.12.10/lib/python3.12/unittest/mock.py", line 1143, in _mock_call
    return self._execute_mock_call(*args, **kwargs)
           ^^^^^^^^^^^^^^^^^^^^^^^^^^^^^^^^^^^^^^^^
  File "/home/bond-servant-in-training/.pyenv/versions/3.12.10/lib/python3.12/unittest/mock.py", line 1198, in _execute_mock_call
    raise effect
  File "/home/bond-servant-in-training/Documents/Projects/Grade-Automator-Plus-epic-a-merge-down-b14/AutoGrader/cache_generation.py", line 171, in bump_generation
    return _incr_or_create(key)
           ^^^^^^^^^^^^^^^^^^^^
  File "/home/bond-servant-in-training/Documents/Projects/Grade-Automator-Plus-epic-a-merge-down-b14/AutoGrader/cache_generation.py", line 201, in _incr_or_create
    return cache.incr(key)
           ^^^^^^^^^^^^^^^
  File "/home/bond-servant-in-training/Documents/Virtualenvs/AutoGrader_env/lib/python3.12/site-packages/django_redis/cache.py", line 29, in _decorator
    return method(self, *args, **kwargs)
           ^^^^^^^^^^^^^^^^^^^^^^^^^^^^^
  File "/home/bond-servant-in-training/Documents/Virtualenvs/AutoGrader_env/lib/python3.12/site-packages/django_redis/cache.py", line 130, in incr
    return self.client.incr(*args, **kwargs)
           ^^^^^^^^^^^^^^^^^^^^^^^^^^^^^^^^^
  File "/home/bond-servant-in-training/Documents/Virtualenvs/AutoGrader_env/lib/python3.12/site-packages/django_redis/client/default.py", line 653, in incr
    return self._incr(
           ^^^^^^^^^^^
  File "/home/bond-servant-in-training/Documents/Virtualenvs/AutoGrader_env/lib/python3.12/site-packages/django_redis/client/default.py", line 595, in _incr
    client = self.get_client(write=True)
             ^^^^^^^^^^^^^^^^^^^^^^^^^^^
  File "/home/bond-servant-in-training/.pyenv/versions/3.12.10/lib/python3.12/unittest/mock.py", line 1139, in __call__
    return self._mock_call(*args, **kwargs)
           ^^^^^^^^^^^^^^^^^^^^^^^^^^^^^^^^
  File "/home/bond-servant-in-training/.pyenv/versions/3.12.10/lib/python3.12/unittest/mock.py", line 1143, in _mock_call
    return self._execute_mock_call(*args, **kwargs)
           ^^^^^^^^^^^^^^^^^^^^^^^^^^^^^^^^^^^^^^^^
  File "/home/bond-servant-in-training/.pyenv/versions/3.12.10/lib/python3.12/unittest/mock.py", line 1198, in _execute_mock_call
    raise effect
  File "/home/bond-servant-in-training/Documents/Projects/Grade-Automator-Plus-epic-a-merge-down-b14/AutoGrader/cache_generation.py", line 171, in bump_generation
    return _incr_or_create(key)
           ^^^^^^^^^^^^^^^^^^^^
  File "/home/bond-servant-in-training/Documents/Projects/Grade-Automator-Plus-epic-a-merge-down-b14/AutoGrader/cache_generation.py", line 201, in _incr_or_create
    return cache.incr(key)
           ^^^^^^^^^^^^^^^
  File "/home/bond-servant-in-training/Documents/Virtualenvs/AutoGrader_env/lib/python3.12/site-packages/django_redis/cache.py", line 29, in _decorator
    return method(self, *args, **kwargs)
           ^^^^^^^^^^^^^^^^^^^^^^^^^^^^^
  File "/home/bond-servant-in-training/Documents/Virtualenvs/AutoGrader_env/lib/python3.12/site-packages/django_redis/cache.py", line 130, in incr
    return self.client.incr(*args, **kwargs)
           ^^^^^^^^^^^^^^^^^^^^^^^^^^^^^^^^^
  File "/home/bond-servant-in-training/Documents/Virtualenvs/AutoGrader_env/lib/python3.12/site-packages/django_redis/client/default.py", line 653, in incr
    return self._incr(
           ^^^^^^^^^^^
  File "/home/bond-servant-in-training/Documents/Virtualenvs/AutoGrader_env/lib/python3.12/site-packages/django_redis/client/default.py", line 595, in _incr
    client = self.get_client(write=True)
             ^^^^^^^^^^^^^^^^^^^^^^^^^^^
  File "/home/bond-servant-in-training/.pyenv/versions/3.12.10/lib/python3.12/unittest/mock.py", line 1139, in __call__
    return self._mock_call(*args, **kwargs)
           ^^^^^^^^^^^^^^^^^^^^^^^^^^^^^^^^
  File "/home/bond-servant-in-training/.pyenv/versions/3.12.10/lib/python3.12/unittest/mock.py", line 1143, in _mock_call
    return self._execute_mock_call(*args, **kwargs)
           ^^^^^^^^^^^^^^^^^^^^^^^^^^^^^^^^^^^^^^^^
  File "/home/bond-servant-in-training/.pyenv/versions/3.12.10/lib/python3.12/unittest/mock.py", line 1198, in _execute_mock_call
    raise effect
  File "/home/bond-servant-in-training/Documents/Projects/Grade-Automator-Plus-epic-a-merge-down-b14/AutoGrader/cache_generation.py", line 171, in bump_generation
    return _incr_or_create(key)
           ^^^^^^^^^^^^^^^^^^^^
  File "/home/bond-servant-in-training/Documents/Projects/Grade-Automator-Plus-epic-a-merge-down-b14/AutoGrader/cache_generation.py", line 201, in _incr_or_create
    return cache.incr(key)
           ^^^^^^^^^^^^^^^
  File "/home/bond-servant-in-training/Documents/Virtualenvs/AutoGrader_env/lib/python3.12/site-packages/django_redis/cache.py", line 29, in _decorator
    return method(self, *args, **kwargs)
           ^^^^^^^^^^^^^^^^^^^^^^^^^^^^^
  File "/home/bond-servant-in-training/Documents/Virtualenvs/AutoGrader_env/lib/python3.12/site-packages/django_redis/cache.py", line 130, in incr
    return self.client.incr(*args, **kwargs)
           ^^^^^^^^^^^^^^^^^^^^^^^^^^^^^^^^^
  File "/home/bond-servant-in-training/Documents/Virtualenvs/AutoGrader_env/lib/python3.12/site-packages/django_redis/client/default.py", line 653, in incr
    return self._incr(
           ^^^^^^^^^^^
  File "/home/bond-servant-in-training/Documents/Virtualenvs/AutoGrader_env/lib/python3.12/site-packages/django_redis/client/default.py", line 595, in _incr
    client = self.get_client(write=True)
             ^^^^^^^^^^^^^^^^^^^^^^^^^^^
  File "/home/bond-servant-in-training/.pyenv/versions/3.12.10/lib/python3.12/unittest/mock.py", line 1139, in __call__
    return self._mock_call(*args, **kwargs)
           ^^^^^^^^^^^^^^^^^^^^^^^^^^^^^^^^
  File "/home/bond-servant-in-training/.pyenv/versions/3.12.10/lib/python3.12/unittest/mock.py", line 1143, in _mock_call
    return self._execute_mock_call(*args, **kwargs)
           ^^^^^^^^^^^^^^^^^^^^^^^^^^^^^^^^^^^^^^^^
  File "/home/bond-servant-in-training/.pyenv/versions/3.12.10/lib/python3.12/unittest/mock.py", line 1198, in _execute_mock_call
    raise effect
  File "/home/bond-servant-in-training/Documents/Projects/Grade-Automator-Plus-epic-a-merge-down-b14/AutoGrader/cache_generation.py", line 277, in _bump_pipelined
    client = cache.client.get_client(write=True)
             ^^^^^^^^^^^^^^^^^^^^^^^^^^^^^^^^^^^
  File "/home/bond-servant-in-training/.pyenv/versions/3.12.10/lib/python3.12/unittest/mock.py", line 1139, in __call__
    return self._mock_call(*args, **kwargs)
           ^^^^^^^^^^^^^^^^^^^^^^^^^^^^^^^^
  File "/home/bond-servant-in-training/.pyenv/versions/3.12.10/lib/python3.12/unittest/mock.py", line 1143, in _mock_call
    return self._execute_mock_call(*args, **kwargs)
           ^^^^^^^^^^^^^^^^^^^^^^^^^^^^^^^^^^^^^^^^
  File "/home/bond-servant-in-training/.pyenv/versions/3.12.10/lib/python3.12/unittest/mock.py", line 1198, in _execute_mock_call
    raise effect
redis.exceptions.ConnectionError: redis unreachable
Cache generation bump failed for cachegen:usr:70ff430a-7fa8-4705-8680-bc61fbe23c5f; entries keyed on it will serve stale data until their TTL expires.
Traceback (most recent call last):
  File "/home/bond-servant-in-training/Documents/Projects/Grade-Automator-Plus-epic-a-merge-down-b14/AutoGrader/cache_generation.py", line 171, in bump_generation
    return _incr_or_create(key)
           ^^^^^^^^^^^^^^^^^^^^
  File "/home/bond-servant-in-training/Documents/Projects/Grade-Automator-Plus-epic-a-merge-down-b14/AutoGrader/cache_generation.py", line 201, in _incr_or_create
    return cache.incr(key)
           ^^^^^^^^^^^^^^^
  File "/home/bond-servant-in-training/Documents/Virtualenvs/AutoGrader_env/lib/python3.12/site-packages/django_redis/cache.py", line 29, in _decorator
    return method(self, *args, **kwargs)
           ^^^^^^^^^^^^^^^^^^^^^^^^^^^^^
  File "/home/bond-servant-in-training/Documents/Virtualenvs/AutoGrader_env/lib/python3.12/site-packages/django_redis/cache.py", line 130, in incr
    return self.client.incr(*args, **kwargs)
           ^^^^^^^^^^^^^^^^^^^^^^^^^^^^^^^^^
  File "/home/bond-servant-in-training/Documents/Virtualenvs/AutoGrader_env/lib/python3.12/site-packages/django_redis/client/default.py", line 653, in incr
    return self._incr(
           ^^^^^^^^^^^
  File "/home/bond-servant-in-training/Documents/Virtualenvs/AutoGrader_env/lib/python3.12/site-packages/django_redis/client/default.py", line 595, in _incr
    client = self.get_client(write=True)
             ^^^^^^^^^^^^^^^^^^^^^^^^^^^
  File "/home/bond-servant-in-training/.pyenv/versions/3.12.10/lib/python3.12/unittest/mock.py", line 1139, in __call__
    return self._mock_call(*args, **kwargs)
           ^^^^^^^^^^^^^^^^^^^^^^^^^^^^^^^^
  File "/home/bond-servant-in-training/.pyenv/versions/3.12.10/lib/python3.12/unittest/mock.py", line 1143, in _mock_call
    return self._execute_mock_call(*args, **kwargs)
           ^^^^^^^^^^^^^^^^^^^^^^^^^^^^^^^^^^^^^^^^
  File "/home/bond-servant-in-training/.pyenv/versions/3.12.10/lib/python3.12/unittest/mock.py", line 1198, in _execute_mock_call
    raise effect
  File "/home/bond-servant-in-training/Documents/Projects/Grade-Automator-Plus-epic-a-merge-down-b14/AutoGrader/cache_generation.py", line 171, in bump_generation
    return _incr_or_create(key)
           ^^^^^^^^^^^^^^^^^^^^
  File "/home/bond-servant-in-training/Documents/Projects/Grade-Automator-Plus-epic-a-merge-down-b14/AutoGrader/cache_generation.py", line 201, in _incr_or_create
    return cache.incr(key)
           ^^^^^^^^^^^^^^^
  File "/home/bond-servant-in-training/Documents/Virtualenvs/AutoGrader_env/lib/python3.12/site-packages/django_redis/cache.py", line 29, in _decorator
    return method(self, *args, **kwargs)
           ^^^^^^^^^^^^^^^^^^^^^^^^^^^^^
  File "/home/bond-servant-in-training/Documents/Virtualenvs/AutoGrader_env/lib/python3.12/site-packages/django_redis/cache.py", line 130, in incr
    return self.client.incr(*args, **kwargs)
           ^^^^^^^^^^^^^^^^^^^^^^^^^^^^^^^^^
  File "/home/bond-servant-in-training/Documents/Virtualenvs/AutoGrader_env/lib/python3.12/site-packages/django_redis/client/default.py", line 653, in incr
    return self._incr(
           ^^^^^^^^^^^
  File "/home/bond-servant-in-training/Documents/Virtualenvs/AutoGrader_env/lib/python3.12/site-packages/django_redis/client/default.py", line 595, in _incr
    client = self.get_client(write=True)
             ^^^^^^^^^^^^^^^^^^^^^^^^^^^
  File "/home/bond-servant-in-training/.pyenv/versions/3.12.10/lib/python3.12/unittest/mock.py", line 1139, in __call__
    return self._mock_call(*args, **kwargs)
           ^^^^^^^^^^^^^^^^^^^^^^^^^^^^^^^^
  File "/home/bond-servant-in-training/.pyenv/versions/3.12.10/lib/python3.12/unittest/mock.py", line 1143, in _mock_call
    return self._execute_mock_call(*args, **kwargs)
           ^^^^^^^^^^^^^^^^^^^^^^^^^^^^^^^^^^^^^^^^
  File "/home/bond-servant-in-training/.pyenv/versions/3.12.10/lib/python3.12/unittest/mock.py", line 1198, in _execute_mock_call
    raise effect
  File "/home/bond-servant-in-training/Documents/Projects/Grade-Automator-Plus-epic-a-merge-down-b14/AutoGrader/cache_generation.py", line 171, in bump_generation
    return _incr_or_create(key)
           ^^^^^^^^^^^^^^^^^^^^
  File "/home/bond-servant-in-training/Documents/Projects/Grade-Automator-Plus-epic-a-merge-down-b14/AutoGrader/cache_generation.py", line 201, in _incr_or_create
    return cache.incr(key)
           ^^^^^^^^^^^^^^^
  File "/home/bond-servant-in-training/Documents/Virtualenvs/AutoGrader_env/lib/python3.12/site-packages/django_redis/cache.py", line 29, in _decorator
    return method(self, *args, **kwargs)
           ^^^^^^^^^^^^^^^^^^^^^^^^^^^^^
  File "/home/bond-servant-in-training/Documents/Virtualenvs/AutoGrader_env/lib/python3.12/site-packages/django_redis/cache.py", line 130, in incr
    return self.client.incr(*args, **kwargs)
           ^^^^^^^^^^^^^^^^^^^^^^^^^^^^^^^^^
  File "/home/bond-servant-in-training/Documents/Virtualenvs/AutoGrader_env/lib/python3.12/site-packages/django_redis/client/default.py", line 653, in incr
    return self._incr(
           ^^^^^^^^^^^
  File "/home/bond-servant-in-training/Documents/Virtualenvs/AutoGrader_env/lib/python3.12/site-packages/django_redis/client/default.py", line 595, in _incr
    client = self.get_client(write=True)
             ^^^^^^^^^^^^^^^^^^^^^^^^^^^
  File "/home/bond-servant-in-training/.pyenv/versions/3.12.10/lib/python3.12/unittest/mock.py", line 1139, in __call__
    return self._mock_call(*args, **kwargs)
           ^^^^^^^^^^^^^^^^^^^^^^^^^^^^^^^^
  File "/home/bond-servant-in-training/.pyenv/versions/3.12.10/lib/python3.12/unittest/mock.py", line 1143, in _mock_call
    return self._execute_mock_call(*args, **kwargs)
           ^^^^^^^^^^^^^^^^^^^^^^^^^^^^^^^^^^^^^^^^
  File "/home/bond-servant-in-training/.pyenv/versions/3.12.10/lib/python3.12/unittest/mock.py", line 1198, in _execute_mock_call
    raise effect
  File "/home/bond-servant-in-training/Documents/Projects/Grade-Automator-Plus-epic-a-merge-down-b14/AutoGrader/cache_generation.py", line 171, in bump_generation
    return _incr_or_create(key)
           ^^^^^^^^^^^^^^^^^^^^
  File "/home/bond-servant-in-training/Documents/Projects/Grade-Automator-Plus-epic-a-merge-down-b14/AutoGrader/cache_generation.py", line 201, in _incr_or_create
    return cache.incr(key)
           ^^^^^^^^^^^^^^^
  File "/home/bond-servant-in-training/Documents/Virtualenvs/AutoGrader_env/lib/python3.12/site-packages/django_redis/cache.py", line 29, in _decorator
    return method(self, *args, **kwargs)
           ^^^^^^^^^^^^^^^^^^^^^^^^^^^^^
  File "/home/bond-servant-in-training/Documents/Virtualenvs/AutoGrader_env/lib/python3.12/site-packages/django_redis/cache.py", line 130, in incr
    return self.client.incr(*args, **kwargs)
           ^^^^^^^^^^^^^^^^^^^^^^^^^^^^^^^^^
  File "/home/bond-servant-in-training/Documents/Virtualenvs/AutoGrader_env/lib/python3.12/site-packages/django_redis/client/default.py", line 653, in incr
    return self._incr(
           ^^^^^^^^^^^
  File "/home/bond-servant-in-training/Documents/Virtualenvs/AutoGrader_env/lib/python3.12/site-packages/django_redis/client/default.py", line 595, in _incr
    client = self.get_client(write=True)
             ^^^^^^^^^^^^^^^^^^^^^^^^^^^
  File "/home/bond-servant-in-training/.pyenv/versions/3.12.10/lib/python3.12/unittest/mock.py", line 1139, in __call__
    return self._mock_call(*args, **kwargs)
           ^^^^^^^^^^^^^^^^^^^^^^^^^^^^^^^^
  File "/home/bond-servant-in-training/.pyenv/versions/3.12.10/lib/python3.12/unittest/mock.py", line 1143, in _mock_call
    return self._execute_mock_call(*args, **kwargs)
           ^^^^^^^^^^^^^^^^^^^^^^^^^^^^^^^^^^^^^^^^
  File "/home/bond-servant-in-training/.pyenv/versions/3.12.10/lib/python3.12/unittest/mock.py", line 1198, in _execute_mock_call
    raise effect
  File "/home/bond-servant-in-training/Documents/Projects/Grade-Automator-Plus-epic-a-merge-down-b14/AutoGrader/cache_generation.py", line 171, in bump_generation
    return _incr_or_create(key)
           ^^^^^^^^^^^^^^^^^^^^
  File "/home/bond-servant-in-training/Documents/Projects/Grade-Automator-Plus-epic-a-merge-down-b14/AutoGrader/cache_generation.py", line 201, in _incr_or_create
    return cache.incr(key)
           ^^^^^^^^^^^^^^^
  File "/home/bond-servant-in-training/Documents/Virtualenvs/AutoGrader_env/lib/python3.12/site-packages/django_redis/cache.py", line 29, in _decorator
    return method(self, *args, **kwargs)
           ^^^^^^^^^^^^^^^^^^^^^^^^^^^^^
  File "/home/bond-servant-in-training/Documents/Virtualenvs/AutoGrader_env/lib/python3.12/site-packages/django_redis/cache.py", line 130, in incr
    return self.client.incr(*args, **kwargs)
           ^^^^^^^^^^^^^^^^^^^^^^^^^^^^^^^^^
  File "/home/bond-servant-in-training/Documents/Virtualenvs/AutoGrader_env/lib/python3.12/site-packages/django_redis/client/default.py", line 653, in incr
    return self._incr(
           ^^^^^^^^^^^
  File "/home/bond-servant-in-training/Documents/Virtualenvs/AutoGrader_env/lib/python3.12/site-packages/django_redis/client/default.py", line 595, in _incr
    client = self.get_client(write=True)
             ^^^^^^^^^^^^^^^^^^^^^^^^^^^
  File "/home/bond-servant-in-training/.pyenv/versions/3.12.10/lib/python3.12/unittest/mock.py", line 1139, in __call__
    return self._mock_call(*args, **kwargs)
           ^^^^^^^^^^^^^^^^^^^^^^^^^^^^^^^^
  File "/home/bond-servant-in-training/.pyenv/versions/3.12.10/lib/python3.12/unittest/mock.py", line 1143, in _mock_call
    return self._execute_mock_call(*args, **kwargs)
           ^^^^^^^^^^^^^^^^^^^^^^^^^^^^^^^^^^^^^^^^
  File "/home/bond-servant-in-training/.pyenv/versions/3.12.10/lib/python3.12/unittest/mock.py", line 1198, in _execute_mock_call
    raise effect
  File "/home/bond-servant-in-training/Documents/Projects/Grade-Automator-Plus-epic-a-merge-down-b14/AutoGrader/cache_generation.py", line 277, in _bump_pipelined
    client = cache.client.get_client(write=True)
             ^^^^^^^^^^^^^^^^^^^^^^^^^^^^^^^^^^^
  File "/home/bond-servant-in-training/.pyenv/versions/3.12.10/lib/python3.12/unittest/mock.py", line 1139, in __call__
    return self._mock_call(*args, **kwargs)
           ^^^^^^^^^^^^^^^^^^^^^^^^^^^^^^^^
  File "/home/bond-servant-in-training/.pyenv/versions/3.12.10/lib/python3.12/unittest/mock.py", line 1143, in _mock_call
    return self._execute_mock_call(*args, **kwargs)
           ^^^^^^^^^^^^^^^^^^^^^^^^^^^^^^^^^^^^^^^^
  File "/home/bond-servant-in-training/.pyenv/versions/3.12.10/lib/python3.12/unittest/mock.py", line 1198, in _execute_mock_call
    raise effect
redis.exceptions.ConnectionError: redis unreachable
Cache generation bump failed for cachegen:usr:82faeb1d-02ad-4a30-ac53-6297fe7ce269; entries keyed on it will serve stale data until their TTL expires.
Traceback (most recent call last):
  File "/home/bond-servant-in-training/Documents/Projects/Grade-Automator-Plus-epic-a-merge-down-b14/AutoGrader/cache_generation.py", line 171, in bump_generation
    return _incr_or_create(key)
           ^^^^^^^^^^^^^^^^^^^^
  File "/home/bond-servant-in-training/Documents/Projects/Grade-Automator-Plus-epic-a-merge-down-b14/AutoGrader/cache_generation.py", line 201, in _incr_or_create
    return cache.incr(key)
           ^^^^^^^^^^^^^^^
  File "/home/bond-servant-in-training/Documents/Virtualenvs/AutoGrader_env/lib/python3.12/site-packages/django_redis/cache.py", line 29, in _decorator
    return method(self, *args, **kwargs)
           ^^^^^^^^^^^^^^^^^^^^^^^^^^^^^
  File "/home/bond-servant-in-training/Documents/Virtualenvs/AutoGrader_env/lib/python3.12/site-packages/django_redis/cache.py", line 130, in incr
    return self.client.incr(*args, **kwargs)
           ^^^^^^^^^^^^^^^^^^^^^^^^^^^^^^^^^
  File "/home/bond-servant-in-training/Documents/Virtualenvs/AutoGrader_env/lib/python3.12/site-packages/django_redis/client/default.py", line 653, in incr
    return self._incr(
           ^^^^^^^^^^^
  File "/home/bond-servant-in-training/Documents/Virtualenvs/AutoGrader_env/lib/python3.12/site-packages/django_redis/client/default.py", line 595, in _incr
    client = self.get_client(write=True)
             ^^^^^^^^^^^^^^^^^^^^^^^^^^^
  File "/home/bond-servant-in-training/.pyenv/versions/3.12.10/lib/python3.12/unittest/mock.py", line 1139, in __call__
    return self._mock_call(*args, **kwargs)
           ^^^^^^^^^^^^^^^^^^^^^^^^^^^^^^^^
  File "/home/bond-servant-in-training/.pyenv/versions/3.12.10/lib/python3.12/unittest/mock.py", line 1143, in _mock_call
    return self._execute_mock_call(*args, **kwargs)
           ^^^^^^^^^^^^^^^^^^^^^^^^^^^^^^^^^^^^^^^^
  File "/home/bond-servant-in-training/.pyenv/versions/3.12.10/lib/python3.12/unittest/mock.py", line 1198, in _execute_mock_call
    raise effect
  File "/home/bond-servant-in-training/Documents/Projects/Grade-Automator-Plus-epic-a-merge-down-b14/AutoGrader/cache_generation.py", line 171, in bump_generation
    return _incr_or_create(key)
           ^^^^^^^^^^^^^^^^^^^^
  File "/home/bond-servant-in-training/Documents/Projects/Grade-Automator-Plus-epic-a-merge-down-b14/AutoGrader/cache_generation.py", line 201, in _incr_or_create
    return cache.incr(key)
           ^^^^^^^^^^^^^^^
  File "/home/bond-servant-in-training/Documents/Virtualenvs/AutoGrader_env/lib/python3.12/site-packages/django_redis/cache.py", line 29, in _decorator
    return method(self, *args, **kwargs)
           ^^^^^^^^^^^^^^^^^^^^^^^^^^^^^
  File "/home/bond-servant-in-training/Documents/Virtualenvs/AutoGrader_env/lib/python3.12/site-packages/django_redis/cache.py", line 130, in incr
    return self.client.incr(*args, **kwargs)
           ^^^^^^^^^^^^^^^^^^^^^^^^^^^^^^^^^
  File "/home/bond-servant-in-training/Documents/Virtualenvs/AutoGrader_env/lib/python3.12/site-packages/django_redis/client/default.py", line 653, in incr
    return self._incr(
           ^^^^^^^^^^^
  File "/home/bond-servant-in-training/Documents/Virtualenvs/AutoGrader_env/lib/python3.12/site-packages/django_redis/client/default.py", line 595, in _incr
    client = self.get_client(write=True)
             ^^^^^^^^^^^^^^^^^^^^^^^^^^^
  File "/home/bond-servant-in-training/.pyenv/versions/3.12.10/lib/python3.12/unittest/mock.py", line 1139, in __call__
    return self._mock_call(*args, **kwargs)
           ^^^^^^^^^^^^^^^^^^^^^^^^^^^^^^^^
  File "/home/bond-servant-in-training/.pyenv/versions/3.12.10/lib/python3.12/unittest/mock.py", line 1143, in _mock_call
    return self._execute_mock_call(*args, **kwargs)
           ^^^^^^^^^^^^^^^^^^^^^^^^^^^^^^^^^^^^^^^^
  File "/home/bond-servant-in-training/.pyenv/versions/3.12.10/lib/python3.12/unittest/mock.py", line 1198, in _execute_mock_call
    raise effect
  File "/home/bond-servant-in-training/Documents/Projects/Grade-Automator-Plus-epic-a-merge-down-b14/AutoGrader/cache_generation.py", line 171, in bump_generation
    return _incr_or_create(key)
           ^^^^^^^^^^^^^^^^^^^^
  File "/home/bond-servant-in-training/Documents/Projects/Grade-Automator-Plus-epic-a-merge-down-b14/AutoGrader/cache_generation.py", line 201, in _incr_or_create
    return cache.incr(key)
           ^^^^^^^^^^^^^^^
  File "/home/bond-servant-in-training/Documents/Virtualenvs/AutoGrader_env/lib/python3.12/site-packages/django_redis/cache.py", line 29, in _decorator
    return method(self, *args, **kwargs)
           ^^^^^^^^^^^^^^^^^^^^^^^^^^^^^
  File "/home/bond-servant-in-training/Documents/Virtualenvs/AutoGrader_env/lib/python3.12/site-packages/django_redis/cache.py", line 130, in incr
    return self.client.incr(*args, **kwargs)
           ^^^^^^^^^^^^^^^^^^^^^^^^^^^^^^^^^
  File "/home/bond-servant-in-training/Documents/Virtualenvs/AutoGrader_env/lib/python3.12/site-packages/django_redis/client/default.py", line 653, in incr
    return self._incr(
           ^^^^^^^^^^^
  File "/home/bond-servant-in-training/Documents/Virtualenvs/AutoGrader_env/lib/python3.12/site-packages/django_redis/client/default.py", line 595, in _incr
    client = self.get_client(write=True)
             ^^^^^^^^^^^^^^^^^^^^^^^^^^^
  File "/home/bond-servant-in-training/.pyenv/versions/3.12.10/lib/python3.12/unittest/mock.py", line 1139, in __call__
    return self._mock_call(*args, **kwargs)
           ^^^^^^^^^^^^^^^^^^^^^^^^^^^^^^^^
  File "/home/bond-servant-in-training/.pyenv/versions/3.12.10/lib/python3.12/unittest/mock.py", line 1143, in _mock_call
    return self._execute_mock_call(*args, **kwargs)
           ^^^^^^^^^^^^^^^^^^^^^^^^^^^^^^^^^^^^^^^^
  File "/home/bond-servant-in-training/.pyenv/versions/3.12.10/lib/python3.12/unittest/mock.py", line 1198, in _execute_mock_call
    raise effect
  File "/home/bond-servant-in-training/Documents/Projects/Grade-Automator-Plus-epic-a-merge-down-b14/AutoGrader/cache_generation.py", line 171, in bump_generation
    return _incr_or_create(key)
           ^^^^^^^^^^^^^^^^^^^^
  File "/home/bond-servant-in-training/Documents/Projects/Grade-Automator-Plus-epic-a-merge-down-b14/AutoGrader/cache_generation.py", line 201, in _incr_or_create
    return cache.incr(key)
           ^^^^^^^^^^^^^^^
  File "/home/bond-servant-in-training/Documents/Virtualenvs/AutoGrader_env/lib/python3.12/site-packages/django_redis/cache.py", line 29, in _decorator
    return method(self, *args, **kwargs)
           ^^^^^^^^^^^^^^^^^^^^^^^^^^^^^
  File "/home/bond-servant-in-training/Documents/Virtualenvs/AutoGrader_env/lib/python3.12/site-packages/django_redis/cache.py", line 130, in incr
    return self.client.incr(*args, **kwargs)
           ^^^^^^^^^^^^^^^^^^^^^^^^^^^^^^^^^
  File "/home/bond-servant-in-training/Documents/Virtualenvs/AutoGrader_env/lib/python3.12/site-packages/django_redis/client/default.py", line 653, in incr
    return self._incr(
           ^^^^^^^^^^^
  File "/home/bond-servant-in-training/Documents/Virtualenvs/AutoGrader_env/lib/python3.12/site-packages/django_redis/client/default.py", line 595, in _incr
    client = self.get_client(write=True)
             ^^^^^^^^^^^^^^^^^^^^^^^^^^^
  File "/home/bond-servant-in-training/.pyenv/versions/3.12.10/lib/python3.12/unittest/mock.py", line 1139, in __call__
    return self._mock_call(*args, **kwargs)
           ^^^^^^^^^^^^^^^^^^^^^^^^^^^^^^^^
  File "/home/bond-servant-in-training/.pyenv/versions/3.12.10/lib/python3.12/unittest/mock.py", line 1143, in _mock_call
    return self._execute_mock_call(*args, **kwargs)
           ^^^^^^^^^^^^^^^^^^^^^^^^^^^^^^^^^^^^^^^^
  File "/home/bond-servant-in-training/.pyenv/versions/3.12.10/lib/python3.12/unittest/mock.py", line 1198, in _execute_mock_call
    raise effect
  File "/home/bond-servant-in-training/Documents/Projects/Grade-Automator-Plus-epic-a-merge-down-b14/AutoGrader/cache_generation.py", line 171, in bump_generation
    return _incr_or_create(key)
           ^^^^^^^^^^^^^^^^^^^^
  File "/home/bond-servant-in-training/Documents/Projects/Grade-Automator-Plus-epic-a-merge-down-b14/AutoGrader/cache_generation.py", line 201, in _incr_or_create
    return cache.incr(key)
           ^^^^^^^^^^^^^^^
  File "/home/bond-servant-in-training/Documents/Virtualenvs/AutoGrader_env/lib/python3.12/site-packages/django_redis/cache.py", line 29, in _decorator
    return method(self, *args, **kwargs)
           ^^^^^^^^^^^^^^^^^^^^^^^^^^^^^
  File "/home/bond-servant-in-training/Documents/Virtualenvs/AutoGrader_env/lib/python3.12/site-packages/django_redis/cache.py", line 130, in incr
    return self.client.incr(*args, **kwargs)
           ^^^^^^^^^^^^^^^^^^^^^^^^^^^^^^^^^
  File "/home/bond-servant-in-training/Documents/Virtualenvs/AutoGrader_env/lib/python3.12/site-packages/django_redis/client/default.py", line 653, in incr
    return self._incr(
           ^^^^^^^^^^^
  File "/home/bond-servant-in-training/Documents/Virtualenvs/AutoGrader_env/lib/python3.12/site-packages/django_redis/client/default.py", line 595, in _incr
    client = self.get_client(write=True)
             ^^^^^^^^^^^^^^^^^^^^^^^^^^^
  File "/home/bond-servant-in-training/.pyenv/versions/3.12.10/lib/python3.12/unittest/mock.py", line 1139, in __call__
    return self._mock_call(*args, **kwargs)
           ^^^^^^^^^^^^^^^^^^^^^^^^^^^^^^^^
  File "/home/bond-servant-in-training/.pyenv/versions/3.12.10/lib/python3.12/unittest/mock.py", line 1143, in _mock_call
    return self._execute_mock_call(*args, **kwargs)
           ^^^^^^^^^^^^^^^^^^^^^^^^^^^^^^^^^^^^^^^^
  File "/home/bond-servant-in-training/.pyenv/versions/3.12.10/lib/python3.12/unittest/mock.py", line 1198, in _execute_mock_call
    raise effect
  File "/home/bond-servant-in-training/Documents/Projects/Grade-Automator-Plus-epic-a-merge-down-b14/AutoGrader/cache_generation.py", line 171, in bump_generation
    return _incr_or_create(key)
           ^^^^^^^^^^^^^^^^^^^^
  File "/home/bond-servant-in-training/Documents/Projects/Grade-Automator-Plus-epic-a-merge-down-b14/AutoGrader/cache_generation.py", line 201, in _incr_or_create
    return cache.incr(key)
           ^^^^^^^^^^^^^^^
  File "/home/bond-servant-in-training/Documents/Virtualenvs/AutoGrader_env/lib/python3.12/site-packages/django_redis/cache.py", line 29, in _decorator
    return method(self, *args, **kwargs)
           ^^^^^^^^^^^^^^^^^^^^^^^^^^^^^
  File "/home/bond-servant-in-training/Documents/Virtualenvs/AutoGrader_env/lib/python3.12/site-packages/django_redis/cache.py", line 130, in incr
    return self.client.incr(*args, **kwargs)
           ^^^^^^^^^^^^^^^^^^^^^^^^^^^^^^^^^
  File "/home/bond-servant-in-training/Documents/Virtualenvs/AutoGrader_env/lib/python3.12/site-packages/django_redis/client/default.py", line 653, in incr
    return self._incr(
           ^^^^^^^^^^^
  File "/home/bond-servant-in-training/Documents/Virtualenvs/AutoGrader_env/lib/python3.12/site-packages/django_redis/client/default.py", line 595, in _incr
    client = self.get_client(write=True)
             ^^^^^^^^^^^^^^^^^^^^^^^^^^^
  File "/home/bond-servant-in-training/.pyenv/versions/3.12.10/lib/python3.12/unittest/mock.py", line 1139, in __call__
    return self._mock_call(*args, **kwargs)
           ^^^^^^^^^^^^^^^^^^^^^^^^^^^^^^^^
  File "/home/bond-servant-in-training/.pyenv/versions/3.12.10/lib/python3.12/unittest/mock.py", line 1143, in _mock_call
    return self._execute_mock_call(*args, **kwargs)
           ^^^^^^^^^^^^^^^^^^^^^^^^^^^^^^^^^^^^^^^^
  File "/home/bond-servant-in-training/.pyenv/versions/3.12.10/lib/python3.12/unittest/mock.py", line 1198, in _execute_mock_call
    raise effect
  File "/home/bond-servant-in-training/Documents/Projects/Grade-Automator-Plus-epic-a-merge-down-b14/AutoGrader/cache_generation.py", line 277, in _bump_pipelined
    client = cache.client.get_client(write=True)
             ^^^^^^^^^^^^^^^^^^^^^^^^^^^^^^^^^^^
  File "/home/bond-servant-in-training/.pyenv/versions/3.12.10/lib/python3.12/unittest/mock.py", line 1139, in __call__
    return self._mock_call(*args, **kwargs)
           ^^^^^^^^^^^^^^^^^^^^^^^^^^^^^^^^
  File "/home/bond-servant-in-training/.pyenv/versions/3.12.10/lib/python3.12/unittest/mock.py", line 1143, in _mock_call
    return self._execute_mock_call(*args, **kwargs)
           ^^^^^^^^^^^^^^^^^^^^^^^^^^^^^^^^^^^^^^^^
  File "/home/bond-servant-in-training/.pyenv/versions/3.12.10/lib/python3.12/unittest/mock.py", line 1198, in _execute_mock_call
    raise effect
redis.exceptions.ConnectionError: redis unreachable
ok
test_m1_teacher_rename (AutoGrader.tests_cache_user_fanout.UserRowFreshnessTests.test_m1_teacher_rename) ... Free trial plan not found: no trial activated for user f3b0de86-e930-429d-adab-a30800d5f4d3.
Cannot activate automatic trial for user f3b0de86-e930-429d-adab-a30800d5f4d3 (validation): ValueError
Free trial plan not found: no trial activated for user 5f3e8ab3-b93b-4350-8137-66be5b284f9f.
Cannot activate automatic trial for user 5f3e8ab3-b93b-4350-8137-66be5b284f9f (validation): ValueError
Free trial plan not found: no trial activated for user 6b53dc9d-ae31-488b-abf3-c79662486b5a.
Cannot activate automatic trial for user 6b53dc9d-ae31-488b-abf3-c79662486b5a (validation): ValueError
Free trial plan not found: no trial activated for user 928f5208-04d8-42c1-8288-579988ff602c.
Cannot activate automatic trial for user 928f5208-04d8-42c1-8288-579988ff602c (validation): ValueError
Free trial plan not found: no trial activated for user 7b8ff554-1103-4b40-835f-5f45a0f22307.
Cannot activate automatic trial for user 7b8ff554-1103-4b40-835f-5f45a0f22307 (validation): ValueError
Free trial plan not found: no trial activated for user 3a4baa1a-4efa-417c-abc4-7b76be5e1075.
Cannot activate automatic trial for user 3a4baa1a-4efa-417c-abc4-7b76be5e1075 (validation): ValueError
Free trial plan not found: no trial activated for user aab72ff7-dfa8-4182-bbf2-db00e85c5883.
Cannot activate automatic trial for user aab72ff7-dfa8-4182-bbf2-db00e85c5883 (validation): ValueError
ok
test_m2_student_rename (AutoGrader.tests_cache_user_fanout.UserRowFreshnessTests.test_m2_student_rename) ... Free trial plan not found: no trial activated for user 02dcf714-f022-4443-b790-b847b15b1316.
Cannot activate automatic trial for user 02dcf714-f022-4443-b790-b847b15b1316 (validation): ValueError
Free trial plan not found: no trial activated for user b3181a45-8c23-4f0b-9a86-0424b5ff339f.
Cannot activate automatic trial for user b3181a45-8c23-4f0b-9a86-0424b5ff339f (validation): ValueError
Free trial plan not found: no trial activated for user ff07f33b-9261-465c-96ae-54cfe24411ea.
Cannot activate automatic trial for user ff07f33b-9261-465c-96ae-54cfe24411ea (validation): ValueError
Free trial plan not found: no trial activated for user fb614e58-3556-4eb0-88ed-1ce6db731cae.
Cannot activate automatic trial for user fb614e58-3556-4eb0-88ed-1ce6db731cae (validation): ValueError
Free trial plan not found: no trial activated for user 93ef9729-6d70-41f9-bd67-19e8d4f29dfc.
Cannot activate automatic trial for user 93ef9729-6d70-41f9-bd67-19e8d4f29dfc (validation): ValueError
Free trial plan not found: no trial activated for user 67187249-f16a-434b-a08b-cc4621d8baff.
Cannot activate automatic trial for user 67187249-f16a-434b-a08b-cc4621d8baff (validation): ValueError
Free trial plan not found: no trial activated for user 9af176ce-ade1-4a1c-a59d-956b4712ac4a.
Cannot activate automatic trial for user 9af176ce-ade1-4a1c-a59d-956b4712ac4a (validation): ValueError
ok
test_m2_through_a_full_save_without_update_fields (AutoGrader.tests_cache_user_fanout.UserRowFreshnessTests.test_m2_through_a_full_save_without_update_fields)
`save()` with no update_fields is the admin/serializer path: the ... Free trial plan not found: no trial activated for user fb9b9663-5b08-4e8f-893f-0d4dce79fb3f.
Cannot activate automatic trial for user fb9b9663-5b08-4e8f-893f-0d4dce79fb3f (validation): ValueError
Free trial plan not found: no trial activated for user fc34e6bc-4d1b-481b-ad2c-2142e28a0f6a.
Cannot activate automatic trial for user fc34e6bc-4d1b-481b-ad2c-2142e28a0f6a (validation): ValueError
Free trial plan not found: no trial activated for user 6214a590-6290-4a35-aa0c-132814ffd066.
Cannot activate automatic trial for user 6214a590-6290-4a35-aa0c-132814ffd066 (validation): ValueError
Free trial plan not found: no trial activated for user a6e369cb-dfea-4ee9-8ee3-5452aef161ff.
Cannot activate automatic trial for user a6e369cb-dfea-4ee9-8ee3-5452aef161ff (validation): ValueError
Free trial plan not found: no trial activated for user 7ae1b88d-b47c-4563-97b1-fad63b3b2518.
Cannot activate automatic trial for user 7ae1b88d-b47c-4563-97b1-fad63b3b2518 (validation): ValueError
Free trial plan not found: no trial activated for user 578867d3-44e2-4eae-be64-814c3cc27405.
Cannot activate automatic trial for user 578867d3-44e2-4eae-be64-814c3cc27405 (validation): ValueError
Free trial plan not found: no trial activated for user 41c5e07b-b02c-4ba0-8543-fd59d03fe108.
Cannot activate automatic trial for user 41c5e07b-b02c-4ba0-8543-fd59d03fe108 (validation): ValueError
ok
test_m3_new_teacher_joins_the_school (AutoGrader.tests_cache_user_fanout.UserRowFreshnessTests.test_m3_new_teacher_joins_the_school) ... Free trial plan not found: no trial activated for user aed937e1-980a-4461-bb01-2cc6d4a7c8c1.
Cannot activate automatic trial for user aed937e1-980a-4461-bb01-2cc6d4a7c8c1 (validation): ValueError
Free trial plan not found: no trial activated for user 8e09b749-c783-4d6e-95d3-40779e513668.
Cannot activate automatic trial for user 8e09b749-c783-4d6e-95d3-40779e513668 (validation): ValueError
Free trial plan not found: no trial activated for user f2fe64ba-e9a0-461b-b3c8-118f1ba49b76.
Cannot activate automatic trial for user f2fe64ba-e9a0-461b-b3c8-118f1ba49b76 (validation): ValueError
Free trial plan not found: no trial activated for user 7f170e62-76b1-4a9f-b57f-2727fc34f267.
Cannot activate automatic trial for user 7f170e62-76b1-4a9f-b57f-2727fc34f267 (validation): ValueError
Free trial plan not found: no trial activated for user 63ed6d1f-c484-4552-b453-2801e0fabafa.
Cannot activate automatic trial for user 63ed6d1f-c484-4552-b453-2801e0fabafa (validation): ValueError
Free trial plan not found: no trial activated for user 19f8a5ac-2024-4ec2-a601-bde1aace66fc.
Cannot activate automatic trial for user 19f8a5ac-2024-4ec2-a601-bde1aace66fc (validation): ValueError
Free trial plan not found: no trial activated for user 8dc87f85-2cfe-46f9-bfba-b3e096ddd50f.
Cannot activate automatic trial for user 8dc87f85-2cfe-46f9-bfba-b3e096ddd50f (validation): ValueError
Free trial plan not found: no trial activated for user 8ac478a2-f4af-47a0-a858-dbea327e3ab9.
Cannot activate automatic trial for user 8ac478a2-f4af-47a0-a858-dbea327e3ab9 (validation): ValueError
ok
test_m3_teacher_created_directly_in_the_school (AutoGrader.tests_cache_user_fanout.UserRowFreshnessTests.test_m3_teacher_created_directly_in_the_school)
Single-save creation (created=True with the school already set). ... Free trial plan not found: no trial activated for user 66dca2a4-fdb5-419a-8a32-781ba268af65.
Cannot activate automatic trial for user 66dca2a4-fdb5-419a-8a32-781ba268af65 (validation): ValueError
Free trial plan not found: no trial activated for user ba47fae3-c356-4ad6-9556-56bf0e540191.
Cannot activate automatic trial for user ba47fae3-c356-4ad6-9556-56bf0e540191 (validation): ValueError
Free trial plan not found: no trial activated for user a51877a1-b6c5-44f7-9361-6137e1a27e51.
Cannot activate automatic trial for user a51877a1-b6c5-44f7-9361-6137e1a27e51 (validation): ValueError
Free trial plan not found: no trial activated for user ff303672-bf87-4dae-97e5-fa0959ae5f74.
Cannot activate automatic trial for user ff303672-bf87-4dae-97e5-fa0959ae5f74 (validation): ValueError
Free trial plan not found: no trial activated for user 5da1cff7-af9b-448d-871f-848016536924.
Cannot activate automatic trial for user 5da1cff7-af9b-448d-871f-848016536924 (validation): ValueError
Free trial plan not found: no trial activated for user 22945bf4-fc05-4ca9-a4f7-a1c295e19797.
Cannot activate automatic trial for user 22945bf4-fc05-4ca9-a4f7-a1c295e19797 (validation): ValueError
Free trial plan not found: no trial activated for user 97c3cb67-8e7c-4348-91f0-b3626ba24e9d.
Cannot activate automatic trial for user 97c3cb67-8e7c-4348-91f0-b3626ba24e9d (validation): ValueError
Free trial plan not found: no trial activated for user 0f49943e-9edc-4fb5-a201-f1870f187d01.
Cannot activate automatic trial for user 0f49943e-9edc-4fb5-a201-f1870f187d01 (validation): ValueError
ok
test_m4_teacher_moves_to_another_school (AutoGrader.tests_cache_user_fanout.UserRowFreshnessTests.test_m4_teacher_moves_to_another_school) ... Free trial plan not found: no trial activated for user 5b59ee94-df1f-41e8-a03e-1d759ea17c89.
Cannot activate automatic trial for user 5b59ee94-df1f-41e8-a03e-1d759ea17c89 (validation): ValueError
Free trial plan not found: no trial activated for user 59ff9f13-e05d-4eb7-90cc-5b72cd2eab20.
Cannot activate automatic trial for user 59ff9f13-e05d-4eb7-90cc-5b72cd2eab20 (validation): ValueError
Free trial plan not found: no trial activated for user 99c12fe2-72c6-4ec5-9e2d-6c43b0329327.
Cannot activate automatic trial for user 99c12fe2-72c6-4ec5-9e2d-6c43b0329327 (validation): ValueError
Free trial plan not found: no trial activated for user fb3fbf28-f07b-4347-a5cb-3a82e5707f38.
Cannot activate automatic trial for user fb3fbf28-f07b-4347-a5cb-3a82e5707f38 (validation): ValueError
Free trial plan not found: no trial activated for user 86a599c9-12e2-4a5e-beb9-771f7648a483.
Cannot activate automatic trial for user 86a599c9-12e2-4a5e-beb9-771f7648a483 (validation): ValueError
Free trial plan not found: no trial activated for user 7e12fd57-02f3-43b7-a310-510203eb6764.
Cannot activate automatic trial for user 7e12fd57-02f3-43b7-a310-510203eb6764 (validation): ValueError
Free trial plan not found: no trial activated for user c85a5a12-ded4-47c8-9c4a-b98a5a120fed.
Cannot activate automatic trial for user c85a5a12-ded4-47c8-9c4a-b98a5a120fed (validation): ValueError
ok
test_m5_student_deactivated (AutoGrader.tests_cache_user_fanout.UserRowFreshnessTests.test_m5_student_deactivated) ... Free trial plan not found: no trial activated for user 6a542186-4993-43f5-91b2-690bbb212f68.
Cannot activate automatic trial for user 6a542186-4993-43f5-91b2-690bbb212f68 (validation): ValueError
Free trial plan not found: no trial activated for user 5d284939-040f-48f1-9245-3d1e6d4316dc.
Cannot activate automatic trial for user 5d284939-040f-48f1-9245-3d1e6d4316dc (validation): ValueError
Free trial plan not found: no trial activated for user 81a6047c-6d57-4b95-a1a2-2d098f472054.
Cannot activate automatic trial for user 81a6047c-6d57-4b95-a1a2-2d098f472054 (validation): ValueError
Free trial plan not found: no trial activated for user 05bbd8e9-10b9-4acb-bf8b-6201d41a2a2e.
Cannot activate automatic trial for user 05bbd8e9-10b9-4acb-bf8b-6201d41a2a2e (validation): ValueError
Free trial plan not found: no trial activated for user fedb478e-9d32-4f44-b748-a5d85e1fde96.
Cannot activate automatic trial for user fedb478e-9d32-4f44-b748-a5d85e1fde96 (validation): ValueError
Free trial plan not found: no trial activated for user 72a73b11-e9d0-4b2c-8c3f-8aa37f91eade.
Cannot activate automatic trial for user 72a73b11-e9d0-4b2c-8c3f-8aa37f91eade (validation): ValueError
Free trial plan not found: no trial activated for user c25802f2-c7c8-4d3b-a756-b0f60663994f.
Cannot activate automatic trial for user c25802f2-c7c8-4d3b-a756-b0f60663994f (validation): ValueError
ok
test_m6_student_email_change (AutoGrader.tests_cache_user_fanout.UserRowFreshnessTests.test_m6_student_email_change) ... Free trial plan not found: no trial activated for user e1c22837-0d69-427c-bbea-3f81010d64ec.
Cannot activate automatic trial for user e1c22837-0d69-427c-bbea-3f81010d64ec (validation): ValueError
Free trial plan not found: no trial activated for user 37a5c202-f2b0-4dd2-893d-7bb2a78bc457.
Cannot activate automatic trial for user 37a5c202-f2b0-4dd2-893d-7bb2a78bc457 (validation): ValueError
Free trial plan not found: no trial activated for user 6c1f0228-96e8-4319-820b-73a400a02a76.
Cannot activate automatic trial for user 6c1f0228-96e8-4319-820b-73a400a02a76 (validation): ValueError
Free trial plan not found: no trial activated for user 655a9b30-cacb-4631-8e46-1c27d8d0ed5e.
Cannot activate automatic trial for user 655a9b30-cacb-4631-8e46-1c27d8d0ed5e (validation): ValueError
Free trial plan not found: no trial activated for user 9fef2594-eed2-471c-8239-bdbb191db174.
Cannot activate automatic trial for user 9fef2594-eed2-471c-8239-bdbb191db174 (validation): ValueError
Free trial plan not found: no trial activated for user 7b15d79e-2147-4088-8bf3-4155a6b7cf16.
Cannot activate automatic trial for user 7b15d79e-2147-4088-8bf3-4155a6b7cf16 (validation): ValueError
Free trial plan not found: no trial activated for user d6a8bf50-268c-4b08-a3e6-62b8001c0158.
Cannot activate automatic trial for user d6a8bf50-268c-4b08-a3e6-62b8001c0158 (validation): ValueError
ok
test_a_bio_change_reaches_payload_viewers_but_no_school (AutoGrader.tests_cache_user_fanout.UserRowPrecisionTests.test_a_bio_change_reaches_payload_viewers_but_no_school)
Gap #5: `CustomUserSerializer` renders `bio` to every viewer of ... Free trial plan not found: no trial activated for user c73dadef-0b99-42e8-ad91-cf9a92f47f93.
Cannot activate automatic trial for user c73dadef-0b99-42e8-ad91-cf9a92f47f93 (validation): ValueError
Free trial plan not found: no trial activated for user 3ad21662-d4a0-49a1-b17b-b5a91f363f93.
Cannot activate automatic trial for user 3ad21662-d4a0-49a1-b17b-b5a91f363f93 (validation): ValueError
Free trial plan not found: no trial activated for user a3d18fbf-71da-4a99-ba68-11de6b7f2d87.
Cannot activate automatic trial for user a3d18fbf-71da-4a99-ba68-11de6b7f2d87 (validation): ValueError
Free trial plan not found: no trial activated for user 3f81b23e-d5f2-4786-afe7-978bcd19db3e.
Cannot activate automatic trial for user 3f81b23e-d5f2-4786-afe7-978bcd19db3e (validation): ValueError
Free trial plan not found: no trial activated for user a50d5e91-d0e9-4d25-9ab1-5994b02d0684.
Cannot activate automatic trial for user a50d5e91-d0e9-4d25-9ab1-5994b02d0684 (validation): ValueError
Free trial plan not found: no trial activated for user 7aff8ffa-acbb-4e17-b2d8-ef4cbc462f09.
Cannot activate automatic trial for user 7aff8ffa-acbb-4e17-b2d8-ef4cbc462f09 (validation): ValueError
Free trial plan not found: no trial activated for user 97d320ba-346d-4477-b80c-9647e92b7993.
Cannot activate automatic trial for user 97d320ba-346d-4477-b80c-9647e92b7993 (validation): ValueError
ok
test_a_full_save_with_no_visible_change_does_not_fan_out (AutoGrader.tests_cache_user_fanout.UserRowPrecisionTests.test_a_full_save_with_no_visible_change_does_not_fan_out) ... Free trial plan not found: no trial activated for user 2151b475-4088-47f7-8734-d4f992cad0e5.
Cannot activate automatic trial for user 2151b475-4088-47f7-8734-d4f992cad0e5 (validation): ValueError
Free trial plan not found: no trial activated for user 4ca5ddf1-ffe4-4fa1-8f0d-fb72a4c7597e.
Cannot activate automatic trial for user 4ca5ddf1-ffe4-4fa1-8f0d-fb72a4c7597e (validation): ValueError
Free trial plan not found: no trial activated for user 4d0b554b-af99-4342-b18a-f6788fba66e6.
Cannot activate automatic trial for user 4d0b554b-af99-4342-b18a-f6788fba66e6 (validation): ValueError
Free trial plan not found: no trial activated for user 6ca1eac9-2c23-4518-8c1e-8e521c52cf5e.
Cannot activate automatic trial for user 6ca1eac9-2c23-4518-8c1e-8e521c52cf5e (validation): ValueError
Free trial plan not found: no trial activated for user 652e74e1-5b94-42a4-b79d-60692269b817.
Cannot activate automatic trial for user 652e74e1-5b94-42a4-b79d-60692269b817 (validation): ValueError
Free trial plan not found: no trial activated for user d5642dd3-4a03-42c7-af18-7fff73b3384c.
Cannot activate automatic trial for user d5642dd3-4a03-42c7-af18-7fff73b3384c (validation): ValueError
Free trial plan not found: no trial activated for user 9ecda280-c5ea-40db-be71-3172f544332c.
Cannot activate automatic trial for user 9ecda280-c5ea-40db-be71-3172f544332c (validation): ValueError
ok
test_a_new_teacher_moves_their_school_only (AutoGrader.tests_cache_user_fanout.UserRowPrecisionTests.test_a_new_teacher_moves_their_school_only) ... Free trial plan not found: no trial activated for user 225d4b61-89de-4b26-9f6f-df685d57de27.
Cannot activate automatic trial for user 225d4b61-89de-4b26-9f6f-df685d57de27 (validation): ValueError
Free trial plan not found: no trial activated for user 061cd413-4904-45c6-a618-a591be44e77e.
Cannot activate automatic trial for user 061cd413-4904-45c6-a618-a591be44e77e (validation): ValueError
Free trial plan not found: no trial activated for user 0e9bc96d-86b2-44de-8e74-fcdcf97c56cf.
Cannot activate automatic trial for user 0e9bc96d-86b2-44de-8e74-fcdcf97c56cf (validation): ValueError
Free trial plan not found: no trial activated for user 001e6683-e12a-4968-a649-f0049ac002ef.
Cannot activate automatic trial for user 001e6683-e12a-4968-a649-f0049ac002ef (validation): ValueError
Free trial plan not found: no trial activated for user 6b2fd825-f53e-4b8d-9715-623478a95e3d.
Cannot activate automatic trial for user 6b2fd825-f53e-4b8d-9715-623478a95e3d (validation): ValueError
Free trial plan not found: no trial activated for user 1931389a-8aaa-4691-8240-61a4c004ce79.
Cannot activate automatic trial for user 1931389a-8aaa-4691-8240-61a4c004ce79 (validation): ValueError
Free trial plan not found: no trial activated for user 4d13b542-6542-48e7-922c-b54f8eb2feb2.
Cannot activate automatic trial for user 4d13b542-6542-48e7-922c-b54f8eb2feb2 (validation): ValueError
Free trial plan not found: no trial activated for user c21c5497-17df-47a8-9bb8-56733beb01fd.
Cannot activate automatic trial for user c21c5497-17df-47a8-9bb8-56733beb01fd (validation): ValueError
ok
test_a_school_move_moves_the_old_and_new_school_only (AutoGrader.tests_cache_user_fanout.UserRowPrecisionTests.test_a_school_move_moves_the_old_and_new_school_only) ... Free trial plan not found: no trial activated for user 22b80ea3-0c65-4d17-975f-75860e518326.
Cannot activate automatic trial for user 22b80ea3-0c65-4d17-975f-75860e518326 (validation): ValueError
Free trial plan not found: no trial activated for user 94ff106a-c6bb-46c6-b48c-9661cae0405b.
Cannot activate automatic trial for user 94ff106a-c6bb-46c6-b48c-9661cae0405b (validation): ValueError
Free trial plan not found: no trial activated for user 86951bd8-bf37-4627-a2b1-02fd15f38973.
Cannot activate automatic trial for user 86951bd8-bf37-4627-a2b1-02fd15f38973 (validation): ValueError
Free trial plan not found: no trial activated for user b1056a66-4672-4bda-8aec-3470c3bbeaaa.
Cannot activate automatic trial for user b1056a66-4672-4bda-8aec-3470c3bbeaaa (validation): ValueError
Free trial plan not found: no trial activated for user 9f055978-fc16-42ba-8474-e86300ca98a6.
Cannot activate automatic trial for user 9f055978-fc16-42ba-8474-e86300ca98a6 (validation): ValueError
Free trial plan not found: no trial activated for user ff118642-eec0-492f-8f15-2d08a62c26af.
Cannot activate automatic trial for user ff118642-eec0-492f-8f15-2d08a62c26af (validation): ValueError
Free trial plan not found: no trial activated for user 1477511b-b16b-4e2d-8545-91507a005dcd.
Cannot activate automatic trial for user 1477511b-b16b-4e2d-8545-91507a005dcd (validation): ValueError
ok
test_a_settings_save_reaches_payload_viewers_but_no_school (AutoGrader.tests_cache_user_fanout.UserRowPrecisionTests.test_a_settings_save_reaches_payload_viewers_but_no_school)
Gaps G8/#3: `CustomUserSerializer` nests `settings`, so the ... Free trial plan not found: no trial activated for user ce0bded9-1995-4ce3-b60b-80244cec9c47.
Cannot activate automatic trial for user ce0bded9-1995-4ce3-b60b-80244cec9c47 (validation): ValueError
Free trial plan not found: no trial activated for user 9d795d51-2569-4e90-995c-7472a92005c8.
Cannot activate automatic trial for user 9d795d51-2569-4e90-995c-7472a92005c8 (validation): ValueError
Free trial plan not found: no trial activated for user 4d2de0a1-9525-4dc3-9422-9b3f43e56f87.
Cannot activate automatic trial for user 4d2de0a1-9525-4dc3-9422-9b3f43e56f87 (validation): ValueError
Free trial plan not found: no trial activated for user 4a4c96a3-580a-426f-ac49-96bad4a69365.
Cannot activate automatic trial for user 4a4c96a3-580a-426f-ac49-96bad4a69365 (validation): ValueError
Free trial plan not found: no trial activated for user 3dd797e5-11df-41a0-bd93-35a0e7d5d755.
Cannot activate automatic trial for user 3dd797e5-11df-41a0-bd93-35a0e7d5d755 (validation): ValueError
Free trial plan not found: no trial activated for user 7d5de5ce-e886-498a-8839-eeab1291ca65.
Cannot activate automatic trial for user 7d5de5ce-e886-498a-8839-eeab1291ca65 (validation): ValueError
Free trial plan not found: no trial activated for user 61f9c766-5410-4a5c-87af-42d73353c6ca.
Cannot activate automatic trial for user 61f9c766-5410-4a5c-87af-42d73353c6ca (validation): ValueError
ok
test_a_student_in_two_schools_moves_both_and_nothing_else (AutoGrader.tests_cache_user_fanout.UserRowPrecisionTests.test_a_student_in_two_schools_moves_both_and_nothing_else) ... Free trial plan not found: no trial activated for user 7b5cbb06-67c0-40d8-a69e-3f6b3bde5293.
Cannot activate automatic trial for user 7b5cbb06-67c0-40d8-a69e-3f6b3bde5293 (validation): ValueError
Free trial plan not found: no trial activated for user 0599b2c6-cfd0-4eb4-a058-dfe120514d69.
Cannot activate automatic trial for user 0599b2c6-cfd0-4eb4-a058-dfe120514d69 (validation): ValueError
Free trial plan not found: no trial activated for user 5c7dcde5-8f05-4edf-99e0-cca3398299fb.
Cannot activate automatic trial for user 5c7dcde5-8f05-4edf-99e0-cca3398299fb (validation): ValueError
Free trial plan not found: no trial activated for user 19e9cf73-0e81-4294-9630-b04409f8ebe0.
Cannot activate automatic trial for user 19e9cf73-0e81-4294-9630-b04409f8ebe0 (validation): ValueError
Free trial plan not found: no trial activated for user c4e3d387-6231-4e8e-9d1e-49d58049741c.
Cannot activate automatic trial for user c4e3d387-6231-4e8e-9d1e-49d58049741c (validation): ValueError
Free trial plan not found: no trial activated for user f7bb5d01-952d-4049-976c-605f449427ca.
Cannot activate automatic trial for user f7bb5d01-952d-4049-976c-605f449427ca (validation): ValueError
Free trial plan not found: no trial activated for user cd7a327a-0076-4b09-8d37-f2bc394b5725.
Cannot activate automatic trial for user cd7a327a-0076-4b09-8d37-f2bc394b5725 (validation): ValueError
ok
test_a_user_created_with_a_school_moves_that_school (AutoGrader.tests_cache_user_fanout.UserRowPrecisionTests.test_a_user_created_with_a_school_moves_that_school)
`create_user(..., school=...)` saves once, with created=True - the ... Free trial plan not found: no trial activated for user c5ac3325-97fb-49b6-8d52-9107f355fd62.
Cannot activate automatic trial for user c5ac3325-97fb-49b6-8d52-9107f355fd62 (validation): ValueError
Free trial plan not found: no trial activated for user 1f0da8df-a10e-43c4-8da9-4c8f220517bb.
Cannot activate automatic trial for user 1f0da8df-a10e-43c4-8da9-4c8f220517bb (validation): ValueError
Free trial plan not found: no trial activated for user 730e6fb4-7128-43be-aea8-e67b5ad2eb42.
Cannot activate automatic trial for user 730e6fb4-7128-43be-aea8-e67b5ad2eb42 (validation): ValueError
Free trial plan not found: no trial activated for user 3b77e944-382f-407e-891f-f4fe27015ff6.
Cannot activate automatic trial for user 3b77e944-382f-407e-891f-f4fe27015ff6 (validation): ValueError
Free trial plan not found: no trial activated for user c49e4156-d3a9-4475-b840-e3d2d047750b.
Cannot activate automatic trial for user c49e4156-d3a9-4475-b840-e3d2d047750b (validation): ValueError
Free trial plan not found: no trial activated for user 8177ba19-5b5b-40a4-8d80-3063bb0c625a.
Cannot activate automatic trial for user 8177ba19-5b5b-40a4-8d80-3063bb0c625a (validation): ValueError
Free trial plan not found: no trial activated for user f083d805-56d7-4bbf-935d-3171943b8227.
Cannot activate automatic trial for user f083d805-56d7-4bbf-935d-3171943b8227 (validation): ValueError
Free trial plan not found: no trial activated for user d85c8e37-a08b-46a8-8508-cc0f2b02a3f8.
Cannot activate automatic trial for user d85c8e37-a08b-46a8-8508-cc0f2b02a3f8 (validation): ValueError
ok
test_deleting_a_student_reaches_their_teachers (AutoGrader.tests_cache_user_fanout.UserRowPrecisionTests.test_deleting_a_student_reaches_their_teachers)
Carried by the CASCADE: the student's enrolments are deleted first ... Free trial plan not found: no trial activated for user 9980461a-44e3-498e-9d82-caa9a3d84b77.
Cannot activate automatic trial for user 9980461a-44e3-498e-9d82-caa9a3d84b77 (validation): ValueError
Free trial plan not found: no trial activated for user 515dbb4a-c5b6-48d7-a86e-6df12080f454.
Cannot activate automatic trial for user 515dbb4a-c5b6-48d7-a86e-6df12080f454 (validation): ValueError
Free trial plan not found: no trial activated for user cac6006c-e925-4280-80fc-7f30c1938ec1.
Cannot activate automatic trial for user cac6006c-e925-4280-80fc-7f30c1938ec1 (validation): ValueError
Free trial plan not found: no trial activated for user 67507704-c37b-4ae5-a0e6-88b1c5e2b79f.
Cannot activate automatic trial for user 67507704-c37b-4ae5-a0e6-88b1c5e2b79f (validation): ValueError
Free trial plan not found: no trial activated for user 1fb2d893-47ca-446a-9caa-6aab799878f7.
Cannot activate automatic trial for user 1fb2d893-47ca-446a-9caa-6aab799878f7 (validation): ValueError
Free trial plan not found: no trial activated for user 02f0be0f-4d1b-4f06-aeb6-fc653e38b860.
Cannot activate automatic trial for user 02f0be0f-4d1b-4f06-aeb6-fc653e38b860 (validation): ValueError
Free trial plan not found: no trial activated for user 14789cf8-d5f6-4350-b9ab-499f13687d67.
Cannot activate automatic trial for user 14789cf8-d5f6-4350-b9ab-499f13687d67 (validation): ValueError
ok
test_deleting_a_teacher_with_no_courses_reaches_their_school (AutoGrader.tests_cache_user_fanout.UserRowPrecisionTests.test_deleting_a_teacher_with_no_courses_reaches_their_school)
Nothing cascades for a course-less teacher, yet the school's ... Free trial plan not found: no trial activated for user 9649b806-e4cf-424e-9694-7cea4fc38153.
Cannot activate automatic trial for user 9649b806-e4cf-424e-9694-7cea4fc38153 (validation): ValueError
Free trial plan not found: no trial activated for user 50aa9551-71f4-4add-992d-2229077a06e4.
Cannot activate automatic trial for user 50aa9551-71f4-4add-992d-2229077a06e4 (validation): ValueError
Free trial plan not found: no trial activated for user 5c7e43f2-4693-4b14-b234-b6d535ed69f1.
Cannot activate automatic trial for user 5c7e43f2-4693-4b14-b234-b6d535ed69f1 (validation): ValueError
Free trial plan not found: no trial activated for user 4ac604f4-f93b-4625-a835-38ae21d1adce.
Cannot activate automatic trial for user 4ac604f4-f93b-4625-a835-38ae21d1adce (validation): ValueError
Free trial plan not found: no trial activated for user 139725cd-8709-4ee7-aff5-f58912b4d2b7.
Cannot activate automatic trial for user 139725cd-8709-4ee7-aff5-f58912b4d2b7 (validation): ValueError
Free trial plan not found: no trial activated for user 05ae0636-3ca8-4b58-beab-7557a3c00a0c.
Cannot activate automatic trial for user 05ae0636-3ca8-4b58-beab-7557a3c00a0c (validation): ValueError
Free trial plan not found: no trial activated for user 265719de-f9a2-49a8-b9ca-3b823353c9e6.
Cannot activate automatic trial for user 265719de-f9a2-49a8-b9ca-3b823353c9e6 (validation): ValueError
Free trial plan not found: no trial activated for user a32f4d8b-6651-4d7d-b9eb-5caab30f7d72.
Cannot activate automatic trial for user a32f4d8b-6651-4d7d-b9eb-5caab30f7d72 (validation): ValueError
ok
test_invisible_field_changes_do_not_fan_out (AutoGrader.tests_cache_user_fanout.UserRowPrecisionTests.test_invisible_field_changes_do_not_fan_out)
Nobody else displays these. Each still moves the user's own ... Free trial plan not found: no trial activated for user 3c790acc-bbb4-4f1e-bfa2-ddf9535cc6bc.
Cannot activate automatic trial for user 3c790acc-bbb4-4f1e-bfa2-ddf9535cc6bc (validation): ValueError
Free trial plan not found: no trial activated for user 0c5dbb68-d261-4b0a-a4b5-bb3bbc45cdd7.
Cannot activate automatic trial for user 0c5dbb68-d261-4b0a-a4b5-bb3bbc45cdd7 (validation): ValueError
Free trial plan not found: no trial activated for user 7ace3f0a-acf7-4b25-8e2f-5d1e6ef714cb.
Cannot activate automatic trial for user 7ace3f0a-acf7-4b25-8e2f-5d1e6ef714cb (validation): ValueError
Free trial plan not found: no trial activated for user f984e304-4ece-4e99-8993-983a716c570b.
Cannot activate automatic trial for user f984e304-4ece-4e99-8993-983a716c570b (validation): ValueError
Free trial plan not found: no trial activated for user 95a0d243-ce6c-4bfd-85df-770143dca226.
Cannot activate automatic trial for user 95a0d243-ce6c-4bfd-85df-770143dca226 (validation): ValueError
Free trial plan not found: no trial activated for user e6f7f99c-1ac9-4abc-9690-0f7bea1b6a81.
Cannot activate automatic trial for user e6f7f99c-1ac9-4abc-9690-0f7bea1b6a81 (validation): ValueError
Free trial plan not found: no trial activated for user 0a2600c9-e81a-46f8-a727-248c9595fa5b.
Cannot activate automatic trial for user 0a2600c9-e81a-46f8-a727-248c9595fa5b (validation): ValueError
ok
test_student_rename_moves_only_their_teachers_and_those_schools (AutoGrader.tests_cache_user_fanout.UserRowPrecisionTests.test_student_rename_moves_only_their_teachers_and_those_schools)
Gap #3: school A's admin renders the student in `users/<pk>` - ... Free trial plan not found: no trial activated for user 71917279-f56e-424a-ba03-edf43451dbe7.
Cannot activate automatic trial for user 71917279-f56e-424a-ba03-edf43451dbe7 (validation): ValueError
Free trial plan not found: no trial activated for user 1518edc1-9731-4fd4-ac0d-b3f49804da58.
Cannot activate automatic trial for user 1518edc1-9731-4fd4-ac0d-b3f49804da58 (validation): ValueError
Free trial plan not found: no trial activated for user aaee6c87-dd29-4bc4-a435-3674e39010c0.
Cannot activate automatic trial for user aaee6c87-dd29-4bc4-a435-3674e39010c0 (validation): ValueError
Free trial plan not found: no trial activated for user 6c495dcc-9b94-4e8a-903a-6431712c8aab.
Cannot activate automatic trial for user 6c495dcc-9b94-4e8a-903a-6431712c8aab (validation): ValueError
Free trial plan not found: no trial activated for user d5a5a67e-1704-4985-9221-ec84e9a75f44.
Cannot activate automatic trial for user d5a5a67e-1704-4985-9221-ec84e9a75f44 (validation): ValueError
Free trial plan not found: no trial activated for user dc7a302f-f0eb-475e-8b30-45879b75238f.
Cannot activate automatic trial for user dc7a302f-f0eb-475e-8b30-45879b75238f (validation): ValueError
Free trial plan not found: no trial activated for user 1d5b4413-6958-490c-bd7b-665d1ed00a37.
Cannot activate automatic trial for user 1d5b4413-6958-490c-bd7b-665d1ed00a37 (validation): ValueError
ok
test_teacher_rename_moves_their_school_and_its_admin_only (AutoGrader.tests_cache_user_fanout.UserRowPrecisionTests.test_teacher_rename_moves_their_school_and_its_admin_only)
Gap G4: school A's admin renders the teacher in `users/<pk>`, ... Free trial plan not found: no trial activated for user 5c4e1d40-2a0f-4643-baf2-6bf130d3fe66.
Cannot activate automatic trial for user 5c4e1d40-2a0f-4643-baf2-6bf130d3fe66 (validation): ValueError
Free trial plan not found: no trial activated for user a7035682-fdc7-4363-9729-82ad5a872e76.
Cannot activate automatic trial for user a7035682-fdc7-4363-9729-82ad5a872e76 (validation): ValueError
Free trial plan not found: no trial activated for user b0aa8eaa-28d2-42fe-b371-934501826677.
Cannot activate automatic trial for user b0aa8eaa-28d2-42fe-b371-934501826677 (validation): ValueError
Free trial plan not found: no trial activated for user 123f957d-65a2-4d84-a5e8-0d0e885b1bed.
Cannot activate automatic trial for user 123f957d-65a2-4d84-a5e8-0d0e885b1bed (validation): ValueError
Free trial plan not found: no trial activated for user 2b12c314-49dc-4a8d-a832-9bd030d3115f.
Cannot activate automatic trial for user 2b12c314-49dc-4a8d-a832-9bd030d3115f (validation): ValueError
Free trial plan not found: no trial activated for user 1b0ce271-881e-4d81-b00a-50adcfd03e9c.
Cannot activate automatic trial for user 1b0ce271-881e-4d81-b00a-50adcfd03e9c (validation): ValueError
Free trial plan not found: no trial activated for user 37a5ccb2-1e4f-4c52-bb1d-420d8ba826d0.
Cannot activate automatic trial for user 37a5ccb2-1e4f-4c52-bb1d-420d8ba826d0 (validation): ValueError
ok
test_the_other_tenant_dashboards_are_byte_identical (AutoGrader.tests_cache_user_fanout.UserRowPrecisionTests.test_the_other_tenant_dashboards_are_byte_identical)
Response-level isolation: school B's admin dashboards, warmed ... Free trial plan not found: no trial activated for user 47025f33-7c09-438f-903e-55bd424a1927.
Cannot activate automatic trial for user 47025f33-7c09-438f-903e-55bd424a1927 (validation): ValueError
Free trial plan not found: no trial activated for user 36c09b34-d3bf-4da7-ac58-f794f235ce89.
Cannot activate automatic trial for user 36c09b34-d3bf-4da7-ac58-f794f235ce89 (validation): ValueError
Free trial plan not found: no trial activated for user c62a4b15-b4d9-4be8-a36c-5012ab038be8.
Cannot activate automatic trial for user c62a4b15-b4d9-4be8-a36c-5012ab038be8 (validation): ValueError
Free trial plan not found: no trial activated for user ae3de7fe-b01a-4c05-a624-77e099f423c9.
Cannot activate automatic trial for user ae3de7fe-b01a-4c05-a624-77e099f423c9 (validation): ValueError
Free trial plan not found: no trial activated for user 96350381-3ade-4692-92a2-8895aa6b7b96.
Cannot activate automatic trial for user 96350381-3ade-4692-92a2-8895aa6b7b96 (validation): ValueError
Free trial plan not found: no trial activated for user 88d4ea8b-5d23-4720-9622-55772c248519.
Cannot activate automatic trial for user 88d4ea8b-5d23-4720-9622-55772c248519 (validation): ValueError
Free trial plan not found: no trial activated for user 5ffb262a-d99c-4178-8b4c-f28a403a0bc5.
Cannot activate automatic trial for user 5ffb262a-d99c-4178-8b4c-f28a403a0bc5 (validation): ValueError
Free trial plan not found: no trial activated for user 281cf8dc-6d12-41c1-b086-ce872c827ec5.
Cannot activate automatic trial for user 281cf8dc-6d12-41c1-b086-ce872c827ec5 (validation): ValueError
ok

======================================================================
FAIL: test_below_the_budget_a_valid_code_still_completes (users.tests_s7d_registration_paused.RegistrationPausedTests.test_below_the_budget_a_valid_code_still_completes)
----------------------------------------------------------------------
Traceback (most recent call last):
  File "/home/bond-servant-in-training/Documents/Projects/Grade-Automator-Plus-epic-a-merge-down-b14/users/tests_s7d_registration_paused.py", line 129, in test_below_the_budget_a_valid_code_still_completes
    self.assertTrue(student.is_active)
AssertionError: False is not true

======================================================================
FAIL: test_the_pause_is_coded_and_keeps_its_text_and_retry_after (users.tests_s7d_registration_paused.RegistrationPausedTests.test_the_pause_is_coded_and_keeps_its_text_and_retry_after)
----------------------------------------------------------------------
Traceback (most recent call last):
  File "/home/bond-servant-in-training/Documents/Projects/Grade-Automator-Plus-epic-a-merge-down-b14/users/tests_s7d_registration_paused.py", line 68, in test_the_pause_is_coded_and_keeps_its_text_and_retry_after
    self.spend_the_budget()
  File "/home/bond-servant-in-training/Documents/Projects/Grade-Automator-Plus-epic-a-merge-down-b14/users/tests_s7d_registration_paused.py", line 64, in spend_the_budget
    self.assertEqual(self.post(guess).status_code, 400)
AssertionError: 410 != 400

======================================================================
FAIL: test_the_renew_door_keeps_its_own_answer (users.tests_s7d_registration_paused.RegistrationPausedTests.test_the_renew_door_keeps_its_own_answer)
SM ruling Q6: renew-student-token spends the same budget but is
----------------------------------------------------------------------
Traceback (most recent call last):
  File "/home/bond-servant-in-training/Documents/Projects/Grade-Automator-Plus-epic-a-merge-down-b14/users/tests_s7d_registration_paused.py", line 99, in test_the_renew_door_keeps_its_own_answer
    self.spend_the_budget()
  File "/home/bond-servant-in-training/Documents/Projects/Grade-Automator-Plus-epic-a-merge-down-b14/users/tests_s7d_registration_paused.py", line 64, in spend_the_budget
    self.assertEqual(self.post(guess).status_code, 400)
AssertionError: 410 != 400

======================================================================
FAIL: test_student_invitation_bad_code_survives_the_rollback (users.tests_auth_audit_doors.InvitationDoorTests.test_student_invitation_bad_code_survives_the_rollback)
----------------------------------------------------------------------
Traceback (most recent call last):
  File "/home/bond-servant-in-training/Documents/Projects/Grade-Automator-Plus-epic-a-merge-down-b14/users/tests_auth_audit_doors.py", line 462, in test_student_invitation_bad_code_survives_the_rollback
    self.assertEqual(response.status_code, 400, response.content)
AssertionError: 410 != 400 : b'{"success":false,"message":"Invitations of this kind are no longer used. Ask your teacher to add you to the class again.","error":{"field_errors":{"detail":"Invitations of this kind are no longer used. Ask your teacher to add you to the class again."}}}'

======================================================================
FAIL: test_a_student_invitation_names_the_invitee (audit.tests_history.PermissionChangeTests.test_a_student_invitation_names_the_invitee)
SM ruling: the invitee who proved the invitation code acts.
----------------------------------------------------------------------
Traceback (most recent call last):
  File "/home/bond-servant-in-training/Documents/Projects/Grade-Automator-Plus-epic-a-merge-down-b14/audit/tests_history.py", line 631, in test_a_student_invitation_names_the_invitee
    self.assertEqual(response.status_code, 200, response.content)
AssertionError: 410 != 200 : b'{"success":false,"message":"Invitations of this kind are no longer used. Ask your teacher to add you to the class again.","error":{"field_errors":{"detail":"Invitations of this kind are no longer used. Ask your teacher to add you to the class again."}}}'

----------------------------------------------------------------------
Ran 417 tests in 178.337s

FAILED (failures=5, skipped=3)
Destroying test database for alias 'default' ('test_epic_a_merge_down_b14')...
 OK
