Creating test database for alias 'default' ('test_epic_a_merge_down_b14')...
Found 414 test(s).
Operations to perform:
  Synchronize unmigrated apps: anymail, cloudinary, cloudinary_storage, corsheaders, django_extensions, django_filters, djoser, drf_spectacular, encrypted_model_fields, humanize, messages, rest_framework, staticfiles
  Apply all migrations: admin, ai_processor, assignments, audit, auth, authtoken, billing, classrooms, contenttypes, dashboard, django_celery_beat, django_celery_results, sessions, students, token_blacklist, users
Synchronizing apps without migrations:
  Creating tables...
    Running deferred SQL...
Running migrations:
  Applying contenttypes.0001_initial... OK
  Applying contenttypes.0002_remove_content_type_name... OK
  Applying auth.0001_initial... OK
  Applying auth.0002_alter_permission_name_max_length... OK
  Applying auth.0003_alter_user_email_max_length... OK
  Applying auth.0004_alter_user_username_opts... OK
  Applying auth.0005_alter_user_last_login_null... OK
  Applying auth.0006_require_contenttypes_0002... OK
  Applying auth.0007_alter_validators_add_error_messages... OK
  Applying auth.0008_alter_user_username_max_length... OK
  Applying auth.0009_alter_user_last_name_max_length... OK
  Applying auth.0010_alter_group_name_max_length... OK
  Applying auth.0011_update_proxy_permissions... OK
  Applying auth.0012_alter_user_first_name_max_length... OK
  Applying users.0001_initial... OK
  Applying admin.0001_initial... OK
  Applying admin.0002_logentry_remove_auto_add... OK
  Applying admin.0003_logentry_add_action_flag_choices... OK
  Applying classrooms.0001_initial... OK
  Applying ai_processor.0001_initial... OK
  Applying ai_processor.0002_initial... OK
  Applying ai_processor.0003_chatsession_user... OK
  Applying ai_processor.0004_chatsession_assistant_type... OK
  Applying ai_processor.0005_benchmarkrun_benchmarkquestionoutcome... OK
  Applying classrooms.0002_initial... OK
  Applying classrooms.0003_coursecategory_course_categories... OK
  Applying classrooms.0004_course_teacher... OK
  Applying classrooms.0005_rename_studentsection_studentcourse... OK
  Applying classrooms.0006_remove_course_unique_section_name_per_session_and_more... OK
  Applying classrooms.0007_remove_studentcourse_is_active_and_more... OK
  Applying classrooms.0008_alter_studentcourse_enrollment_status... OK
  Applying classrooms.0009_school... OK
  Applying classrooms.0010_alter_studentcourse_enrollment_status... OK
  Applying classrooms.0011_remove_course_categories_topic... OK
  Applying classrooms.0012_studentcourse_auto_added... OK
  Applying classrooms.0013_studentcourse_ai_summary_and_more... OK
  Applying classrooms.0014_remove_session_unique_session_name_per_teacher_and_more... OK
  Applying classrooms.0015_remove_session_unique_session_name_per_teacher_and_more... OK
  Applying classrooms.0016_school_is_active... OK
  Applying assignments.0001_initial... OK
  Applying assignments.0002_initial... OK
  Applying assignments.0003_initial... OK
  Applying assignments.0004_rename_created_by_assignment_teacher_and_more... OK
  Applying assignments.0005_alter_assignment_options... OK
  Applying assignments.0006_assignment_estimated_time... OK
  Applying assignments.0007_remove_assignment_estimated_time_and_more... OK
  Applying assignments.0008_alter_assignment_due_date... OK
  Applying assignments.0009_assignment_extraction_confidence_and_more... OK
  Applying assignments.0010_assignment_custom_ai_prompt... OK
  Applying assignments.0011_assignment_ai_generated_assignment_ai_generated_at_and_more... OK
  Applying assignments.0012_assignment_was_overridden... OK
  Applying assignments.0013_alter_assignment_ai_generated... OK
  Applying assignments.0014_assignment_self_assessment_and_more... OK
  Applying assignments.0015_alter_assignment_potential_issues... OK
  Applying assignments.0016_assignment_extraction_completed_at_and_more... OK
  Applying assignments.0017_assignment_grading_status... OK
  Applying assignments.0018_assignment_topic... OK
  Applying assignments.0019_alter_assignment_title_and_more... OK
  Applying assignments.0020_remove_assignment_grading_status_and_more... OK
  Applying assignments.0021_assignment_overridden_at... OK
  Applying assignments.0022_assignment_raw_input... OK
  Applying assignments.0023_delete_rubric... OK
  Applying assignments.0024_alter_assignment_instructions_and_more... OK
  Applying assignments.0025_alter_assignment_instructions... OK
  Applying assignments.0026_assignment_status... OK
  Applying assignments.0027_remove_assignment_unique_assignment_per_course_and_more... OK
  Applying assignments.0028_alter_assignment_raw_input_hash... OK
  Applying assignments.0029_assignment_auto_grade_on_due_date... OK
  Applying assignments.0030_alter_assignment_status... OK
  Applying assignments.0031_assignment_grading_task_name_and_more... OK
  Applying assignments.0032_assignmentgenerationsession_and_message... OK
  Applying assignments.0033_assignmentgenerationhistory_and_more... OK
  Applying assignments.0034_assignment_admin_grading_notified_at... OK
  Applying assignments.0035_assignment_rigor_blooms_coverage_and_more... OK
  Applying assignments.0036_backfill_assignment_rigor... OK
  Applying assignments.0037_assignment_course_title_index... OK
  Applying assignments.0038_assignment_updated_at... OK
  Applying assignments.0039_assignment_upload_fingerprint... OK
  Applying assignments.0040_db_defaults_for_rollback... OK
  Applying audit.0001_initial... OK
  Applying audit.0002_alter_auditevent_actor_role... OK
  Applying authtoken.0001_initial... OK
  Applying authtoken.0002_auto_20160226_1747... OK
  Applying authtoken.0003_tokenproxy... OK
  Applying authtoken.0004_alter_tokenproxy_options... OK
  Applying users.0002_customuser_activation_expires_and_more... OK
  Applying users.0003_passwordresetotp... OK
  Applying users.0004_customuser_email_verified_at... OK
  Applying users.0005_alter_passwordresetotp_code... OK
  Applying users.0006_alter_passwordresetotp_code... OK
  Applying users.0007_passwordchangeotp... OK
  Applying users.0008_passwordchangeotp_hash_value_and_more... OK
  Applying users.0009_remove_passwordchangeotp_hash_value_and_more... OK
  Applying users.0010_customuser_school_alter_customuser_user_type... OK
  Applying billing.0001_initial... OK
  Applying billing.0002_alter_subscriptionplan_options_and_more... OK
  Applying billing.0003_creditusagelog_creditwallet_and_more... OK
  Applying billing.0004_alter_creditwallet_options_alter_creditbucket_wallet... OK
  Applying billing.0005_usersubscription_pending_plan... OK
  Applying billing.0006_alter_subscriptionplan_name... OK
  Applying billing.0007_creditbucket_is_processed_creditusagelog_is_refunded... OK
  Applying billing.0008_betaprofile... OK
  Applying billing.0009_betaprofile_uuid_and_more... OK
  Applying billing.0010_alter_betaprofile_id... OK
  Applying billing.0011_remove_betaprofile_uuid_betaprofile_uid_and_more... OK
  Applying billing.0012_populate_beta_profile_uuids... OK
  Applying billing.0013_remove_betaprofile_id_alter_betaprofile_uid... OK
  Applying billing.0014_rename_uid_betaprofile_id... OK
  Applying billing.0015_betaprofile_credits_used_feedback... OK
  Applying billing.0016_planfeature_alter_subscriptionplan_options_and_more... OK
  Applying billing.0017_remove_subscriptionplan_overage_credit_price_cents_and_more... OK
  Applying billing.0018_subscriptionplan_overage_block_price_and_more... OK
  Applying billing.0019_licensesubscription_schoolcreditallocation... OK
  Applying billing.0020_licensesubscription_contract_months_and_more... OK
  Applying billing.0021_alter_creditbucket_bucket_type_and_more... OK
  Applying billing.0022_usersubscription_is_trial_usersubscription_trial_end_and_more... OK
  Applying billing.0023_alter_subscriptionplan_name... OK
  Applying billing.0024_licensesubscription_custom_price_cents... OK
  Applying billing.0025_alter_subscriptionplan_name... OK
  Applying billing.0026_licensesubscription_total_credits_consumed... OK
  Applying billing.0027_stripeevent_creditwallet_stripe_customer_id_and_more... OK
  Applying billing.0028_alter_usersubscription_is_trial... OK
  Applying billing.0029_usersubscription_next_credit_grant_at... OK
  Applying billing.0030_alter_subscriptionplan_interval_and_more... OK
  Applying billing.0031_alter_licensesubscription_custom_price_cents_and_more... OK
  Applying billing.0032_remove_subscriptionplan_price_cents_and_more... OK
  Applying billing.0033_rename_price_subscriptionplan_price_cents... OK
  Applying billing.0034_alter_licensesubscription_custom_price_cents... OK
  Applying billing.0035_licensesubscription_stripe_customer_id... OK
  Applying billing.0036_alter_licensesubscription_contract_months_and_more... OK
  Applying billing.0037_schoolcreditallocation_next_credit_grant_at... OK
  Applying billing.0038_licensesubscription_billing_method_and_more... OK
  Applying billing.0039_alter_subscriptionplan_overage_block_price... OK
  Applying billing.0040_usersubscription_pending_change_note_and_more... OK
  Applying billing.0041_alter_usersubscription_pending_change_note_and_more... OK
  Applying billing.0042_subscriptionplan_stripe_overage_price_id... OK
  Applying billing.0043_schoolcreditallocation_is_admin_allocation... OK
  Applying billing.0044_alter_creditusagelog_feature... OK
  Applying billing.0045_billingtransaction... OK
  Applying billing.0046_remove_subscriptionplan_carry_over_max_and_more... OK
  Applying billing.0047_subscriptionplan_carry_over_max... OK
  Applying billing.0048_alter_billingtransaction_transaction_type_and_more... OK
  Applying billing.0049_billingtransaction_receipt_url... OK
  Applying billing.0050_creditusagelog_course... OK
  Applying billing.0051_creditusagelog_task_id_index... OK
  Applying billing.0052_creditusagelog_school... OK
  Applying billing.0053_backfill_creditusagelog_school... OK
  Applying billing.0054_stripeevent_attempts_stripeevent_claimed_at_and_more... OK
  Applying billing.0055_licensesubscription_consumption_window_start_and_more... OK
  Applying billing.0056_liveqarun... OK
  Applying billing.0057_usersubscription_cancelled_at... OK
  Applying billing.0058_alter_licensebillingrecord_record_type... OK
  Applying billing.0059_append_only_audit_tables... OK
  Applying billing.0060_backfill_audit_identity...
  backfilled identity on 0 ledger row(s) and 0 usage log row(s)
 OK
  Applying billing.0061_add_audit_table_time_indexes... OK
  Applying billing.0062_liveqarun_skipped_and_error_status... OK
  Applying billing.0063_payment_disputes... OK
  Applying billing.0064_refund_credit_reversal... OK
  Applying billing.0065_backfill_ledger_payment_intent...
  attributed 0 ledger row(s) to their Stripe payment
 OK
  Applying billing.0066_dispute_deficit_by_wallet... OK
  Applying billing.0067_stripe_event_recovery... OK
  Applying billing.0068_price_reconciliation... OK
  Applying billing.0069_price_sync_audit... OK
  Applying billing.0070_db_defaults_for_rollback... OK
  Applying billing.0071_stripeevent_auto_replay_attempts_and_more... OK
  Applying billing.0072_license_stripe_mutation_intent... OK
  Applying billing.0073_schoolcreditallocation_grant_anchor_at... OK
  Applying dashboard.0001_initial... OK
  Applying dashboard.0002_schoolatrisksnapshot... OK
  Applying dashboard.0003_studentriskalertstate_alert_pending... OK
  Applying dashboard.0004_db_defaults_for_rollback... OK
  Applying django_celery_beat.0001_initial... OK
  Applying django_celery_beat.0002_auto_20161118_0346... OK
  Applying django_celery_beat.0003_auto_20161209_0049... OK
  Applying django_celery_beat.0004_auto_20170221_0000... OK
  Applying django_celery_beat.0005_add_solarschedule_events_choices... OK
  Applying django_celery_beat.0006_auto_20180322_0932... OK
  Applying django_celery_beat.0007_auto_20180521_0826... OK
  Applying django_celery_beat.0008_auto_20180914_1922... OK
  Applying django_celery_beat.0006_auto_20180210_1226... OK
  Applying django_celery_beat.0006_periodictask_priority... OK
  Applying django_celery_beat.0009_periodictask_headers... OK
  Applying django_celery_beat.0010_auto_20190429_0326... OK
  Applying django_celery_beat.0011_auto_20190508_0153... OK
  Applying django_celery_beat.0012_periodictask_expire_seconds... OK
  Applying django_celery_beat.0013_auto_20200609_0727... OK
  Applying django_celery_beat.0014_remove_clockedschedule_enabled... OK
  Applying django_celery_beat.0015_edit_solarschedule_events_choices... OK
  Applying django_celery_beat.0016_alter_crontabschedule_timezone... OK
  Applying django_celery_beat.0017_alter_crontabschedule_month_of_year... OK
  Applying django_celery_beat.0018_improve_crontab_helptext... OK
  Applying django_celery_beat.0019_alter_periodictasks_options... OK
  Applying django_celery_results.0001_initial... OK
  Applying django_celery_results.0002_add_task_name_args_kwargs... OK
  Applying django_celery_results.0003_auto_20181106_1101... OK
  Applying django_celery_results.0004_auto_20190516_0412... OK
  Applying django_celery_results.0005_taskresult_worker... OK
  Applying django_celery_results.0006_taskresult_date_created... OK
  Applying django_celery_results.0007_remove_taskresult_hidden... OK
  Applying django_celery_results.0008_chordcounter... OK
  Applying django_celery_results.0009_groupresult... OK
  Applying django_celery_results.0010_remove_duplicate_indices... OK
  Applying django_celery_results.0011_taskresult_periodic_task_name... OK
  Applying django_celery_results.0012_taskresult_date_started... OK
  Applying django_celery_results.0013_taskresult_django_cele_periodi_1993cf_idx... OK
  Applying django_celery_results.0014_alter_taskresult_status... OK
  Applying sessions.0001_initial... OK
  Applying users.0011_concurrentusersnapshot_useractivity... OK
  Applying users.0012_alter_concurrentusersnapshot_timestamp... OK
  Applying users.0013_customuser_middle_name... OK
  Applying users.0014_alter_customuser_middle_name... OK
  Applying users.0015_customuser_bio_settings... OK
  Applying users.0016_remove_customuser_bio_delete_settings... OK
  Applying users.0017_settings... OK
  Applying users.0018_customuser_bio... OK
  Applying users.0019_betawhitelist... OK
  Applying users.0020_waitlist_betawhitelist_mode... OK
  Applying users.0021_betawhitelist_test_id_alter_betawhitelist_id... OK
  Applying users.0022_remove_betawhitelist_test_id_alter_betawhitelist_id... OK
  Applying users.0023_remove_waitlist_id_waitlist_test_id... OK
  Applying users.0024_remove_waitlist_test_id_waitlist_id... OK
  Applying users.0025_customuser_profile_image... OK
  Applying students.0001_initial... OK
  Applying students.0002_initial... OK
  Applying students.0003_studentsubmission_graded_at_and_more... OK
  Applying students.0004_alter_studentsubmission_graded_at... OK
  Applying students.0005_studentsubmission_ai_feedback_and_more... OK
  Applying students.0006_studentsubmission_ai_grading_completed_at... OK
  Applying students.0007_studentsubmission_extraction_confidence... OK
  Applying students.0008_studentsubmission_formatted_grade... OK
  Applying students.0009_studentsubmission_raw_input... OK
  Applying students.0010_batchuploadsession... OK
  Applying students.0011_batchuploadsession_course_and_more... OK
  Applying students.0012_alter_batchuploadsession_task_type... OK
  Applying students.0013_studentsubmission_max_points_and_more... OK
  Applying students.0014_alter_studentsubmission_score_percentage... OK
  Applying students.0015_studentsubmission_is_published... OK
  Applying students.0016_studentsubmission_grading_task_name_and_more... OK
  Applying students.0017_backgroundprocessingtask... OK
  Applying students.0018_studentsubmission_attempt_count... OK
  Applying students.0019_alter_studentsubmission_attempt_count... OK
  Applying students.0020_studentsubmission_grading_state... OK
  Applying students.0021_studentsubmission_needs_review... OK
  Applying students.0022_studentsubmission_review_severity... OK
  Applying students.0023_studentsubmission_review_tier_and_more... OK
  Applying students.0024_repair_raw_input_json... OK
  Applying students.0025_student_submission_hot_path_indexes... OK
  Applying students.0026_alter_backgroundprocessingtask_task_type... OK
  Applying students.0027_alter_studentsubmission_ai_grading_completed_at... OK
  Applying students.0028_backfill_ai_grading_completed_at... OK
  Applying students.0029_background_task_item_result... OK
  Applying students.0030_batch_session_credits_exhausted_at... OK
  Applying students.0031_submission_grading_label... OK
  Applying token_blacklist.0001_initial... OK
  Applying token_blacklist.0002_outstandingtoken_jti_hex... OK
  Applying token_blacklist.0003_auto_20171017_2007... OK
  Applying token_blacklist.0004_auto_20171017_2013... OK
  Applying token_blacklist.0005_remove_outstandingtoken_jti... OK
  Applying token_blacklist.0006_auto_20171017_2113... OK
  Applying token_blacklist.0007_auto_20171017_2214... OK
  Applying token_blacklist.0008_migrate_to_bigautofield... OK
  Applying token_blacklist.0010_fix_migrate_to_bigautofield... OK
  Applying token_blacklist.0011_linearizes_history... OK
  Applying token_blacklist.0012_alter_outstandingtoken_user... OK
  Applying token_blacklist.0013_alter_blacklistedtoken_options_and_more... OK
  Applying users.0026_customuser_registration_method... OK
  Applying users.0027_customuser_profile_image_url... OK
  Applying users.0028_alter_customuser_middle_name... OK
  Applying users.0029_usergooglecredentials... OK
  Applying users.0030_usergooglecredentials_access_token_and_more... OK
  Applying users.0031_settings_notify_new_assignment_posted... OK
  Applying users.0032_alter_settings_notify_assignment_due_reminder_and_more... OK
  Applying users.0033_settings_notify_at_risk_student_alerts_and_more... OK
  Applying users.0034_passwordresetotp_attempts_and_more... OK
  Applying users.0035_settings_notify_assignment_edited... OK
  Applying users.0036_customuser_failed_login_attempts_and_more... OK
  Applying users.0037_customuser_must_change_password... OK
  Applying users.0038_alter_customuser_must_change_password... OK
  Applying users.0039_customuser_token_epoch... OK
  Applying users.0040_db_defaults_for_rollback...System check identified some issues:

WARNINGS:
?: (billing.W001) PlanFeature catalogue is missing (or not marked is_gating_feature=True for) gating key(s): ['AI_PROMPT_ANALYTICS_SUMMARY', 'AI_PROMPT_ASSIGNMENT_CREATION']. Every user in this environment will be DENIED the corresponding AI feature(s) - see AI_FEATURE_GATING_MAP in billing/access_control.py - until `manage.py seed_plan_features` is run.

System check identified 1 issue (0 silenced).
test_the_per_network_limit_answers_429_without_a_pause_code (users.tests_register_throttle_school_admin.SchoolAdminDoorRateLimitTests.test_the_per_network_limit_answers_429_without_a_pause_code) ... API Exception
Traceback (most recent call last):
  File "/home/bond-servant-in-training/Documents/Virtualenvs/AutoGrader_env/lib/python3.12/site-packages/rest_framework/views.py", line 512, in dispatch
    response = handler(request, *args, **kwargs)
               ^^^^^^^^^^^^^^^^^^^^^^^^^^^^^^^^^
  File "/home/bond-servant-in-training/Documents/Projects/Grade-Automator-Plus-epic-a-merge-down-b14/users/views.py", line 1980, in register_school_admin
    raise ParseError("Invalid or expired activation token.")
rest_framework.exceptions.ParseError: Invalid or expired activation token.
API Exception
Traceback (most recent call last):
  File "/home/bond-servant-in-training/Documents/Virtualenvs/AutoGrader_env/lib/python3.12/site-packages/rest_framework/views.py", line 503, in dispatch
    self.initial(request, *args, **kwargs)
  File "/home/bond-servant-in-training/Documents/Virtualenvs/AutoGrader_env/lib/python3.12/site-packages/rest_framework/views.py", line 422, in initial
    self.check_throttles(request)
  File "/home/bond-servant-in-training/Documents/Virtualenvs/AutoGrader_env/lib/python3.12/site-packages/rest_framework/views.py", line 377, in check_throttles
    self.throttled(request, duration)
  File "/home/bond-servant-in-training/Documents/Virtualenvs/AutoGrader_env/lib/python3.12/site-packages/rest_framework/views.py", line 187, in throttled
    raise exceptions.Throttled(wait)
rest_framework.exceptions.Throttled: Request was throttled. Expected available in 60 seconds.
ok
test_success (users.tests_auth_audit_doors.ChangePasswordDoorTests.test_success) ... Free trial plan not found: no trial activated for user aeb2ba2d-eeee-4d3b-a001-cc3da636ab21.
Cannot activate automatic trial for user aeb2ba2d-eeee-4d3b-a001-cc3da636ab21 (validation): ValueError
ok
test_wrong_current_password_is_one_event_not_two (users.tests_auth_audit_doors.ChangePasswordDoorTests.test_wrong_current_password_is_one_event_not_two)
A named failure, so the authenticated request gets no generic ... Free trial plan not found: no trial activated for user 8c3d389d-e341-410a-ad9a-5b1d1595829e.
Cannot activate automatic trial for user 8c3d389d-e341-410a-ad9a-5b1d1595829e (validation): ValueError
API Exception
Traceback (most recent call last):
  File "/home/bond-servant-in-training/Documents/Virtualenvs/AutoGrader_env/lib/python3.12/site-packages/rest_framework/views.py", line 512, in dispatch
    response = handler(request, *args, **kwargs)
               ^^^^^^^^^^^^^^^^^^^^^^^^^^^^^^^^^
  File "/home/bond-servant-in-training/Documents/Projects/Grade-Automator-Plus-epic-a-merge-down-b14/users/views.py", line 1622, in change_password
    raise ParseError("Incorrect current password. Please try again.")
rest_framework.exceptions.ParseError: Incorrect current password. Please try again.
ok
test_a_deactivated_account_is_denied_and_named (users.tests_auth_audit_doors.GoogleDoorTests.test_a_deactivated_account_is_denied_and_named)
Refused inside the view's atomic block; still recorded. ... Free trial plan not found: no trial activated for user e3d57d71-0d04-4007-850b-cad046b6c0c3.
Cannot activate automatic trial for user e3d57d71-0d04-4007-850b-cad046b6c0c3 (validation): ValueError
API Exception
Traceback (most recent call last):
  File "/home/bond-servant-in-training/Documents/Virtualenvs/AutoGrader_env/lib/python3.12/site-packages/rest_framework/views.py", line 512, in dispatch
    response = handler(request, *args, **kwargs)
               ^^^^^^^^^^^^^^^^^^^^^^^^^^^^^^^^^
  File "/home/bond-servant-in-training/Documents/Projects/Grade-Automator-Plus-epic-a-merge-down-b14/users/views.py", line 2097, in google_auth
    return self._google_auth(request)
           ^^^^^^^^^^^^^^^^^^^^^^^^^^
  File "/home/bond-servant-in-training/Documents/Projects/Grade-Automator-Plus-epic-a-merge-down-b14/users/views.py", line 2260, in _google_auth
    raise AuthenticationFailed(
rest_framework.exceptions.AuthenticationFailed: This account has been deactivated. Please contact support.
ok
test_google_unreachable_is_a_provider_failure (users.tests_auth_audit_doors.GoogleDoorTests.test_google_unreachable_is_a_provider_failure) ... Google OAuth token exchange failed
Traceback (most recent call last):
  File "/home/bond-servant-in-training/Documents/Projects/Grade-Automator-Plus-epic-a-merge-down-b14/users/views.py", line 2135, in _google_auth
    response = http_requests.post(token_url, data=payload)
               ^^^^^^^^^^^^^^^^^^^^^^^^^^^^^^^^^^^^^^^^^^^
  File "/home/bond-servant-in-training/.pyenv/versions/3.12.10/lib/python3.12/unittest/mock.py", line 1139, in __call__
    return self._mock_call(*args, **kwargs)
           ^^^^^^^^^^^^^^^^^^^^^^^^^^^^^^^^
  File "/home/bond-servant-in-training/.pyenv/versions/3.12.10/lib/python3.12/unittest/mock.py", line 1143, in _mock_call
    return self._execute_mock_call(*args, **kwargs)
           ^^^^^^^^^^^^^^^^^^^^^^^^^^^^^^^^^^^^^^^^
  File "/home/bond-servant-in-training/.pyenv/versions/3.12.10/lib/python3.12/unittest/mock.py", line 1198, in _execute_mock_call
    raise effect
requests.exceptions.ConnectionError: dns
API Exception
Traceback (most recent call last):
  File "/home/bond-servant-in-training/Documents/Projects/Grade-Automator-Plus-epic-a-merge-down-b14/users/views.py", line 2135, in _google_auth
    response = http_requests.post(token_url, data=payload)
               ^^^^^^^^^^^^^^^^^^^^^^^^^^^^^^^^^^^^^^^^^^^
  File "/home/bond-servant-in-training/.pyenv/versions/3.12.10/lib/python3.12/unittest/mock.py", line 1139, in __call__
    return self._mock_call(*args, **kwargs)
           ^^^^^^^^^^^^^^^^^^^^^^^^^^^^^^^^
  File "/home/bond-servant-in-training/.pyenv/versions/3.12.10/lib/python3.12/unittest/mock.py", line 1143, in _mock_call
    return self._execute_mock_call(*args, **kwargs)
           ^^^^^^^^^^^^^^^^^^^^^^^^^^^^^^^^^^^^^^^^
  File "/home/bond-servant-in-training/.pyenv/versions/3.12.10/lib/python3.12/unittest/mock.py", line 1198, in _execute_mock_call
    raise effect
requests.exceptions.ConnectionError: dns

The above exception was the direct cause of the following exception:

Traceback (most recent call last):
  File "/home/bond-servant-in-training/Documents/Virtualenvs/AutoGrader_env/lib/python3.12/site-packages/rest_framework/views.py", line 512, in dispatch
    response = handler(request, *args, **kwargs)
               ^^^^^^^^^^^^^^^^^^^^^^^^^^^^^^^^^
  File "/home/bond-servant-in-training/Documents/Projects/Grade-Automator-Plus-epic-a-merge-down-b14/users/views.py", line 2097, in google_auth
    return self._google_auth(request)
           ^^^^^^^^^^^^^^^^^^^^^^^^^^
  File "/home/bond-servant-in-training/Documents/Projects/Grade-Automator-Plus-epic-a-merge-down-b14/users/views.py", line 2141, in _google_auth
    raise ParseError(
rest_framework.exceptions.ParseError: Google sign-in failed. Please try again.
ok
test_success_for_an_existing_account (users.tests_auth_audit_doors.GoogleDoorTests.test_success_for_an_existing_account) ... Free trial plan not found: no trial activated for user 67a3c9d3-5479-408e-9269-2be4ea46816f.
Cannot activate automatic trial for user 67a3c9d3-5479-408e-9269-2be4ea46816f (validation): ValueError
ok
test_unverified_google_email (users.tests_auth_audit_doors.GoogleDoorTests.test_unverified_google_email) ... API Exception
Traceback (most recent call last):
  File "/home/bond-servant-in-training/Documents/Virtualenvs/AutoGrader_env/lib/python3.12/site-packages/rest_framework/views.py", line 512, in dispatch
    response = handler(request, *args, **kwargs)
               ^^^^^^^^^^^^^^^^^^^^^^^^^^^^^^^^^
  File "/home/bond-servant-in-training/Documents/Projects/Grade-Automator-Plus-epic-a-merge-down-b14/users/views.py", line 2097, in google_auth
    return self._google_auth(request)
           ^^^^^^^^^^^^^^^^^^^^^^^^^^
  File "/home/bond-servant-in-training/Documents/Projects/Grade-Automator-Plus-epic-a-merge-down-b14/users/views.py", line 2165, in _google_auth
    raise ParseError("Google has not verified your email")
rest_framework.exceptions.ParseError: Google has not verified your email
ok
test_school_admin_bad_code_survives_the_rollback (users.tests_auth_audit_doors.InvitationDoorTests.test_school_admin_bad_code_survives_the_rollback)
Refused inside the view's atomic block; the event is written after ... API Exception
Traceback (most recent call last):
  File "/home/bond-servant-in-training/Documents/Virtualenvs/AutoGrader_env/lib/python3.12/site-packages/rest_framework/views.py", line 512, in dispatch
    response = handler(request, *args, **kwargs)
               ^^^^^^^^^^^^^^^^^^^^^^^^^^^^^^^^^
  File "/home/bond-servant-in-training/Documents/Projects/Grade-Automator-Plus-epic-a-merge-down-b14/users/views.py", line 1980, in register_school_admin
    raise ParseError("Invalid or expired activation token.")
rest_framework.exceptions.ParseError: Invalid or expired activation token.
ok
test_school_admin_invitation_success (users.tests_auth_audit_doors.InvitationDoorTests.test_school_admin_invitation_success) ... ok
test_locked_is_denied (users.tests_auth_audit_doors.ResetPasswordDoorTests.test_locked_is_denied)
batch-2a (L2) behaviour, merged into Epic A: a locked reset ... Free trial plan not found: no trial activated for user 52653b10-b07d-4e76-a0da-023864cc1e6f.
Cannot activate automatic trial for user 52653b10-b07d-4e76-a0da-023864cc1e6f (validation): ValueError
ok
test_success (users.tests_auth_audit_doors.ResetPasswordDoorTests.test_success) ... Free trial plan not found: no trial activated for user 9bf2a68b-1af9-446f-ba24-d35c1f09bb31.
Cannot activate automatic trial for user 9bf2a68b-1af9-446f-ba24-d35c1f09bb31 (validation): ValueError
ok
test_the_guess_that_spends_the_budget_is_a_failure_that_set_the_lock (users.tests_auth_audit_doors.ResetPasswordDoorTests.test_the_guess_that_spends_the_budget_is_a_failure_that_set_the_lock)
SM ruling for the 2a merge: that guess answers 429 at once (L2), ... Free trial plan not found: no trial activated for user ccdd74f6-ddef-4465-b98e-baf98a0c68c4.
Cannot activate automatic trial for user ccdd74f6-ddef-4465-b98e-baf98a0c68c4 (validation): ValueError
API Exception
Traceback (most recent call last):
  File "/home/bond-servant-in-training/Documents/Virtualenvs/AutoGrader_env/lib/python3.12/site-packages/rest_framework/views.py", line 512, in dispatch
    response = handler(request, *args, **kwargs)
               ^^^^^^^^^^^^^^^^^^^^^^^^^^^^^^^^^
  File "/home/bond-servant-in-training/Documents/Projects/Grade-Automator-Plus-epic-a-merge-down-b14/users/views.py", line 1501, in reset_password
    raise ParseError("Invalid email, OTP code, or new password.")
rest_framework.exceptions.ParseError: Invalid email, OTP code, or new password.
API Exception
Traceback (most recent call last):
  File "/home/bond-servant-in-training/Documents/Virtualenvs/AutoGrader_env/lib/python3.12/site-packages/rest_framework/views.py", line 512, in dispatch
    response = handler(request, *args, **kwargs)
               ^^^^^^^^^^^^^^^^^^^^^^^^^^^^^^^^^
  File "/home/bond-servant-in-training/Documents/Projects/Grade-Automator-Plus-epic-a-merge-down-b14/users/views.py", line 1501, in reset_password
    raise ParseError("Invalid email, OTP code, or new password.")
rest_framework.exceptions.ParseError: Invalid email, OTP code, or new password.
API Exception
Traceback (most recent call last):
  File "/home/bond-servant-in-training/Documents/Virtualenvs/AutoGrader_env/lib/python3.12/site-packages/rest_framework/views.py", line 512, in dispatch
    response = handler(request, *args, **kwargs)
               ^^^^^^^^^^^^^^^^^^^^^^^^^^^^^^^^^
  File "/home/bond-servant-in-training/Documents/Projects/Grade-Automator-Plus-epic-a-merge-down-b14/users/views.py", line 1501, in reset_password
    raise ParseError("Invalid email, OTP code, or new password.")
rest_framework.exceptions.ParseError: Invalid email, OTP code, or new password.
API Exception
Traceback (most recent call last):
  File "/home/bond-servant-in-training/Documents/Virtualenvs/AutoGrader_env/lib/python3.12/site-packages/rest_framework/views.py", line 512, in dispatch
    response = handler(request, *args, **kwargs)
               ^^^^^^^^^^^^^^^^^^^^^^^^^^^^^^^^^
  File "/home/bond-servant-in-training/Documents/Projects/Grade-Automator-Plus-epic-a-merge-down-b14/users/views.py", line 1501, in reset_password
    raise ParseError("Invalid email, OTP code, or new password.")
rest_framework.exceptions.ParseError: Invalid email, OTP code, or new password.
password_reset_otp_locked
ok
test_unknown_email (users.tests_auth_audit_doors.ResetPasswordDoorTests.test_unknown_email) ... Free trial plan not found: no trial activated for user 9f4df701-4796-4c06-bdce-dea0108808b9.
Cannot activate automatic trial for user 9f4df701-4796-4c06-bdce-dea0108808b9 (validation): ValueError
API Exception
Exception

The above exception was the direct cause of the following exception:

Traceback (most recent call last):
  File "/home/bond-servant-in-training/Documents/Virtualenvs/AutoGrader_env/lib/python3.12/site-packages/rest_framework/views.py", line 512, in dispatch
    response = handler(request, *args, **kwargs)
               ^^^^^^^^^^^^^^^^^^^^^^^^^^^^^^^^^
  File "/home/bond-servant-in-training/Documents/Projects/Grade-Automator-Plus-epic-a-merge-down-b14/users/views.py", line 1451, in reset_password
    raise ParseError("Invalid email, OTP code, or new password.") from Exception
rest_framework.exceptions.ParseError: Invalid email, OTP code, or new password.
ok
test_wrong_code (users.tests_auth_audit_doors.ResetPasswordDoorTests.test_wrong_code) ... Free trial plan not found: no trial activated for user 2b45b92d-179e-453e-af6a-c54c48d49551.
Cannot activate automatic trial for user 2b45b92d-179e-453e-af6a-c54c48d49551 (validation): ValueError
API Exception
Traceback (most recent call last):
  File "/home/bond-servant-in-training/Documents/Virtualenvs/AutoGrader_env/lib/python3.12/site-packages/rest_framework/views.py", line 512, in dispatch
    response = handler(request, *args, **kwargs)
               ^^^^^^^^^^^^^^^^^^^^^^^^^^^^^^^^^
  File "/home/bond-servant-in-training/Documents/Projects/Grade-Automator-Plus-epic-a-merge-down-b14/users/views.py", line 1501, in reset_password
    raise ParseError("Invalid email, OTP code, or new password.")
rest_framework.exceptions.ParseError: Invalid email, OTP code, or new password.
ok
test_a_failure_is_scoped_to_the_targets_school (users.tests_auth_audit_doors.VerifyEmailDoorTests.test_a_failure_is_scoped_to_the_targets_school) ... Free trial plan not found: no trial activated for user 14c9d219-d574-4c0d-9ad3-1d80501a6f94.
Cannot activate automatic trial for user 14c9d219-d574-4c0d-9ad3-1d80501a6f94 (validation): ValueError
API Exception
Traceback (most recent call last):
  File "/home/bond-servant-in-training/Documents/Virtualenvs/AutoGrader_env/lib/python3.12/site-packages/rest_framework/views.py", line 512, in dispatch
    response = handler(request, *args, **kwargs)
               ^^^^^^^^^^^^^^^^^^^^^^^^^^^^^^^^^
  File "/home/bond-servant-in-training/Documents/Projects/Grade-Automator-Plus-epic-a-merge-down-b14/users/views.py", line 1068, in verify
    refuse("Invalid email or token.", account_for_email(email), "INVALID_CODE")
  File "/home/bond-servant-in-training/Documents/Projects/Grade-Automator-Plus-epic-a-merge-down-b14/users/views.py", line 1064, in refuse
    raise ParseError(message)
rest_framework.exceptions.ParseError: Invalid email or token.
ok
test_a_locked_attempt_is_denied_even_with_the_right_code (users.tests_auth_audit_doors.VerifyEmailDoorTests.test_a_locked_attempt_is_denied_even_with_the_right_code)
H-53's 429, recorded as one DENIED VERIFY_LOCKED naming the ... Free trial plan not found: no trial activated for user fc1b2c6f-9c90-4425-980d-72a4b0addf09.
Cannot activate automatic trial for user fc1b2c6f-9c90-4425-980d-72a4b0addf09 (validation): ValueError
API Exception
Traceback (most recent call last):
  File "/home/bond-servant-in-training/Documents/Virtualenvs/AutoGrader_env/lib/python3.12/site-packages/rest_framework/views.py", line 512, in dispatch
    response = handler(request, *args, **kwargs)
               ^^^^^^^^^^^^^^^^^^^^^^^^^^^^^^^^^
  File "/home/bond-servant-in-training/Documents/Projects/Grade-Automator-Plus-epic-a-merge-down-b14/users/views.py", line 1068, in verify
    refuse("Invalid email or token.", account_for_email(email), "INVALID_CODE")
  File "/home/bond-servant-in-training/Documents/Projects/Grade-Automator-Plus-epic-a-merge-down-b14/users/views.py", line 1064, in refuse
    raise ParseError(message)
rest_framework.exceptions.ParseError: Invalid email or token.
API Exception
Traceback (most recent call last):
  File "/home/bond-servant-in-training/Documents/Virtualenvs/AutoGrader_env/lib/python3.12/site-packages/rest_framework/views.py", line 512, in dispatch
    response = handler(request, *args, **kwargs)
               ^^^^^^^^^^^^^^^^^^^^^^^^^^^^^^^^^
  File "/home/bond-servant-in-training/Documents/Projects/Grade-Automator-Plus-epic-a-merge-down-b14/users/views.py", line 1068, in verify
    refuse("Invalid email or token.", account_for_email(email), "INVALID_CODE")
  File "/home/bond-servant-in-training/Documents/Projects/Grade-Automator-Plus-epic-a-merge-down-b14/users/views.py", line 1064, in refuse
    raise ParseError(message)
rest_framework.exceptions.ParseError: Invalid email or token.
API Exception
Traceback (most recent call last):
  File "/home/bond-servant-in-training/Documents/Virtualenvs/AutoGrader_env/lib/python3.12/site-packages/rest_framework/views.py", line 512, in dispatch
    response = handler(request, *args, **kwargs)
               ^^^^^^^^^^^^^^^^^^^^^^^^^^^^^^^^^
  File "/home/bond-servant-in-training/Documents/Projects/Grade-Automator-Plus-epic-a-merge-down-b14/users/views.py", line 1068, in verify
    refuse("Invalid email or token.", account_for_email(email), "INVALID_CODE")
  File "/home/bond-servant-in-training/Documents/Projects/Grade-Automator-Plus-epic-a-merge-down-b14/users/views.py", line 1064, in refuse
    raise ParseError(message)
rest_framework.exceptions.ParseError: Invalid email or token.
API Exception
Traceback (most recent call last):
  File "/home/bond-servant-in-training/Documents/Virtualenvs/AutoGrader_env/lib/python3.12/site-packages/rest_framework/views.py", line 512, in dispatch
    response = handler(request, *args, **kwargs)
               ^^^^^^^^^^^^^^^^^^^^^^^^^^^^^^^^^
  File "/home/bond-servant-in-training/Documents/Projects/Grade-Automator-Plus-epic-a-merge-down-b14/users/views.py", line 1068, in verify
    refuse("Invalid email or token.", account_for_email(email), "INVALID_CODE")
  File "/home/bond-servant-in-training/Documents/Projects/Grade-Automator-Plus-epic-a-merge-down-b14/users/views.py", line 1064, in refuse
    raise ParseError(message)
rest_framework.exceptions.ParseError: Invalid email or token.
verify_email address locked after too many attempts
API Exception
Traceback (most recent call last):
  File "/home/bond-servant-in-training/Documents/Virtualenvs/AutoGrader_env/lib/python3.12/site-packages/rest_framework/views.py", line 512, in dispatch
    response = handler(request, *args, **kwargs)
               ^^^^^^^^^^^^^^^^^^^^^^^^^^^^^^^^^
  File "/home/bond-servant-in-training/Documents/Projects/Grade-Automator-Plus-epic-a-merge-down-b14/users/views.py", line 1068, in verify
    refuse("Invalid email or token.", account_for_email(email), "INVALID_CODE")
  File "/home/bond-servant-in-training/Documents/Projects/Grade-Automator-Plus-epic-a-merge-down-b14/users/views.py", line 1064, in refuse
    raise ParseError(message)
rest_framework.exceptions.ParseError: Invalid email or token.
API Exception
Traceback (most recent call last):
  File "/home/bond-servant-in-training/Documents/Virtualenvs/AutoGrader_env/lib/python3.12/site-packages/rest_framework/views.py", line 512, in dispatch
    response = handler(request, *args, **kwargs)
               ^^^^^^^^^^^^^^^^^^^^^^^^^^^^^^^^^
  File "/home/bond-servant-in-training/Documents/Projects/Grade-Automator-Plus-epic-a-merge-down-b14/users/views.py", line 1036, in verify
    raise EnvelopedThrottled(
users.exceptions.EnvelopedThrottled: Too many incorrect codes for this email address. Please wait, then request a new verification email. Expected available in 1799 seconds.
ok
test_a_locked_unknown_address_is_denied_with_no_account_and_no_email (users.tests_auth_audit_doors.VerifyEmailDoorTests.test_a_locked_unknown_address_is_denied_with_no_account_and_no_email) ... API Exception
Traceback (most recent call last):
  File "/home/bond-servant-in-training/Documents/Virtualenvs/AutoGrader_env/lib/python3.12/site-packages/rest_framework/views.py", line 512, in dispatch
    response = handler(request, *args, **kwargs)
               ^^^^^^^^^^^^^^^^^^^^^^^^^^^^^^^^^
  File "/home/bond-servant-in-training/Documents/Projects/Grade-Automator-Plus-epic-a-merge-down-b14/users/views.py", line 1068, in verify
    refuse("Invalid email or token.", account_for_email(email), "INVALID_CODE")
  File "/home/bond-servant-in-training/Documents/Projects/Grade-Automator-Plus-epic-a-merge-down-b14/users/views.py", line 1064, in refuse
    raise ParseError(message)
rest_framework.exceptions.ParseError: Invalid email or token.
API Exception
Traceback (most recent call last):
  File "/home/bond-servant-in-training/Documents/Virtualenvs/AutoGrader_env/lib/python3.12/site-packages/rest_framework/views.py", line 512, in dispatch
    response = handler(request, *args, **kwargs)
               ^^^^^^^^^^^^^^^^^^^^^^^^^^^^^^^^^
  File "/home/bond-servant-in-training/Documents/Projects/Grade-Automator-Plus-epic-a-merge-down-b14/users/views.py", line 1068, in verify
    refuse("Invalid email or token.", account_for_email(email), "INVALID_CODE")
  File "/home/bond-servant-in-training/Documents/Projects/Grade-Automator-Plus-epic-a-merge-down-b14/users/views.py", line 1064, in refuse
    raise ParseError(message)
rest_framework.exceptions.ParseError: Invalid email or token.
API Exception
Traceback (most recent call last):
  File "/home/bond-servant-in-training/Documents/Virtualenvs/AutoGrader_env/lib/python3.12/site-packages/rest_framework/views.py", line 512, in dispatch
    response = handler(request, *args, **kwargs)
               ^^^^^^^^^^^^^^^^^^^^^^^^^^^^^^^^^
  File "/home/bond-servant-in-training/Documents/Projects/Grade-Automator-Plus-epic-a-merge-down-b14/users/views.py", line 1068, in verify
    refuse("Invalid email or token.", account_for_email(email), "INVALID_CODE")
  File "/home/bond-servant-in-training/Documents/Projects/Grade-Automator-Plus-epic-a-merge-down-b14/users/views.py", line 1064, in refuse
    raise ParseError(message)
rest_framework.exceptions.ParseError: Invalid email or token.
API Exception
Traceback (most recent call last):
  File "/home/bond-servant-in-training/Documents/Virtualenvs/AutoGrader_env/lib/python3.12/site-packages/rest_framework/views.py", line 512, in dispatch
    response = handler(request, *args, **kwargs)
               ^^^^^^^^^^^^^^^^^^^^^^^^^^^^^^^^^
  File "/home/bond-servant-in-training/Documents/Projects/Grade-Automator-Plus-epic-a-merge-down-b14/users/views.py", line 1068, in verify
    refuse("Invalid email or token.", account_for_email(email), "INVALID_CODE")
  File "/home/bond-servant-in-training/Documents/Projects/Grade-Automator-Plus-epic-a-merge-down-b14/users/views.py", line 1064, in refuse
    raise ParseError(message)
rest_framework.exceptions.ParseError: Invalid email or token.
verify_email address locked after too many attempts
API Exception
Traceback (most recent call last):
  File "/home/bond-servant-in-training/Documents/Virtualenvs/AutoGrader_env/lib/python3.12/site-packages/rest_framework/views.py", line 512, in dispatch
    response = handler(request, *args, **kwargs)
               ^^^^^^^^^^^^^^^^^^^^^^^^^^^^^^^^^
  File "/home/bond-servant-in-training/Documents/Projects/Grade-Automator-Plus-epic-a-merge-down-b14/users/views.py", line 1068, in verify
    refuse("Invalid email or token.", account_for_email(email), "INVALID_CODE")
  File "/home/bond-servant-in-training/Documents/Projects/Grade-Automator-Plus-epic-a-merge-down-b14/users/views.py", line 1064, in refuse
    raise ParseError(message)
rest_framework.exceptions.ParseError: Invalid email or token.
API Exception
Traceback (most recent call last):
  File "/home/bond-servant-in-training/Documents/Virtualenvs/AutoGrader_env/lib/python3.12/site-packages/rest_framework/views.py", line 512, in dispatch
    response = handler(request, *args, **kwargs)
               ^^^^^^^^^^^^^^^^^^^^^^^^^^^^^^^^^
  File "/home/bond-servant-in-training/Documents/Projects/Grade-Automator-Plus-epic-a-merge-down-b14/users/views.py", line 1036, in verify
    raise EnvelopedThrottled(
users.exceptions.EnvelopedThrottled: Too many incorrect codes for this email address. Please wait, then request a new verification email. Expected available in 1799 seconds.
ok
test_every_code_verify_records_is_in_the_catalogue (users.tests_auth_audit_doors.VerifyEmailDoorTests.test_every_code_verify_records_is_in_the_catalogue)
S6a's emitter refuses a code outside the catalogue, which would ... ok
test_expired_code (users.tests_auth_audit_doors.VerifyEmailDoorTests.test_expired_code) ... Free trial plan not found: no trial activated for user 24f265bb-de36-47fb-8d43-22cae071e1f3.
Cannot activate automatic trial for user 24f265bb-de36-47fb-8d43-22cae071e1f3 (validation): ValueError
API Exception
Traceback (most recent call last):
  File "/home/bond-servant-in-training/Documents/Virtualenvs/AutoGrader_env/lib/python3.12/site-packages/rest_framework/views.py", line 512, in dispatch
    response = handler(request, *args, **kwargs)
               ^^^^^^^^^^^^^^^^^^^^^^^^^^^^^^^^^
  File "/home/bond-servant-in-training/Documents/Projects/Grade-Automator-Plus-epic-a-merge-down-b14/users/views.py", line 1084, in verify
    refuse("Activation link has expired.", user, "CODE_EXPIRED")
  File "/home/bond-servant-in-training/Documents/Projects/Grade-Automator-Plus-epic-a-merge-down-b14/users/views.py", line 1064, in refuse
    raise ParseError(message)
rest_framework.exceptions.ParseError: Activation link has expired.
ok
test_success (users.tests_auth_audit_doors.VerifyEmailDoorTests.test_success) ... Free trial plan not found: no trial activated for user f9814428-e459-4441-98ed-484f3321d7e7.
Cannot activate automatic trial for user f9814428-e459-4441-98ed-484f3321d7e7 (validation): ValueError
ok
test_the_beta_refusals_are_audited_like_a_wrong_code (users.tests_auth_audit_doors.VerifyEmailDoorTests.test_the_beta_refusals_are_audited_like_a_wrong_code)
Merge-down b14: H-164 (a never-verified account with admin power) ... Free trial plan not found: no trial activated for user bde00585-5a13-4edb-b996-6a09406bfbc9.
Cannot activate automatic trial for user bde00585-5a13-4edb-b996-6a09406bfbc9 (validation): ValueError
API Exception
Traceback (most recent call last):
  File "/home/bond-servant-in-training/Documents/Virtualenvs/AutoGrader_env/lib/python3.12/site-packages/rest_framework/views.py", line 512, in dispatch
    response = handler(request, *args, **kwargs)
               ^^^^^^^^^^^^^^^^^^^^^^^^^^^^^^^^^
  File "/home/bond-servant-in-training/Documents/Projects/Grade-Automator-Plus-epic-a-merge-down-b14/users/views.py", line 1076, in verify
    refuse("Invalid email or token.", user, "INVALID_CODE")
  File "/home/bond-servant-in-training/Documents/Projects/Grade-Automator-Plus-epic-a-merge-down-b14/users/views.py", line 1064, in refuse
    raise ParseError(message)
rest_framework.exceptions.ParseError: Invalid email or token.
Free trial plan not found: no trial activated for user e8e2be0e-7817-4cbe-b229-8e6adf1b74ba.
Cannot activate automatic trial for user e8e2be0e-7817-4cbe-b229-8e6adf1b74ba (validation): ValueError
API Exception
Traceback (most recent call last):
  File "/home/bond-servant-in-training/Documents/Virtualenvs/AutoGrader_env/lib/python3.12/site-packages/rest_framework/views.py", line 512, in dispatch
    response = handler(request, *args, **kwargs)
               ^^^^^^^^^^^^^^^^^^^^^^^^^^^^^^^^^
  File "/home/bond-servant-in-training/Documents/Projects/Grade-Automator-Plus-epic-a-merge-down-b14/users/views.py", line 1081, in verify
    refuse("Invalid email or token.", user, "INVALID_CODE")
  File "/home/bond-servant-in-training/Documents/Projects/Grade-Automator-Plus-epic-a-merge-down-b14/users/views.py", line 1064, in refuse
    raise ParseError(message)
rest_framework.exceptions.ParseError: Invalid email or token.
ok
test_the_guess_that_spends_the_budget_is_a_failure_that_set_the_lock (users.tests_auth_audit_doors.VerifyEmailDoorTests.test_the_guess_that_spends_the_budget_is_a_failure_that_set_the_lock)
SM ruling for the beta (H-53) merge: one event per attempt. Every ... Free trial plan not found: no trial activated for user e064024b-cc61-4f8c-9bcb-a74ec81b29b6.
Cannot activate automatic trial for user e064024b-cc61-4f8c-9bcb-a74ec81b29b6 (validation): ValueError
API Exception
Traceback (most recent call last):
  File "/home/bond-servant-in-training/Documents/Virtualenvs/AutoGrader_env/lib/python3.12/site-packages/rest_framework/views.py", line 512, in dispatch
    response = handler(request, *args, **kwargs)
               ^^^^^^^^^^^^^^^^^^^^^^^^^^^^^^^^^
  File "/home/bond-servant-in-training/Documents/Projects/Grade-Automator-Plus-epic-a-merge-down-b14/users/views.py", line 1068, in verify
    refuse("Invalid email or token.", account_for_email(email), "INVALID_CODE")
  File "/home/bond-servant-in-training/Documents/Projects/Grade-Automator-Plus-epic-a-merge-down-b14/users/views.py", line 1064, in refuse
    raise ParseError(message)
rest_framework.exceptions.ParseError: Invalid email or token.
API Exception
Traceback (most recent call last):
  File "/home/bond-servant-in-training/Documents/Virtualenvs/AutoGrader_env/lib/python3.12/site-packages/rest_framework/views.py", line 512, in dispatch
    response = handler(request, *args, **kwargs)
               ^^^^^^^^^^^^^^^^^^^^^^^^^^^^^^^^^
  File "/home/bond-servant-in-training/Documents/Projects/Grade-Automator-Plus-epic-a-merge-down-b14/users/views.py", line 1068, in verify
    refuse("Invalid email or token.", account_for_email(email), "INVALID_CODE")
  File "/home/bond-servant-in-training/Documents/Projects/Grade-Automator-Plus-epic-a-merge-down-b14/users/views.py", line 1064, in refuse
    raise ParseError(message)
rest_framework.exceptions.ParseError: Invalid email or token.
API Exception
Traceback (most recent call last):
  File "/home/bond-servant-in-training/Documents/Virtualenvs/AutoGrader_env/lib/python3.12/site-packages/rest_framework/views.py", line 512, in dispatch
    response = handler(request, *args, **kwargs)
               ^^^^^^^^^^^^^^^^^^^^^^^^^^^^^^^^^
  File "/home/bond-servant-in-training/Documents/Projects/Grade-Automator-Plus-epic-a-merge-down-b14/users/views.py", line 1068, in verify
    refuse("Invalid email or token.", account_for_email(email), "INVALID_CODE")
  File "/home/bond-servant-in-training/Documents/Projects/Grade-Automator-Plus-epic-a-merge-down-b14/users/views.py", line 1064, in refuse
    raise ParseError(message)
rest_framework.exceptions.ParseError: Invalid email or token.
API Exception
Traceback (most recent call last):
  File "/home/bond-servant-in-training/Documents/Virtualenvs/AutoGrader_env/lib/python3.12/site-packages/rest_framework/views.py", line 512, in dispatch
    response = handler(request, *args, **kwargs)
               ^^^^^^^^^^^^^^^^^^^^^^^^^^^^^^^^^
  File "/home/bond-servant-in-training/Documents/Projects/Grade-Automator-Plus-epic-a-merge-down-b14/users/views.py", line 1068, in verify
    refuse("Invalid email or token.", account_for_email(email), "INVALID_CODE")
  File "/home/bond-servant-in-training/Documents/Projects/Grade-Automator-Plus-epic-a-merge-down-b14/users/views.py", line 1064, in refuse
    raise ParseError(message)
rest_framework.exceptions.ParseError: Invalid email or token.
verify_email address locked after too many attempts
API Exception
Traceback (most recent call last):
  File "/home/bond-servant-in-training/Documents/Virtualenvs/AutoGrader_env/lib/python3.12/site-packages/rest_framework/views.py", line 512, in dispatch
    response = handler(request, *args, **kwargs)
               ^^^^^^^^^^^^^^^^^^^^^^^^^^^^^^^^^
  File "/home/bond-servant-in-training/Documents/Projects/Grade-Automator-Plus-epic-a-merge-down-b14/users/views.py", line 1068, in verify
    refuse("Invalid email or token.", account_for_email(email), "INVALID_CODE")
  File "/home/bond-servant-in-training/Documents/Projects/Grade-Automator-Plus-epic-a-merge-down-b14/users/views.py", line 1064, in refuse
    raise ParseError(message)
rest_framework.exceptions.ParseError: Invalid email or token.
ok
test_the_user_still_signs_in_when_the_audit_store_is_down (users.tests_auth_audit_doors.VerifyEmailDoorTests.test_the_user_still_signs_in_when_the_audit_store_is_down)
FR-A-11. ... Free trial plan not found: no trial activated for user 7a42c68e-077e-455c-af82-886af5bfe00c.
Cannot activate automatic trial for user 7a42c68e-077e-455c-af82-886af5bfe00c (validation): ValueError
audit event store_failed: action=PERMISSION_CHANGE detail=RuntimeError
audit event store_failed: action=AUTH_LOGIN detail=RuntimeError
ok
test_unknown_email_stores_no_account_and_no_email (users.tests_auth_audit_doors.VerifyEmailDoorTests.test_unknown_email_stores_no_account_and_no_email) ... API Exception
Traceback (most recent call last):
  File "/home/bond-servant-in-training/Documents/Virtualenvs/AutoGrader_env/lib/python3.12/site-packages/rest_framework/views.py", line 512, in dispatch
    response = handler(request, *args, **kwargs)
               ^^^^^^^^^^^^^^^^^^^^^^^^^^^^^^^^^
  File "/home/bond-servant-in-training/Documents/Projects/Grade-Automator-Plus-epic-a-merge-down-b14/users/views.py", line 1068, in verify
    refuse("Invalid email or token.", account_for_email(email), "INVALID_CODE")
  File "/home/bond-servant-in-training/Documents/Projects/Grade-Automator-Plus-epic-a-merge-down-b14/users/views.py", line 1064, in refuse
    raise ParseError(message)
rest_framework.exceptions.ParseError: Invalid email or token.
ok
test_wrong_code_names_the_account (users.tests_auth_audit_doors.VerifyEmailDoorTests.test_wrong_code_names_the_account) ... Free trial plan not found: no trial activated for user a4dbb1bf-8047-4bf6-9bd6-76ac6a07c1d9.
Cannot activate automatic trial for user a4dbb1bf-8047-4bf6-9bd6-76ac6a07c1d9 (validation): ValueError
API Exception
Traceback (most recent call last):
  File "/home/bond-servant-in-training/Documents/Virtualenvs/AutoGrader_env/lib/python3.12/site-packages/rest_framework/views.py", line 512, in dispatch
    response = handler(request, *args, **kwargs)
               ^^^^^^^^^^^^^^^^^^^^^^^^^^^^^^^^^
  File "/home/bond-servant-in-training/Documents/Projects/Grade-Automator-Plus-epic-a-merge-down-b14/users/views.py", line 1068, in verify
    refuse("Invalid email or token.", account_for_email(email), "INVALID_CODE")
  File "/home/bond-servant-in-training/Documents/Projects/Grade-Automator-Plus-epic-a-merge-down-b14/users/views.py", line 1064, in refuse
    raise ParseError(message)
rest_framework.exceptions.ParseError: Invalid email or token.
ok
test_a_valid_token_still_activates (users.tests_auth_input_validation.VerifyEndpointInputTests.test_a_valid_token_still_activates)
Regression guard: the input hardening must not break the real flow. ... Free trial plan not found: no trial activated for user b2acfbf6-a709-4432-80b0-c9cd8fc0197a.
Cannot activate automatic trial for user b2acfbf6-a709-4432-80b0-c9cd8fc0197a (validation): ValueError
ok
test_another_users_token_cannot_verify_this_account (users.tests_auth_input_validation.VerifyEndpointInputTests.test_another_users_token_cannot_verify_this_account)
email and token must match the SAME row, not merely both exist. ... Free trial plan not found: no trial activated for user 47d90041-205b-4006-ae50-db91bf870186.
Cannot activate automatic trial for user 47d90041-205b-4006-ae50-db91bf870186 (validation): ValueError
Free trial plan not found: no trial activated for user 06426a42-e390-41f7-aa84-167ade9d5652.
Cannot activate automatic trial for user 06426a42-e390-41f7-aa84-167ade9d5652 (validation): ValueError
API Exception
Traceback (most recent call last):
  File "/home/bond-servant-in-training/Documents/Virtualenvs/AutoGrader_env/lib/python3.12/site-packages/rest_framework/views.py", line 512, in dispatch
    response = handler(request, *args, **kwargs)
               ^^^^^^^^^^^^^^^^^^^^^^^^^^^^^^^^^
  File "/home/bond-servant-in-training/Documents/Projects/Grade-Automator-Plus-epic-a-merge-down-b14/users/views.py", line 1068, in verify
    refuse("Invalid email or token.", account_for_email(email), "INVALID_CODE")
  File "/home/bond-servant-in-training/Documents/Projects/Grade-Automator-Plus-epic-a-merge-down-b14/users/views.py", line 1064, in refuse
    raise ParseError(message)
rest_framework.exceptions.ParseError: Invalid email or token.
ok
test_expired_token_is_rejected_and_leaves_the_account_inactive (users.tests_auth_input_validation.VerifyEndpointInputTests.test_expired_token_is_rejected_and_leaves_the_account_inactive) ... Free trial plan not found: no trial activated for user d2178309-c6d0-453c-b3f2-fa1ef60d7b47.
Cannot activate automatic trial for user d2178309-c6d0-453c-b3f2-fa1ef60d7b47 (validation): ValueError
API Exception
Traceback (most recent call last):
  File "/home/bond-servant-in-training/Documents/Virtualenvs/AutoGrader_env/lib/python3.12/site-packages/rest_framework/views.py", line 512, in dispatch
    response = handler(request, *args, **kwargs)
               ^^^^^^^^^^^^^^^^^^^^^^^^^^^^^^^^^
  File "/home/bond-servant-in-training/Documents/Projects/Grade-Automator-Plus-epic-a-merge-down-b14/users/views.py", line 1084, in verify
    refuse("Activation link has expired.", user, "CODE_EXPIRED")
  File "/home/bond-servant-in-training/Documents/Projects/Grade-Automator-Plus-epic-a-merge-down-b14/users/views.py", line 1064, in refuse
    raise ParseError(message)
rest_framework.exceptions.ParseError: Activation link has expired.
ok
test_missing_both_fields_is_a_400_not_a_500 (users.tests_auth_input_validation.VerifyEndpointInputTests.test_missing_both_fields_is_a_400_not_a_500)
The regression: `.get("email").strip()` on an absent key. ... Free trial plan not found: no trial activated for user 65a61717-5778-4193-be49-372ad108ee1b.
Cannot activate automatic trial for user 65a61717-5778-4193-be49-372ad108ee1b (validation): ValueError
API Exception
Traceback (most recent call last):
  File "/home/bond-servant-in-training/Documents/Virtualenvs/AutoGrader_env/lib/python3.12/site-packages/rest_framework/views.py", line 512, in dispatch
    response = handler(request, *args, **kwargs)
               ^^^^^^^^^^^^^^^^^^^^^^^^^^^^^^^^^
  File "/home/bond-servant-in-training/Documents/Projects/Grade-Automator-Plus-epic-a-merge-down-b14/users/views.py", line 1009, in verify
    raise ParseError("Email and Token are required.")
rest_framework.exceptions.ParseError: Email and Token are required.
ok
test_missing_email_only_is_a_400_not_a_500 (users.tests_auth_input_validation.VerifyEndpointInputTests.test_missing_email_only_is_a_400_not_a_500) ... Free trial plan not found: no trial activated for user e3fe2e69-9531-4acb-9fc3-6ca1cefe1423.
Cannot activate automatic trial for user e3fe2e69-9531-4acb-9fc3-6ca1cefe1423 (validation): ValueError
API Exception
Traceback (most recent call last):
  File "/home/bond-servant-in-training/Documents/Virtualenvs/AutoGrader_env/lib/python3.12/site-packages/rest_framework/views.py", line 512, in dispatch
    response = handler(request, *args, **kwargs)
               ^^^^^^^^^^^^^^^^^^^^^^^^^^^^^^^^^
  File "/home/bond-servant-in-training/Documents/Projects/Grade-Automator-Plus-epic-a-merge-down-b14/users/views.py", line 1009, in verify
    raise ParseError("Email and Token are required.")
rest_framework.exceptions.ParseError: Email and Token are required.
ok
test_missing_token_only_is_a_400_not_a_500 (users.tests_auth_input_validation.VerifyEndpointInputTests.test_missing_token_only_is_a_400_not_a_500) ... Free trial plan not found: no trial activated for user 116655bf-f07d-4d67-abb8-a23a70b4142e.
Cannot activate automatic trial for user 116655bf-f07d-4d67-abb8-a23a70b4142e (validation): ValueError
API Exception
Traceback (most recent call last):
  File "/home/bond-servant-in-training/Documents/Virtualenvs/AutoGrader_env/lib/python3.12/site-packages/rest_framework/views.py", line 512, in dispatch
    response = handler(request, *args, **kwargs)
               ^^^^^^^^^^^^^^^^^^^^^^^^^^^^^^^^^
  File "/home/bond-servant-in-training/Documents/Projects/Grade-Automator-Plus-epic-a-merge-down-b14/users/views.py", line 1009, in verify
    raise ParseError("Email and Token are required.")
rest_framework.exceptions.ParseError: Email and Token are required.
ok
test_null_values_are_a_400_not_a_500 (users.tests_auth_input_validation.VerifyEndpointInputTests.test_null_values_are_a_400_not_a_500) ... Free trial plan not found: no trial activated for user 3c2c368f-1acf-4468-982b-bedfb459c40e.
Cannot activate automatic trial for user 3c2c368f-1acf-4468-982b-bedfb459c40e (validation): ValueError
API Exception
Traceback (most recent call last):
  File "/home/bond-servant-in-training/Documents/Virtualenvs/AutoGrader_env/lib/python3.12/site-packages/rest_framework/views.py", line 512, in dispatch
    response = handler(request, *args, **kwargs)
               ^^^^^^^^^^^^^^^^^^^^^^^^^^^^^^^^^
  File "/home/bond-servant-in-training/Documents/Projects/Grade-Automator-Plus-epic-a-merge-down-b14/users/views.py", line 1009, in verify
    raise ParseError("Email and Token are required.")
rest_framework.exceptions.ParseError: Email and Token are required.
ok
test_oversized_field_does_not_crash_the_endpoint (users.tests_auth_input_validation.VerifyEndpointInputTests.test_oversized_field_does_not_crash_the_endpoint) ... Free trial plan not found: no trial activated for user 0dd9f68a-7c47-413a-9c52-6f33804bf322.
Cannot activate automatic trial for user 0dd9f68a-7c47-413a-9c52-6f33804bf322 (validation): ValueError
API Exception
Traceback (most recent call last):
  File "/home/bond-servant-in-training/Documents/Virtualenvs/AutoGrader_env/lib/python3.12/site-packages/rest_framework/views.py", line 512, in dispatch
    response = handler(request, *args, **kwargs)
               ^^^^^^^^^^^^^^^^^^^^^^^^^^^^^^^^^
  File "/home/bond-servant-in-training/Documents/Projects/Grade-Automator-Plus-epic-a-merge-down-b14/users/views.py", line 1068, in verify
    refuse("Invalid email or token.", account_for_email(email), "INVALID_CODE")
  File "/home/bond-servant-in-training/Documents/Projects/Grade-Automator-Plus-epic-a-merge-down-b14/users/views.py", line 1064, in refuse
    raise ParseError(message)
rest_framework.exceptions.ParseError: Invalid email or token.
ok
test_whitespace_only_values_are_rejected (users.tests_auth_input_validation.VerifyEndpointInputTests.test_whitespace_only_values_are_rejected)
Stripped to empty, so this must take the "required" path. ... Free trial plan not found: no trial activated for user 7013d3e9-fa83-41dc-b55b-f81570e52e99.
Cannot activate automatic trial for user 7013d3e9-fa83-41dc-b55b-f81570e52e99 (validation): ValueError
API Exception
Traceback (most recent call last):
  File "/home/bond-servant-in-training/Documents/Virtualenvs/AutoGrader_env/lib/python3.12/site-packages/rest_framework/views.py", line 512, in dispatch
    response = handler(request, *args, **kwargs)
               ^^^^^^^^^^^^^^^^^^^^^^^^^^^^^^^^^
  File "/home/bond-servant-in-training/Documents/Projects/Grade-Automator-Plus-epic-a-merge-down-b14/users/views.py", line 1009, in verify
    raise ParseError("Email and Token are required.")
rest_framework.exceptions.ParseError: Email and Token are required.
ok
test_wrong_token_does_not_activate_the_account (users.tests_auth_input_validation.VerifyEndpointInputTests.test_wrong_token_does_not_activate_the_account) ... Free trial plan not found: no trial activated for user 62ab945c-11d6-49d7-98fc-f14f678c16b5.
Cannot activate automatic trial for user 62ab945c-11d6-49d7-98fc-f14f678c16b5 (validation): ValueError
API Exception
Traceback (most recent call last):
  File "/home/bond-servant-in-training/Documents/Virtualenvs/AutoGrader_env/lib/python3.12/site-packages/rest_framework/views.py", line 512, in dispatch
    response = handler(request, *args, **kwargs)
               ^^^^^^^^^^^^^^^^^^^^^^^^^^^^^^^^^
  File "/home/bond-servant-in-training/Documents/Projects/Grade-Automator-Plus-epic-a-merge-down-b14/users/views.py", line 1068, in verify
    refuse("Invalid email or token.", account_for_email(email), "INVALID_CODE")
  File "/home/bond-servant-in-training/Documents/Projects/Grade-Automator-Plus-epic-a-merge-down-b14/users/views.py", line 1064, in refuse
    raise ParseError(message)
rest_framework.exceptions.ParseError: Invalid email or token.
ok
test_both_selects_run_and_find_the_expected_rows (users.tests_h47_exposure_sql.ExposureQueryTests.test_both_selects_run_and_find_the_expected_rows) ... Free trial plan not found: no trial activated for user 8401694e-410f-449e-9f7f-7e8cb62246ef.
Cannot activate automatic trial for user 8401694e-410f-449e-9f7f-7e8cb62246ef (validation): ValueError
Free trial plan not found: no trial activated for user 7101691c-a548-40ae-8996-560d5d71ccf7.
Cannot activate automatic trial for user 7101691c-a548-40ae-8996-560d5d71ccf7 (validation): ValueError
ok
test_no_query_selects_personal_data_or_secrets (users.tests_h47_exposure_sql.ExposureQueryTests.test_no_query_selects_personal_data_or_secrets) ... ok
test_a_pending_teachers_code_completes_nothing (users.tests_old_activation_door_is_closed.ATeachersCodeOpensNothingHereTest.test_a_pending_teachers_code_completes_nothing) ... Free trial plan not found: no trial activated for user b82c5fd0-3988-4569-86ca-84fca0392734.
Cannot activate automatic trial for user b82c5fd0-3988-4569-86ca-84fca0392734 (validation): ValueError
Free trial plan not found: no trial activated for user 65a42caf-03a6-4b04-9206-86fa1b980d93.
Cannot activate automatic trial for user 65a42caf-03a6-4b04-9206-86fa1b980d93 (validation): ValueError
API Exception
Traceback (most recent call last):
  File "/home/bond-servant-in-training/Documents/Virtualenvs/AutoGrader_env/lib/python3.12/site-packages/rest_framework/views.py", line 512, in dispatch
    response = handler(request, *args, **kwargs)
               ^^^^^^^^^^^^^^^^^^^^^^^^^^^^^^^^^
  File "/home/bond-servant-in-training/Documents/Virtualenvs/AutoGrader_env/lib/python3.12/site-packages/rest_framework_simplejwt/views.py", line 46, in post
    serializer.is_valid(raise_exception=True)
  File "/home/bond-servant-in-training/Documents/Virtualenvs/AutoGrader_env/lib/python3.12/site-packages/rest_framework/serializers.py", line 225, in is_valid
    self._validated_data = self.run_validation(self.initial_data)
                           ^^^^^^^^^^^^^^^^^^^^^^^^^^^^^^^^^^^^^^
  File "/home/bond-servant-in-training/Documents/Virtualenvs/AutoGrader_env/lib/python3.12/site-packages/rest_framework/serializers.py", line 447, in run_validation
    value = self.validate(value)
            ^^^^^^^^^^^^^^^^^^^^
  File "/home/bond-servant-in-training/Documents/Projects/Grade-Automator-Plus-epic-a-merge-down-b14/users/serializers.py", line 510, in validate
    data = super().validate(attrs)
           ^^^^^^^^^^^^^^^^^^^^^^^
  File "/home/bond-servant-in-training/Documents/Virtualenvs/AutoGrader_env/lib/python3.12/site-packages/rest_framework_simplejwt/serializers.py", line 73, in validate
    data = super().validate(attrs)
           ^^^^^^^^^^^^^^^^^^^^^^^
  File "/home/bond-servant-in-training/Documents/Virtualenvs/AutoGrader_env/lib/python3.12/site-packages/rest_framework_simplejwt/serializers.py", line 57, in validate
    raise exceptions.AuthenticationFailed(
rest_framework.exceptions.AuthenticationFailed: No active account found with the given credentials
ok
test_the_dry_run_counts_the_accounts_with_no_name (users.tests_old_activation_door_is_closed.TheConversionCommandCountsTheNamelessTest.test_the_dry_run_counts_the_accounts_with_no_name) ... Free trial plan not found: no trial activated for user 8a3c76b3-bd7b-4a1f-833e-4de26ed2b342.
Cannot activate automatic trial for user 8a3c76b3-bd7b-4a1f-833e-4de26ed2b342 (validation): ValueError
ok
test_the_output_still_carries_ids_only (users.tests_old_activation_door_is_closed.TheConversionCommandCountsTheNamelessTest.test_the_output_still_carries_ids_only) ... Free trial plan not found: no trial activated for user 99c9b6fc-3d4c-409a-aaab-338c8dac7ead.
Cannot activate automatic trial for user 99c9b6fc-3d4c-409a-aaab-338c8dac7ead (validation): ValueError
ok
test_the_real_run_reports_the_same_count (users.tests_old_activation_door_is_closed.TheConversionCommandCountsTheNamelessTest.test_the_real_run_reports_the_same_count) ... Free trial plan not found: no trial activated for user ad2def82-cb7a-4670-b46a-3acf5f378ab6.
Cannot activate automatic trial for user ad2def82-cb7a-4670-b46a-3acf5f378ab6 (validation): ValueError
ok
test_a_valid_code_no_longer_opens_it (users.tests_old_activation_door_is_closed.TheDoorTest.test_a_valid_code_no_longer_opens_it) ... Free trial plan not found: no trial activated for user 6db9f52c-bf2c-4071-aeed-29a2d8443ac7.
Cannot activate automatic trial for user 6db9f52c-bf2c-4071-aeed-29a2d8443ac7 (validation): ValueError
ok
test_an_expired_code_is_not_offered_a_renewal (users.tests_old_activation_door_is_closed.TheDoorTest.test_an_expired_code_is_not_offered_a_renewal) ... Free trial plan not found: no trial activated for user 8208bd26-c863-42f0-b71f-b2875778ef77.
Cannot activate automatic trial for user 8208bd26-c863-42f0-b71f-b2875778ef77 (validation): ValueError
ok
test_every_knock_gets_the_same_answer_byte_for_byte (users.tests_old_activation_door_is_closed.TheDoorTest.test_every_knock_gets_the_same_answer_byte_for_byte) ... Free trial plan not found: no trial activated for user 0e38dc13-00bb-490e-bae3-b1443b51f97d.
Cannot activate automatic trial for user 0e38dc13-00bb-490e-bae3-b1443b51f97d (validation): ValueError
ok
test_the_answer_names_no_course_and_no_classmate (users.tests_old_activation_door_is_closed.TheDoorTest.test_the_answer_names_no_course_and_no_classmate) ... Free trial plan not found: no trial activated for user ba149feb-1b77-4393-ba1f-4153bce7a618.
Cannot activate automatic trial for user ba149feb-1b77-4393-ba1f-4153bce7a618 (validation): ValueError
ok
test_wrong_codes_spend_no_budget_and_never_pause_the_door (users.tests_old_activation_door_is_closed.TheDoorTest.test_wrong_codes_spend_no_budget_and_never_pause_the_door) ... Free trial plan not found: no trial activated for user 08c2835f-3ce8-4393-b0cc-41fd5d3ec156.
Cannot activate automatic trial for user 08c2835f-3ce8-4393-b0cc-41fd5d3ec156 (validation): ValueError
ok
test_an_expired_code_is_not_renewed_and_nobody_is_mailed (users.tests_old_activation_door_is_closed.TheRenewalTest.test_an_expired_code_is_not_renewed_and_nobody_is_mailed) ... Free trial plan not found: no trial activated for user ec0b55f3-f56b-4346-8d49-ae0e25ce0773.
Cannot activate automatic trial for user ec0b55f3-f56b-4346-8d49-ae0e25ce0773 (validation): ValueError
ok
test_every_request_gets_the_same_answer_byte_for_byte (users.tests_old_activation_door_is_closed.TheRenewalTest.test_every_request_gets_the_same_answer_byte_for_byte) ... Free trial plan not found: no trial activated for user 0537687c-b7a3-4420-bc8e-651cdf69fffe.
Cannot activate automatic trial for user 0537687c-b7a3-4420-bc8e-651cdf69fffe (validation): ValueError
ok
test_a_business_google_account_is_refused_with_guidance (users.tests_google_auth.GoogleAuthViewTests.test_a_business_google_account_is_refused_with_guidance)
Google sign-in mints an individual TEACHER account, and those ... API Exception
Traceback (most recent call last):
  File "/home/bond-servant-in-training/Documents/Virtualenvs/AutoGrader_env/lib/python3.12/site-packages/rest_framework/views.py", line 512, in dispatch
    response = handler(request, *args, **kwargs)
               ^^^^^^^^^^^^^^^^^^^^^^^^^^^^^^^^^
  File "/home/bond-servant-in-training/Documents/Projects/Grade-Automator-Plus-epic-a-merge-down-b14/users/views.py", line 2097, in google_auth
    return self._google_auth(request)
           ^^^^^^^^^^^^^^^^^^^^^^^^^^
  File "/home/bond-servant-in-training/Documents/Projects/Grade-Automator-Plus-epic-a-merge-down-b14/users/views.py", line 2232, in _google_auth
    raise ParseError(
rest_framework.exceptions.ParseError: Business emails are not allowed for individual teacher accounts. Please use a personal email address or use the License subscription track. If you are joining a school, ask your school admin to invite you and use the link in that invitation instead.
ok
test_a_deactivated_account_cannot_be_revived_by_repeated_attempts (users.tests_google_auth.GoogleAuthViewTests.test_a_deactivated_account_cannot_be_revived_by_repeated_attempts)
Hammering the endpoint must not eventually flip the account on. ... Free trial plan not found: no trial activated for user fe8b5de9-d5ac-47ec-ac1b-31184f924fb3.
Cannot activate automatic trial for user fe8b5de9-d5ac-47ec-ac1b-31184f924fb3 (validation): ValueError
API Exception
Traceback (most recent call last):
  File "/home/bond-servant-in-training/Documents/Virtualenvs/AutoGrader_env/lib/python3.12/site-packages/rest_framework/views.py", line 512, in dispatch
    response = handler(request, *args, **kwargs)
               ^^^^^^^^^^^^^^^^^^^^^^^^^^^^^^^^^
  File "/home/bond-servant-in-training/Documents/Projects/Grade-Automator-Plus-epic-a-merge-down-b14/users/views.py", line 2097, in google_auth
    return self._google_auth(request)
           ^^^^^^^^^^^^^^^^^^^^^^^^^^
  File "/home/bond-servant-in-training/Documents/Projects/Grade-Automator-Plus-epic-a-merge-down-b14/users/views.py", line 2260, in _google_auth
    raise AuthenticationFailed(
rest_framework.exceptions.AuthenticationFailed: This account has been deactivated. Please contact support.
API Exception
Traceback (most recent call last):
  File "/home/bond-servant-in-training/Documents/Virtualenvs/AutoGrader_env/lib/python3.12/site-packages/rest_framework/views.py", line 512, in dispatch
    response = handler(request, *args, **kwargs)
               ^^^^^^^^^^^^^^^^^^^^^^^^^^^^^^^^^
  File "/home/bond-servant-in-training/Documents/Projects/Grade-Automator-Plus-epic-a-merge-down-b14/users/views.py", line 2097, in google_auth
    return self._google_auth(request)
           ^^^^^^^^^^^^^^^^^^^^^^^^^^
  File "/home/bond-servant-in-training/Documents/Projects/Grade-Automator-Plus-epic-a-merge-down-b14/users/views.py", line 2260, in _google_auth
    raise AuthenticationFailed(
rest_framework.exceptions.AuthenticationFailed: This account has been deactivated. Please contact support.
API Exception
Traceback (most recent call last):
  File "/home/bond-servant-in-training/Documents/Virtualenvs/AutoGrader_env/lib/python3.12/site-packages/rest_framework/views.py", line 512, in dispatch
    response = handler(request, *args, **kwargs)
               ^^^^^^^^^^^^^^^^^^^^^^^^^^^^^^^^^
  File "/home/bond-servant-in-training/Documents/Projects/Grade-Automator-Plus-epic-a-merge-down-b14/users/views.py", line 2097, in google_auth
    return self._google_auth(request)
           ^^^^^^^^^^^^^^^^^^^^^^^^^^
  File "/home/bond-servant-in-training/Documents/Projects/Grade-Automator-Plus-epic-a-merge-down-b14/users/views.py", line 2260, in _google_auth
    raise AuthenticationFailed(
rest_framework.exceptions.AuthenticationFailed: This account has been deactivated. Please contact support.
API Exception
Traceback (most recent call last):
  File "/home/bond-servant-in-training/Documents/Virtualenvs/AutoGrader_env/lib/python3.12/site-packages/rest_framework/views.py", line 512, in dispatch
    response = handler(request, *args, **kwargs)
               ^^^^^^^^^^^^^^^^^^^^^^^^^^^^^^^^^
  File "/home/bond-servant-in-training/Documents/Projects/Grade-Automator-Plus-epic-a-merge-down-b14/users/views.py", line 2097, in google_auth
    return self._google_auth(request)
           ^^^^^^^^^^^^^^^^^^^^^^^^^^
  File "/home/bond-servant-in-training/Documents/Projects/Grade-Automator-Plus-epic-a-merge-down-b14/users/views.py", line 2260, in _google_auth
    raise AuthenticationFailed(
rest_framework.exceptions.AuthenticationFailed: This account has been deactivated. Please contact support.
API Exception
Traceback (most recent call last):
  File "/home/bond-servant-in-training/Documents/Virtualenvs/AutoGrader_env/lib/python3.12/site-packages/rest_framework/views.py", line 512, in dispatch
    response = handler(request, *args, **kwargs)
               ^^^^^^^^^^^^^^^^^^^^^^^^^^^^^^^^^
  File "/home/bond-servant-in-training/Documents/Projects/Grade-Automator-Plus-epic-a-merge-down-b14/users/views.py", line 2097, in google_auth
    return self._google_auth(request)
           ^^^^^^^^^^^^^^^^^^^^^^^^^^
  File "/home/bond-servant-in-training/Documents/Projects/Grade-Automator-Plus-epic-a-merge-down-b14/users/views.py", line 2260, in _google_auth
    raise AuthenticationFailed(
rest_framework.exceptions.AuthenticationFailed: This account has been deactivated. Please contact support.
ok
test_a_deactivated_account_does_not_get_google_credentials_stored (users.tests_google_auth.GoogleAuthViewTests.test_a_deactivated_account_does_not_get_google_credentials_stored)
The refusal must happen before any state is written. ... Free trial plan not found: no trial activated for user f539f7db-809f-478d-a473-6aaf7f6ddd8f.
Cannot activate automatic trial for user f539f7db-809f-478d-a473-6aaf7f6ddd8f (validation): ValueError
API Exception
Traceback (most recent call last):
  File "/home/bond-servant-in-training/Documents/Virtualenvs/AutoGrader_env/lib/python3.12/site-packages/rest_framework/views.py", line 512, in dispatch
    response = handler(request, *args, **kwargs)
               ^^^^^^^^^^^^^^^^^^^^^^^^^^^^^^^^^
  File "/home/bond-servant-in-training/Documents/Projects/Grade-Automator-Plus-epic-a-merge-down-b14/users/views.py", line 2097, in google_auth
    return self._google_auth(request)
           ^^^^^^^^^^^^^^^^^^^^^^^^^^
  File "/home/bond-servant-in-training/Documents/Projects/Grade-Automator-Plus-epic-a-merge-down-b14/users/views.py", line 2260, in _google_auth
    raise AuthenticationFailed(
rest_framework.exceptions.AuthenticationFailed: This account has been deactivated. Please contact support.
ok
test_a_deactivated_account_is_issued_no_tokens (users.tests_google_auth.GoogleAuthViewTests.test_a_deactivated_account_is_issued_no_tokens) ... Free trial plan not found: no trial activated for user 805aabd0-114c-4425-95a4-02b261b9a73f.
Cannot activate automatic trial for user 805aabd0-114c-4425-95a4-02b261b9a73f (validation): ValueError
API Exception
Traceback (most recent call last):
  File "/home/bond-servant-in-training/Documents/Virtualenvs/AutoGrader_env/lib/python3.12/site-packages/rest_framework/views.py", line 512, in dispatch
    response = handler(request, *args, **kwargs)
               ^^^^^^^^^^^^^^^^^^^^^^^^^^^^^^^^^
  File "/home/bond-servant-in-training/Documents/Projects/Grade-Automator-Plus-epic-a-merge-down-b14/users/views.py", line 2097, in google_auth
    return self._google_auth(request)
           ^^^^^^^^^^^^^^^^^^^^^^^^^^
  File "/home/bond-servant-in-training/Documents/Projects/Grade-Automator-Plus-epic-a-merge-down-b14/users/views.py", line 2260, in _google_auth
    raise AuthenticationFailed(
rest_framework.exceptions.AuthenticationFailed: This account has been deactivated. Please contact support.
ok
test_a_deactivated_account_is_refused_and_stays_deactivated (users.tests_google_auth.GoogleAuthViewTests.test_a_deactivated_account_is_refused_and_stays_deactivated)
THE CARVE-OUT. This account was verified once and later switched ... Free trial plan not found: no trial activated for user f8519ddd-4b54-4abe-815f-5b51ac055988.
Cannot activate automatic trial for user f8519ddd-4b54-4abe-815f-5b51ac055988 (validation): ValueError
API Exception
Traceback (most recent call last):
  File "/home/bond-servant-in-training/Documents/Virtualenvs/AutoGrader_env/lib/python3.12/site-packages/rest_framework/views.py", line 512, in dispatch
    response = handler(request, *args, **kwargs)
               ^^^^^^^^^^^^^^^^^^^^^^^^^^^^^^^^^
  File "/home/bond-servant-in-training/Documents/Projects/Grade-Automator-Plus-epic-a-merge-down-b14/users/views.py", line 2097, in google_auth
    return self._google_auth(request)
           ^^^^^^^^^^^^^^^^^^^^^^^^^^
  File "/home/bond-servant-in-training/Documents/Projects/Grade-Automator-Plus-epic-a-merge-down-b14/users/views.py", line 2260, in _google_auth
    raise AuthenticationFailed(
rest_framework.exceptions.AuthenticationFailed: This account has been deactivated. Please contact support.
ok
test_a_deactivated_account_is_told_why (users.tests_google_auth.GoogleAuthViewTests.test_a_deactivated_account_is_told_why) ... Free trial plan not found: no trial activated for user cf2a2d45-0b89-45db-bd45-62157b0fce56.
Cannot activate automatic trial for user cf2a2d45-0b89-45db-bd45-62157b0fce56 (validation): ValueError
API Exception
Traceback (most recent call last):
  File "/home/bond-servant-in-training/Documents/Virtualenvs/AutoGrader_env/lib/python3.12/site-packages/rest_framework/views.py", line 512, in dispatch
    response = handler(request, *args, **kwargs)
               ^^^^^^^^^^^^^^^^^^^^^^^^^^^^^^^^^
  File "/home/bond-servant-in-training/Documents/Projects/Grade-Automator-Plus-epic-a-merge-down-b14/users/views.py", line 2097, in google_auth
    return self._google_auth(request)
           ^^^^^^^^^^^^^^^^^^^^^^^^^^
  File "/home/bond-servant-in-training/Documents/Projects/Grade-Automator-Plus-epic-a-merge-down-b14/users/views.py", line 2260, in _google_auth
    raise AuthenticationFailed(
rest_framework.exceptions.AuthenticationFailed: This account has been deactivated. Please contact support.
ok
test_a_disposable_google_account_is_refused (users.tests_google_auth.GoogleAuthViewTests.test_a_disposable_google_account_is_refused) ... API Exception
Traceback (most recent call last):
  File "/home/bond-servant-in-training/Documents/Virtualenvs/AutoGrader_env/lib/python3.12/site-packages/rest_framework/views.py", line 512, in dispatch
    response = handler(request, *args, **kwargs)
               ^^^^^^^^^^^^^^^^^^^^^^^^^^^^^^^^^
  File "/home/bond-servant-in-training/Documents/Projects/Grade-Automator-Plus-epic-a-merge-down-b14/users/views.py", line 2097, in google_auth
    return self._google_auth(request)
           ^^^^^^^^^^^^^^^^^^^^^^^^^^
  File "/home/bond-servant-in-training/Documents/Projects/Grade-Automator-Plus-epic-a-merge-down-b14/users/views.py", line 2232, in _google_auth
    raise ParseError(
rest_framework.exceptions.ParseError: Business emails are not allowed for individual teacher accounts. Please use a personal email address or use the License subscription track. If you are joining a school, ask your school admin to invite you and use the link in that invitation instead.
ok
test_a_forged_token_is_rejected (users.tests_google_auth.GoogleAuthViewTests.test_a_forged_token_is_rejected)
`verify_oauth2_token` raises ValueError on a bad signature. ... API Exception
Traceback (most recent call last):
  File "/home/bond-servant-in-training/Documents/Projects/Grade-Automator-Plus-epic-a-merge-down-b14/users/views.py", line 2157, in _google_auth
    id_info = id_token.verify_oauth2_token(
              ^^^^^^^^^^^^^^^^^^^^^^^^^^^^^
  File "/home/bond-servant-in-training/.pyenv/versions/3.12.10/lib/python3.12/unittest/mock.py", line 1139, in __call__
    return self._mock_call(*args, **kwargs)
           ^^^^^^^^^^^^^^^^^^^^^^^^^^^^^^^^
  File "/home/bond-servant-in-training/.pyenv/versions/3.12.10/lib/python3.12/unittest/mock.py", line 1143, in _mock_call
    return self._execute_mock_call(*args, **kwargs)
           ^^^^^^^^^^^^^^^^^^^^^^^^^^^^^^^^^^^^^^^^
  File "/home/bond-servant-in-training/.pyenv/versions/3.12.10/lib/python3.12/unittest/mock.py", line 1198, in _execute_mock_call
    raise effect
ValueError: Token signature verification failed

The above exception was the direct cause of the following exception:

Traceback (most recent call last):
  File "/home/bond-servant-in-training/Documents/Virtualenvs/AutoGrader_env/lib/python3.12/site-packages/rest_framework/views.py", line 512, in dispatch
    response = handler(request, *args, **kwargs)
               ^^^^^^^^^^^^^^^^^^^^^^^^^^^^^^^^^
  File "/home/bond-servant-in-training/Documents/Projects/Grade-Automator-Plus-epic-a-merge-down-b14/users/views.py", line 2097, in google_auth
    return self._google_auth(request)
           ^^^^^^^^^^^^^^^^^^^^^^^^^^
  File "/home/bond-servant-in-training/Documents/Projects/Grade-Automator-Plus-epic-a-merge-down-b14/users/views.py", line 2366, in _google_auth
    raise ParseError("Invalid Google token signature") from e
rest_framework.exceptions.ParseError: Invalid Google token signature
ok
test_a_google_account_cannot_be_logged_into_with_a_password (users.tests_google_auth.GoogleAuthViewTests.test_a_google_account_cannot_be_logged_into_with_a_password)
set_unusable_password: a Google identity must not also become a ... Free trial plan not found: no trial activated for user 6d0e00f9-1da0-4691-a423-c2afa5b0c74b.
Cannot activate automatic trial for user 6d0e00f9-1da0-4691-a423-c2afa5b0c74b (validation): ValueError
ok
test_a_google_signup_is_not_sent_an_activation_email (users.tests_google_auth.GoogleAuthViewTests.test_a_google_signup_is_not_sent_an_activation_email)
The user-visible half of the same bug. CustomUserSerializer.create() ... Free trial plan not found: no trial activated for user 844f4783-d818-4e81-bbd4-2717cbdd0b0e.
Cannot activate automatic trial for user 844f4783-d818-4e81-bbd4-2717cbdd0b0e (validation): ValueError
ok
test_a_google_signup_is_recorded_as_google_and_pre_verified (users.tests_google_auth.GoogleAuthViewTests.test_a_google_signup_is_recorded_as_google_and_pre_verified)
Regression for a live bug this suite found: the view passed ... Free trial plan not found: no trial activated for user 2e447e80-d04e-4915-bfc8-7fa59576812e.
Cannot activate automatic trial for user 2e447e80-d04e-4915-bfc8-7fa59576812e (validation): ValueError
ok
test_a_later_google_sign_in_does_not_wipe_a_password_set_by_reset (users.tests_google_auth.GoogleAuthViewTests.test_a_later_google_sign_in_does_not_wipe_a_password_set_by_reset)
Idempotency: the invalidation belongs to the moment the row goes ... Free trial plan not found: no trial activated for user 9ab375b4-e6b8-4a64-be8e-208166d446e7.
Cannot activate automatic trial for user 9ab375b4-e6b8-4a64-be8e-208166d446e7 (validation): ValueError
ok
test_a_mixed_case_google_address_matches_the_existing_lowercase_user (users.tests_google_auth.GoogleAuthViewTests.test_a_mixed_case_google_address_matches_the_existing_lowercase_user)
Regression: without lowercasing, a mixed-case address missed the ... Free trial plan not found: no trial activated for user 8fc556dd-fbc2-4ac3-afef-f6d0f79225f7.
Cannot activate automatic trial for user 8fc556dd-fbc2-4ac3-afef-f6d0f79225f7 (validation): ValueError
ok
test_a_network_failure_reaching_google_is_a_400_not_a_500 (users.tests_google_auth.GoogleAuthViewTests.test_a_network_failure_reaching_google_is_a_400_not_a_500) ... Google OAuth token exchange failed
Traceback (most recent call last):
  File "/home/bond-servant-in-training/Documents/Projects/Grade-Automator-Plus-epic-a-merge-down-b14/users/views.py", line 2135, in _google_auth
    response = http_requests.post(token_url, data=payload)
               ^^^^^^^^^^^^^^^^^^^^^^^^^^^^^^^^^^^^^^^^^^^
  File "/home/bond-servant-in-training/.pyenv/versions/3.12.10/lib/python3.12/unittest/mock.py", line 1139, in __call__
    return self._mock_call(*args, **kwargs)
           ^^^^^^^^^^^^^^^^^^^^^^^^^^^^^^^^
  File "/home/bond-servant-in-training/.pyenv/versions/3.12.10/lib/python3.12/unittest/mock.py", line 1143, in _mock_call
    return self._execute_mock_call(*args, **kwargs)
           ^^^^^^^^^^^^^^^^^^^^^^^^^^^^^^^^^^^^^^^^
  File "/home/bond-servant-in-training/.pyenv/versions/3.12.10/lib/python3.12/unittest/mock.py", line 1198, in _execute_mock_call
    raise effect
requests.exceptions.ConnectionError: dns failure
API Exception
Traceback (most recent call last):
  File "/home/bond-servant-in-training/Documents/Projects/Grade-Automator-Plus-epic-a-merge-down-b14/users/views.py", line 2135, in _google_auth
    response = http_requests.post(token_url, data=payload)
               ^^^^^^^^^^^^^^^^^^^^^^^^^^^^^^^^^^^^^^^^^^^
  File "/home/bond-servant-in-training/.pyenv/versions/3.12.10/lib/python3.12/unittest/mock.py", line 1139, in __call__
    return self._mock_call(*args, **kwargs)
           ^^^^^^^^^^^^^^^^^^^^^^^^^^^^^^^^
  File "/home/bond-servant-in-training/.pyenv/versions/3.12.10/lib/python3.12/unittest/mock.py", line 1143, in _mock_call
    return self._execute_mock_call(*args, **kwargs)
           ^^^^^^^^^^^^^^^^^^^^^^^^^^^^^^^^^^^^^^^^
  File "/home/bond-servant-in-training/.pyenv/versions/3.12.10/lib/python3.12/unittest/mock.py", line 1198, in _execute_mock_call
    raise effect
requests.exceptions.ConnectionError: dns failure

The above exception was the direct cause of the following exception:

Traceback (most recent call last):
  File "/home/bond-servant-in-training/Documents/Virtualenvs/AutoGrader_env/lib/python3.12/site-packages/rest_framework/views.py", line 512, in dispatch
    response = handler(request, *args, **kwargs)
               ^^^^^^^^^^^^^^^^^^^^^^^^^^^^^^^^^
  File "/home/bond-servant-in-training/Documents/Projects/Grade-Automator-Plus-epic-a-merge-down-b14/users/views.py", line 2097, in google_auth
    return self._google_auth(request)
           ^^^^^^^^^^^^^^^^^^^^^^^^^^
  File "/home/bond-servant-in-training/Documents/Projects/Grade-Automator-Plus-epic-a-merge-down-b14/users/views.py", line 2141, in _google_auth
    raise ParseError(
rest_framework.exceptions.ParseError: Google sign-in failed. Please try again.
ok
test_a_never_verified_account_is_completed_by_google (users.tests_google_auth.GoogleAuthViewTests.test_a_never_verified_account_is_completed_by_google)
Registered by email, never clicked the link, then signed in with ... Free trial plan not found: no trial activated for user 4e6f58c5-ea1f-407e-b505-ad019b467531.
Cannot activate automatic trial for user 4e6f58c5-ea1f-407e-b505-ad019b467531 (validation): ValueError
ok
test_a_new_personal_account_is_created_and_logged_in (users.tests_google_auth.GoogleAuthViewTests.test_a_new_personal_account_is_created_and_logged_in) ... Free trial plan not found: no trial activated for user a069b9c8-0938-4bdd-aec2-26aa7fb731ff.
Cannot activate automatic trial for user a069b9c8-0938-4bdd-aec2-26aa7fb731ff (validation): ValueError
ok
test_a_non_2xx_from_google_is_a_400_not_a_500 (users.tests_google_auth.GoogleAuthViewTests.test_a_non_2xx_from_google_is_a_400_not_a_500)
This is the shape the live contract test below confirms is real. ... Google OAuth token exchange failed
Traceback (most recent call last):
  File "/home/bond-servant-in-training/Documents/Projects/Grade-Automator-Plus-epic-a-merge-down-b14/users/views.py", line 2136, in _google_auth
    response.raise_for_status()
  File "/home/bond-servant-in-training/.pyenv/versions/3.12.10/lib/python3.12/unittest/mock.py", line 1139, in __call__
    return self._mock_call(*args, **kwargs)
           ^^^^^^^^^^^^^^^^^^^^^^^^^^^^^^^^
  File "/home/bond-servant-in-training/.pyenv/versions/3.12.10/lib/python3.12/unittest/mock.py", line 1143, in _mock_call
    return self._execute_mock_call(*args, **kwargs)
           ^^^^^^^^^^^^^^^^^^^^^^^^^^^^^^^^^^^^^^^^
  File "/home/bond-servant-in-training/.pyenv/versions/3.12.10/lib/python3.12/unittest/mock.py", line 1198, in _execute_mock_call
    raise effect
requests.exceptions.HTTPError: 400 invalid_grant
API Exception
Traceback (most recent call last):
  File "/home/bond-servant-in-training/Documents/Projects/Grade-Automator-Plus-epic-a-merge-down-b14/users/views.py", line 2136, in _google_auth
    response.raise_for_status()
  File "/home/bond-servant-in-training/.pyenv/versions/3.12.10/lib/python3.12/unittest/mock.py", line 1139, in __call__
    return self._mock_call(*args, **kwargs)
           ^^^^^^^^^^^^^^^^^^^^^^^^^^^^^^^^
  File "/home/bond-servant-in-training/.pyenv/versions/3.12.10/lib/python3.12/unittest/mock.py", line 1143, in _mock_call
    return self._execute_mock_call(*args, **kwargs)
           ^^^^^^^^^^^^^^^^^^^^^^^^^^^^^^^^^^^^^^^^
  File "/home/bond-servant-in-training/.pyenv/versions/3.12.10/lib/python3.12/unittest/mock.py", line 1198, in _execute_mock_call
    raise effect
requests.exceptions.HTTPError: 400 invalid_grant

The above exception was the direct cause of the following exception:

Traceback (most recent call last):
  File "/home/bond-servant-in-training/Documents/Virtualenvs/AutoGrader_env/lib/python3.12/site-packages/rest_framework/views.py", line 512, in dispatch
    response = handler(request, *args, **kwargs)
               ^^^^^^^^^^^^^^^^^^^^^^^^^^^^^^^^^
  File "/home/bond-servant-in-training/Documents/Projects/Grade-Automator-Plus-epic-a-merge-down-b14/users/views.py", line 2097, in google_auth
    return self._google_auth(request)
           ^^^^^^^^^^^^^^^^^^^^^^^^^^
  File "/home/bond-servant-in-training/Documents/Projects/Grade-Automator-Plus-epic-a-merge-down-b14/users/views.py", line 2141, in _google_auth
    raise ParseError(
rest_framework.exceptions.ParseError: Google sign-in failed. Please try again.
ok
test_a_pre_registered_password_stops_working_once_google_completes_the_account (users.tests_google_auth.GoogleAuthViewTests.test_a_pre_registered_password_stops_working_once_google_completes_the_account)
AUTHZ-OAUTH: an attacker who self-registers the victim's email with ... Free trial plan not found: no trial activated for user ad6cfd09-26f8-4da1-b9fc-8049e8a61db0.
Cannot activate automatic trial for user ad6cfd09-26f8-4da1-b9fc-8049e8a61db0 (validation): ValueError
ok
test_a_response_without_an_id_token_is_rejected (users.tests_google_auth.GoogleAuthViewTests.test_a_response_without_an_id_token_is_rejected) ... API Exception
Traceback (most recent call last):
  File "/home/bond-servant-in-training/Documents/Virtualenvs/AutoGrader_env/lib/python3.12/site-packages/rest_framework/views.py", line 512, in dispatch
    response = handler(request, *args, **kwargs)
               ^^^^^^^^^^^^^^^^^^^^^^^^^^^^^^^^^
  File "/home/bond-servant-in-training/Documents/Projects/Grade-Automator-Plus-epic-a-merge-down-b14/users/views.py", line 2097, in google_auth
    return self._google_auth(request)
           ^^^^^^^^^^^^^^^^^^^^^^^^^^
  File "/home/bond-servant-in-training/Documents/Projects/Grade-Automator-Plus-epic-a-merge-down-b14/users/views.py", line 2155, in _google_auth
    raise ParseError("Google did not return an ID token")
rest_framework.exceptions.ParseError: Google did not return an ID token
ok
test_a_second_sign_in_updates_credentials_rather_than_duplicating (users.tests_google_auth.GoogleAuthViewTests.test_a_second_sign_in_updates_credentials_rather_than_duplicating) ... Free trial plan not found: no trial activated for user f4d4ea7d-2fe0-4339-891b-409f5c4623c5.
Cannot activate automatic trial for user f4d4ea7d-2fe0-4339-891b-409f5c4623c5 (validation): ValueError
ok
test_a_sign_in_without_a_refresh_token_keeps_the_stored_one (users.tests_google_auth.GoogleAuthViewTests.test_a_sign_in_without_a_refresh_token_keeps_the_stored_one)
Google only returns a refresh_token on the FIRST consent. Writing ... Free trial plan not found: no trial activated for user abe24fdc-3b2f-4e98-a445-0a3aee5f1a23.
Cannot activate automatic trial for user abe24fdc-3b2f-4e98-a445-0a3aee5f1a23 (validation): ValueError
ok
test_a_timeout_reaching_google_is_a_400_not_a_500 (users.tests_google_auth.GoogleAuthViewTests.test_a_timeout_reaching_google_is_a_400_not_a_500) ... Google OAuth token exchange failed
Traceback (most recent call last):
  File "/home/bond-servant-in-training/Documents/Projects/Grade-Automator-Plus-epic-a-merge-down-b14/users/views.py", line 2135, in _google_auth
    response = http_requests.post(token_url, data=payload)
               ^^^^^^^^^^^^^^^^^^^^^^^^^^^^^^^^^^^^^^^^^^^
  File "/home/bond-servant-in-training/.pyenv/versions/3.12.10/lib/python3.12/unittest/mock.py", line 1139, in __call__
    return self._mock_call(*args, **kwargs)
           ^^^^^^^^^^^^^^^^^^^^^^^^^^^^^^^^
  File "/home/bond-servant-in-training/.pyenv/versions/3.12.10/lib/python3.12/unittest/mock.py", line 1143, in _mock_call
    return self._execute_mock_call(*args, **kwargs)
           ^^^^^^^^^^^^^^^^^^^^^^^^^^^^^^^^^^^^^^^^
  File "/home/bond-servant-in-training/.pyenv/versions/3.12.10/lib/python3.12/unittest/mock.py", line 1198, in _execute_mock_call
    raise effect
requests.exceptions.Timeout: slow
API Exception
Traceback (most recent call last):
  File "/home/bond-servant-in-training/Documents/Projects/Grade-Automator-Plus-epic-a-merge-down-b14/users/views.py", line 2135, in _google_auth
    response = http_requests.post(token_url, data=payload)
               ^^^^^^^^^^^^^^^^^^^^^^^^^^^^^^^^^^^^^^^^^^^
  File "/home/bond-servant-in-training/.pyenv/versions/3.12.10/lib/python3.12/unittest/mock.py", line 1139, in __call__
    return self._mock_call(*args, **kwargs)
           ^^^^^^^^^^^^^^^^^^^^^^^^^^^^^^^^
  File "/home/bond-servant-in-training/.pyenv/versions/3.12.10/lib/python3.12/unittest/mock.py", line 1143, in _mock_call
    return self._execute_mock_call(*args, **kwargs)
           ^^^^^^^^^^^^^^^^^^^^^^^^^^^^^^^^^^^^^^^^
  File "/home/bond-servant-in-training/.pyenv/versions/3.12.10/lib/python3.12/unittest/mock.py", line 1198, in _execute_mock_call
    raise effect
requests.exceptions.Timeout: slow

The above exception was the direct cause of the following exception:

Traceback (most recent call last):
  File "/home/bond-servant-in-training/Documents/Virtualenvs/AutoGrader_env/lib/python3.12/site-packages/rest_framework/views.py", line 512, in dispatch
    response = handler(request, *args, **kwargs)
               ^^^^^^^^^^^^^^^^^^^^^^^^^^^^^^^^^
  File "/home/bond-servant-in-training/Documents/Projects/Grade-Automator-Plus-epic-a-merge-down-b14/users/views.py", line 2097, in google_auth
    return self._google_auth(request)
           ^^^^^^^^^^^^^^^^^^^^^^^^^^
  File "/home/bond-servant-in-training/Documents/Projects/Grade-Automator-Plus-epic-a-merge-down-b14/users/views.py", line 2141, in _google_auth
    raise ParseError(
rest_framework.exceptions.ParseError: Google sign-in failed. Please try again.
ok
test_an_active_but_unverified_account_gets_marked_verified (users.tests_google_auth.GoogleAuthViewTests.test_an_active_but_unverified_account_gets_marked_verified)
Google has verified the address, so the null verification stamp is ... Free trial plan not found: no trial activated for user 376b05b2-e7ac-4a74-8a4b-adfd5a8793a5.
Cannot activate automatic trial for user 376b05b2-e7ac-4a74-8a4b-adfd5a8793a5 (validation): ValueError
ok
test_an_active_but_unverified_account_keeps_its_password (users.tests_google_auth.GoogleAuthViewTests.test_an_active_but_unverified_account_keeps_its_password)
Companion to test_an_active_but_unverified_account_gets_marked_verified: ... Free trial plan not found: no trial activated for user a8d48c6e-943b-4649-b5f1-5c31d44320d9.
Cannot activate automatic trial for user a8d48c6e-943b-4649-b5f1-5c31d44320d9 (validation): ValueError
ok
test_an_active_verified_account_is_not_rewritten (users.tests_google_auth.GoogleAuthViewTests.test_an_active_verified_account_is_not_rewritten)
The ordinary returning user: sign in, change nothing. ... Free trial plan not found: no trial activated for user e55f2c41-30f9-4a7d-b8d0-ed2103acb35a.
Cannot activate automatic trial for user e55f2c41-30f9-4a7d-b8d0-ed2103acb35a (validation): ValueError
ok
test_an_existing_user_is_logged_in_without_being_duplicated (users.tests_google_auth.GoogleAuthViewTests.test_an_existing_user_is_logged_in_without_being_duplicated) ... Free trial plan not found: no trial activated for user 9bc758db-f44a-432b-9998-b91315fbf912.
Cannot activate automatic trial for user 9bc758db-f44a-432b-9998-b91315fbf912 (validation): ValueError
ok
test_an_unchanged_account_does_not_requeue_the_sync (users.tests_google_auth.GoogleAuthViewTests.test_an_unchanged_account_does_not_requeue_the_sync) ... Free trial plan not found: no trial activated for user a34e49dd-65df-46cb-99d6-80e0a4f81bae.
Cannot activate automatic trial for user a34e49dd-65df-46cb-99d6-80e0a4f81bae (validation): ValueError
ok
test_an_unverified_google_email_cannot_create_an_account (users.tests_google_auth.GoogleAuthViewTests.test_an_unverified_google_email_cannot_create_an_account)
Without this, anyone able to add an unverified address to a Google ... API Exception
Traceback (most recent call last):
  File "/home/bond-servant-in-training/Documents/Virtualenvs/AutoGrader_env/lib/python3.12/site-packages/rest_framework/views.py", line 512, in dispatch
    response = handler(request, *args, **kwargs)
               ^^^^^^^^^^^^^^^^^^^^^^^^^^^^^^^^^
  File "/home/bond-servant-in-training/Documents/Projects/Grade-Automator-Plus-epic-a-merge-down-b14/users/views.py", line 2097, in google_auth
    return self._google_auth(request)
           ^^^^^^^^^^^^^^^^^^^^^^^^^^
  File "/home/bond-servant-in-training/Documents/Projects/Grade-Automator-Plus-epic-a-merge-down-b14/users/views.py", line 2165, in _google_auth
    raise ParseError("Google has not verified your email")
rest_framework.exceptions.ParseError: Google has not verified your email
ok
test_completing_an_account_queues_the_mailing_list_sync (users.tests_google_auth.GoogleAuthViewTests.test_completing_an_account_queues_the_mailing_list_sync)
queue_sync no-ops on an inactive user, so this is the first moment ... Free trial plan not found: no trial activated for user a3d7f6e4-b6d2-49db-a079-2e716f2f79cc.
Cannot activate automatic trial for user a3d7f6e4-b6d2-49db-a079-2e716f2f79cc (validation): ValueError
ok
test_email_verified_at_is_not_client_writable_on_registration (users.tests_google_auth.GoogleAuthViewTests.test_email_verified_at_is_not_client_writable_on_registration)
The fix injects those fields through save(), NOT by adding them to ... Free trial plan not found: no trial activated for user 1342425d-e18f-4cde-a23d-c6be7912449a.
Cannot activate automatic trial for user 1342425d-e18f-4cde-a23d-c6be7912449a (validation): ValueError
ok
test_every_role_loses_a_pre_set_password_when_google_activates_the_row (users.tests_google_auth.GoogleAuthViewTests.test_every_role_loses_a_pre_set_password_when_google_activates_the_row) ... Free trial plan not found: no trial activated for user f0c038a0-9977-4397-8b48-8778349d1e45.
Cannot activate automatic trial for user f0c038a0-9977-4397-8b48-8778349d1e45 (validation): ValueError
ok
test_google_credentials_are_stored_with_an_expiry (users.tests_google_auth.GoogleAuthViewTests.test_google_credentials_are_stored_with_an_expiry) ... Free trial plan not found: no trial activated for user b0e1336e-85f9-4e7f-975a-00b66bb92848.
Cannot activate automatic trial for user b0e1336e-85f9-4e7f-975a-00b66bb92848 (validation): ValueError
ok
test_missing_code_is_rejected (users.tests_google_auth.GoogleAuthViewTests.test_missing_code_is_rejected) ... API Exception
Traceback (most recent call last):
  File "/home/bond-servant-in-training/Documents/Virtualenvs/AutoGrader_env/lib/python3.12/site-packages/rest_framework/views.py", line 512, in dispatch
    response = handler(request, *args, **kwargs)
               ^^^^^^^^^^^^^^^^^^^^^^^^^^^^^^^^^
  File "/home/bond-servant-in-training/Documents/Projects/Grade-Automator-Plus-epic-a-merge-down-b14/users/views.py", line 2097, in google_auth
    return self._google_auth(request)
           ^^^^^^^^^^^^^^^^^^^^^^^^^^
  File "/home/bond-servant-in-training/Documents/Projects/Grade-Automator-Plus-epic-a-merge-down-b14/users/views.py", line 2120, in _google_auth
    raise ParseError("Authorization code is required")
rest_framework.exceptions.ParseError: Authorization code is required
ok
test_repeated_google_sign_ins_on_a_dormant_row_are_stable (users.tests_google_auth.GoogleAuthViewTests.test_repeated_google_sign_ins_on_a_dormant_row_are_stable) ... Free trial plan not found: no trial activated for user 6e162b75-8240-4d4d-8dd3-d0e338b00426.
Cannot activate automatic trial for user 6e162b75-8240-4d4d-8dd3-d0e338b00426 (validation): ValueError
ok
test_the_attackers_password_login_fails_after_the_victim_signs_in_with_google (users.tests_google_auth.GoogleAuthViewTests.test_the_attackers_password_login_fails_after_the_victim_signs_in_with_google)
The end-to-end replay of the takeover: attacker pre-registers the ... Free trial plan not found: no trial activated for user 38ce1582-2024-49d3-b774-4c1f784a10bb.
Cannot activate automatic trial for user 38ce1582-2024-49d3-b774-4c1f784a10bb (validation): ValueError
API Exception
Traceback (most recent call last):
  File "/home/bond-servant-in-training/Documents/Virtualenvs/AutoGrader_env/lib/python3.12/site-packages/rest_framework/views.py", line 512, in dispatch
    response = handler(request, *args, **kwargs)
               ^^^^^^^^^^^^^^^^^^^^^^^^^^^^^^^^^
  File "/home/bond-servant-in-training/Documents/Virtualenvs/AutoGrader_env/lib/python3.12/site-packages/rest_framework_simplejwt/views.py", line 46, in post
    serializer.is_valid(raise_exception=True)
  File "/home/bond-servant-in-training/Documents/Virtualenvs/AutoGrader_env/lib/python3.12/site-packages/rest_framework/serializers.py", line 225, in is_valid
    self._validated_data = self.run_validation(self.initial_data)
                           ^^^^^^^^^^^^^^^^^^^^^^^^^^^^^^^^^^^^^^
  File "/home/bond-servant-in-training/Documents/Virtualenvs/AutoGrader_env/lib/python3.12/site-packages/rest_framework/serializers.py", line 447, in run_validation
    value = self.validate(value)
            ^^^^^^^^^^^^^^^^^^^^
  File "/home/bond-servant-in-training/Documents/Projects/Grade-Automator-Plus-epic-a-merge-down-b14/users/serializers.py", line 510, in validate
    data = super().validate(attrs)
           ^^^^^^^^^^^^^^^^^^^^^^^
  File "/home/bond-servant-in-training/Documents/Virtualenvs/AutoGrader_env/lib/python3.12/site-packages/rest_framework_simplejwt/serializers.py", line 73, in validate
    data = super().validate(attrs)
           ^^^^^^^^^^^^^^^^^^^^^^^
  File "/home/bond-servant-in-training/Documents/Virtualenvs/AutoGrader_env/lib/python3.12/site-packages/rest_framework_simplejwt/serializers.py", line 57, in validate
    raise exceptions.AuthenticationFailed(
rest_framework.exceptions.AuthenticationFailed: No active account found with the given credentials
API Exception
Traceback (most recent call last):
  File "/home/bond-servant-in-training/Documents/Virtualenvs/AutoGrader_env/lib/python3.12/site-packages/rest_framework/views.py", line 512, in dispatch
    response = handler(request, *args, **kwargs)
               ^^^^^^^^^^^^^^^^^^^^^^^^^^^^^^^^^
  File "/home/bond-servant-in-training/Documents/Virtualenvs/AutoGrader_env/lib/python3.12/site-packages/rest_framework_simplejwt/views.py", line 46, in post
    serializer.is_valid(raise_exception=True)
  File "/home/bond-servant-in-training/Documents/Virtualenvs/AutoGrader_env/lib/python3.12/site-packages/rest_framework/serializers.py", line 225, in is_valid
    self._validated_data = self.run_validation(self.initial_data)
                           ^^^^^^^^^^^^^^^^^^^^^^^^^^^^^^^^^^^^^^
  File "/home/bond-servant-in-training/Documents/Virtualenvs/AutoGrader_env/lib/python3.12/site-packages/rest_framework/serializers.py", line 447, in run_validation
    value = self.validate(value)
            ^^^^^^^^^^^^^^^^^^^^
  File "/home/bond-servant-in-training/Documents/Projects/Grade-Automator-Plus-epic-a-merge-down-b14/users/serializers.py", line 510, in validate
    data = super().validate(attrs)
           ^^^^^^^^^^^^^^^^^^^^^^^
  File "/home/bond-servant-in-training/Documents/Virtualenvs/AutoGrader_env/lib/python3.12/site-packages/rest_framework_simplejwt/serializers.py", line 73, in validate
    data = super().validate(attrs)
           ^^^^^^^^^^^^^^^^^^^^^^^
  File "/home/bond-servant-in-training/Documents/Virtualenvs/AutoGrader_env/lib/python3.12/site-packages/rest_framework_simplejwt/serializers.py", line 57, in validate
    raise exceptions.AuthenticationFailed(
rest_framework.exceptions.AuthenticationFailed: No active account found with the given credentials
ok
test_the_rightful_owner_can_still_set_a_password_by_reset_after_google (users.tests_google_auth.GoogleAuthViewTests.test_the_rightful_owner_can_still_set_a_password_by_reset_after_google)
The cost of invalidating the password is that someone who registered ... Free trial plan not found: no trial activated for user 6dac911d-5871-4cff-a2d6-22beb212ad80.
Cannot activate automatic trial for user 6dac911d-5871-4cff-a2d6-22beb212ad80 (validation): ValueError
ok
test_tokens_from_a_completed_account_actually_work (users.tests_google_auth.GoogleAuthViewTests.test_tokens_from_a_completed_account_actually_work)
The bug this closes: the endpoint answered 200 with tokens while ... Free trial plan not found: no trial activated for user b3a56b97-3970-4fd4-9e3b-34a6e407bda7.
Cannot activate automatic trial for user b3a56b97-3970-4fd4-9e3b-34a6e407bda7 (validation): ValueError
ok
test_a_withdrawn_enrollment_is_not_resurrected_by_signing_in (users.tests_google_auth.GoogleSignInCompletesPendingEnrollmentTests.test_a_withdrawn_enrollment_is_not_resurrected_by_signing_in)
Only PENDING is promoted. A student a teacher deliberately removed ... Free trial plan not found: no trial activated for user 2a8fec40-f913-4af6-837a-4af5a21b3c81.
Cannot activate automatic trial for user 2a8fec40-f913-4af6-837a-4af5a21b3c81 (validation): ValueError
ok
test_a_withdrawn_student_still_sees_no_assignments_after_signing_in (users.tests_google_auth.GoogleSignInCompletesPendingEnrollmentTests.test_a_withdrawn_student_still_sees_no_assignments_after_signing_in)
The end-to-end form of the guarantee, not just the database field. ... Free trial plan not found: no trial activated for user c3a8ea26-a8b8-4786-9f36-58d8d047c9d8.
Cannot activate automatic trial for user c3a8ea26-a8b8-4786-9f36-58d8d047c9d8 (validation): ValueError
ok
test_an_established_account_signing_in_again_promotes_nothing (users.tests_google_auth.GoogleSignInCompletesPendingEnrollmentTests.test_an_established_account_signing_in_again_promotes_nothing)
The promotion is gated on the account having still been unverified ... Free trial plan not found: no trial activated for user 5800d367-07b1-4d28-a688-6e204b763331.
Cannot activate automatic trial for user 5800d367-07b1-4d28-a688-6e204b763331 (validation): ValueError
ok
test_every_pending_invitation_is_promoted_not_just_the_first (users.tests_google_auth.GoogleSignInCompletesPendingEnrollmentTests.test_every_pending_invitation_is_promoted_not_just_the_first) ... Free trial plan not found: no trial activated for user 36a355d3-7db9-4429-9ffe-195452aa3033.
Cannot activate automatic trial for user 36a355d3-7db9-4429-9ffe-195452aa3033 (validation): ValueError
ok
test_google_sign_in_promotes_a_pending_invitation_to_enrolled (users.tests_google_auth.GoogleSignInCompletesPendingEnrollmentTests.test_google_sign_in_promotes_a_pending_invitation_to_enrolled) ... Free trial plan not found: no trial activated for user edbef02a-4d89-49ae-b68b-e9292d2457b1.
Cannot activate automatic trial for user edbef02a-4d89-49ae-b68b-e9292d2457b1 (validation): ValueError
ok
test_network_is_required_when_ci_says_so (users.tests_google_auth.LiveContractSkipGuardTests.test_network_is_required_when_ci_says_so) ... skipped 'CI_REQUIRE_NETWORK not set'
test_google_rejects_a_bogus_code_with_an_http_error_status (users.tests_google_auth.LiveGoogleEndpointContractTests.test_google_rejects_a_bogus_code_with_an_http_error_status)
The view relies on `raise_for_status()` to notice a failed ... skipped 'live Google contract tests are opt-in: set CI_REQUIRE_NETWORK=1'
test_the_real_google_library_raises_value_error_on_a_forged_token (users.tests_google_auth.LiveGoogleEndpointContractTests.test_the_real_google_library_raises_value_error_on_a_forged_token)
The view catches ValueError and answers "Invalid Google token ... skipped 'live Google contract tests are opt-in: set CI_REQUIRE_NETWORK=1'
test_the_celery_task_records_one_completed_event (audit.tests_history.AIGradingTests.test_the_celery_task_records_one_completed_event) ... Free trial plan not found: no trial activated for user b2c721a1-026d-41f7-85b9-19c7b3053dc3.
Cannot activate automatic trial for user b2c721a1-026d-41f7-85b9-19c7b3053dc3 (validation): ValueError


ai_processor.services INFO 2026-10-09 10:23:39,004 services 958893 136128872569792 [request_id=- client_request_id=-] [Grading] Partition: 1 question(s) — 0 graded deterministically, 0 ambiguous objective(s) deferred to the AI, 1 subjective.




ai_processor.services INFO 2026-10-09 10:23:39,005 services 958893 136128872569792 [request_id=- client_request_id=-] [Grading] 1 question(s) for the AI (0 already graded deterministically) - using single pass grading


ok
test_the_synchronous_route_records_one_completed_event_for_the_requester (audit.tests_history.AIGradingTests.test_the_synchronous_route_records_one_completed_event_for_the_requester) ... Free trial plan not found: no trial activated for user 12770ce6-6654-4ffe-a6f9-3889897d7b84.
Cannot activate automatic trial for user 12770ce6-6654-4ffe-a6f9-3889897d7b84 (validation): ValueError


ai_processor.services INFO 2026-10-09 10:23:39,145 services 958893 136128872569792 [request_id=2c66657dde394e10a4dde6aabf19c325 client_request_id=-] [Grading] Partition: 1 question(s) — 0 graded deterministically, 0 ambiguous objective(s) deferred to the AI, 1 subjective.




ai_processor.services INFO 2026-10-09 10:23:39,146 services 958893 136128872569792 [request_id=2c66657dde394e10a4dde6aabf19c325 client_request_id=-] [Grading] 1 question(s) for the AI (0 already graded deterministically) - using single pass grading


ok
test_acting_as_names_the_given_user_for_the_block_only (audit.tests_history.ActorRuleTests.test_acting_as_names_the_given_user_for_the_block_only) ... Free trial plan not found: no trial activated for user c59c9418-46e3-46e1-b551-949abcf34ac3.
Cannot activate automatic trial for user c59c9418-46e3-46e1-b551-949abcf34ac3 (validation): ValueError
ok
test_an_authenticated_request_names_its_user_not_the_system (audit.tests_history.ActorRuleTests.test_an_authenticated_request_names_its_user_not_the_system)
SM R6's guard: this stays red while the actor is a SYSTEM shim. ... Free trial plan not found: no trial activated for user 07cf9ee9-2bdf-433e-abb4-59c8077b2f19.
Cannot activate automatic trial for user 07cf9ee9-2bdf-433e-abb4-59c8077b2f19 (validation): ValueError
ok
test_outside_a_request_the_actor_is_the_system (audit.tests_history.ActorRuleTests.test_outside_a_request_the_actor_is_the_system) ... ok
test_download_pdf_records_what_left_and_how_big (audit.tests_history.DataExportTests.test_download_pdf_records_what_left_and_how_big)
FR-A-01 'data export', SM-approved: the assignment PDF (questions ... Free trial plan not found: no trial activated for user afa7feca-4f6c-407b-b7dc-099e21c1642b.
Cannot activate automatic trial for user afa7feca-4f6c-407b-b7dc-099e21c1642b (validation): ValueError
ok
test_a_deleted_submission_is_a_grade_change_with_no_after (audit.tests_history.GradeChangeRouteTests.test_a_deleted_submission_is_a_grade_change_with_no_after)
SM R5. ... Free trial plan not found: no trial activated for user b5a0e020-fa55-4d78-aea1-ba4c771421af.
Cannot activate automatic trial for user b5a0e020-fa55-4d78-aea1-ba4c771421af (validation): ValueError
ok
test_an_untracked_or_unchanged_save_records_nothing (audit.tests_history.GradeChangeRouteTests.test_an_untracked_or_unchanged_save_records_nothing) ... Free trial plan not found: no trial activated for user a360c44d-65cb-481d-97aa-cfa0590f3b99.
Cannot activate automatic trial for user a360c44d-65cb-481d-97aa-cfa0590f3b99 (validation): ValueError
ok
test_mark_reviewed_records_needs_review_only (audit.tests_history.GradeChangeRouteTests.test_mark_reviewed_records_needs_review_only)
SM R1: the actor is the 'by', the event time the 'at'; the ... Free trial plan not found: no trial activated for user 021975dc-d64a-4512-b327-a0b6aa5f156c.
Cannot activate automatic trial for user 021975dc-d64a-4512-b327-a0b6aa5f156c (validation): ValueError
ok
test_publish_records_the_flip_once (audit.tests_history.GradeChangeRouteTests.test_publish_records_the_flip_once) ... Free trial plan not found: no trial activated for user ed7decef-cb4d-4dc3-bae0-13af15044357.
Cannot activate automatic trial for user ed7decef-cb4d-4dc3-bae0-13af15044357 (validation): ValueError
ok
test_the_grade_is_saved_when_the_audit_store_is_down (audit.tests_history.GradeChangeRouteTests.test_the_grade_is_saved_when_the_audit_store_is_down)
Gate 5 / FR-A-11. ... Free trial plan not found: no trial activated for user fc81a012-2240-4033-8dbf-74078eeca134.
Cannot activate automatic trial for user fc81a012-2240-4033-8dbf-74078eeca134 (validation): ValueError
audit event store_failed: action=GRADE_CHANGE detail=RuntimeError
audit event store_failed: action=STATE_CHANGE detail=RuntimeError
ok
test_update_grade_records_the_score_it_replaced (audit.tests_history.GradeChangeRouteTests.test_update_grade_records_the_score_it_replaced) ... Free trial plan not found: no trial activated for user 9da4a8d0-cddf-45a9-938c-62bda67cfcbc.
Cannot activate automatic trial for user 9da4a8d0-cddf-45a9-938c-62bda67cfcbc (validation): ValueError
ok
test_a_deleted_user_keeps_only_allow_listed_fields (audit.tests_history.PermissionChangeTests.test_a_deleted_user_keeps_only_allow_listed_fields)
SM R5's condition: role, status and ids only - never an email, ... Free trial plan not found: no trial activated for user 59b38822-44c2-4a0d-be62-f998af6533b0.
Cannot activate automatic trial for user 59b38822-44c2-4a0d-be62-f998af6533b0 (validation): ValueError
ok
test_a_role_change_is_recorded_and_a_session_revoke_is_not (audit.tests_history.PermissionChangeTests.test_a_role_change_is_recorded_and_a_session_revoke_is_not) ... Free trial plan not found: no trial activated for user edefa5e9-7351-4740-84af-8f19c48c0dcd.
Cannot activate automatic trial for user edefa5e9-7351-4740-84af-8f19c48c0dcd (validation): ValueError
ok
test_a_school_admin_invitation_names_the_invitee (audit.tests_history.PermissionChangeTests.test_a_school_admin_invitation_names_the_invitee) ... ok
test_a_student_invitation_names_the_invitee (audit.tests_history.PermissionChangeTests.test_a_student_invitation_names_the_invitee)
SM ruling: the invitee who proved the invitation code acts. ... ok
test_admin_actions_record_each_user_they_change (audit.tests_history.PermissionChangeTests.test_admin_actions_record_each_user_they_change) ... Free trial plan not found: no trial activated for user af09efa3-1ec1-4a78-83c2-15146abc72cd.
Cannot activate automatic trial for user af09efa3-1ec1-4a78-83c2-15146abc72cd (validation): ValueError
Free trial plan not found: no trial activated for user 41a7ca2f-f16b-4104-81fc-b36d047cc4b0.
Cannot activate automatic trial for user 41a7ca2f-f16b-4104-81fc-b36d047cc4b0 (validation): ValueError
Free trial plan not found: no trial activated for user 3b1bf5df-c15b-4cd0-8d12-7adf3cf81ea9.
Cannot activate automatic trial for user 3b1bf5df-c15b-4cd0-8d12-7adf3cf81ea9 (validation): ValueError
ok
test_email_verification_names_the_account_that_proved_the_code (audit.tests_history.PermissionChangeTests.test_email_verification_names_the_account_that_proved_the_code)
SM ruling: the activation is the account's own action. ... Free trial plan not found: no trial activated for user ce6af0e5-be35-41f8-9d87-911631430024.
Cannot activate automatic trial for user ce6af0e5-be35-41f8-9d87-911631430024 (validation): ValueError
ok
test_only_a_privileged_account_is_recorded_when_created (audit.tests_history.PermissionChangeTests.test_only_a_privileged_account_is_recorded_when_created)
SM ruling 4: ordinary accounts are covered by ACCOUNT_REGISTER ... Free trial plan not found: no trial activated for user 7d3484a1-4465-43a0-8e2c-acbd60ee937c.
Cannot activate automatic trial for user 7d3484a1-4465-43a0-8e2c-acbd60ee937c (validation): ValueError
Free trial plan not found: no trial activated for user 78b91349-51f7-45a8-8183-99a5fff9bc75.
Cannot activate automatic trial for user 78b91349-51f7-45a8-8183-99a5fff9bc75 (validation): ValueError
ok
test_publish_all_gives_one_grade_change_per_student_published (audit.tests_history.PublishAllTests.test_publish_all_gives_one_grade_change_per_student_published)
D3: 30 students published, 30 events; an already-published and ... Free trial plan not found: no trial activated for user 8d490cba-4e43-475d-966a-3077652891a3.
Cannot activate automatic trial for user 8d490cba-4e43-475d-966a-3077652891a3 (validation): ValueError
ok
test_a_distinct_or_annotated_queryset_is_accepted (audit.tests_history.RecordBulkTests.test_a_distinct_or_annotated_queryset_is_accepted)
Postgres refuses FOR UPDATE with DISTINCT or an aggregate; the ... Free trial plan not found: no trial activated for user bb76827a-8bca-450d-81c2-480c45eb6349.
Cannot activate automatic trial for user bb76827a-8bca-450d-81c2-480c45eb6349 (validation): ValueError
ok
test_an_untracked_bulk_write_records_nothing (audit.tests_history.RecordBulkTests.test_an_untracked_bulk_write_records_nothing) ... Free trial plan not found: no trial activated for user c17b3761-a4eb-4f33-a157-fcd0e8077845.
Cannot activate automatic trial for user c17b3761-a4eb-4f33-a157-fcd0e8077845 (validation): ValueError
ok
test_an_untracked_model_is_refused (audit.tests_history.RecordBulkTests.test_an_untracked_model_is_refused) ... Free trial plan not found: no trial activated for user fb4b1a54-e59e-4082-bf09-8a58c04ef8b0.
Cannot activate automatic trial for user fb4b1a54-e59e-4082-bf09-8a58c04ef8b0 (validation): ValueError
ok
test_it_returns_the_update_count_and_skips_unchanged_rows (audit.tests_history.RecordBulkTests.test_it_returns_the_update_count_and_skips_unchanged_rows) ... Free trial plan not found: no trial activated for user 39534369-80a3-4463-84fb-01c13487b535.
Cannot activate automatic trial for user 39534369-80a3-4463-84fb-01c13487b535 (validation): ValueError
ok
test_the_actor_is_keyword_only_and_used_as_given (audit.tests_history.RecordBulkTests.test_the_actor_is_keyword_only_and_used_as_given) ... Free trial plan not found: no trial activated for user 303585d7-f820-41ed-ad57-e1bb263f2fd3.
Cannot activate automatic trial for user 303585d7-f820-41ed-ad57-e1bb263f2fd3 (validation): ValueError
ok
test_an_action_without_an_entry_carries_no_before_or_after (audit.tests_history.RegistryTests.test_an_action_without_an_entry_carries_no_before_or_after) ... audit event metadata dropped: action=TAG_CREATE keys=score (not allowed in before/after for this action)
ok
test_every_history_action_has_its_allow_lists (audit.tests_history.RegistryTests.test_every_history_action_has_its_allow_lists) ... ok
test_every_tracked_field_is_allowed_for_its_action_and_real (audit.tests_history.RegistryTests.test_every_tracked_field_is_allowed_for_its_action_and_real) ... ok
test_no_recorded_key_names_a_person_or_their_work (audit.tests_history.RegistryTests.test_no_recorded_key_names_a_person_or_their_work) ... ok
test_text_credentials_and_token_epoch_are_never_tracked (audit.tests_history.RegistryTests.test_text_credentials_and_token_epoch_are_never_tracked) ... ok
test_a_google_sign_in_activates_and_names_the_student (audit.tests_history.SignInActivationTests.test_a_google_sign_in_activates_and_names_the_student)
Google finishing an unverified student's registration: one ... Free trial plan not found: no trial activated for user 7fd899b7-09ab-4c94-925e-fe994e4511d8.
Cannot activate automatic trial for user 7fd899b7-09ab-4c94-925e-fe994e4511d8 (validation): ValueError
ok
test_a_password_sign_in_activates_and_names_the_student (audit.tests_history.SignInActivationTests.test_a_password_sign_in_activates_and_names_the_student) ... Free trial plan not found: no trial activated for user 148473b3-17d6-43cf-8488-4bf4f06adc94.
Cannot activate automatic trial for user 148473b3-17d6-43cf-8488-4bf4f06adc94 (validation): ValueError
ok
test_a_seat_count_change_is_recorded (audit.tests_history.SubscriptionChangeTests.test_a_seat_count_change_is_recorded) ... ok
test_a_seat_taken_and_released_is_recorded (audit.tests_history.SubscriptionChangeTests.test_a_seat_taken_and_released_is_recorded)
SM R4: an active allocation is a seat in use. ... Free trial plan not found: no trial activated for user df299abf-e10b-4be1-989a-e6e194fbac80.
Cannot activate automatic trial for user df299abf-e10b-4be1-989a-e6e194fbac80 (validation): ValueError
ok
test_a_refused_inner_block_leaves_the_outer_one_in_place (audit.tests_command_actor.NestedBlocksTests.test_a_refused_inner_block_leaves_the_outer_one_in_place) ... Free trial plan not found: no trial activated for user c9d8fa9a-116b-443f-944b-78643d4f9e82.
Cannot activate automatic trial for user c9d8fa9a-116b-443f-944b-78643d4f9e82 (validation): ValueError
ok
test_the_outer_block_is_restored_after_the_inner_one (audit.tests_command_actor.NestedBlocksTests.test_the_outer_block_is_restored_after_the_inner_one) ... Free trial plan not found: no trial activated for user 9ca78c4f-71e5-42a7-8539-d72e6d6450b3.
Cannot activate automatic trial for user 9ca78c4f-71e5-42a7-8539-d72e6d6450b3 (validation): ValueError
ok
test_the_outer_block_is_restored_when_the_inner_one_raises (audit.tests_command_actor.NestedBlocksTests.test_the_outer_block_is_restored_when_the_inner_one_raises) ... Free trial plan not found: no trial activated for user 29879322-5d14-435e-ac60-eee52ac734c4.
Cannot activate automatic trial for user 29879322-5d14-435e-ac60-eee52ac734c4 (validation): ValueError
ok
test_a_call_site_cannot_supply_the_command_key (audit.tests_command_actor.OutsideACommandTests.test_a_call_site_cannot_supply_the_command_key) ... Free trial plan not found: no trial activated for user e29bb58e-e810-4b11-b243-0e589b20ecba.
Cannot activate automatic trial for user e29bb58e-e810-4b11-b243-0e589b20ecba (validation): ValueError
audit event metadata dropped: action=ADMIN_ACTION keys=command (not allowed for this action)
ok
test_a_save_outside_is_still_system_with_no_command (audit.tests_command_actor.OutsideACommandTests.test_a_save_outside_is_still_system_with_no_command) ... Free trial plan not found: no trial activated for user 1ef627ec-35c7-4b7f-af46-c4d16fc600b8.
Cannot activate automatic trial for user 1ef627ec-35c7-4b7f-af46-c4d16fc600b8 (validation): ValueError
ok
test_an_emit_outside_is_still_system_with_no_command (audit.tests_command_actor.OutsideACommandTests.test_an_emit_outside_is_still_system_with_no_command) ... Free trial plan not found: no trial activated for user ae905a55-11d9-47ec-9c12-837aaa3ae10a.
Cannot activate automatic trial for user ae905a55-11d9-47ec-9c12-837aaa3ae10a (validation): ValueError
ok
test_the_context_ends_when_the_block_raises (audit.tests_command_actor.OutsideACommandTests.test_the_context_ends_when_the_block_raises) ... Free trial plan not found: no trial activated for user 529be664-af33-4dda-839a-ec3ad76f983d.
Cannot activate automatic trial for user 529be664-af33-4dda-839a-ec3ad76f983d (validation): ValueError
ok
test_the_context_ends_with_the_block (audit.tests_command_actor.OutsideACommandTests.test_the_context_ends_with_the_block) ... Free trial plan not found: no trial activated for user c8a9f813-177b-43c2-ba60-fa970742072c.
Cannot activate automatic trial for user c8a9f813-177b-43c2-ba60-fa970742072c (validation): ValueError
ok
test_a_call_sites_command_value_never_reaches_the_event (audit.tests_command_actor.TheBlocksNameCannotBeReplacedTests.test_a_call_sites_command_value_never_reaches_the_event) ... Free trial plan not found: no trial activated for user d4d06fb2-fcf1-4452-a022-90500fb9056e.
Cannot activate automatic trial for user d4d06fb2-fcf1-4452-a022-90500fb9056e (validation): ValueError
audit event metadata dropped: action=ADMIN_ACTION keys=command (looks like an email address)
audit event metadata dropped: action=ADMIN_ACTION keys=command (not allowed for this action)
audit event metadata dropped: action=ADMIN_ACTION keys=command (not allowed for this action)
audit event metadata dropped: action=ADMIN_ACTION keys=command (not allowed for this action)
ok
test_a_command_that_does_not_exist_is_refused (audit.tests_command_actor.WhoAndWhatMayBeNamedTests.test_a_command_that_does_not_exist_is_refused) ... Free trial plan not found: no trial activated for user 0c682421-72e7-4b96-9adc-4493105ed6c1.
Cannot activate automatic trial for user 0c682421-72e7-4b96-9adc-4493105ed6c1 (validation): ValueError
ok
test_a_listed_command_with_a_free_text_name_is_refused (audit.tests_command_actor.WhoAndWhatMayBeNamedTests.test_a_listed_command_with_a_free_text_name_is_refused)
Isolates the shape check: even a name Django lists as a command ... Free trial plan not found: no trial activated for user 6037d538-1940-45a4-9bb9-3980afef3131.
Cannot activate automatic trial for user 6037d538-1940-45a4-9bb9-3980afef3131 (validation): ValueError
ok
test_a_real_command_is_accepted (audit.tests_command_actor.WhoAndWhatMayBeNamedTests.test_a_real_command_is_accepted) ... Free trial plan not found: no trial activated for user bdbbbcb4-7436-440e-9477-139da7abbdc4.
Cannot activate automatic trial for user bdbbbcb4-7436-440e-9477-139da7abbdc4 (validation): ValueError
ok
test_a_school_admin_is_refused (audit.tests_command_actor.WhoAndWhatMayBeNamedTests.test_a_school_admin_is_refused) ... Free trial plan not found: no trial activated for user 6e8494dc-95f9-4b26-8fb9-3c13e30a0a8c.
Cannot activate automatic trial for user 6e8494dc-95f9-4b26-8fb9-3c13e30a0a8c (validation): ValueError
ok
test_a_super_admin_type_without_the_superuser_flag_is_refused (audit.tests_command_actor.WhoAndWhatMayBeNamedTests.test_a_super_admin_type_without_the_superuser_flag_is_refused) ... Free trial plan not found: no trial activated for user 3dad5f6e-d416-4066-b073-9a977ac95c8b.
Cannot activate automatic trial for user 3dad5f6e-d416-4066-b073-9a977ac95c8b (validation): ValueError
ok
test_a_superuser_flag_without_the_super_admin_type_is_refused (audit.tests_command_actor.WhoAndWhatMayBeNamedTests.test_a_superuser_flag_without_the_super_admin_type_is_refused) ... Free trial plan not found: no trial activated for user 574cc252-9918-4dde-aac4-c0ac645a8424.
Cannot activate automatic trial for user 574cc252-9918-4dde-aac4-c0ac645a8424 (validation): ValueError
Free trial plan not found: no trial activated for user 6ab44d97-a7a5-43fa-a33f-c432edd05fc6.
Cannot activate automatic trial for user 6ab44d97-a7a5-43fa-a33f-c432edd05fc6 (validation): ValueError
ok
test_a_teacher_is_refused (audit.tests_command_actor.WhoAndWhatMayBeNamedTests.test_a_teacher_is_refused) ... Free trial plan not found: no trial activated for user f5c928ad-e7ef-4809-81fd-9cdeb284a6aa.
Cannot activate automatic trial for user f5c928ad-e7ef-4809-81fd-9cdeb284a6aa (validation): ValueError
ok
test_an_inactive_super_admin_is_refused (audit.tests_command_actor.WhoAndWhatMayBeNamedTests.test_an_inactive_super_admin_is_refused) ... Free trial plan not found: no trial activated for user d38e31ad-03ca-4c49-9047-0d4b80b68bfc.
Cannot activate automatic trial for user d38e31ad-03ca-4c49-9047-0d4b80b68bfc (validation): ValueError
ok
test_an_unsaved_user_is_refused (audit.tests_command_actor.WhoAndWhatMayBeNamedTests.test_an_unsaved_user_is_refused) ... Free trial plan not found: no trial activated for user 3807c1d0-759d-4b3c-8886-c2c8d4f935fe.
Cannot activate automatic trial for user 3807c1d0-759d-4b3c-8886-c2c8d4f935fe (validation): ValueError
ok
test_free_text_is_refused_as_a_command (audit.tests_command_actor.WhoAndWhatMayBeNamedTests.test_free_text_is_refused_as_a_command) ... Free trial plan not found: no trial activated for user 6968dd9c-83c2-4298-9fb7-16b1b3346e87.
Cannot activate automatic trial for user 6968dd9c-83c2-4298-9fb7-16b1b3346e87 (validation): ValueError
ok
test_no_user_is_refused (audit.tests_command_actor.WhoAndWhatMayBeNamedTests.test_no_user_is_refused) ... Free trial plan not found: no trial activated for user f9bc6a77-ac38-4aa8-8ac1-e87fe9d68879.
Cannot activate automatic trial for user f9bc6a77-ac38-4aa8-8ac1-e87fe9d68879 (validation): ValueError
ok
test_a_requests_signed_in_user_outranks_the_command_in_history (audit.tests_command_actor.WritesInsideACommandTests.test_a_requests_signed_in_user_outranks_the_command_in_history)
`command_actor` is for code with no request. If both exist, the ... Free trial plan not found: no trial activated for user a0b22864-1106-4534-892a-c659943ed419.
Cannot activate automatic trial for user a0b22864-1106-4534-892a-c659943ed419 (validation): ValueError
ok
test_a_save_is_recorded_as_the_operator (audit.tests_command_actor.WritesInsideACommandTests.test_a_save_is_recorded_as_the_operator) ... Free trial plan not found: no trial activated for user 0a0f4c23-8f3a-4a51-8d5a-eb4a6a252c97.
Cannot activate automatic trial for user 0a0f4c23-8f3a-4a51-8d5a-eb4a6a252c97 (validation): ValueError
ok
test_an_explicit_actor_is_kept_and_the_command_is_still_named (audit.tests_command_actor.WritesInsideACommandTests.test_an_explicit_actor_is_kept_and_the_command_is_still_named) ... Free trial plan not found: no trial activated for user 977c11d2-7951-4533-853a-5091d7345f95.
Cannot activate automatic trial for user 977c11d2-7951-4533-853a-5091d7345f95 (validation): ValueError
ok
test_an_explicit_emit_with_no_actor_is_recorded_as_the_operator (audit.tests_command_actor.WritesInsideACommandTests.test_an_explicit_emit_with_no_actor_is_recorded_as_the_operator) ... Free trial plan not found: no trial activated for user 26871785-8136-47fa-86fe-5c8d1e2fc2e2.
Cannot activate automatic trial for user 26871785-8136-47fa-86fe-5c8d1e2fc2e2 (validation): ValueError
ok
test_record_bulk_is_recorded_as_the_operator (audit.tests_command_actor.WritesInsideACommandTests.test_record_bulk_is_recorded_as_the_operator) ... Free trial plan not found: no trial activated for user bee5d78f-4a35-4ee4-91db-1732b76a198d.
Cannot activate automatic trial for user bee5d78f-4a35-4ee4-91db-1732b76a198d (validation): ValueError
ok
test_a_student_token_is_renewed_with_a_fresh_expiry (users.tests_models_and_admin.ActivationTokenRenewalTests.test_a_student_token_is_renewed_with_a_fresh_expiry) ... ok
test_renewal_is_refused_for_non_students (users.tests_models_and_admin.ActivationTokenRenewalTests.test_renewal_is_refused_for_non_students)
Teachers use the OTP endpoint; this path is student-only. ... Free trial plan not found: no trial activated for user 2cc7b371-d37e-4627-bcfb-8de3d6bf38b2.
Cannot activate automatic trial for user 2cc7b371-d37e-4627-bcfb-8de3d6bf38b2 (validation): ValueError
ok
test_activate_users_action_activates_the_selection (users.tests_models_and_admin.AdminActionTests.test_activate_users_action_activates_the_selection) ... Free trial plan not found: no trial activated for user 7fc228e0-ef1a-465d-bf73-0bdbac41a061.
Cannot activate automatic trial for user 7fc228e0-ef1a-465d-bf73-0bdbac41a061 (validation): ValueError
Free trial plan not found: no trial activated for user d60a65a1-ef57-47be-bd16-471e70db45e9.
Cannot activate automatic trial for user d60a65a1-ef57-47be-bd16-471e70db45e9 (validation): ValueError
ok
test_beta_whitelist_admin_is_registered_with_its_search_fields (users.tests_models_and_admin.AdminActionTests.test_beta_whitelist_admin_is_registered_with_its_search_fields) ... Free trial plan not found: no trial activated for user 7e0b0150-bbcf-44dc-98ce-3056eed6ac1d.
Cannot activate automatic trial for user 7e0b0150-bbcf-44dc-98ce-3056eed6ac1d (validation): ValueError
ok
test_deactivate_users_action_deactivates_the_selection (users.tests_models_and_admin.AdminActionTests.test_deactivate_users_action_deactivates_the_selection) ... Free trial plan not found: no trial activated for user 79e3ab4c-adff-402d-b64e-92299d00ecaa.
Cannot activate automatic trial for user 79e3ab4c-adff-402d-b64e-92299d00ecaa (validation): ValueError
Free trial plan not found: no trial activated for user dd75f037-2a52-4f5d-a90b-507345962ae2.
Cannot activate automatic trial for user dd75f037-2a52-4f5d-a90b-507345962ae2 (validation): ValueError
ok
test_otp_admins_expose_validity_and_forbid_manual_creation (users.tests_models_and_admin.AdminActionTests.test_otp_admins_expose_validity_and_forbid_manual_creation) ... Free trial plan not found: no trial activated for user 26a1d974-32e1-4b79-ac6f-731d0c16c3c4.
Cannot activate automatic trial for user 26a1d974-32e1-4b79-ac6f-731d0c16c3c4 (validation): ValueError
ok
test_readonly_fields_lock_the_id_when_editing (users.tests_models_and_admin.AdminActionTests.test_readonly_fields_lock_the_id_when_editing) ... Free trial plan not found: no trial activated for user 05bf63c6-7354-4925-b0ce-e7cd53cb3e7f.
Cannot activate automatic trial for user 05bf63c6-7354-4925-b0ce-e7cd53cb3e7f (validation): ValueError
ok
test_waitlist_admin_transfer_action_moves_every_selected_row (users.tests_models_and_admin.AdminActionTests.test_waitlist_admin_transfer_action_moves_every_selected_row) ... Free trial plan not found: no trial activated for user 9cea9fd5-ff66-43a2-94db-638284ad65a0.
Cannot activate automatic trial for user 9cea9fd5-ff66-43a2-94db-638284ad65a0 (validation): ValueError
ok
test_add_a_waitlist_user (users.tests_models_and_admin.BetaWhitelistAndWaitlistModelTests.test_add_a_waitlist_user) ... ok
test_add_and_remove_a_beta_user (users.tests_models_and_admin.BetaWhitelistAndWaitlistModelTests.test_add_and_remove_a_beta_user) ... ok
test_str_reflects_active_state (users.tests_models_and_admin.BetaWhitelistAndWaitlistModelTests.test_str_reflects_active_state) ... ok
test_transfer_moves_the_row_and_records_the_origin (users.tests_models_and_admin.BetaWhitelistAndWaitlistModelTests.test_transfer_moves_the_row_and_records_the_origin) ... ok
test_waitlist_str_includes_the_email (users.tests_models_and_admin.BetaWhitelistAndWaitlistModelTests.test_waitlist_str_includes_the_email) ... ok
test_remaining_credits_exclude_spent_and_expired_buckets (users.tests_models_and_admin.CreditWalletBalanceTests.test_remaining_credits_exclude_spent_and_expired_buckets) ... Free trial plan not found: no trial activated for user c2ac9ac2-0da8-4ed7-a05a-c6fac0cf5522.
Cannot activate automatic trial for user c2ac9ac2-0da8-4ed7-a05a-c6fac0cf5522 (validation): ValueError
ok
test_an_email_is_required (users.tests_models_and_admin.CustomUserManagerTests.test_an_email_is_required) ... ok
test_create_superuser_rejects_is_staff_false (users.tests_models_and_admin.CustomUserManagerTests.test_create_superuser_rejects_is_staff_false) ... ok
test_create_superuser_rejects_is_superuser_false (users.tests_models_and_admin.CustomUserManagerTests.test_create_superuser_rejects_is_superuser_false) ... ok
test_create_superuser_sets_both_flags (users.tests_models_and_admin.CustomUserManagerTests.test_create_superuser_sets_both_flags) ... Free trial plan not found: no trial activated for user ea8e9a4f-922c-4972-a0e7-b0e3412bda88.
Cannot activate automatic trial for user ea8e9a4f-922c-4972-a0e7-b0e3412bda88 (validation): ValueError
ok
test_save_false_returns_an_unsaved_instance (users.tests_models_and_admin.CustomUserManagerTests.test_save_false_returns_an_unsaved_instance) ... ok
test_the_email_is_normalised (users.tests_models_and_admin.CustomUserManagerTests.test_the_email_is_normalised) ... Free trial plan not found: no trial activated for user fe3d6938-7e7b-4f89-a78c-425e13a6cca0.
Cannot activate automatic trial for user fe3d6938-7e7b-4f89-a78c-425e13a6cca0 (validation): ValueError
ok
test_failures_accumulate_then_lock (users.tests_models_and_admin.LoginLockoutModelTests.test_failures_accumulate_then_lock) ... Free trial plan not found: no trial activated for user e04d5285-dcb8-4584-9e0b-5edf60a0cc63.
Cannot activate automatic trial for user e04d5285-dcb8-4584-9e0b-5edf60a0cc63 (validation): ValueError
ok
test_reset_clears_an_existing_lockout (users.tests_models_and_admin.LoginLockoutModelTests.test_reset_clears_an_existing_lockout) ... Free trial plan not found: no trial activated for user b935c76b-2165-422a-9b57-018a36c02ddf.
Cannot activate automatic trial for user b935c76b-2165-422a-9b57-018a36c02ddf (validation): ValueError
ok
test_reset_is_a_noop_when_already_clean (users.tests_models_and_admin.LoginLockoutModelTests.test_reset_is_a_noop_when_already_clean)
Avoids a pointless UPDATE on every successful login. ... Free trial plan not found: no trial activated for user 5c864e1f-b05c-4fab-949b-29b26cb825c6.
Cannot activate automatic trial for user 5c864e1f-b05c-4fab-949b-29b26cb825c6 (validation): ValueError
ok
test_password_change_otp_expires_after_five_minutes (users.tests_models_and_admin.OTPModelTests.test_password_change_otp_expires_after_five_minutes) ... Free trial plan not found: no trial activated for user fd0c2c6b-124d-4a6e-8486-10781c5823f7.
Cannot activate automatic trial for user fd0c2c6b-124d-4a6e-8486-10781c5823f7 (validation): ValueError
ok
test_password_reset_otp_str (users.tests_models_and_admin.OTPModelTests.test_password_reset_otp_str) ... Free trial plan not found: no trial activated for user ff417820-8237-4f4a-bc8e-939aadaab241.
Cannot activate automatic trial for user ff417820-8237-4f4a-bc8e-939aadaab241 (validation): ValueError
ok
test_a_plan_without_monthly_credits_reports_zero (users.tests_models_and_admin.SubscriptionConvenienceTests.test_a_plan_without_monthly_credits_reports_zero) ... Free trial plan not found: no trial activated for user 20c32102-3cbd-4539-9f33-c0df44b8fe24.
Cannot activate automatic trial for user 20c32102-3cbd-4539-9f33-c0df44b8fe24 (validation): ValueError
ok
test_an_inactive_subscription_is_ignored (users.tests_models_and_admin.SubscriptionConvenienceTests.test_an_inactive_subscription_is_ignored) ... Free trial plan not found: no trial activated for user 34992c0b-9f58-4c98-95ad-209de1d066db.
Cannot activate automatic trial for user 34992c0b-9f58-4c98-95ad-209de1d066db (validation): ValueError
ok
test_an_individual_subscription_is_reported (users.tests_models_and_admin.SubscriptionConvenienceTests.test_an_individual_subscription_is_reported) ... Free trial plan not found: no trial activated for user c42c5bb9-c8af-445d-b9bb-534638ee3539.
Cannot activate automatic trial for user c42c5bb9-c8af-445d-b9bb-534638ee3539 (validation): ValueError
ok
test_no_subscription_reports_none_and_zero (users.tests_models_and_admin.SubscriptionConvenienceTests.test_no_subscription_reports_none_and_zero) ... Free trial plan not found: no trial activated for user d9b29d6e-130d-43da-b3c9-4cb7e4d76863.
Cannot activate automatic trial for user d9b29d6e-130d-43da-b3c9-4cb7e4d76863 (validation): ValueError
ok
test_str_names_the_user (users.tests_models_and_admin.UserActivityStrTests.test_str_names_the_user) ... Free trial plan not found: no trial activated for user dbe322c1-5b2d-4c58-950d-e7d4d0c69580.
Cannot activate automatic trial for user dbe322c1-5b2d-4c58-950d-e7d4d0c69580 (validation): ValueError
ok
test_str_names_the_owner (users.tests_models_and_admin.UserGoogleCredentialsStrTests.test_str_names_the_owner) ... Free trial plan not found: no trial activated for user 253d92c4-7b5b-4829-9bc4-7bebb35a8c48.
Cannot activate automatic trial for user 253d92c4-7b5b-4829-9bc4-7bebb35a8c48 (validation): ValueError
ok
test_full_name_joins_the_present_parts (users.tests_models_and_admin.UserHelperTests.test_full_name_joins_the_present_parts) ... Free trial plan not found: no trial activated for user a4ef8815-3971-4348-8db1-31abc73a5d10.
Cannot activate automatic trial for user a4ef8815-3971-4348-8db1-31abc73a5d10 (validation): ValueError
ok
test_full_name_skips_blank_and_whitespace_only_parts (users.tests_models_and_admin.UserHelperTests.test_full_name_skips_blank_and_whitespace_only_parts) ... Free trial plan not found: no trial activated for user 56de22bf-c4c3-4676-a716-bf2c8ecd8eda.
Cannot activate automatic trial for user 56de22bf-c4c3-4676-a716-bf2c8ecd8eda (validation): ValueError
ok
test_profile_image_upload_path_is_scoped_to_the_user (users.tests_models_and_admin.UserHelperTests.test_profile_image_upload_path_is_scoped_to_the_user) ... Free trial plan not found: no trial activated for user fe252f4d-2c0b-4c88-ac96-2dcfad36096e.
Cannot activate automatic trial for user fe252f4d-2c0b-4c88-ac96-2dcfad36096e (validation): ValueError
ok
test_role_predicates (users.tests_models_and_admin.UserHelperTests.test_role_predicates) ... Free trial plan not found: no trial activated for user 587409b0-0908-447a-b678-9775066c059a.
Cannot activate automatic trial for user 587409b0-0908-447a-b678-9775066c059a (validation): ValueError
ok
test_str_is_the_full_name (users.tests_models_and_admin.UserHelperTests.test_str_is_the_full_name) ... Free trial plan not found: no trial activated for user bb75d261-3959-420e-ac74-65a99576a359.
Cannot activate automatic trial for user bb75d261-3959-420e-ac74-65a99576a359 (validation): ValueError
ok
test_a_never_verified_inactive_account_still_activates_end_to_end (users.tests_switched_off_means_out.SwitchedOffRoadsTests.test_a_never_verified_inactive_account_still_activates_end_to_end)
Green on the old code too: self-registration. ... Free trial plan not found: no trial activated for user 14a4c199-b66c-46d5-a0b9-3925b0d0eb7c.
Cannot activate automatic trial for user 14a4c199-b66c-46d5-a0b9-3925b0d0eb7c (validation): ValueError
ok
test_a_refused_reset_for_a_switched_off_account_spends_an_attempt (users.tests_switched_off_means_out.SwitchedOffRoadsTests.test_a_refused_reset_for_a_switched_off_account_spends_an_attempt) ... API Exception
Traceback (most recent call last):
  File "/home/bond-servant-in-training/Documents/Virtualenvs/AutoGrader_env/lib/python3.12/site-packages/rest_framework/views.py", line 512, in dispatch
    response = handler(request, *args, **kwargs)
               ^^^^^^^^^^^^^^^^^^^^^^^^^^^^^^^^^
  File "/home/bond-servant-in-training/Documents/Projects/Grade-Automator-Plus-epic-a-merge-down-b14/users/views.py", line 1469, in reset_password
    raise ParseError("Invalid email, OTP code, or new password.")
rest_framework.exceptions.ParseError: Invalid email, OTP code, or new password.
ok
test_a_refused_verify_for_a_switched_off_account_locks_the_address_like_a_wrong_guess (users.tests_switched_off_means_out.SwitchedOffRoadsTests.test_a_refused_verify_for_a_switched_off_account_locks_the_address_like_a_wrong_guess)
The budget is spent as for a wrong guess only if the address is ... API Exception
Traceback (most recent call last):
  File "/home/bond-servant-in-training/Documents/Virtualenvs/AutoGrader_env/lib/python3.12/site-packages/rest_framework/views.py", line 512, in dispatch
    response = handler(request, *args, **kwargs)
               ^^^^^^^^^^^^^^^^^^^^^^^^^^^^^^^^^
  File "/home/bond-servant-in-training/Documents/Projects/Grade-Automator-Plus-epic-a-merge-down-b14/users/views.py", line 1081, in verify
    refuse("Invalid email or token.", user, "INVALID_CODE")
  File "/home/bond-servant-in-training/Documents/Projects/Grade-Automator-Plus-epic-a-merge-down-b14/users/views.py", line 1064, in refuse
    raise ParseError(message)
rest_framework.exceptions.ParseError: Invalid email or token.
verify_email address locked after too many attempts
API Exception
Traceback (most recent call last):
  File "/home/bond-servant-in-training/Documents/Virtualenvs/AutoGrader_env/lib/python3.12/site-packages/rest_framework/views.py", line 512, in dispatch
    response = handler(request, *args, **kwargs)
               ^^^^^^^^^^^^^^^^^^^^^^^^^^^^^^^^^
  File "/home/bond-servant-in-training/Documents/Projects/Grade-Automator-Plus-epic-a-merge-down-b14/users/views.py", line 1081, in verify
    refuse("Invalid email or token.", user, "INVALID_CODE")
  File "/home/bond-servant-in-training/Documents/Projects/Grade-Automator-Plus-epic-a-merge-down-b14/users/views.py", line 1064, in refuse
    raise ParseError(message)
rest_framework.exceptions.ParseError: Invalid email or token.
ok
test_a_refused_verify_for_a_switched_off_account_spends_the_budget (users.tests_switched_off_means_out.SwitchedOffRoadsTests.test_a_refused_verify_for_a_switched_off_account_spends_the_budget) ... API Exception
Traceback (most recent call last):
  File "/home/bond-servant-in-training/Documents/Virtualenvs/AutoGrader_env/lib/python3.12/site-packages/rest_framework/views.py", line 512, in dispatch
    response = handler(request, *args, **kwargs)
               ^^^^^^^^^^^^^^^^^^^^^^^^^^^^^^^^^
  File "/home/bond-servant-in-training/Documents/Projects/Grade-Automator-Plus-epic-a-merge-down-b14/users/views.py", line 1081, in verify
    refuse("Invalid email or token.", user, "INVALID_CODE")
  File "/home/bond-servant-in-training/Documents/Projects/Grade-Automator-Plus-epic-a-merge-down-b14/users/views.py", line 1064, in refuse
    raise ParseError(message)
rest_framework.exceptions.ParseError: Invalid email or token.
verify_email address locked after too many attempts
API Exception
Traceback (most recent call last):
  File "/home/bond-servant-in-training/Documents/Virtualenvs/AutoGrader_env/lib/python3.12/site-packages/rest_framework/views.py", line 512, in dispatch
    response = handler(request, *args, **kwargs)
               ^^^^^^^^^^^^^^^^^^^^^^^^^^^^^^^^^
  File "/home/bond-servant-in-training/Documents/Projects/Grade-Automator-Plus-epic-a-merge-down-b14/users/views.py", line 1081, in verify
    refuse("Invalid email or token.", user, "INVALID_CODE")
  File "/home/bond-servant-in-training/Documents/Projects/Grade-Automator-Plus-epic-a-merge-down-b14/users/views.py", line 1064, in refuse
    raise ParseError(message)
rest_framework.exceptions.ParseError: Invalid email or token.
API Exception
Traceback (most recent call last):
  File "/home/bond-servant-in-training/Documents/Virtualenvs/AutoGrader_env/lib/python3.12/site-packages/rest_framework/views.py", line 512, in dispatch
    response = handler(request, *args, **kwargs)
               ^^^^^^^^^^^^^^^^^^^^^^^^^^^^^^^^^
  File "/home/bond-servant-in-training/Documents/Projects/Grade-Automator-Plus-epic-a-merge-down-b14/users/views.py", line 1036, in verify
    raise EnvelopedThrottled(
users.exceptions.EnvelopedThrottled: Too many incorrect codes for this email address. Please wait, then request a new verification email. Expected available in 1799 seconds.
ok
test_a_reset_for_a_switched_off_account_changes_nothing_and_signs_nobody_in (users.tests_switched_off_means_out.SwitchedOffRoadsTests.test_a_reset_for_a_switched_off_account_changes_nothing_and_signs_nobody_in) ... API Exception
Traceback (most recent call last):
  File "/home/bond-servant-in-training/Documents/Virtualenvs/AutoGrader_env/lib/python3.12/site-packages/rest_framework/views.py", line 512, in dispatch
    response = handler(request, *args, **kwargs)
               ^^^^^^^^^^^^^^^^^^^^^^^^^^^^^^^^^
  File "/home/bond-servant-in-training/Documents/Projects/Grade-Automator-Plus-epic-a-merge-down-b14/users/views.py", line 1469, in reset_password
    raise ParseError("Invalid email, OTP code, or new password.")
rest_framework.exceptions.ParseError: Invalid email, OTP code, or new password.
ok
test_an_active_verified_account_can_still_reset (users.tests_switched_off_means_out.SwitchedOffRoadsTests.test_an_active_verified_account_can_still_reset)
Green on the old code too. ... Free trial plan not found: no trial activated for user c065ab2f-106c-4892-beb5-3b87aef15fc3.
Cannot activate automatic trial for user c065ab2f-106c-4892-beb5-3b87aef15fc3 (validation): ValueError
ok
test_an_active_verified_account_is_still_told_it_is_verified (users.tests_switched_off_means_out.SwitchedOffRoadsTests.test_an_active_verified_account_is_still_told_it_is_verified)
Green on the old code too. ... Free trial plan not found: no trial activated for user 33a071a0-6069-47da-9de5-f88b9b196677.
Cannot activate automatic trial for user 33a071a0-6069-47da-9de5-f88b9b196677 (validation): ValueError
API Exception
Traceback (most recent call last):
  File "/home/bond-servant-in-training/Documents/Virtualenvs/AutoGrader_env/lib/python3.12/site-packages/rest_framework/views.py", line 512, in dispatch
    response = handler(request, *args, **kwargs)
               ^^^^^^^^^^^^^^^^^^^^^^^^^^^^^^^^^
  File "/home/bond-servant-in-training/Documents/Projects/Grade-Automator-Plus-epic-a-merge-down-b14/users/views.py", line 1228, in otp
    raise ParseError("Email already verified. Please login.")
rest_framework.exceptions.ParseError: Email already verified. Please login.
ok
test_an_invited_school_admin_still_verifies (users.tests_switched_off_means_out.SwitchedOffRoadsTests.test_an_invited_school_admin_still_verifies)
Green on the old code too. ... ok
test_an_old_scheme_pending_student_still_verifies (users.tests_switched_off_means_out.SwitchedOffRoadsTests.test_an_old_scheme_pending_student_still_verifies)
Green on the old code too: inactive, never verified, a student ... ok
test_that_reset_code_request_answers_like_an_unknown_address (users.tests_switched_off_means_out.SwitchedOffRoadsTests.test_that_reset_code_request_answers_like_an_unknown_address) ... ok
test_that_reset_refusal_is_the_same_as_for_an_address_with_no_account (users.tests_switched_off_means_out.SwitchedOffRoadsTests.test_that_reset_refusal_is_the_same_as_for_an_address_with_no_account) ... API Exception
Traceback (most recent call last):
  File "/home/bond-servant-in-training/Documents/Virtualenvs/AutoGrader_env/lib/python3.12/site-packages/rest_framework/views.py", line 512, in dispatch
    response = handler(request, *args, **kwargs)
               ^^^^^^^^^^^^^^^^^^^^^^^^^^^^^^^^^
  File "/home/bond-servant-in-training/Documents/Projects/Grade-Automator-Plus-epic-a-merge-down-b14/users/views.py", line 1469, in reset_password
    raise ParseError("Invalid email, OTP code, or new password.")
rest_framework.exceptions.ParseError: Invalid email, OTP code, or new password.
API Exception
Exception

The above exception was the direct cause of the following exception:

Traceback (most recent call last):
  File "/home/bond-servant-in-training/Documents/Virtualenvs/AutoGrader_env/lib/python3.12/site-packages/rest_framework/views.py", line 512, in dispatch
    response = handler(request, *args, **kwargs)
               ^^^^^^^^^^^^^^^^^^^^^^^^^^^^^^^^^
  File "/home/bond-servant-in-training/Documents/Projects/Grade-Automator-Plus-epic-a-merge-down-b14/users/views.py", line 1451, in reset_password
    raise ParseError("Invalid email, OTP code, or new password.") from Exception
rest_framework.exceptions.ParseError: Invalid email, OTP code, or new password.
ok
test_that_verify_code_request_answers_like_an_unknown_address (users.tests_switched_off_means_out.SwitchedOffRoadsTests.test_that_verify_code_request_answers_like_an_unknown_address) ... ok
test_that_verify_refusal_is_the_wrong_code_refusal (users.tests_switched_off_means_out.SwitchedOffRoadsTests.test_that_verify_refusal_is_the_wrong_code_refusal) ... API Exception
Traceback (most recent call last):
  File "/home/bond-servant-in-training/Documents/Virtualenvs/AutoGrader_env/lib/python3.12/site-packages/rest_framework/views.py", line 512, in dispatch
    response = handler(request, *args, **kwargs)
               ^^^^^^^^^^^^^^^^^^^^^^^^^^^^^^^^^
  File "/home/bond-servant-in-training/Documents/Projects/Grade-Automator-Plus-epic-a-merge-down-b14/users/views.py", line 1081, in verify
    refuse("Invalid email or token.", user, "INVALID_CODE")
  File "/home/bond-servant-in-training/Documents/Projects/Grade-Automator-Plus-epic-a-merge-down-b14/users/views.py", line 1064, in refuse
    raise ParseError(message)
rest_framework.exceptions.ParseError: Invalid email or token.
API Exception
Traceback (most recent call last):
  File "/home/bond-servant-in-training/Documents/Virtualenvs/AutoGrader_env/lib/python3.12/site-packages/rest_framework/views.py", line 512, in dispatch
    response = handler(request, *args, **kwargs)
               ^^^^^^^^^^^^^^^^^^^^^^^^^^^^^^^^^
  File "/home/bond-servant-in-training/Documents/Projects/Grade-Automator-Plus-epic-a-merge-down-b14/users/views.py", line 1068, in verify
    refuse("Invalid email or token.", account_for_email(email), "INVALID_CODE")
  File "/home/bond-servant-in-training/Documents/Projects/Grade-Automator-Plus-epic-a-merge-down-b14/users/views.py", line 1064, in refuse
    raise ParseError(message)
rest_framework.exceptions.ParseError: Invalid email or token.
ok
test_the_reset_code_request_for_a_switched_off_account_makes_no_code (users.tests_switched_off_means_out.SwitchedOffRoadsTests.test_the_reset_code_request_for_a_switched_off_account_makes_no_code) ... ok
test_the_verify_code_request_for_a_switched_off_account_sends_nothing (users.tests_switched_off_means_out.SwitchedOffRoadsTests.test_the_verify_code_request_for_a_switched_off_account_sends_nothing) ... ok
test_verify_does_not_switch_a_switched_off_account_back_on (users.tests_switched_off_means_out.SwitchedOffRoadsTests.test_verify_does_not_switch_a_switched_off_account_back_on) ... API Exception
Traceback (most recent call last):
  File "/home/bond-servant-in-training/Documents/Virtualenvs/AutoGrader_env/lib/python3.12/site-packages/rest_framework/views.py", line 512, in dispatch
    response = handler(request, *args, **kwargs)
               ^^^^^^^^^^^^^^^^^^^^^^^^^^^^^^^^^
  File "/home/bond-servant-in-training/Documents/Projects/Grade-Automator-Plus-epic-a-merge-down-b14/users/views.py", line 1081, in verify
    refuse("Invalid email or token.", user, "INVALID_CODE")
  File "/home/bond-servant-in-training/Documents/Projects/Grade-Automator-Plus-epic-a-merge-down-b14/users/views.py", line 1064, in refuse
    raise ParseError(message)
rest_framework.exceptions.ParseError: Invalid email or token.
ok
test_a_switch_on_alone_does_not_bump_the_epoch (users.tests_switched_off_means_out.SwitchingOffRevokesSessionsTests.test_a_switch_on_alone_does_not_bump_the_epoch) ... Free trial plan not found: no trial activated for user 96e3ce81-a06d-41cf-98a4-c925bfa340b0.
Cannot activate automatic trial for user 96e3ce81-a06d-41cf-98a4-c925bfa340b0 (validation): ValueError
Free trial plan not found: no trial activated for user 1400345a-7f27-455c-9365-7c576a45befe.
Cannot activate automatic trial for user 1400345a-7f27-455c-9365-7c576a45befe (validation): ValueError
ok
test_an_edit_of_an_already_inactive_user_that_leaves_is_active_alone_does_not_bump (users.tests_switched_off_means_out.SwitchingOffRevokesSessionsTests.test_an_edit_of_an_already_inactive_user_that_leaves_is_active_alone_does_not_bump) ... Free trial plan not found: no trial activated for user 18c4f2e0-b299-4acc-a988-6830b3eb3741.
Cannot activate automatic trial for user 18c4f2e0-b299-4acc-a988-6830b3eb3741 (validation): ValueError
Free trial plan not found: no trial activated for user c0d9edc8-e3a6-460d-9fbc-7232859195a7.
Cannot activate automatic trial for user c0d9edc8-e3a6-460d-9fbc-7232859195a7 (validation): ValueError
ok
test_an_edit_that_does_not_touch_is_active_does_not_bump (users.tests_switched_off_means_out.SwitchingOffRevokesSessionsTests.test_an_edit_that_does_not_touch_is_active_does_not_bump) ... Free trial plan not found: no trial activated for user 30241efd-231e-429d-863e-cacee40a016c.
Cannot activate automatic trial for user 30241efd-231e-429d-863e-cacee40a016c (validation): ValueError
Free trial plan not found: no trial activated for user a44f5a53-fdcd-4c1f-ad31-4306d7fd86bd.
Cannot activate automatic trial for user a44f5a53-fdcd-4c1f-ad31-4306d7fd86bd (validation): ValueError
ok
test_an_edit_that_switches_a_user_off_bumps_the_epoch (users.tests_switched_off_means_out.SwitchingOffRevokesSessionsTests.test_an_edit_that_switches_a_user_off_bumps_the_epoch) ... Free trial plan not found: no trial activated for user a39c9dcb-991f-40eb-a8ba-74aeca021e6a.
Cannot activate automatic trial for user a39c9dcb-991f-40eb-a8ba-74aeca021e6a (validation): ValueError
Free trial plan not found: no trial activated for user 54470acd-cfda-4c16-b100-65dc6c11ff8e.
Cannot activate automatic trial for user 54470acd-cfda-4c16-b100-65dc6c11ff8e (validation): ValueError
ok
test_an_edit_that_switches_a_user_on_does_not_bump (users.tests_switched_off_means_out.SwitchingOffRevokesSessionsTests.test_an_edit_that_switches_a_user_on_does_not_bump) ... Free trial plan not found: no trial activated for user 3140e032-e99c-47df-91d8-c98dcef169da.
Cannot activate automatic trial for user 3140e032-e99c-47df-91d8-c98dcef169da (validation): ValueError
Free trial plan not found: no trial activated for user 4fdb7eb6-c58e-49da-96f6-d60579d60902.
Cannot activate automatic trial for user 4fdb7eb6-c58e-49da-96f6-d60579d60902 (validation): ValueError
ok
test_the_bulk_switch_off_bumps_the_token_epoch_by_one (users.tests_switched_off_means_out.SwitchingOffRevokesSessionsTests.test_the_bulk_switch_off_bumps_the_token_epoch_by_one) ... Free trial plan not found: no trial activated for user 59076572-972c-48e8-b5ab-c1a3daf9ac17.
Cannot activate automatic trial for user 59076572-972c-48e8-b5ab-c1a3daf9ac17 (validation): ValueError
Free trial plan not found: no trial activated for user 5c9e92b9-f6b7-49b3-9b58-32645e0ceb3b.
Cannot activate automatic trial for user 5c9e92b9-f6b7-49b3-9b58-32645e0ceb3b (validation): ValueError
ok
test_the_bulk_switch_off_leaves_an_already_inactive_rows_epoch_alone (users.tests_switched_off_means_out.SwitchingOffRevokesSessionsTests.test_the_bulk_switch_off_leaves_an_already_inactive_rows_epoch_alone) ... Free trial plan not found: no trial activated for user 9a3459de-4bfe-4ba1-b36f-ea2060f0262a.
Cannot activate automatic trial for user 9a3459de-4bfe-4ba1-b36f-ea2060f0262a (validation): ValueError
Free trial plan not found: no trial activated for user a0b0307f-9a48-41c2-8338-4593b7bd2794.
Cannot activate automatic trial for user a0b0307f-9a48-41c2-8338-4593b7bd2794 (validation): ValueError
Free trial plan not found: no trial activated for user ced41986-4fdb-4dab-bb16-4950fccfbd66.
Cannot activate automatic trial for user ced41986-4fdb-4dab-bb16-4950fccfbd66 (validation): ValueError
ok
test_tokens_issued_after_the_switch_on_work (users.tests_switched_off_means_out.SwitchingOffRevokesSessionsTests.test_tokens_issued_after_the_switch_on_work)
Green on the old code too. ... Free trial plan not found: no trial activated for user c2684fe8-2cc2-487b-b78b-431554ffabf2.
Cannot activate automatic trial for user c2684fe8-2cc2-487b-b78b-431554ffabf2 (validation): ValueError
Free trial plan not found: no trial activated for user ffe5748d-a8bc-4037-a972-611a2a77a8d0.
Cannot activate automatic trial for user ffe5748d-a8bc-4037-a972-611a2a77a8d0 (validation): ValueError
ok
test_tokens_issued_before_the_switch_off_stay_dead_after_a_switch_on (users.tests_switched_off_means_out.SwitchingOffRevokesSessionsTests.test_tokens_issued_before_the_switch_off_stay_dead_after_a_switch_on) ... Free trial plan not found: no trial activated for user 5f39c75e-6f8c-4c85-89a7-ed58f76ed468.
Cannot activate automatic trial for user 5f39c75e-6f8c-4c85-89a7-ed58f76ed468 (validation): ValueError
Free trial plan not found: no trial activated for user f28519e7-4a8d-4867-b996-da68233229b8.
Cannot activate automatic trial for user f28519e7-4a8d-4867-b996-da68233229b8 (validation): ValueError
API Exception
Traceback (most recent call last):
  File "/home/bond-servant-in-training/Documents/Virtualenvs/AutoGrader_env/lib/python3.12/site-packages/rest_framework/views.py", line 503, in dispatch
    self.initial(request, *args, **kwargs)
  File "/home/bond-servant-in-training/Documents/Virtualenvs/AutoGrader_env/lib/python3.12/site-packages/rest_framework/views.py", line 420, in initial
    self.perform_authentication(request)
  File "/home/bond-servant-in-training/Documents/Virtualenvs/AutoGrader_env/lib/python3.12/site-packages/rest_framework/views.py", line 330, in perform_authentication
    request.user
  File "/home/bond-servant-in-training/Documents/Virtualenvs/AutoGrader_env/lib/python3.12/site-packages/rest_framework/request.py", line 232, in user
    self._authenticate()
  File "/home/bond-servant-in-training/Documents/Virtualenvs/AutoGrader_env/lib/python3.12/site-packages/rest_framework/request.py", line 385, in _authenticate
    user_auth_tuple = authenticator.authenticate(self)
                      ^^^^^^^^^^^^^^^^^^^^^^^^^^^^^^^^
  File "/home/bond-servant-in-training/Documents/Projects/Grade-Automator-Plus-epic-a-merge-down-b14/users/authentication.py", line 59, in authenticate
    raise AuthenticationFailed(
rest_framework.exceptions.AuthenticationFailed: Token has been revoked. Please log in again.
API Exception
Traceback (most recent call last):
  File "/home/bond-servant-in-training/Documents/Virtualenvs/AutoGrader_env/lib/python3.12/site-packages/rest_framework/views.py", line 512, in dispatch
    response = handler(request, *args, **kwargs)
               ^^^^^^^^^^^^^^^^^^^^^^^^^^^^^^^^^
  File "/home/bond-servant-in-training/Documents/Virtualenvs/AutoGrader_env/lib/python3.12/site-packages/rest_framework_simplejwt/views.py", line 46, in post
    serializer.is_valid(raise_exception=True)
  File "/home/bond-servant-in-training/Documents/Virtualenvs/AutoGrader_env/lib/python3.12/site-packages/rest_framework/serializers.py", line 225, in is_valid
    self._validated_data = self.run_validation(self.initial_data)
                           ^^^^^^^^^^^^^^^^^^^^^^^^^^^^^^^^^^^^^^
  File "/home/bond-servant-in-training/Documents/Virtualenvs/AutoGrader_env/lib/python3.12/site-packages/rest_framework/serializers.py", line 447, in run_validation
    value = self.validate(value)
            ^^^^^^^^^^^^^^^^^^^^
  File "/home/bond-servant-in-training/Documents/Projects/Grade-Automator-Plus-epic-a-merge-down-b14/users/serializers.py", line 577, in validate
    assert_epoch_current(refresh, user)
  File "/home/bond-servant-in-training/Documents/Projects/Grade-Automator-Plus-epic-a-merge-down-b14/users/tokens.py", line 40, in assert_epoch_current
    raise InvalidToken("Token has been revoked. Please log in again.")
rest_framework_simplejwt.exceptions.InvalidToken: {'detail': ErrorDetail(string='Token has been revoked. Please log in again.', code='token_not_valid'), 'code': ErrorDetail(string='token_not_valid', code='token_not_valid')}
ok
test_a_later_add_to_another_course_keeps_the_password_they_chose (users.tests_reset_for_an_invited_student.InvitedStudentResetTests.test_a_later_add_to_another_course_keeps_the_password_they_chose)
The reason the reset stamps last_login: without it the add sees ... Free trial plan not found: no trial activated for user 9a4e744f-1659-4d2f-8aa5-b3a5480b48fe.
Cannot activate automatic trial for user 9a4e744f-1659-4d2f-8aa5-b3a5480b48fe (validation): ValueError
ok
test_a_licence_invited_teacher_is_sent_a_reset_code (users.tests_reset_for_an_invited_student.InvitedStudentResetTests.test_a_licence_invited_teacher_is_sent_a_reset_code) ... Free trial plan not found: no trial activated for user 3233cdad-d58f-42f3-b94a-84f9f4185825.
Cannot activate automatic trial for user 3233cdad-d58f-42f3-b94a-84f9f4185825 (validation): ValueError
ok
test_a_licence_invited_teachers_reset_stamps_and_signs_them_in (users.tests_reset_for_an_invited_student.InvitedStudentResetTests.test_a_licence_invited_teachers_reset_stamps_and_signs_them_in) ... Free trial plan not found: no trial activated for user 0d69c6e8-a50f-4d92-9c7d-ce6f7225a2c2.
Cannot activate automatic trial for user 0d69c6e8-a50f-4d92-9c7d-ce6f7225a2c2 (validation): ValueError
ok
test_a_licence_re_add_after_a_reset_keeps_the_password_they_chose (users.tests_reset_for_an_invited_student.InvitedStudentResetTests.test_a_licence_re_add_after_a_reset_keeps_the_password_they_chose)
What this row creates for teachers: an invited teacher who has ... Free trial plan not found: no trial activated for user 4bf684e5-9a7d-4356-ba16-bc28e07cd4f6.
Cannot activate automatic trial for user 4bf684e5-9a7d-4356-ba16-bc28e07cd4f6 (validation): ValueError
ok
test_a_locked_reset_sends_nothing_and_answers_the_same (users.tests_reset_for_an_invited_student.InvitedStudentResetTests.test_a_locked_reset_sends_nothing_and_answers_the_same) ... Free trial plan not found: no trial activated for user 2537e703-0fd7-44bf-9e7d-56b49fcd7c9c.
Cannot activate automatic trial for user 2537e703-0fd7-44bf-9e7d-56b49fcd7c9c (validation): ValueError
ok
test_a_refused_reset_leaves_the_code_and_its_budget_alone (users.tests_reset_for_an_invited_student.InvitedStudentResetTests.test_a_refused_reset_leaves_the_code_and_its_budget_alone)
Decision: the code already issued is LEFT. A refusal writes nothing ... Free trial plan not found: no trial activated for user 5f35b8e6-acf9-4e05-b695-2dbe247afa0c.
Cannot activate automatic trial for user 5f35b8e6-acf9-4e05-b695-2dbe247afa0c (validation): ValueError
API Exception
Traceback (most recent call last):
  File "/home/bond-servant-in-training/Documents/Virtualenvs/AutoGrader_env/lib/python3.12/site-packages/rest_framework/views.py", line 512, in dispatch
    response = handler(request, *args, **kwargs)
               ^^^^^^^^^^^^^^^^^^^^^^^^^^^^^^^^^
  File "/home/bond-servant-in-training/Documents/Projects/Grade-Automator-Plus-epic-a-merge-down-b14/users/views.py", line 1461, in reset_password
    raise ParseError("Invalid email, OTP code, or new password.")
rest_framework.exceptions.ParseError: Invalid email, OTP code, or new password.
ok
test_a_reset_is_refused_for_a_switched_off_never_verified_account (users.tests_reset_for_an_invited_student.InvitedStudentResetTests.test_a_reset_is_refused_for_a_switched_off_never_verified_account) ... Free trial plan not found: no trial activated for user df64fe01-9879-4931-b341-6a8aabb3d148.
Cannot activate automatic trial for user df64fe01-9879-4931-b341-6a8aabb3d148 (validation): ValueError
API Exception
Traceback (most recent call last):
  File "/home/bond-servant-in-training/Documents/Virtualenvs/AutoGrader_env/lib/python3.12/site-packages/rest_framework/views.py", line 512, in dispatch
    response = handler(request, *args, **kwargs)
               ^^^^^^^^^^^^^^^^^^^^^^^^^^^^^^^^^
  File "/home/bond-servant-in-training/Documents/Projects/Grade-Automator-Plus-epic-a-merge-down-b14/users/views.py", line 1461, in reset_password
    raise ParseError("Invalid email, OTP code, or new password.")
rest_framework.exceptions.ParseError: Invalid email, OTP code, or new password.
ok
test_a_reset_leaves_an_established_accounts_flag_alone (users.tests_reset_for_an_invited_student.InvitedStudentResetTests.test_a_reset_leaves_an_established_accounts_flag_alone)
Green on the old code too: a verified user whose flag is false ... Free trial plan not found: no trial activated for user c711e4fd-8d12-4646-95f0-265f6ac16f12.
Cannot activate automatic trial for user c711e4fd-8d12-4646-95f0-265f6ac16f12 (validation): ValueError
ok
test_a_reset_signs_the_student_in (users.tests_reset_for_an_invited_student.InvitedStudentResetTests.test_a_reset_signs_the_student_in) ... Free trial plan not found: no trial activated for user af046748-50f5-472f-84d6-0cddfecbd6cb.
Cannot activate automatic trial for user af046748-50f5-472f-84d6-0cddfecbd6cb (validation): ValueError
ok
test_a_successful_reset_clears_must_change_password (users.tests_reset_for_an_invited_student.InvitedStudentResetTests.test_a_successful_reset_clears_must_change_password) ... Free trial plan not found: no trial activated for user b30b30f7-93f5-40c7-8190-33d0b7bab900.
Cannot activate automatic trial for user b30b30f7-93f5-40c7-8190-33d0b7bab900 (validation): ValueError
ok
test_a_successful_reset_sets_the_password_and_stamps_the_email (users.tests_reset_for_an_invited_student.InvitedStudentResetTests.test_a_successful_reset_sets_the_password_and_stamps_the_email) ... Free trial plan not found: no trial activated for user b8ca4385-be47-4da9-bc68-08e5de102f32.
Cannot activate automatic trial for user b8ca4385-be47-4da9-bc68-08e5de102f32 (validation): ValueError
ok
test_a_switched_off_account_that_verified_its_email_no_longer_resets (users.tests_reset_for_an_invited_student.InvitedStudentResetTests.test_a_switched_off_account_that_verified_its_email_no_longer_resets)
REVERSED by H-202 (Senior Manager, 2026-10-08). H-164 pinned the old ... Free trial plan not found: no trial activated for user fa4aa332-e88d-4871-8294-5e88ae38d5b9.
Cannot activate automatic trial for user fa4aa332-e88d-4871-8294-5e88ae38d5b9 (validation): ValueError
API Exception
Traceback (most recent call last):
  File "/home/bond-servant-in-training/Documents/Virtualenvs/AutoGrader_env/lib/python3.12/site-packages/rest_framework/views.py", line 512, in dispatch
    response = handler(request, *args, **kwargs)
               ^^^^^^^^^^^^^^^^^^^^^^^^^^^^^^^^^
  File "/home/bond-servant-in-training/Documents/Projects/Grade-Automator-Plus-epic-a-merge-down-b14/users/views.py", line 1469, in reset_password
    raise ParseError("Invalid email, OTP code, or new password.")
rest_framework.exceptions.ParseError: Invalid email, OTP code, or new password.
ok
test_a_verified_super_admin_can_still_reset (users.tests_reset_for_an_invited_student.InvitedStudentResetTests.test_a_verified_super_admin_can_still_reset)
Green on the old code too. ... Free trial plan not found: no trial activated for user 56c678ac-5f7d-4d02-a4bb-6222e1e36365.
Cannot activate automatic trial for user 56c678ac-5f7d-4d02-a4bb-6222e1e36365 (validation): ValueError
ok
test_a_verified_super_admin_is_still_sent_a_reset_code (users.tests_reset_for_an_invited_student.InvitedStudentResetTests.test_a_verified_super_admin_is_still_sent_a_reset_code)
Green on the old code too: the refusal is for accounts that never ... Free trial plan not found: no trial activated for user 5b59af25-255d-4289-936d-69a7e7710c1f.
Cannot activate automatic trial for user 5b59af25-255d-4289-936d-69a7e7710c1f (validation): ValueError
ok
test_a_wrong_code_stamps_nothing (users.tests_reset_for_an_invited_student.InvitedStudentResetTests.test_a_wrong_code_stamps_nothing) ... Free trial plan not found: no trial activated for user a1581684-30a1-4209-ba58-488145123153.
Cannot activate automatic trial for user a1581684-30a1-4209-ba58-488145123153 (validation): ValueError
API Exception
Traceback (most recent call last):
  File "/home/bond-servant-in-training/Documents/Virtualenvs/AutoGrader_env/lib/python3.12/site-packages/rest_framework/views.py", line 512, in dispatch
    response = handler(request, *args, **kwargs)
               ^^^^^^^^^^^^^^^^^^^^^^^^^^^^^^^^^
  File "/home/bond-servant-in-training/Documents/Projects/Grade-Automator-Plus-epic-a-merge-down-b14/users/views.py", line 1501, in reset_password
    raise ParseError("Invalid email, OTP code, or new password.")
rest_framework.exceptions.ParseError: Invalid email, OTP code, or new password.
ok
test_an_inactive_never_verified_row_is_still_refused (users.tests_reset_for_an_invited_student.InvitedStudentResetTests.test_an_inactive_never_verified_row_is_still_refused)
Green on the old code too: a self-registered row or an old-scheme ... Free trial plan not found: no trial activated for user 4efb0a7f-9d9a-4e12-82f4-69096ac2c904.
Cannot activate automatic trial for user 4efb0a7f-9d9a-4e12-82f4-69096ac2c904 (validation): ValueError
API Exception
Traceback (most recent call last):
  File "/home/bond-servant-in-training/Documents/Virtualenvs/AutoGrader_env/lib/python3.12/site-packages/rest_framework/views.py", line 512, in dispatch
    response = handler(request, *args, **kwargs)
               ^^^^^^^^^^^^^^^^^^^^^^^^^^^^^^^^^
  File "/home/bond-servant-in-training/Documents/Projects/Grade-Automator-Plus-epic-a-merge-down-b14/users/views.py", line 1261, in otp
    raise ParseError("Email not verified.")
rest_framework.exceptions.ParseError: Email not verified.
ok
test_an_invited_student_who_never_signed_in_is_sent_a_reset_code (users.tests_reset_for_an_invited_student.InvitedStudentResetTests.test_an_invited_student_who_never_signed_in_is_sent_a_reset_code) ... Free trial plan not found: no trial activated for user 0962a2f5-c422-4674-be6a-d0a675a1b3da.
Cannot activate automatic trial for user 0962a2f5-c422-4674-be6a-d0a675a1b3da (validation): ValueError
ok
test_that_refusal_is_the_same_as_for_an_address_with_no_account (users.tests_reset_for_an_invited_student.InvitedStudentResetTests.test_that_refusal_is_the_same_as_for_an_address_with_no_account) ... Free trial plan not found: no trial activated for user 08e2154d-642b-4e52-8917-e7322cd7e15d.
Cannot activate automatic trial for user 08e2154d-642b-4e52-8917-e7322cd7e15d (validation): ValueError
API Exception
Traceback (most recent call last):
  File "/home/bond-servant-in-training/Documents/Virtualenvs/AutoGrader_env/lib/python3.12/site-packages/rest_framework/views.py", line 512, in dispatch
    response = handler(request, *args, **kwargs)
               ^^^^^^^^^^^^^^^^^^^^^^^^^^^^^^^^^
  File "/home/bond-servant-in-training/Documents/Projects/Grade-Automator-Plus-epic-a-merge-down-b14/users/views.py", line 1461, in reset_password
    raise ParseError("Invalid email, OTP code, or new password.")
rest_framework.exceptions.ParseError: Invalid email, OTP code, or new password.
API Exception
Exception

The above exception was the direct cause of the following exception:

Traceback (most recent call last):
  File "/home/bond-servant-in-training/Documents/Virtualenvs/AutoGrader_env/lib/python3.12/site-packages/rest_framework/views.py", line 512, in dispatch
    response = handler(request, *args, **kwargs)
               ^^^^^^^^^^^^^^^^^^^^^^^^^^^^^^^^^
  File "/home/bond-servant-in-training/Documents/Projects/Grade-Automator-Plus-epic-a-merge-down-b14/users/views.py", line 1451, in reset_password
    raise ParseError("Invalid email, OTP code, or new password.") from Exception
rest_framework.exceptions.ParseError: Invalid email, OTP code, or new password.
ok
test_that_refusal_says_what_the_inactive_refusal_says (users.tests_reset_for_an_invited_student.InvitedStudentResetTests.test_that_refusal_says_what_the_inactive_refusal_says) ... Free trial plan not found: no trial activated for user 30ba5d12-25a1-407a-b0a1-7a7c34d7199c.
Cannot activate automatic trial for user 30ba5d12-25a1-407a-b0a1-7a7c34d7199c (validation): ValueError
Free trial plan not found: no trial activated for user a01c5951-fc1e-4c72-b368-6da9072619df.
Cannot activate automatic trial for user a01c5951-fc1e-4c72-b368-6da9072619df (validation): ValueError
API Exception
Traceback (most recent call last):
  File "/home/bond-servant-in-training/Documents/Virtualenvs/AutoGrader_env/lib/python3.12/site-packages/rest_framework/views.py", line 512, in dispatch
    response = handler(request, *args, **kwargs)
               ^^^^^^^^^^^^^^^^^^^^^^^^^^^^^^^^^
  File "/home/bond-servant-in-training/Documents/Projects/Grade-Automator-Plus-epic-a-merge-down-b14/users/views.py", line 1261, in otp
    raise ParseError("Email not verified.")
rest_framework.exceptions.ParseError: Email not verified.
API Exception
Traceback (most recent call last):
  File "/home/bond-servant-in-training/Documents/Virtualenvs/AutoGrader_env/lib/python3.12/site-packages/rest_framework/views.py", line 512, in dispatch
    response = handler(request, *args, **kwargs)
               ^^^^^^^^^^^^^^^^^^^^^^^^^^^^^^^^^
  File "/home/bond-servant-in-training/Documents/Projects/Grade-Automator-Plus-epic-a-merge-down-b14/users/views.py", line 1261, in otp
    raise ParseError("Email not verified.")
rest_framework.exceptions.ParseError: Email not verified.
ok
test_that_reset_refusal_is_the_same_as_for_an_address_with_no_account (users.tests_reset_for_an_invited_student.InvitedStudentResetTests.test_that_reset_refusal_is_the_same_as_for_an_address_with_no_account) ... Free trial plan not found: no trial activated for user cac49bcb-a9fc-49b2-ad62-9e7a3bf6235b.
Cannot activate automatic trial for user cac49bcb-a9fc-49b2-ad62-9e7a3bf6235b (validation): ValueError
Free trial plan not found: no trial activated for user ca8cd506-be94-4270-817e-1bdca560dd8e.
Cannot activate automatic trial for user ca8cd506-be94-4270-817e-1bdca560dd8e (validation): ValueError
API Exception
Traceback (most recent call last):
  File "/home/bond-servant-in-training/Documents/Virtualenvs/AutoGrader_env/lib/python3.12/site-packages/rest_framework/views.py", line 512, in dispatch
    response = handler(request, *args, **kwargs)
               ^^^^^^^^^^^^^^^^^^^^^^^^^^^^^^^^^
  File "/home/bond-servant-in-training/Documents/Projects/Grade-Automator-Plus-epic-a-merge-down-b14/users/views.py", line 1461, in reset_password
    raise ParseError("Invalid email, OTP code, or new password.")
rest_framework.exceptions.ParseError: Invalid email, OTP code, or new password.
API Exception
Exception

The above exception was the direct cause of the following exception:

Traceback (most recent call last):
  File "/home/bond-servant-in-training/Documents/Virtualenvs/AutoGrader_env/lib/python3.12/site-packages/rest_framework/views.py", line 512, in dispatch
    response = handler(request, *args, **kwargs)
               ^^^^^^^^^^^^^^^^^^^^^^^^^^^^^^^^^
  File "/home/bond-servant-in-training/Documents/Projects/Grade-Automator-Plus-epic-a-merge-down-b14/users/views.py", line 1451, in reset_password
    raise ParseError("Invalid email, OTP code, or new password.") from Exception
rest_framework.exceptions.ParseError: Invalid email, OTP code, or new password.
ok
test_the_reply_is_the_same_as_for_an_address_with_no_account (users.tests_reset_for_an_invited_student.InvitedStudentResetTests.test_the_reply_is_the_same_as_for_an_address_with_no_account) ... Free trial plan not found: no trial activated for user 85ca6089-b9d7-4afd-8d35-4b040348af82.
Cannot activate automatic trial for user 85ca6089-b9d7-4afd-8d35-4b040348af82 (validation): ValueError
ok
test_the_request_alone_does_not_verify_the_email (users.tests_reset_for_an_invited_student.InvitedStudentResetTests.test_the_request_alone_does_not_verify_the_email) ... Free trial plan not found: no trial activated for user b5931ce4-ef21-4e5d-945d-3c56a80ee355.
Cannot activate automatic trial for user b5931ce4-ef21-4e5d-945d-3c56a80ee355 (validation): ValueError
ok
test_the_request_refuses_a_command_line_superuser (users.tests_reset_for_an_invited_student.InvitedStudentResetTests.test_the_request_refuses_a_command_line_superuser)
create_superuser sets is_staff and is_superuser and leaves the ... Free trial plan not found: no trial activated for user b6e7eac5-c456-4172-bf91-e01e16b276a0.
Cannot activate automatic trial for user b6e7eac5-c456-4172-bf91-e01e16b276a0 (validation): ValueError
Free trial plan not found: no trial activated for user aff451a8-9e27-4c28-82d1-9ffb79f5e5c9.
Cannot activate automatic trial for user aff451a8-9e27-4c28-82d1-9ffb79f5e5c9 (validation): ValueError
API Exception
Traceback (most recent call last):
  File "/home/bond-servant-in-training/Documents/Virtualenvs/AutoGrader_env/lib/python3.12/site-packages/rest_framework/views.py", line 512, in dispatch
    response = handler(request, *args, **kwargs)
               ^^^^^^^^^^^^^^^^^^^^^^^^^^^^^^^^^
  File "/home/bond-servant-in-training/Documents/Projects/Grade-Automator-Plus-epic-a-merge-down-b14/users/views.py", line 1261, in otp
    raise ParseError("Email not verified.")
rest_framework.exceptions.ParseError: Email not verified.
ok
test_the_request_refuses_a_never_verified_staff_account (users.tests_reset_for_an_invited_student.InvitedStudentResetTests.test_the_request_refuses_a_never_verified_staff_account) ... Free trial plan not found: no trial activated for user c384f1d5-930d-49c7-9373-559f1cf82cf7.
Cannot activate automatic trial for user c384f1d5-930d-49c7-9373-559f1cf82cf7 (validation): ValueError
Free trial plan not found: no trial activated for user 69a2e4bf-75dc-4720-894b-afc4a7e209bc.
Cannot activate automatic trial for user 69a2e4bf-75dc-4720-894b-afc4a7e209bc (validation): ValueError
API Exception
Traceback (most recent call last):
  File "/home/bond-servant-in-training/Documents/Virtualenvs/AutoGrader_env/lib/python3.12/site-packages/rest_framework/views.py", line 512, in dispatch
    response = handler(request, *args, **kwargs)
               ^^^^^^^^^^^^^^^^^^^^^^^^^^^^^^^^^
  File "/home/bond-servant-in-training/Documents/Projects/Grade-Automator-Plus-epic-a-merge-down-b14/users/views.py", line 1261, in otp
    raise ParseError("Email not verified.")
rest_framework.exceptions.ParseError: Email not verified.
ok
test_the_request_refuses_a_never_verified_super_admin_type (users.tests_reset_for_an_invited_student.InvitedStudentResetTests.test_the_request_refuses_a_never_verified_super_admin_type) ... Free trial plan not found: no trial activated for user 7ed5a2ca-b1f9-4e7e-a01f-5f975b67e2ee.
Cannot activate automatic trial for user 7ed5a2ca-b1f9-4e7e-a01f-5f975b67e2ee (validation): ValueError
API Exception
Traceback (most recent call last):
  File "/home/bond-servant-in-training/Documents/Virtualenvs/AutoGrader_env/lib/python3.12/site-packages/rest_framework/views.py", line 512, in dispatch
    response = handler(request, *args, **kwargs)
               ^^^^^^^^^^^^^^^^^^^^^^^^^^^^^^^^^
  File "/home/bond-servant-in-training/Documents/Projects/Grade-Automator-Plus-epic-a-merge-down-b14/users/views.py", line 1261, in otp
    raise ParseError("Email not verified.")
rest_framework.exceptions.ParseError: Email not verified.
ok
test_the_request_refuses_a_never_verified_superuser_flag (users.tests_reset_for_an_invited_student.InvitedStudentResetTests.test_the_request_refuses_a_never_verified_superuser_flag) ... Free trial plan not found: no trial activated for user 7e68736f-c2b8-47db-8c96-242dd78a34f4.
Cannot activate automatic trial for user 7e68736f-c2b8-47db-8c96-242dd78a34f4 (validation): ValueError
Free trial plan not found: no trial activated for user 7c6e63cb-fe62-43e1-9674-17729ff2b5e1.
Cannot activate automatic trial for user 7c6e63cb-fe62-43e1-9674-17729ff2b5e1 (validation): ValueError
API Exception
Traceback (most recent call last):
  File "/home/bond-servant-in-training/Documents/Virtualenvs/AutoGrader_env/lib/python3.12/site-packages/rest_framework/views.py", line 512, in dispatch
    response = handler(request, *args, **kwargs)
               ^^^^^^^^^^^^^^^^^^^^^^^^^^^^^^^^^
  File "/home/bond-servant-in-training/Documents/Projects/Grade-Automator-Plus-epic-a-merge-down-b14/users/views.py", line 1261, in otp
    raise ParseError("Email not verified.")
rest_framework.exceptions.ParseError: Email not verified.
ok
test_the_reset_refuses_a_command_line_superuser (users.tests_reset_for_an_invited_student.InvitedStudentResetTests.test_the_reset_refuses_a_command_line_superuser) ... Free trial plan not found: no trial activated for user 0a893cb4-34c4-48e1-b6f7-3d4a2d3b8ff5.
Cannot activate automatic trial for user 0a893cb4-34c4-48e1-b6f7-3d4a2d3b8ff5 (validation): ValueError
Free trial plan not found: no trial activated for user 929ead65-d637-46f5-bac9-ad8279b89577.
Cannot activate automatic trial for user 929ead65-d637-46f5-bac9-ad8279b89577 (validation): ValueError
API Exception
Traceback (most recent call last):
  File "/home/bond-servant-in-training/Documents/Virtualenvs/AutoGrader_env/lib/python3.12/site-packages/rest_framework/views.py", line 512, in dispatch
    response = handler(request, *args, **kwargs)
               ^^^^^^^^^^^^^^^^^^^^^^^^^^^^^^^^^
  File "/home/bond-servant-in-training/Documents/Projects/Grade-Automator-Plus-epic-a-merge-down-b14/users/views.py", line 1461, in reset_password
    raise ParseError("Invalid email, OTP code, or new password.")
rest_framework.exceptions.ParseError: Invalid email, OTP code, or new password.
ok
test_the_reset_refuses_a_never_verified_staff_account (users.tests_reset_for_an_invited_student.InvitedStudentResetTests.test_the_reset_refuses_a_never_verified_staff_account) ... Free trial plan not found: no trial activated for user ae1dd2ed-1a6e-40f1-a98f-604338f40a27.
Cannot activate automatic trial for user ae1dd2ed-1a6e-40f1-a98f-604338f40a27 (validation): ValueError
Free trial plan not found: no trial activated for user f1476614-2892-4535-abcc-4f045a24595f.
Cannot activate automatic trial for user f1476614-2892-4535-abcc-4f045a24595f (validation): ValueError
API Exception
Traceback (most recent call last):
  File "/home/bond-servant-in-training/Documents/Virtualenvs/AutoGrader_env/lib/python3.12/site-packages/rest_framework/views.py", line 512, in dispatch
    response = handler(request, *args, **kwargs)
               ^^^^^^^^^^^^^^^^^^^^^^^^^^^^^^^^^
  File "/home/bond-servant-in-training/Documents/Projects/Grade-Automator-Plus-epic-a-merge-down-b14/users/views.py", line 1461, in reset_password
    raise ParseError("Invalid email, OTP code, or new password.")
rest_framework.exceptions.ParseError: Invalid email, OTP code, or new password.
ok
test_the_reset_refuses_a_never_verified_super_admin_type (users.tests_reset_for_an_invited_student.InvitedStudentResetTests.test_the_reset_refuses_a_never_verified_super_admin_type) ... Free trial plan not found: no trial activated for user 11070e11-23a5-4d0b-bcff-16dd48e93f95.
Cannot activate automatic trial for user 11070e11-23a5-4d0b-bcff-16dd48e93f95 (validation): ValueError
API Exception
Traceback (most recent call last):
  File "/home/bond-servant-in-training/Documents/Virtualenvs/AutoGrader_env/lib/python3.12/site-packages/rest_framework/views.py", line 512, in dispatch
    response = handler(request, *args, **kwargs)
               ^^^^^^^^^^^^^^^^^^^^^^^^^^^^^^^^^
  File "/home/bond-servant-in-training/Documents/Projects/Grade-Automator-Plus-epic-a-merge-down-b14/users/views.py", line 1461, in reset_password
    raise ParseError("Invalid email, OTP code, or new password.")
rest_framework.exceptions.ParseError: Invalid email, OTP code, or new password.
ok
test_the_reset_refuses_a_never_verified_superuser_flag (users.tests_reset_for_an_invited_student.InvitedStudentResetTests.test_the_reset_refuses_a_never_verified_superuser_flag) ... Free trial plan not found: no trial activated for user 8647f4d8-9707-4848-a64d-4660be38f619.
Cannot activate automatic trial for user 8647f4d8-9707-4848-a64d-4660be38f619 (validation): ValueError
Free trial plan not found: no trial activated for user 685e4493-d03d-440f-9029-ebb682ee6ff2.
Cannot activate automatic trial for user 685e4493-d03d-440f-9029-ebb682ee6ff2 (validation): ValueError
API Exception
Traceback (most recent call last):
  File "/home/bond-servant-in-training/Documents/Virtualenvs/AutoGrader_env/lib/python3.12/site-packages/rest_framework/views.py", line 512, in dispatch
    response = handler(request, *args, **kwargs)
               ^^^^^^^^^^^^^^^^^^^^^^^^^^^^^^^^^
  File "/home/bond-servant-in-training/Documents/Projects/Grade-Automator-Plus-epic-a-merge-down-b14/users/views.py", line 1461, in reset_password
    raise ParseError("Invalid email, OTP code, or new password.")
rest_framework.exceptions.ParseError: Invalid email, OTP code, or new password.
ok
test_a_licence_invited_teacher_still_verifies_end_to_end (users.tests_reset_for_an_invited_student.VerifyEmailAdminPowerTests.test_a_licence_invited_teacher_still_verifies_end_to_end)
Green on the old code too: an active, never-verified licence ... Free trial plan not found: no trial activated for user 3d2ba2ec-33a7-4d0f-9922-8ba267094177.
Cannot activate automatic trial for user 3d2ba2ec-33a7-4d0f-9922-8ba267094177 (validation): ValueError
ok
test_a_refused_verify_on_an_admin_power_account_locks_the_address_like_a_wrong_guess (users.tests_reset_for_an_invited_student.VerifyEmailAdminPowerTests.test_a_refused_verify_on_an_admin_power_account_locks_the_address_like_a_wrong_guess)
The budget is spent as for a wrong guess only if the address is ... Free trial plan not found: no trial activated for user f58cdb70-31e7-45a2-8db2-b064f3fcc006.
Cannot activate automatic trial for user f58cdb70-31e7-45a2-8db2-b064f3fcc006 (validation): ValueError
API Exception
Traceback (most recent call last):
  File "/home/bond-servant-in-training/Documents/Virtualenvs/AutoGrader_env/lib/python3.12/site-packages/rest_framework/views.py", line 512, in dispatch
    response = handler(request, *args, **kwargs)
               ^^^^^^^^^^^^^^^^^^^^^^^^^^^^^^^^^
  File "/home/bond-servant-in-training/Documents/Projects/Grade-Automator-Plus-epic-a-merge-down-b14/users/views.py", line 1076, in verify
    refuse("Invalid email or token.", user, "INVALID_CODE")
  File "/home/bond-servant-in-training/Documents/Projects/Grade-Automator-Plus-epic-a-merge-down-b14/users/views.py", line 1064, in refuse
    raise ParseError(message)
rest_framework.exceptions.ParseError: Invalid email or token.
verify_email address locked after too many attempts
API Exception
Traceback (most recent call last):
  File "/home/bond-servant-in-training/Documents/Virtualenvs/AutoGrader_env/lib/python3.12/site-packages/rest_framework/views.py", line 512, in dispatch
    response = handler(request, *args, **kwargs)
               ^^^^^^^^^^^^^^^^^^^^^^^^^^^^^^^^^
  File "/home/bond-servant-in-training/Documents/Projects/Grade-Automator-Plus-epic-a-merge-down-b14/users/views.py", line 1076, in verify
    refuse("Invalid email or token.", user, "INVALID_CODE")
  File "/home/bond-servant-in-training/Documents/Projects/Grade-Automator-Plus-epic-a-merge-down-b14/users/views.py", line 1064, in refuse
    raise ParseError(message)
rest_framework.exceptions.ParseError: Invalid email or token.
ok
test_a_refused_verify_spends_the_budget_like_a_wrong_guess (users.tests_reset_for_an_invited_student.VerifyEmailAdminPowerTests.test_a_refused_verify_spends_the_budget_like_a_wrong_guess) ... Free trial plan not found: no trial activated for user fc407c4e-30ec-4bf9-9171-40e1f2b84ac8.
Cannot activate automatic trial for user fc407c4e-30ec-4bf9-9171-40e1f2b84ac8 (validation): ValueError
API Exception
Traceback (most recent call last):
  File "/home/bond-servant-in-training/Documents/Virtualenvs/AutoGrader_env/lib/python3.12/site-packages/rest_framework/views.py", line 512, in dispatch
    response = handler(request, *args, **kwargs)
               ^^^^^^^^^^^^^^^^^^^^^^^^^^^^^^^^^
  File "/home/bond-servant-in-training/Documents/Projects/Grade-Automator-Plus-epic-a-merge-down-b14/users/views.py", line 1076, in verify
    refuse("Invalid email or token.", user, "INVALID_CODE")
  File "/home/bond-servant-in-training/Documents/Projects/Grade-Automator-Plus-epic-a-merge-down-b14/users/views.py", line 1064, in refuse
    raise ParseError(message)
rest_framework.exceptions.ParseError: Invalid email or token.
verify_email address locked after too many attempts
API Exception
Traceback (most recent call last):
  File "/home/bond-servant-in-training/Documents/Virtualenvs/AutoGrader_env/lib/python3.12/site-packages/rest_framework/views.py", line 512, in dispatch
    response = handler(request, *args, **kwargs)
               ^^^^^^^^^^^^^^^^^^^^^^^^^^^^^^^^^
  File "/home/bond-servant-in-training/Documents/Projects/Grade-Automator-Plus-epic-a-merge-down-b14/users/views.py", line 1076, in verify
    refuse("Invalid email or token.", user, "INVALID_CODE")
  File "/home/bond-servant-in-training/Documents/Projects/Grade-Automator-Plus-epic-a-merge-down-b14/users/views.py", line 1064, in refuse
    raise ParseError(message)
rest_framework.exceptions.ParseError: Invalid email or token.
API Exception
Traceback (most recent call last):
  File "/home/bond-servant-in-training/Documents/Virtualenvs/AutoGrader_env/lib/python3.12/site-packages/rest_framework/views.py", line 512, in dispatch
    response = handler(request, *args, **kwargs)
               ^^^^^^^^^^^^^^^^^^^^^^^^^^^^^^^^^
  File "/home/bond-servant-in-training/Documents/Projects/Grade-Automator-Plus-epic-a-merge-down-b14/users/views.py", line 1036, in verify
    raise EnvelopedThrottled(
users.exceptions.EnvelopedThrottled: Too many incorrect codes for this email address. Please wait, then request a new verification email. Expected available in 1799 seconds.
ok
test_a_verified_admin_can_still_verify (users.tests_reset_for_an_invited_student.VerifyEmailAdminPowerTests.test_a_verified_admin_can_still_verify)
Green on the old code too. ... ok
test_a_verified_admin_still_gets_the_already_verified_answer (users.tests_reset_for_an_invited_student.VerifyEmailAdminPowerTests.test_a_verified_admin_still_gets_the_already_verified_answer)
Green on the old code too. ... API Exception
Traceback (most recent call last):
  File "/home/bond-servant-in-training/Documents/Virtualenvs/AutoGrader_env/lib/python3.12/site-packages/rest_framework/views.py", line 512, in dispatch
    response = handler(request, *args, **kwargs)
               ^^^^^^^^^^^^^^^^^^^^^^^^^^^^^^^^^
  File "/home/bond-servant-in-training/Documents/Projects/Grade-Automator-Plus-epic-a-merge-down-b14/users/views.py", line 1228, in otp
    raise ParseError("Email already verified. Please login.")
rest_framework.exceptions.ParseError: Email already verified. Please login.
ok
test_an_invited_school_admin_still_verifies (users.tests_reset_for_an_invited_student.VerifyEmailAdminPowerTests.test_an_invited_school_admin_still_verifies)
Green on the old code too: an invited school admin (inactive, ... ok
test_an_ordinary_unverified_user_still_activates_end_to_end (users.tests_reset_for_an_invited_student.VerifyEmailAdminPowerTests.test_an_ordinary_unverified_user_still_activates_end_to_end)
Green on the old code too: a self-registered account (inactive, ... Free trial plan not found: no trial activated for user 6dcd32b0-ffcb-4e60-a072-b28a0d68edab.
Cannot activate automatic trial for user 6dcd32b0-ffcb-4e60-a072-b28a0d68edab (validation): ValueError
ok
test_that_code_request_answer_for_a_staff_account_is_the_unknown_ones (users.tests_reset_for_an_invited_student.VerifyEmailAdminPowerTests.test_that_code_request_answer_for_a_staff_account_is_the_unknown_ones) ... Free trial plan not found: no trial activated for user 3abcc1a0-91fb-4469-8192-16e8ccf3e546.
Cannot activate automatic trial for user 3abcc1a0-91fb-4469-8192-16e8ccf3e546 (validation): ValueError
ok
test_that_code_request_answer_for_a_super_admin_type_is_the_unknown_ones (users.tests_reset_for_an_invited_student.VerifyEmailAdminPowerTests.test_that_code_request_answer_for_a_super_admin_type_is_the_unknown_ones) ... ok
test_that_code_request_answer_for_a_superuser_flag_is_the_unknown_ones (users.tests_reset_for_an_invited_student.VerifyEmailAdminPowerTests.test_that_code_request_answer_for_a_superuser_flag_is_the_unknown_ones) ... Free trial plan not found: no trial activated for user 374a1807-b947-4beb-94ab-cdfe4eefa2f0.
Cannot activate automatic trial for user 374a1807-b947-4beb-94ab-cdfe4eefa2f0 (validation): ValueError
ok
test_that_verify_refusal_for_a_staff_account_is_the_wrong_code_one (users.tests_reset_for_an_invited_student.VerifyEmailAdminPowerTests.test_that_verify_refusal_for_a_staff_account_is_the_wrong_code_one) ... Free trial plan not found: no trial activated for user 2d464fb6-e37e-4ab9-8610-dffac07605a0.
Cannot activate automatic trial for user 2d464fb6-e37e-4ab9-8610-dffac07605a0 (validation): ValueError
API Exception
Traceback (most recent call last):
  File "/home/bond-servant-in-training/Documents/Virtualenvs/AutoGrader_env/lib/python3.12/site-packages/rest_framework/views.py", line 512, in dispatch
    response = handler(request, *args, **kwargs)
               ^^^^^^^^^^^^^^^^^^^^^^^^^^^^^^^^^
  File "/home/bond-servant-in-training/Documents/Projects/Grade-Automator-Plus-epic-a-merge-down-b14/users/views.py", line 1076, in verify
    refuse("Invalid email or token.", user, "INVALID_CODE")
  File "/home/bond-servant-in-training/Documents/Projects/Grade-Automator-Plus-epic-a-merge-down-b14/users/views.py", line 1064, in refuse
    raise ParseError(message)
rest_framework.exceptions.ParseError: Invalid email or token.
API Exception
Traceback (most recent call last):
  File "/home/bond-servant-in-training/Documents/Virtualenvs/AutoGrader_env/lib/python3.12/site-packages/rest_framework/views.py", line 512, in dispatch
    response = handler(request, *args, **kwargs)
               ^^^^^^^^^^^^^^^^^^^^^^^^^^^^^^^^^
  File "/home/bond-servant-in-training/Documents/Projects/Grade-Automator-Plus-epic-a-merge-down-b14/users/views.py", line 1068, in verify
    refuse("Invalid email or token.", account_for_email(email), "INVALID_CODE")
  File "/home/bond-servant-in-training/Documents/Projects/Grade-Automator-Plus-epic-a-merge-down-b14/users/views.py", line 1064, in refuse
    raise ParseError(message)
rest_framework.exceptions.ParseError: Invalid email or token.
ok
test_that_verify_refusal_for_a_super_admin_type_is_the_wrong_code_one (users.tests_reset_for_an_invited_student.VerifyEmailAdminPowerTests.test_that_verify_refusal_for_a_super_admin_type_is_the_wrong_code_one) ... API Exception
Traceback (most recent call last):
  File "/home/bond-servant-in-training/Documents/Virtualenvs/AutoGrader_env/lib/python3.12/site-packages/rest_framework/views.py", line 512, in dispatch
    response = handler(request, *args, **kwargs)
               ^^^^^^^^^^^^^^^^^^^^^^^^^^^^^^^^^
  File "/home/bond-servant-in-training/Documents/Projects/Grade-Automator-Plus-epic-a-merge-down-b14/users/views.py", line 1076, in verify
    refuse("Invalid email or token.", user, "INVALID_CODE")
  File "/home/bond-servant-in-training/Documents/Projects/Grade-Automator-Plus-epic-a-merge-down-b14/users/views.py", line 1064, in refuse
    raise ParseError(message)
rest_framework.exceptions.ParseError: Invalid email or token.
API Exception
Traceback (most recent call last):
  File "/home/bond-servant-in-training/Documents/Virtualenvs/AutoGrader_env/lib/python3.12/site-packages/rest_framework/views.py", line 512, in dispatch
    response = handler(request, *args, **kwargs)
               ^^^^^^^^^^^^^^^^^^^^^^^^^^^^^^^^^
  File "/home/bond-servant-in-training/Documents/Projects/Grade-Automator-Plus-epic-a-merge-down-b14/users/views.py", line 1068, in verify
    refuse("Invalid email or token.", account_for_email(email), "INVALID_CODE")
  File "/home/bond-servant-in-training/Documents/Projects/Grade-Automator-Plus-epic-a-merge-down-b14/users/views.py", line 1064, in refuse
    raise ParseError(message)
rest_framework.exceptions.ParseError: Invalid email or token.
ok
test_that_verify_refusal_for_a_superuser_flag_is_the_wrong_code_one (users.tests_reset_for_an_invited_student.VerifyEmailAdminPowerTests.test_that_verify_refusal_for_a_superuser_flag_is_the_wrong_code_one) ... Free trial plan not found: no trial activated for user 7e200f48-0ba9-4e28-be45-a0670abd7160.
Cannot activate automatic trial for user 7e200f48-0ba9-4e28-be45-a0670abd7160 (validation): ValueError
API Exception
Traceback (most recent call last):
  File "/home/bond-servant-in-training/Documents/Virtualenvs/AutoGrader_env/lib/python3.12/site-packages/rest_framework/views.py", line 512, in dispatch
    response = handler(request, *args, **kwargs)
               ^^^^^^^^^^^^^^^^^^^^^^^^^^^^^^^^^
  File "/home/bond-servant-in-training/Documents/Projects/Grade-Automator-Plus-epic-a-merge-down-b14/users/views.py", line 1076, in verify
    refuse("Invalid email or token.", user, "INVALID_CODE")
  File "/home/bond-servant-in-training/Documents/Projects/Grade-Automator-Plus-epic-a-merge-down-b14/users/views.py", line 1064, in refuse
    raise ParseError(message)
rest_framework.exceptions.ParseError: Invalid email or token.
API Exception
Traceback (most recent call last):
  File "/home/bond-servant-in-training/Documents/Virtualenvs/AutoGrader_env/lib/python3.12/site-packages/rest_framework/views.py", line 512, in dispatch
    response = handler(request, *args, **kwargs)
               ^^^^^^^^^^^^^^^^^^^^^^^^^^^^^^^^^
  File "/home/bond-servant-in-training/Documents/Projects/Grade-Automator-Plus-epic-a-merge-down-b14/users/views.py", line 1068, in verify
    refuse("Invalid email or token.", account_for_email(email), "INVALID_CODE")
  File "/home/bond-servant-in-training/Documents/Projects/Grade-Automator-Plus-epic-a-merge-down-b14/users/views.py", line 1064, in refuse
    raise ParseError(message)
rest_framework.exceptions.ParseError: Invalid email or token.
ok
test_the_code_request_sends_nothing_to_a_command_line_superuser (users.tests_reset_for_an_invited_student.VerifyEmailAdminPowerTests.test_the_code_request_sends_nothing_to_a_command_line_superuser) ... Free trial plan not found: no trial activated for user 007cf5be-a4db-4a62-ae11-25d1de4124ab.
Cannot activate automatic trial for user 007cf5be-a4db-4a62-ae11-25d1de4124ab (validation): ValueError
ok
test_the_code_request_sends_nothing_to_a_never_verified_staff_account (users.tests_reset_for_an_invited_student.VerifyEmailAdminPowerTests.test_the_code_request_sends_nothing_to_a_never_verified_staff_account) ... Free trial plan not found: no trial activated for user 7661979a-2f5f-4d2c-9c54-6b99a249213c.
Cannot activate automatic trial for user 7661979a-2f5f-4d2c-9c54-6b99a249213c (validation): ValueError
ok
test_the_code_request_sends_nothing_to_a_never_verified_super_admin_type (users.tests_reset_for_an_invited_student.VerifyEmailAdminPowerTests.test_the_code_request_sends_nothing_to_a_never_verified_super_admin_type) ... ok
test_the_code_request_sends_nothing_to_a_never_verified_superuser_flag (users.tests_reset_for_an_invited_student.VerifyEmailAdminPowerTests.test_the_code_request_sends_nothing_to_a_never_verified_superuser_flag) ... Free trial plan not found: no trial activated for user 8edaa8e3-59a8-4f30-8d09-596b43a78505.
Cannot activate automatic trial for user 8edaa8e3-59a8-4f30-8d09-596b43a78505 (validation): ValueError
ok
test_verify_refuses_a_command_line_superuser (users.tests_reset_for_an_invited_student.VerifyEmailAdminPowerTests.test_verify_refuses_a_command_line_superuser) ... Free trial plan not found: no trial activated for user 586f6d93-1b5c-4e7d-b845-d40e82c63501.
Cannot activate automatic trial for user 586f6d93-1b5c-4e7d-b845-d40e82c63501 (validation): ValueError
API Exception
Traceback (most recent call last):
  File "/home/bond-servant-in-training/Documents/Virtualenvs/AutoGrader_env/lib/python3.12/site-packages/rest_framework/views.py", line 512, in dispatch
    response = handler(request, *args, **kwargs)
               ^^^^^^^^^^^^^^^^^^^^^^^^^^^^^^^^^
  File "/home/bond-servant-in-training/Documents/Projects/Grade-Automator-Plus-epic-a-merge-down-b14/users/views.py", line 1076, in verify
    refuse("Invalid email or token.", user, "INVALID_CODE")
  File "/home/bond-servant-in-training/Documents/Projects/Grade-Automator-Plus-epic-a-merge-down-b14/users/views.py", line 1064, in refuse
    raise ParseError(message)
rest_framework.exceptions.ParseError: Invalid email or token.
ok
test_verify_refuses_a_never_verified_staff_account (users.tests_reset_for_an_invited_student.VerifyEmailAdminPowerTests.test_verify_refuses_a_never_verified_staff_account) ... Free trial plan not found: no trial activated for user 02c7b1d2-bff0-4a96-838a-29c8e531bbba.
Cannot activate automatic trial for user 02c7b1d2-bff0-4a96-838a-29c8e531bbba (validation): ValueError
API Exception
Traceback (most recent call last):
  File "/home/bond-servant-in-training/Documents/Virtualenvs/AutoGrader_env/lib/python3.12/site-packages/rest_framework/views.py", line 512, in dispatch
    response = handler(request, *args, **kwargs)
               ^^^^^^^^^^^^^^^^^^^^^^^^^^^^^^^^^
  File "/home/bond-servant-in-training/Documents/Projects/Grade-Automator-Plus-epic-a-merge-down-b14/users/views.py", line 1076, in verify
    refuse("Invalid email or token.", user, "INVALID_CODE")
  File "/home/bond-servant-in-training/Documents/Projects/Grade-Automator-Plus-epic-a-merge-down-b14/users/views.py", line 1064, in refuse
    raise ParseError(message)
rest_framework.exceptions.ParseError: Invalid email or token.
ok
test_verify_refuses_a_never_verified_super_admin_type (users.tests_reset_for_an_invited_student.VerifyEmailAdminPowerTests.test_verify_refuses_a_never_verified_super_admin_type) ... API Exception
Traceback (most recent call last):
  File "/home/bond-servant-in-training/Documents/Virtualenvs/AutoGrader_env/lib/python3.12/site-packages/rest_framework/views.py", line 512, in dispatch
    response = handler(request, *args, **kwargs)
               ^^^^^^^^^^^^^^^^^^^^^^^^^^^^^^^^^
  File "/home/bond-servant-in-training/Documents/Projects/Grade-Automator-Plus-epic-a-merge-down-b14/users/views.py", line 1076, in verify
    refuse("Invalid email or token.", user, "INVALID_CODE")
  File "/home/bond-servant-in-training/Documents/Projects/Grade-Automator-Plus-epic-a-merge-down-b14/users/views.py", line 1064, in refuse
    raise ParseError(message)
rest_framework.exceptions.ParseError: Invalid email or token.
ok
test_verify_refuses_a_never_verified_superuser_flag (users.tests_reset_for_an_invited_student.VerifyEmailAdminPowerTests.test_verify_refuses_a_never_verified_superuser_flag) ... Free trial plan not found: no trial activated for user 28cc490c-1d4d-486c-8b4f-4264aeaf628c.
Cannot activate automatic trial for user 28cc490c-1d4d-486c-8b4f-4264aeaf628c (validation): ValueError
API Exception
Traceback (most recent call last):
  File "/home/bond-servant-in-training/Documents/Virtualenvs/AutoGrader_env/lib/python3.12/site-packages/rest_framework/views.py", line 512, in dispatch
    response = handler(request, *args, **kwargs)
               ^^^^^^^^^^^^^^^^^^^^^^^^^^^^^^^^^
  File "/home/bond-servant-in-training/Documents/Projects/Grade-Automator-Plus-epic-a-merge-down-b14/users/views.py", line 1076, in verify
    refuse("Invalid email or token.", user, "INVALID_CODE")
  File "/home/bond-servant-in-training/Documents/Projects/Grade-Automator-Plus-epic-a-merge-down-b14/users/views.py", line 1064, in refuse
    raise ParseError(message)
rest_framework.exceptions.ParseError: Invalid email or token.
ok
test_roster_import_skips_a_deactivated_student_who_signed_in (classrooms.tests_roster_ready_to_use.DeactivatedAccountIsNeverReenabledTests.test_roster_import_skips_a_deactivated_student_who_signed_in) ... Free trial plan not found: no trial activated for user 46a4b7c4-cd24-4b5f-8259-2565e8b11394.
Cannot activate automatic trial for user 46a4b7c4-cd24-4b5f-8259-2565e8b11394 (validation): ValueError
Refused to enroll student 7744d26c-a75a-42e0-9693-94e7b97c3989 into course 195ab56a-6d13-4ff9-8c48-f2f0c4b2adae: the account is deactivated.
ok
test_roster_import_skips_a_deactivated_student_who_was_verified (classrooms.tests_roster_ready_to_use.DeactivatedAccountIsNeverReenabledTests.test_roster_import_skips_a_deactivated_student_who_was_verified)
Verified (e.g. through the old code sign-up) but never signed in ... Free trial plan not found: no trial activated for user 9cb8a5ec-24a2-4bb2-aff2-584182993f2d.
Cannot activate automatic trial for user 9cb8a5ec-24a2-4bb2-aff2-584182993f2d (validation): ValueError
Refused to enroll student 0b68292b-e7f7-4b2d-85af-44ea86774b42 into course 4f0d7cc4-d3b1-44d0-8a7f-9ad80f957efc: the account is deactivated.
ok
test_roster_import_skips_a_deactivated_student_with_only_activity (classrooms.tests_roster_ready_to_use.DeactivatedAccountIsNeverReenabledTests.test_roster_import_skips_a_deactivated_student_with_only_activity)
Sign-ins from before last_login was stamped show only as activity. ... Free trial plan not found: no trial activated for user 937b793d-4627-490b-833a-f297f9610557.
Cannot activate automatic trial for user 937b793d-4627-490b-833a-f297f9610557 (validation): ValueError
Refused to enroll student 002c7bb5-b7a6-4aa5-aa18-b922f25bacd4 into course 96fd0f59-fe16-44cf-b279-4ec35fa7c766: the account is deactivated.
ok
test_single_add_refuses_a_deactivated_student (classrooms.tests_roster_ready_to_use.DeactivatedAccountIsNeverReenabledTests.test_single_add_refuses_a_deactivated_student)
The same rule on the single-add path, where it was a pre-existing ... Free trial plan not found: no trial activated for user 323228f5-ac24-467b-931e-755a897de848.
Cannot activate automatic trial for user 323228f5-ac24-467b-931e-755a897de848 (validation): ValueError
Refused to enroll student 61f65a0d-3ea2-4cde-90b5-80456e8abb14 into course 713bd1c5-42aa-46a5-98a0-3f87553d9e94: the account is deactivated.
ok
test_single_add_still_invites_a_never_activated_legacy_row (classrooms.tests_roster_ready_to_use.DeactivatedAccountIsNeverReenabledTests.test_single_add_still_invites_a_never_activated_legacy_row) ... Free trial plan not found: no trial activated for user 2f9a8f65-8c50-46e8-8e53-cec980458903.
Cannot activate automatic trial for user 2f9a8f65-8c50-46e8-8e53-cec980458903 (validation): ValueError
ok
test_a_legacy_inactive_row_with_a_code_is_promoted_and_its_code_cleared (classrooms.tests_roster_ready_to_use.RosterEmailRowsAreReadyToUseTests.test_a_legacy_inactive_row_with_a_code_is_promoted_and_its_code_cleared) ... Free trial plan not found: no trial activated for user 045dfd95-2734-4d19-bd27-fa0eaca9b0d3.
Cannot activate automatic trial for user 045dfd95-2734-4d19-bd27-fa0eaca9b0d3 (validation): ValueError
ok
test_a_login_stamps_last_login (classrooms.tests_roster_ready_to_use.RosterEmailRowsAreReadyToUseTests.test_a_login_stamps_last_login) ... Free trial plan not found: no trial activated for user 99cddf32-23d9-46c6-9deb-530c9b3f99ee.
Cannot activate automatic trial for user 99cddf32-23d9-46c6-9deb-530c9b3f99ee (validation): ValueError
ok
test_a_new_student_is_active_with_a_temporary_password_and_no_code (classrooms.tests_roster_ready_to_use.RosterEmailRowsAreReadyToUseTests.test_a_new_student_is_active_with_a_temporary_password_and_no_code) ... Free trial plan not found: no trial activated for user f411c641-fd96-4f4d-9113-ca65923a4f04.
Cannot activate automatic trial for user f411c641-fd96-4f4d-9113-ca65923a4f04 (validation): ValueError
ok
test_a_staff_email_is_refused (classrooms.tests_roster_ready_to_use.RosterEmailRowsAreReadyToUseTests.test_a_staff_email_is_refused) ... Free trial plan not found: no trial activated for user a16c2581-0295-4ff2-8af4-5db09533c89b.
Cannot activate automatic trial for user a16c2581-0295-4ff2-8af4-5db09533c89b (validation): ValueError
Free trial plan not found: no trial activated for user 7ac92768-3802-4b11-b5da-7f43c49a9279.
Cannot activate automatic trial for user 7ac92768-3802-4b11-b5da-7f43c49a9279 (validation): ValueError
ok
test_a_student_who_has_signed_in_is_enrolled_and_keeps_their_password (classrooms.tests_roster_ready_to_use.RosterEmailRowsAreReadyToUseTests.test_a_student_who_has_signed_in_is_enrolled_and_keeps_their_password) ... Free trial plan not found: no trial activated for user 63424d37-1e1e-4ac8-a682-9e34e3a31d98.
Cannot activate automatic trial for user 63424d37-1e1e-4ac8-a682-9e34e3a31d98 (validation): ValueError
ok
test_a_student_who_never_signed_in_gets_a_fresh_password (classrooms.tests_roster_ready_to_use.RosterEmailRowsAreReadyToUseTests.test_a_student_who_never_signed_in_gets_a_fresh_password)
The reverse case: invited before, never signed in (no last_login, ... Free trial plan not found: no trial activated for user 29a5c8dc-5c4c-40f4-a723-7a280bf02d2c.
Cannot activate automatic trial for user 29a5c8dc-5c4c-40f4-a723-7a280bf02d2c (validation): ValueError
ok
test_an_already_enrolled_row_is_skipped_and_nothing_is_sent (classrooms.tests_roster_ready_to_use.RosterEmailRowsAreReadyToUseTests.test_an_already_enrolled_row_is_skipped_and_nothing_is_sent) ... Free trial plan not found: no trial activated for user eb738d9c-0c32-4df9-86e8-aa0218bf77ff.
Cannot activate automatic trial for user eb738d9c-0c32-4df9-86e8-aa0218bf77ff (validation): ValueError
ok
test_another_schools_student_is_refused_and_untouched (classrooms.tests_roster_ready_to_use.RosterEmailRowsAreReadyToUseTests.test_another_schools_student_is_refused_and_untouched) ... Free trial plan not found: no trial activated for user 40b9a0a3-7098-41a6-8111-1b5e294d87f2.
Cannot activate automatic trial for user 40b9a0a3-7098-41a6-8111-1b5e294d87f2 (validation): ValueError
Refused to enroll student 6e09d4e4-b3bf-4f4e-92c4-393dfe1936b5 into course d87dcb46-cd48-4ea3-859c-f58b22c2261a: account is associated with school(s) ['70eda390-5e6f-4748-b474-b2fdc9ca58f3'] but the course belongs to school None.
ok
test_no_row_of_a_mixed_import_leaves_a_student_with_a_code (classrooms.tests_roster_ready_to_use.RosterEmailRowsAreReadyToUseTests.test_no_row_of_a_mixed_import_leaves_a_student_with_a_code) ... Free trial plan not found: no trial activated for user 43cb00db-b23e-4fa4-9e3b-746b26fdf936.
Cannot activate automatic trial for user 43cb00db-b23e-4fa4-9e3b-746b26fdf936 (validation): ValueError
ok
test_reimporting_a_signed_in_student_with_the_flag_set_keeps_their_password (classrooms.tests_roster_ready_to_use.RosterEmailRowsAreReadyToUseTests.test_reimporting_a_signed_in_student_with_the_flag_set_keeps_their_password)
The Verification Engineer's scenario: must_change_password is ... Free trial plan not found: no trial activated for user 29fc4a6e-6cf2-472e-a091-ded5d9cee9e8.
Cannot activate automatic trial for user 29fc4a6e-6cf2-472e-a091-ded5d9cee9e8 (validation): ValueError
ok
test_the_emailed_password_logs_in_and_activates_the_enrollment (classrooms.tests_roster_ready_to_use.RosterEmailRowsAreReadyToUseTests.test_the_emailed_password_logs_in_and_activates_the_enrollment) ... Free trial plan not found: no trial activated for user 8457346e-2566-4695-804e-d295233401ee.
Cannot activate automatic trial for user 8457346e-2566-4695-804e-d295233401ee (validation): ValueError
ok
test_a_signed_in_student_is_enrolled_and_keeps_their_password (classrooms.tests_roster_ready_to_use.SingleAddExistingStudentTests.test_a_signed_in_student_is_enrolled_and_keeps_their_password) ... Free trial plan not found: no trial activated for user c186377c-4c4f-47f4-9b72-63f030131f12.
Cannot activate automatic trial for user c186377c-4c4f-47f4-9b72-63f030131f12 (validation): ValueError
ok
test_a_student_who_never_signed_in_is_re_sent_credentials (classrooms.tests_roster_ready_to_use.SingleAddExistingStudentTests.test_a_student_who_never_signed_in_is_re_sent_credentials) ... Free trial plan not found: no trial activated for user d87d78e1-80cf-485b-b4e4-10adea3311d5.
Cannot activate automatic trial for user d87d78e1-80cf-485b-b4e4-10adea3311d5 (validation): ValueError
ok
test_a_bulk_row_answers_as_for_a_staff_address (classrooms.tests_h99_placeholder_email.ACallerSuppliedPlaceholderAddressIsRefusedTests.test_a_bulk_row_answers_as_for_a_staff_address) ... Free trial plan not found: no trial activated for user 1709a32e-b3fc-43ac-8b13-4514d89f4640.
Cannot activate automatic trial for user 1709a32e-b3fc-43ac-8b13-4514d89f4640 (validation): ValueError
Free trial plan not found: no trial activated for user 8f6f2994-67d9-46f6-91b9-ff530872af5d.
Cannot activate automatic trial for user 8f6f2994-67d9-46f6-91b9-ff530872af5d (validation): ValueError
ok
test_a_bulk_row_refuses_it (classrooms.tests_h99_placeholder_email.ACallerSuppliedPlaceholderAddressIsRefusedTests.test_a_bulk_row_refuses_it) ... Free trial plan not found: no trial activated for user 45cf785e-eda8-4f3e-9e4c-66797aee17b8.
Cannot activate automatic trial for user 45cf785e-eda8-4f3e-9e4c-66797aee17b8 (validation): ValueError
Free trial plan not found: no trial activated for user b83533c3-780e-428c-99ea-b17225786aea.
Cannot activate automatic trial for user b83533c3-780e-428c-99ea-b17225786aea (validation): ValueError
ok
test_a_real_students_address_is_still_added (classrooms.tests_h99_placeholder_email.ACallerSuppliedPlaceholderAddressIsRefusedTests.test_a_real_students_address_is_still_added)
Control: the refusal is for the placeholder domain only. ... Free trial plan not found: no trial activated for user f341b6f3-d185-4c48-9c88-cbe418432475.
Cannot activate automatic trial for user f341b6f3-d185-4c48-9c88-cbe418432475 (validation): ValueError
Free trial plan not found: no trial activated for user 1fe8a100-c607-461f-aa43-d88a9a68204a.
Cannot activate automatic trial for user 1fe8a100-c607-461f-aa43-d88a9a68204a (validation): ValueError
Free trial plan not found: no trial activated for user 91807745-80fe-40a6-9ea3-420be4e33aca.
Cannot activate automatic trial for user 91807745-80fe-40a6-9ea3-420be4e33aca (validation): ValueError
ok
test_direct_add_answers_as_for_a_staff_address (classrooms.tests_h99_placeholder_email.ACallerSuppliedPlaceholderAddressIsRefusedTests.test_direct_add_answers_as_for_a_staff_address) ... Free trial plan not found: no trial activated for user 32d071f2-11fc-4fb9-b669-615ede359e4b.
Cannot activate automatic trial for user 32d071f2-11fc-4fb9-b669-615ede359e4b (validation): ValueError
Free trial plan not found: no trial activated for user d87262e1-23bc-456e-9fe2-17c2fcf6f67b.
Cannot activate automatic trial for user d87262e1-23bc-456e-9fe2-17c2fcf6f67b (validation): ValueError
API Exception
Traceback (most recent call last):
  File "/home/bond-servant-in-training/Documents/Virtualenvs/AutoGrader_env/lib/python3.12/site-packages/rest_framework/views.py", line 512, in dispatch
    response = handler(request, *args, **kwargs)
               ^^^^^^^^^^^^^^^^^^^^^^^^^^^^^^^^^
  File "/home/bond-servant-in-training/Documents/Projects/Grade-Automator-Plus-epic-a-merge-down-b14/classrooms/views.py", line 1418, in direct_add_student
    raise ValidationError(serializer.errors)
rest_framework.exceptions.ValidationError: {'email': [ErrorDetail(string="This email can't be added as a student.", code='invalid')]}
API Exception
Traceback (most recent call last):
  File "/home/bond-servant-in-training/Documents/Virtualenvs/AutoGrader_env/lib/python3.12/site-packages/rest_framework/views.py", line 512, in dispatch
    response = handler(request, *args, **kwargs)
               ^^^^^^^^^^^^^^^^^^^^^^^^^^^^^^^^^
  File "/home/bond-servant-in-training/Documents/Projects/Grade-Automator-Plus-epic-a-merge-down-b14/classrooms/views.py", line 1418, in direct_add_student
    raise ValidationError(serializer.errors)
rest_framework.exceptions.ValidationError: {'email': [ErrorDetail(string="This email can't be added as a student.", code='invalid')]}
API Exception
Traceback (most recent call last):
  File "/home/bond-servant-in-training/Documents/Virtualenvs/AutoGrader_env/lib/python3.12/site-packages/rest_framework/views.py", line 512, in dispatch
    response = handler(request, *args, **kwargs)
               ^^^^^^^^^^^^^^^^^^^^^^^^^^^^^^^^^
  File "/home/bond-servant-in-training/Documents/Projects/Grade-Automator-Plus-epic-a-merge-down-b14/classrooms/views.py", line 1418, in direct_add_student
    raise ValidationError(serializer.errors)
rest_framework.exceptions.ValidationError: {'email': [ErrorDetail(string="This email can't be added as a student.", code='invalid')]}
ok
test_direct_add_refuses_it (classrooms.tests_h99_placeholder_email.ACallerSuppliedPlaceholderAddressIsRefusedTests.test_direct_add_refuses_it) ... Free trial plan not found: no trial activated for user 53854e31-9f17-4e97-b08a-1627e78a0661.
Cannot activate automatic trial for user 53854e31-9f17-4e97-b08a-1627e78a0661 (validation): ValueError
Free trial plan not found: no trial activated for user 0f4d6373-bac3-4a35-a170-a386e0ac82d2.
Cannot activate automatic trial for user 0f4d6373-bac3-4a35-a170-a386e0ac82d2 (validation): ValueError
API Exception
Traceback (most recent call last):
  File "/home/bond-servant-in-training/Documents/Virtualenvs/AutoGrader_env/lib/python3.12/site-packages/rest_framework/views.py", line 512, in dispatch
    response = handler(request, *args, **kwargs)
               ^^^^^^^^^^^^^^^^^^^^^^^^^^^^^^^^^
  File "/home/bond-servant-in-training/Documents/Projects/Grade-Automator-Plus-epic-a-merge-down-b14/classrooms/views.py", line 1418, in direct_add_student
    raise ValidationError(serializer.errors)
rest_framework.exceptions.ValidationError: {'email': [ErrorDetail(string="This email can't be added as a student.", code='invalid')]}
API Exception
Traceback (most recent call last):
  File "/home/bond-servant-in-training/Documents/Virtualenvs/AutoGrader_env/lib/python3.12/site-packages/rest_framework/views.py", line 512, in dispatch
    response = handler(request, *args, **kwargs)
               ^^^^^^^^^^^^^^^^^^^^^^^^^^^^^^^^^
  File "/home/bond-servant-in-training/Documents/Projects/Grade-Automator-Plus-epic-a-merge-down-b14/classrooms/views.py", line 1418, in direct_add_student
    raise ValidationError(serializer.errors)
rest_framework.exceptions.ValidationError: {'email': [ErrorDetail(string="This email can't be added as a student.", code='invalid')]}
API Exception
Traceback (most recent call last):
  File "/home/bond-servant-in-training/Documents/Virtualenvs/AutoGrader_env/lib/python3.12/site-packages/rest_framework/views.py", line 512, in dispatch
    response = handler(request, *args, **kwargs)
               ^^^^^^^^^^^^^^^^^^^^^^^^^^^^^^^^^
  File "/home/bond-servant-in-training/Documents/Projects/Grade-Automator-Plus-epic-a-merge-down-b14/classrooms/views.py", line 1418, in direct_add_student
    raise ValidationError(serializer.errors)
rest_framework.exceptions.ValidationError: {'email': [ErrorDetail(string="This email can't be added as a student.", code='invalid')]}
API Exception
Traceback (most recent call last):
  File "/home/bond-servant-in-training/Documents/Virtualenvs/AutoGrader_env/lib/python3.12/site-packages/rest_framework/views.py", line 512, in dispatch
    response = handler(request, *args, **kwargs)
               ^^^^^^^^^^^^^^^^^^^^^^^^^^^^^^^^^
  File "/home/bond-servant-in-training/Documents/Projects/Grade-Automator-Plus-epic-a-merge-down-b14/classrooms/views.py", line 1418, in direct_add_student
    raise ValidationError(serializer.errors)
rest_framework.exceptions.ValidationError: {'email': [ErrorDetail(string="This email can't be added as a student.", code='invalid')]}
ok
test_each_form_refuses_it_before_any_lookup_or_save (classrooms.tests_h99_placeholder_email.ACallerSuppliedPlaceholderAddressIsRefusedTests.test_each_form_refuses_it_before_any_lookup_or_save)
Isolates the two serializers' own check from the shared service's ... Free trial plan not found: no trial activated for user deca3b23-15ef-4f83-aee1-88c0c19e31bd.
Cannot activate automatic trial for user deca3b23-15ef-4f83-aee1-88c0c19e31bd (validation): ValueError
Free trial plan not found: no trial activated for user 71ce90dc-57f6-440f-a3f5-361530c21f1e.
Cannot activate automatic trial for user 71ce90dc-57f6-440f-a3f5-361530c21f1e (validation): ValueError
ok
test_single_add_answers_as_for_a_staff_address (classrooms.tests_h99_placeholder_email.ACallerSuppliedPlaceholderAddressIsRefusedTests.test_single_add_answers_as_for_a_staff_address) ... Free trial plan not found: no trial activated for user f528f55a-7274-44b0-b255-ff9a644b9ac9.
Cannot activate automatic trial for user f528f55a-7274-44b0-b255-ff9a644b9ac9 (validation): ValueError
Free trial plan not found: no trial activated for user 501d197c-3f2b-4c85-929c-9cfcda1ff070.
Cannot activate automatic trial for user 501d197c-3f2b-4c85-929c-9cfcda1ff070 (validation): ValueError
API Exception
Traceback (most recent call last):
  File "/home/bond-servant-in-training/Documents/Virtualenvs/AutoGrader_env/lib/python3.12/site-packages/rest_framework/views.py", line 512, in dispatch
    response = handler(request, *args, **kwargs)
               ^^^^^^^^^^^^^^^^^^^^^^^^^^^^^^^^^
  File "/home/bond-servant-in-training/Documents/Projects/Grade-Automator-Plus-epic-a-merge-down-b14/classrooms/views.py", line 1339, in students
    raise ValidationError(serializer.errors)
rest_framework.exceptions.ValidationError: {'email': [ErrorDetail(string="This email can't be added as a student.", code='invalid')], 'first_name': [ErrorDetail(string='This field is required.', code='required')], 'last_name': [ErrorDetail(string='This field is required.', code='required')]}
API Exception
Traceback (most recent call last):
  File "/home/bond-servant-in-training/Documents/Virtualenvs/AutoGrader_env/lib/python3.12/site-packages/rest_framework/views.py", line 512, in dispatch
    response = handler(request, *args, **kwargs)
               ^^^^^^^^^^^^^^^^^^^^^^^^^^^^^^^^^
  File "/home/bond-servant-in-training/Documents/Projects/Grade-Automator-Plus-epic-a-merge-down-b14/classrooms/views.py", line 1339, in students
    raise ValidationError(serializer.errors)
rest_framework.exceptions.ValidationError: {'email': [ErrorDetail(string="This email can't be added as a student.", code='invalid')], 'first_name': [ErrorDetail(string='This field is required.', code='required')], 'last_name': [ErrorDetail(string='This field is required.', code='required')]}
API Exception
Traceback (most recent call last):
  File "/home/bond-servant-in-training/Documents/Virtualenvs/AutoGrader_env/lib/python3.12/site-packages/rest_framework/views.py", line 512, in dispatch
    response = handler(request, *args, **kwargs)
               ^^^^^^^^^^^^^^^^^^^^^^^^^^^^^^^^^
  File "/home/bond-servant-in-training/Documents/Projects/Grade-Automator-Plus-epic-a-merge-down-b14/classrooms/views.py", line 1339, in students
    raise ValidationError(serializer.errors)
rest_framework.exceptions.ValidationError: {'email': [ErrorDetail(string="This email can't be added as a student.", code='invalid')], 'first_name': [ErrorDetail(string='This field is required.', code='required')], 'last_name': [ErrorDetail(string='This field is required.', code='required')]}
ok
test_single_add_refuses_it (classrooms.tests_h99_placeholder_email.ACallerSuppliedPlaceholderAddressIsRefusedTests.test_single_add_refuses_it) ... Free trial plan not found: no trial activated for user 9ecf1908-927a-4adc-b62e-7d4d3957bcd4.
Cannot activate automatic trial for user 9ecf1908-927a-4adc-b62e-7d4d3957bcd4 (validation): ValueError
Free trial plan not found: no trial activated for user 42854e3c-7c73-4cfa-a424-9898bc27b025.
Cannot activate automatic trial for user 42854e3c-7c73-4cfa-a424-9898bc27b025 (validation): ValueError
API Exception
Traceback (most recent call last):
  File "/home/bond-servant-in-training/Documents/Virtualenvs/AutoGrader_env/lib/python3.12/site-packages/rest_framework/views.py", line 512, in dispatch
    response = handler(request, *args, **kwargs)
               ^^^^^^^^^^^^^^^^^^^^^^^^^^^^^^^^^
  File "/home/bond-servant-in-training/Documents/Projects/Grade-Automator-Plus-epic-a-merge-down-b14/classrooms/views.py", line 1339, in students
    raise ValidationError(serializer.errors)
rest_framework.exceptions.ValidationError: {'email': [ErrorDetail(string="This email can't be added as a student.", code='invalid')]}
API Exception
Traceback (most recent call last):
  File "/home/bond-servant-in-training/Documents/Virtualenvs/AutoGrader_env/lib/python3.12/site-packages/rest_framework/views.py", line 512, in dispatch
    response = handler(request, *args, **kwargs)
               ^^^^^^^^^^^^^^^^^^^^^^^^^^^^^^^^^
  File "/home/bond-servant-in-training/Documents/Projects/Grade-Automator-Plus-epic-a-merge-down-b14/classrooms/views.py", line 1339, in students
    raise ValidationError(serializer.errors)
rest_framework.exceptions.ValidationError: {'email': [ErrorDetail(string="This email can't be added as a student.", code='invalid')]}
API Exception
Traceback (most recent call last):
  File "/home/bond-servant-in-training/Documents/Virtualenvs/AutoGrader_env/lib/python3.12/site-packages/rest_framework/views.py", line 512, in dispatch
    response = handler(request, *args, **kwargs)
               ^^^^^^^^^^^^^^^^^^^^^^^^^^^^^^^^^
  File "/home/bond-servant-in-training/Documents/Projects/Grade-Automator-Plus-epic-a-merge-down-b14/classrooms/views.py", line 1339, in students
    raise ValidationError(serializer.errors)
rest_framework.exceptions.ValidationError: {'email': [ErrorDetail(string="This email can't be added as a student.", code='invalid')]}
API Exception
Traceback (most recent call last):
  File "/home/bond-servant-in-training/Documents/Virtualenvs/AutoGrader_env/lib/python3.12/site-packages/rest_framework/views.py", line 512, in dispatch
    response = handler(request, *args, **kwargs)
               ^^^^^^^^^^^^^^^^^^^^^^^^^^^^^^^^^
  File "/home/bond-servant-in-training/Documents/Projects/Grade-Automator-Plus-epic-a-merge-down-b14/classrooms/views.py", line 1339, in students
    raise ValidationError(serializer.errors)
rest_framework.exceptions.ValidationError: {'email': [ErrorDetail(string="This email can't be added as a student.", code='invalid')]}
ok
test_the_owner_cannot_use_it_either (classrooms.tests_h99_placeholder_email.ACallerSuppliedPlaceholderAddressIsRefusedTests.test_the_owner_cannot_use_it_either)
The rule is about the domain, not about whose student it is: the ... Free trial plan not found: no trial activated for user 9c56af7c-a59c-4cbc-a36e-ea3abfcb9ad4.
Cannot activate automatic trial for user 9c56af7c-a59c-4cbc-a36e-ea3abfcb9ad4 (validation): ValueError
Free trial plan not found: no trial activated for user 59963a55-b29f-4639-9f9d-47ab987b0109.
Cannot activate automatic trial for user 59963a55-b29f-4639-9f9d-47ab987b0109 (validation): ValueError
API Exception
Traceback (most recent call last):
  File "/home/bond-servant-in-training/Documents/Virtualenvs/AutoGrader_env/lib/python3.12/site-packages/rest_framework/views.py", line 512, in dispatch
    response = handler(request, *args, **kwargs)
               ^^^^^^^^^^^^^^^^^^^^^^^^^^^^^^^^^
  File "/home/bond-servant-in-training/Documents/Projects/Grade-Automator-Plus-epic-a-merge-down-b14/classrooms/views.py", line 1339, in students
    raise ValidationError(serializer.errors)
rest_framework.exceptions.ValidationError: {'email': [ErrorDetail(string="This email can't be added as a student.", code='invalid')]}
ok
test_the_shared_service_refuses_it_and_logs_ids_only (classrooms.tests_h99_placeholder_email.ACallerSuppliedPlaceholderAddressIsRefusedTests.test_the_shared_service_refuses_it_and_logs_ids_only) ... Free trial plan not found: no trial activated for user e2c57af4-da4d-42cc-addb-c48e0e733f9d.
Cannot activate automatic trial for user e2c57af4-da4d-42cc-addb-c48e0e733f9d (validation): ValueError
Free trial plan not found: no trial activated for user a55054d5-37bd-41ad-b852-9a1a2ee26327.
Cannot activate automatic trial for user a55054d5-37bd-41ad-b852-9a1a2ee26327 (validation): ValueError
ok
test_a_bulk_row_makes_a_new_student (classrooms.tests_h99_placeholder_email.AGeneratedAddressNeverAttachesTests.test_a_bulk_row_makes_a_new_student) ... Free trial plan not found: no trial activated for user 4cef3b3d-2340-456e-8138-9221d4b9a367.
Cannot activate automatic trial for user 4cef3b3d-2340-456e-8138-9221d4b9a367 (validation): ValueError
Free trial plan not found: no trial activated for user 1ad898e6-3e02-42a2-b99f-fdfc5c4115b1.
Cannot activate automatic trial for user 1ad898e6-3e02-42a2-b99f-fdfc5c4115b1 (validation): ValueError
ok
test_direct_add_makes_a_new_student (classrooms.tests_h99_placeholder_email.AGeneratedAddressNeverAttachesTests.test_direct_add_makes_a_new_student) ... Free trial plan not found: no trial activated for user 692d5329-667e-441d-9ff0-26d52ecb142c.
Cannot activate automatic trial for user 692d5329-667e-441d-9ff0-26d52ecb142c (validation): ValueError
Free trial plan not found: no trial activated for user 30a024cc-c381-4b1a-a632-2abb796b4b11.
Cannot activate automatic trial for user 30a024cc-c381-4b1a-a632-2abb796b4b11 (validation): ValueError
ok
test_the_same_teachers_other_course_gets_a_new_student_by_direct_add (classrooms.tests_h99_placeholder_email.AGeneratedAddressNeverAttachesTests.test_the_same_teachers_other_course_gets_a_new_student_by_direct_add)
Direct add never reuses an account, even the teacher's own. ... Free trial plan not found: no trial activated for user e81c4f87-de05-49f7-82fc-fd453b203f48.
Cannot activate automatic trial for user e81c4f87-de05-49f7-82fc-fd453b203f48 (validation): ValueError
Free trial plan not found: no trial activated for user 6fe68bd9-bca7-439a-a9ba-355185ca0658.
Cannot activate automatic trial for user 6fe68bd9-bca7-439a-a9ba-355185ca0658 (validation): ValueError
ok
test_two_requests_picking_one_token_end_as_two_students (classrooms.tests_h99_placeholder_email.AGeneratedAddressNeverAttachesTests.test_two_requests_picking_one_token_end_as_two_students)
The concurrent double-add: the address looked free to this ... Free trial plan not found: no trial activated for user e8b168ec-7292-45e1-a2fc-5efbc4de8454.
Cannot activate automatic trial for user e8b168ec-7292-45e1-a2fc-5efbc4de8454 (validation): ValueError
Free trial plan not found: no trial activated for user 16720ad9-b83b-43ee-87d2-3b6979cb06ec.
Cannot activate automatic trial for user 16720ad9-b83b-43ee-87d2-3b6979cb06ec (validation): ValueError
ok
test_when_every_attempt_collides_nothing_is_attached (classrooms.tests_h99_placeholder_email.AGeneratedAddressNeverAttachesTests.test_when_every_attempt_collides_nothing_is_attached) ... Free trial plan not found: no trial activated for user 47909083-62c6-4897-bdb4-180234fe5fed.
Cannot activate automatic trial for user 47909083-62c6-4897-bdb4-180234fe5fed (validation): ValueError
Free trial plan not found: no trial activated for user 877a9e29-8da1-4633-a30f-6185d94ed5e5.
Cannot activate automatic trial for user 877a9e29-8da1-4633-a30f-6185d94ed5e5 (validation): ValueError
Failed to direct-add student to course
Traceback (most recent call last):
  File "/home/bond-servant-in-training/Documents/Projects/Grade-Automator-Plus-epic-a-merge-down-b14/classrooms/views.py", line 1421, in direct_add_student
    student = serializer.save()
              ^^^^^^^^^^^^^^^^^
  File "/home/bond-servant-in-training/Documents/Virtualenvs/AutoGrader_env/lib/python3.12/site-packages/rest_framework/serializers.py", line 210, in save
    self.instance = self.create(validated_data)
                    ^^^^^^^^^^^^^^^^^^^^^^^^^^^
  File "/home/bond-servant-in-training/Documents/Projects/Grade-Automator-Plus-epic-a-merge-down-b14/classrooms/serializers.py", line 765, in create
    student = _create_placeholder_student(**fields)
              ^^^^^^^^^^^^^^^^^^^^^^^^^^^^^^^^^^^^^
  File "/home/bond-servant-in-training/Documents/Projects/Grade-Automator-Plus-epic-a-merge-down-b14/classrooms/serializers.py", line 630, in _create_placeholder_student
    raise serializers.ValidationError(
rest_framework.exceptions.ValidationError: [ErrorDetail(string="We couldn't add this student to the course. Please try again.", code='invalid')]


django.request ERROR 2026-10-09 10:23:52,833 log 958893 136128872569792 [request_id=- client_request_id=-] Internal Server Error: /api/v1/course/b2fa721b-ef55-4b12-ab2f-c39e3b2fe8a6/direct-add-student


Failed to bulk-add student at row 1 of course b2fa721b-ef55-4b12-ab2f-c39e3b2fe8a6
Traceback (most recent call last):
  File "/home/bond-servant-in-training/Documents/Projects/Grade-Automator-Plus-epic-a-merge-down-b14/classrooms/services/roster_import.py", line 576, in _import_one
    return _import_row_without_email(course=course, row=row)
           ^^^^^^^^^^^^^^^^^^^^^^^^^^^^^^^^^^^^^^^^^^^^^^^^^
  File "/home/bond-servant-in-training/Documents/Projects/Grade-Automator-Plus-epic-a-merge-down-b14/classrooms/services/roster_import.py", line 503, in _import_row_without_email
    student = serializer.save()
              ^^^^^^^^^^^^^^^^^
  File "/home/bond-servant-in-training/Documents/Virtualenvs/AutoGrader_env/lib/python3.12/site-packages/rest_framework/serializers.py", line 210, in save
    self.instance = self.create(validated_data)
                    ^^^^^^^^^^^^^^^^^^^^^^^^^^^
  File "/home/bond-servant-in-training/Documents/Projects/Grade-Automator-Plus-epic-a-merge-down-b14/classrooms/serializers.py", line 765, in create
    student = _create_placeholder_student(**fields)
              ^^^^^^^^^^^^^^^^^^^^^^^^^^^^^^^^^^^^^
  File "/home/bond-servant-in-training/Documents/Projects/Grade-Automator-Plus-epic-a-merge-down-b14/classrooms/serializers.py", line 630, in _create_placeholder_student
    raise serializers.ValidationError(
rest_framework.exceptions.ValidationError: [ErrorDetail(string="We couldn't add this student to the course. Please try again.", code='invalid')]
ok
test_is_placeholder_email_ignores_case_and_surrounding_spaces (classrooms.tests_h99_placeholder_email.TheGeneratedAddressTests.test_is_placeholder_email_ignores_case_and_surrounding_spaces) ... Free trial plan not found: no trial activated for user 4fb6e572-1fd6-4351-a269-adbc7ea8a51b.
Cannot activate automatic trial for user 4fb6e572-1fd6-4351-a269-adbc7ea8a51b (validation): ValueError
Free trial plan not found: no trial activated for user c2cdae1b-b5de-4b00-9446-374eb6cbb65c.
Cannot activate automatic trial for user c2cdae1b-b5de-4b00-9446-374eb6cbb65c (validation): ValueError
ok
test_it_is_in_the_placeholder_domain_with_a_long_random_token (classrooms.tests_h99_placeholder_email.TheGeneratedAddressTests.test_it_is_in_the_placeholder_domain_with_a_long_random_token) ... Free trial plan not found: no trial activated for user b5552b2d-9996-48fc-ac36-455415ef6d52.
Cannot activate automatic trial for user b5552b2d-9996-48fc-ac36-455415ef6d52 (validation): ValueError
Free trial plan not found: no trial activated for user e7c6c63a-83f1-4ac8-bf99-ec655b11fed9.
Cannot activate automatic trial for user e7c6c63a-83f1-4ac8-bf99-ec655b11fed9 (validation): ValueError
ok
test_the_name_parts_are_folded_and_kept_short (classrooms.tests_h99_placeholder_email.TheGeneratedAddressTests.test_the_name_parts_are_folded_and_kept_short) ... Free trial plan not found: no trial activated for user 407bea67-ccb1-4026-917d-683dbb5f5958.
Cannot activate automatic trial for user 407bea67-ccb1-4026-917d-683dbb5f5958 (validation): ValueError
Free trial plan not found: no trial activated for user ef5ebaf3-9f9c-4256-b5bf-5dade185a6e1.
Cannot activate automatic trial for user ef5ebaf3-9f9c-4256-b5bf-5dade185a6e1 (validation): ValueError
ok
test_two_addresses_for_one_name_differ (classrooms.tests_h99_placeholder_email.TheGeneratedAddressTests.test_two_addresses_for_one_name_differ) ... Free trial plan not found: no trial activated for user 0e9c6aec-939d-454f-ace0-fb79a3b3af71.
Cannot activate automatic trial for user 0e9c6aec-939d-454f-ace0-fb79a3b3af71 (validation): ValueError
Free trial plan not found: no trial activated for user 4f5b7c5d-d42e-4398-9e0f-bc5ce9021ca8.
Cannot activate automatic trial for user 4f5b7c5d-d42e-4398-9e0f-bc5ce9021ca8 (validation): ValueError
ok
test_a_publish_and_a_score_save_each_record_their_own_change (audit.tests_history.ConcurrentGradeWritesTests.test_a_publish_and_a_score_save_each_record_their_own_change) ... Free trial plan not found: no trial activated for user 2e1f1b19-7914-4401-b822-f92c4a0e9ba2.
Cannot activate automatic trial for user 2e1f1b19-7914-4401-b822-f92c4a0e9ba2 (validation): ValueError
ok
test_every_allow_list_entry_has_a_reason (audit.tests_history_guard.BulkWritesKeepHistoryTests.test_every_allow_list_entry_has_a_reason) ... ok
test_no_unlisted_bulk_write_of_a_tracked_field (audit.tests_history_guard.BulkWritesKeepHistoryTests.test_no_unlisted_bulk_write_of_a_tracked_field) ... ok
test_the_allow_list_has_no_stale_entries (audit.tests_history_guard.BulkWritesKeepHistoryTests.test_the_allow_list_has_no_stale_entries) ... ok
test_the_tracked_names_cover_every_registered_field (audit.tests_history_guard.BulkWritesKeepHistoryTests.test_the_tracked_names_cover_every_registered_field) ... ok
test_no_unlisted_production_use_of_suppressed (audit.tests_history_guard.HistorySuppressionIsNamedTests.test_no_unlisted_production_use_of_suppressed) ... ok
test_the_scanner_finds_both_spellings (audit.tests_history_guard.HistorySuppressionIsNamedTests.test_the_scanner_finds_both_spellings) ... ok
test_the_suppression_allow_list_has_no_stale_entries (audit.tests_history_guard.HistorySuppressionIsNamedTests.test_the_suppression_allow_list_has_no_stale_entries) ... ok
test_a_multi_line_update_and_an_fk_name_are_flagged (audit.tests_history_guard.ScannerSelfTests.test_a_multi_line_update_and_an_fk_name_are_flagged) ... ok
test_a_tracked_bulk_update_is_flagged (audit.tests_history_guard.ScannerSelfTests.test_a_tracked_bulk_update_is_flagged) ... ok
test_a_tracked_update_is_flagged (audit.tests_history_guard.ScannerSelfTests.test_a_tracked_update_is_flagged) ... ok
test_an_untracked_update_and_record_bulk_are_not_flagged (audit.tests_history_guard.ScannerSelfTests.test_an_untracked_update_and_record_bulk_are_not_flagged) ... ok
test_the_enclosing_function_is_reported (audit.tests_history_guard.ScannerSelfTests.test_the_enclosing_function_is_reported) ... ok
test_unreadable_fields_are_flagged (audit.tests_history_guard.ScannerSelfTests.test_unreadable_fields_are_flagged) ... ok
test_the_emailed_row_clash_remediation (AutoGrader.tests_reason_codes.ApprovedAlternativesTests.test_the_emailed_row_clash_remediation) ... ok
test_the_nothing_finished_mid_batch_message (AutoGrader.tests_reason_codes.ApprovedAlternativesTests.test_the_nothing_finished_mid_batch_message) ... ok
test_every_code_is_user_facing_or_audit_only_and_not_both (AutoGrader.tests_reason_codes.CatalogueCompletenessTests.test_every_code_is_user_facing_or_audit_only_and_not_both) ... ok
test_every_reason_code_the_code_emits_is_in_the_catalogue (AutoGrader.tests_reason_codes.CatalogueCompletenessTests.test_every_reason_code_the_code_emits_is_in_the_catalogue) ... ok
test_every_spec_is_consistent (AutoGrader.tests_reason_codes.CatalogueCompletenessTests.test_every_spec_is_consistent) ... ok
test_every_value_is_upper_snake_and_stable (AutoGrader.tests_reason_codes.CatalogueCompletenessTests.test_every_value_is_upper_snake_and_stable) ... ok
test_only_the_two_old_refusals_keep_a_lowercase_code (AutoGrader.tests_reason_codes.CatalogueCompletenessTests.test_only_the_two_old_refusals_keep_a_lowercase_code)
F8: kept for one release beside reason_code. ... ok
test_the_scan_finds_the_codes_it_is_meant_to (AutoGrader.tests_reason_codes.CatalogueCompletenessTests.test_the_scan_finds_the_codes_it_is_meant_to)
Guard on the guard: one example per pattern the scan covers. ... ok
test_the_ten_fr_a_06_codes_are_present_and_user_facing (AutoGrader.tests_reason_codes.CatalogueCompletenessTests.test_the_ten_fr_a_06_codes_are_present_and_user_facing) ... ok
test_an_entry_keeps_the_routes_keys_and_adds_the_coded_ones (AutoGrader.tests_reason_codes.CodedEntryTests.test_an_entry_keeps_the_routes_keys_and_adds_the_coded_ones) ... ok
test_a_plain_serializer_error_is_not_mistaken_for_an_envelope (AutoGrader.tests_reason_codes.CodedEnvelopeThroughTheAPITests.test_a_plain_serializer_error_is_not_mistaken_for_an_envelope)
A field named like an envelope key (`params`) still shows its ... ok
test_a_view_that_catches_and_answers_itself_gets_the_same_envelope (AutoGrader.tests_reason_codes.CodedEnvelopeThroughTheAPITests.test_a_view_that_catches_and_answers_itself_gets_the_same_envelope) ... ok
test_every_user_facing_code_answers_its_own_envelope (AutoGrader.tests_reason_codes.CodedEnvelopeThroughTheAPITests.test_every_user_facing_code_answers_its_own_envelope) ... API request failed with MISSING_STUDENT_NAME: SENTINEL-4f1c balance=12.5 at /srv/app/secret.py
API request failed with STUDENT_NOT_ON_ROSTER: SENTINEL-4f1c balance=12.5 at /srv/app/secret.py
API request failed with FILE_UNREADABLE: SENTINEL-4f1c balance=12.5 at /srv/app/secret.py
API request failed with FILE_TYPE_UNSUPPORTED: SENTINEL-4f1c balance=12.5 at /srv/app/secret.py
API request failed with FILE_TOO_LARGE: SENTINEL-4f1c balance=12.5 at /srv/app/secret.py
API request failed with SUBMISSION_EMPTY: SENTINEL-4f1c balance=12.5 at /srv/app/secret.py
API request failed with RUBRIC_MISSING: SENTINEL-4f1c balance=12.5 at /srv/app/secret.py
API request failed with DUPLICATE_SUBMISSION: SENTINEL-4f1c balance=12.5 at /srv/app/secret.py
API request failed with PROVIDER_FAILURE: SENTINEL-4f1c balance=12.5 at /srv/app/secret.py


django.request ERROR 2026-10-09 10:24:06,653 log 958893 136128872569792 [request_id=- client_request_id=-] Service Unavailable: /coded/PROVIDER_FAILURE


API request failed with INSUFFICIENT_CREDITS_MID_BATCH: SENTINEL-4f1c balance=12.5 at /srv/app/secret.py
API request failed with INSUFFICIENT_CREDITS: SENTINEL-4f1c balance=12.5 at /srv/app/secret.py
API request failed with AI_FEATURE_NOT_AVAILABLE: SENTINEL-4f1c balance=12.5 at /srv/app/secret.py
API request failed with NOT_RETRYABLE: SENTINEL-4f1c balance=12.5 at /srv/app/secret.py
API request failed with RESET_LOCKED: SENTINEL-4f1c balance=12.5 at /srv/app/secret.py
API request failed with VERIFY_LOCKED: SENTINEL-4f1c balance=12.5 at /srv/app/secret.py
API request failed with ACCOUNT_LOCKED: SENTINEL-4f1c balance=12.5 at /srv/app/secret.py
API request failed with REGISTRATION_PAUSED: SENTINEL-4f1c balance=12.5 at /srv/app/secret.py
API request failed with FILE_NOT_A_PDF: SENTINEL-4f1c balance=12.5 at /srv/app/secret.py
API request failed with ROSTER_NO_INPUT: SENTINEL-4f1c balance=12.5 at /srv/app/secret.py
API request failed with ROSTER_EMPTY: SENTINEL-4f1c balance=12.5 at /srv/app/secret.py
API request failed with ROSTER_FILE_UNREADABLE: SENTINEL-4f1c balance=12.5 at /srv/app/secret.py
API request failed with ROSTER_TOO_MANY_ROWS: SENTINEL-4f1c balance=12.5 at /srv/app/secret.py
API request failed with ROW_NAME_MISSING: SENTINEL-4f1c balance=12.5 at /srv/app/secret.py
API request failed with ROW_NAME_INVALID: SENTINEL-4f1c balance=12.5 at /srv/app/secret.py
API request failed with ROW_ALREADY_ENROLLED: SENTINEL-4f1c balance=12.5 at /srv/app/secret.py
API request failed with ROW_NAME_CLASH: SENTINEL-4f1c balance=12.5 at /srv/app/secret.py
API request failed with ROW_STAFF_EMAIL: SENTINEL-4f1c balance=12.5 at /srv/app/secret.py
API request failed with ROW_OTHER_SCHOOL: SENTINEL-4f1c balance=12.5 at /srv/app/secret.py
API request failed with ROW_ACCOUNT_DISABLED: SENTINEL-4f1c balance=12.5 at /srv/app/secret.py
API request failed with ROW_EMAIL_INVALID: SENTINEL-4f1c balance=12.5 at /srv/app/secret.py
API request failed with ROW_DUPLICATE: SENTINEL-4f1c balance=12.5 at /srv/app/secret.py
API request failed with ROW_FAILED: SENTINEL-4f1c balance=12.5 at /srv/app/secret.py
API request failed with TEACHER_LIST_EMPTY: SENTINEL-4f1c balance=12.5 at /srv/app/secret.py
API request failed with LICENCE_INACTIVE: SENTINEL-4f1c balance=12.5 at /srv/app/secret.py
API request failed with LICENCE_SEATS_EXCEEDED: SENTINEL-4f1c balance=12.5 at /srv/app/secret.py
API request failed with TEACHER_EMAIL_NOT_BUSINESS: SENTINEL-4f1c balance=12.5 at /srv/app/secret.py
API request failed with TEACHER_EMAIL_OTHER_ROLE: SENTINEL-4f1c balance=12.5 at /srv/app/secret.py
API request failed with TEACHER_CANNOT_JOIN_YET: SENTINEL-4f1c balance=12.5 at /srv/app/secret.py
API request failed with TEACHER_IN_OTHER_SCHOOL: SENTINEL-4f1c balance=12.5 at /srv/app/secret.py
API request failed with TEACHER_ALREADY_ON_LICENCE: SENTINEL-4f1c balance=12.5 at /srv/app/secret.py
API request failed with TEACHER_NOT_ON_LICENCE: SENTINEL-4f1c balance=12.5 at /srv/app/secret.py
API request failed with TEACHER_ADD_FAILED: SENTINEL-4f1c balance=12.5 at /srv/app/secret.py
API request failed with TEACHER_REMOVE_FAILED: SENTINEL-4f1c balance=12.5 at /srv/app/secret.py
API request failed with SUBMISSION_NOT_GRADED: SENTINEL-4f1c balance=12.5 at /srv/app/secret.py
ok
test_qa_err_03_no_exception_text_reaches_any_body (AutoGrader.tests_reason_codes.CodedEnvelopeThroughTheAPITests.test_qa_err_03_no_exception_text_reaches_any_body) ... API request failed with MISSING_STUDENT_NAME: SENTINEL-4f1c balance=12.5 at /srv/app/secret.py
API request failed with STUDENT_NOT_ON_ROSTER: SENTINEL-4f1c balance=12.5 at /srv/app/secret.py
API request failed with FILE_UNREADABLE: SENTINEL-4f1c balance=12.5 at /srv/app/secret.py
API request failed with FILE_TYPE_UNSUPPORTED: SENTINEL-4f1c balance=12.5 at /srv/app/secret.py
API request failed with FILE_TOO_LARGE: SENTINEL-4f1c balance=12.5 at /srv/app/secret.py
API request failed with SUBMISSION_EMPTY: SENTINEL-4f1c balance=12.5 at /srv/app/secret.py
API request failed with RUBRIC_MISSING: SENTINEL-4f1c balance=12.5 at /srv/app/secret.py
API request failed with DUPLICATE_SUBMISSION: SENTINEL-4f1c balance=12.5 at /srv/app/secret.py
API request failed with PROVIDER_FAILURE: SENTINEL-4f1c balance=12.5 at /srv/app/secret.py


django.request ERROR 2026-10-09 10:24:06,716 log 958893 136128872569792 [request_id=- client_request_id=-] Service Unavailable: /coded/PROVIDER_FAILURE


API request failed with INSUFFICIENT_CREDITS_MID_BATCH: SENTINEL-4f1c balance=12.5 at /srv/app/secret.py
API request failed with INSUFFICIENT_CREDITS: SENTINEL-4f1c balance=12.5 at /srv/app/secret.py
API request failed with AI_FEATURE_NOT_AVAILABLE: SENTINEL-4f1c balance=12.5 at /srv/app/secret.py
API request failed with NOT_RETRYABLE: SENTINEL-4f1c balance=12.5 at /srv/app/secret.py
API request failed with RESET_LOCKED: SENTINEL-4f1c balance=12.5 at /srv/app/secret.py
API request failed with VERIFY_LOCKED: SENTINEL-4f1c balance=12.5 at /srv/app/secret.py
API request failed with ACCOUNT_LOCKED: SENTINEL-4f1c balance=12.5 at /srv/app/secret.py
API request failed with REGISTRATION_PAUSED: SENTINEL-4f1c balance=12.5 at /srv/app/secret.py
API request failed with FILE_NOT_A_PDF: SENTINEL-4f1c balance=12.5 at /srv/app/secret.py
API request failed with ROSTER_NO_INPUT: SENTINEL-4f1c balance=12.5 at /srv/app/secret.py
API request failed with ROSTER_EMPTY: SENTINEL-4f1c balance=12.5 at /srv/app/secret.py
API request failed with ROSTER_FILE_UNREADABLE: SENTINEL-4f1c balance=12.5 at /srv/app/secret.py
API request failed with ROSTER_TOO_MANY_ROWS: SENTINEL-4f1c balance=12.5 at /srv/app/secret.py
API request failed with ROW_NAME_MISSING: SENTINEL-4f1c balance=12.5 at /srv/app/secret.py
API request failed with ROW_NAME_INVALID: SENTINEL-4f1c balance=12.5 at /srv/app/secret.py
API request failed with ROW_ALREADY_ENROLLED: SENTINEL-4f1c balance=12.5 at /srv/app/secret.py
API request failed with ROW_NAME_CLASH: SENTINEL-4f1c balance=12.5 at /srv/app/secret.py
API request failed with ROW_STAFF_EMAIL: SENTINEL-4f1c balance=12.5 at /srv/app/secret.py
API request failed with ROW_OTHER_SCHOOL: SENTINEL-4f1c balance=12.5 at /srv/app/secret.py
API request failed with ROW_ACCOUNT_DISABLED: SENTINEL-4f1c balance=12.5 at /srv/app/secret.py
API request failed with ROW_EMAIL_INVALID: SENTINEL-4f1c balance=12.5 at /srv/app/secret.py
API request failed with ROW_DUPLICATE: SENTINEL-4f1c balance=12.5 at /srv/app/secret.py
API request failed with ROW_FAILED: SENTINEL-4f1c balance=12.5 at /srv/app/secret.py
API request failed with TEACHER_LIST_EMPTY: SENTINEL-4f1c balance=12.5 at /srv/app/secret.py
API request failed with LICENCE_INACTIVE: SENTINEL-4f1c balance=12.5 at /srv/app/secret.py
API request failed with LICENCE_SEATS_EXCEEDED: SENTINEL-4f1c balance=12.5 at /srv/app/secret.py
API request failed with TEACHER_EMAIL_NOT_BUSINESS: SENTINEL-4f1c balance=12.5 at /srv/app/secret.py
API request failed with TEACHER_EMAIL_OTHER_ROLE: SENTINEL-4f1c balance=12.5 at /srv/app/secret.py
API request failed with TEACHER_CANNOT_JOIN_YET: SENTINEL-4f1c balance=12.5 at /srv/app/secret.py
API request failed with TEACHER_IN_OTHER_SCHOOL: SENTINEL-4f1c balance=12.5 at /srv/app/secret.py
API request failed with TEACHER_ALREADY_ON_LICENCE: SENTINEL-4f1c balance=12.5 at /srv/app/secret.py
API request failed with TEACHER_NOT_ON_LICENCE: SENTINEL-4f1c balance=12.5 at /srv/app/secret.py
API request failed with TEACHER_ADD_FAILED: SENTINEL-4f1c balance=12.5 at /srv/app/secret.py
API request failed with TEACHER_REMOVE_FAILED: SENTINEL-4f1c balance=12.5 at /srv/app/secret.py
API request failed with SUBMISSION_NOT_GRADED: SENTINEL-4f1c balance=12.5 at /srv/app/secret.py
API request refused: InsufficientCreditsError: SENTINEL-4f1c balance=12.5 at /srv/app/secret.py
API request refused: EmptyWalletError: SENTINEL-4f1c balance=12.5 at /srv/app/secret.py
API request refused: AIFeatureNotAvailableError: AI grading isn't included in your plan.
ok
test_qa_err_04_an_inbound_request_id_is_never_the_reference (AutoGrader.tests_reason_codes.CodedEnvelopeThroughTheAPITests.test_qa_err_04_an_inbound_request_id_is_never_the_reference)
X-5 wins over the first QA-ERR-04 reading (SM ruling): echoing a ... API request failed with PROVIDER_FAILURE: SENTINEL-4f1c balance=12.5 at /srv/app/secret.py


django.request ERROR 2026-10-09 10:24:06,766 log 958893 136128872569792 [request_id=- client_request_id=-] Service Unavailable: /coded-client-id


ok
test_qa_err_04_reference_is_the_request_id (AutoGrader.tests_reason_codes.CodedEnvelopeThroughTheAPITests.test_qa_err_04_reference_is_the_request_id) ... API request failed with RUBRIC_MISSING: SENTINEL-4f1c balance=12.5 at /srv/app/secret.py
API request refused: InsufficientCreditsError: SENTINEL-4f1c balance=12.5 at /srv/app/secret.py
ok
test_the_old_refusals_keep_their_message_and_legacy_code (AutoGrader.tests_reason_codes.CodedEnvelopeThroughTheAPITests.test_the_old_refusals_keep_their_message_and_legacy_code) ... API request refused: InsufficientCreditsError: SENTINEL-4f1c balance=12.5 at /srv/app/secret.py
API request refused: EmptyWalletError: SENTINEL-4f1c balance=12.5 at /srv/app/secret.py
API request refused: AIFeatureNotAvailableError: AI grading isn't included in your plan.
ok
test_a_missing_param_is_refused (AutoGrader.tests_reason_codes.CodedErrorTests.test_a_missing_param_is_refused) ... ok
test_a_non_scalar_param_is_refused (AutoGrader.tests_reason_codes.CodedErrorTests.test_a_non_scalar_param_is_refused) ... ok
test_a_param_outside_the_spec_is_refused (AutoGrader.tests_reason_codes.CodedErrorTests.test_a_param_outside_the_spec_is_refused) ... ok
test_a_subclass_fixes_its_code (AutoGrader.tests_reason_codes.CodedErrorTests.test_a_subclass_fixes_its_code) ... ok
test_an_audit_only_code_has_no_error_body (AutoGrader.tests_reason_codes.CodedErrorTests.test_an_audit_only_code_has_no_error_body) ... ok
test_defaults_fill_a_param_the_raiser_left_out (AutoGrader.tests_reason_codes.CodedErrorTests.test_defaults_fill_a_param_the_raiser_left_out) ... ok
test_detail_stays_out_of_the_message (AutoGrader.tests_reason_codes.CodedErrorTests.test_detail_stays_out_of_the_message) ... ok
test_display_for_no_placeholder_is_refused (AutoGrader.tests_reason_codes.CodedErrorTests.test_display_for_no_placeholder_is_refused) ... ok
test_display_may_stand_in_for_an_unknown_param (AutoGrader.tests_reason_codes.CodedErrorTests.test_display_may_stand_in_for_an_unknown_param) ... ok
test_display_shapes_the_message_but_never_the_params (AutoGrader.tests_reason_codes.CodedErrorTests.test_display_shapes_the_message_but_never_the_params) ... ok
test_display_values_must_be_text (AutoGrader.tests_reason_codes.CodedErrorTests.test_display_values_must_be_text) ... ok
test_only_user_and_validation_classes_are_user_facing (AutoGrader.tests_reason_codes.CodedErrorTests.test_only_user_and_validation_classes_are_user_facing) ... ok
test_refusal_response_still_answers_refusals_only (AutoGrader.tests_reason_codes.CodedErrorTests.test_refusal_response_still_answers_refusals_only) ... ok
test_the_message_is_rendered_from_the_spec (AutoGrader.tests_reason_codes.CodedErrorTests.test_the_message_is_rendered_from_the_spec) ... ok
test_the_message_layer_shows_the_message_and_never_the_detail (AutoGrader.tests_reason_codes.CodedErrorTests.test_the_message_layer_shows_the_message_and_never_the_detail)
The path background-task item text and _failure_response's ... ok
test_a_variant_survives_being_rebuilt_from_its_args (AutoGrader.tests_reason_codes.MessageVariantTests.test_a_variant_survives_being_rebuilt_from_its_args) ... ok
test_an_unapproved_variant_is_refused (AutoGrader.tests_reason_codes.MessageVariantTests.test_an_unapproved_variant_is_refused) ... ok
test_the_variant_renders_its_own_template (AutoGrader.tests_reason_codes.MessageVariantTests.test_the_variant_renders_its_own_template) ... ok
test_a_row_code_always_carries_its_row (AutoGrader.tests_reason_codes.QaCatalogueAdditionsTests.test_a_row_code_always_carries_its_row) ... ok
test_every_approved_code_is_user_facing_with_its_approved_text (AutoGrader.tests_reason_codes.QaCatalogueAdditionsTests.test_every_approved_code_is_user_facing_with_its_approved_text) ... ok
test_no_code_says_a_teacher_has_a_subscription (AutoGrader.tests_reason_codes.QaCatalogueAdditionsTests.test_no_code_says_a_teacher_has_a_subscription)
The retired TEACHER_HAS_INDIVIDUAL_SUBSCRIPTION must not come back ... ok
test_no_neutral_code_names_a_role_or_a_school (AutoGrader.tests_reason_codes.QaCatalogueAdditionsTests.test_no_neutral_code_names_a_role_or_a_school) ... ok
test_the_cannot_join_yet_entry_is_h85s_sentence_and_nothing_more (AutoGrader.tests_reason_codes.QaCatalogueAdditionsTests.test_the_cannot_join_yet_entry_is_h85s_sentence_and_nothing_more)
H-85 on Epic A: the entry says what beta's refusal says, takes no ... ok
test_the_seat_message_reads_as_both_approved_forms (AutoGrader.tests_reason_codes.QaCatalogueAdditionsTests.test_the_seat_message_reads_as_both_approved_forms) ... ok
test_a_chosen_remediation_survives_being_rebuilt_from_its_args (AutoGrader.tests_reason_codes.RemediationChoiceTests.test_a_chosen_remediation_survives_being_rebuilt_from_its_args)
Celery's json backend rebuilds an error as cls(*args). ... ok
test_an_approved_alternative_is_carried_to_the_body (AutoGrader.tests_reason_codes.RemediationChoiceTests.test_an_approved_alternative_is_carried_to_the_body) ... ok
test_an_unapproved_remediation_is_refused (AutoGrader.tests_reason_codes.RemediationChoiceTests.test_an_unapproved_remediation_is_refused) ... ok
test_nothing_to_do_is_null (AutoGrader.tests_reason_codes.RemediationChoiceTests.test_nothing_to_do_is_null) ... ok
test_the_default_is_the_specs (AutoGrader.tests_reason_codes.RemediationChoiceTests.test_the_default_is_the_specs) ... ok
test_a_coded_body_flattens_to_its_display_sentence_alone (AutoGrader.tests_reason_codes.RendererMessageTests.test_a_coded_body_flattens_to_its_display_sentence_alone) ... ok
test_a_balance_reason_gets_the_credits_refusal (AutoGrader.tests_reason_codes.RequireAiAccessTests.test_a_balance_reason_gets_the_credits_refusal) ... AI access denied for user ANON (feature=None): No credits remaining. Please purchase more credits to continue using AI features.
AI access denied for user ANON (feature=None): Out of trial credits. Please subscribe to continue using AI features.
ok
test_a_refused_request_gets_the_plan_refusal_without_the_reason (AutoGrader.tests_reason_codes.RequireAiAccessTests.test_a_refused_request_gets_the_plan_refusal_without_the_reason) ... AI access denied for user ANON (feature=None): User not authenticated
ok
test_another_entitys_bump_leaves_the_entry_reachable (AutoGrader.tests_cache_invalidation_coverage.EveryFamilyIsReachableByItsScopeTests.test_another_entitys_bump_leaves_the_entry_reachable)
The over-invalidation half, stated as a property. Under the ... ok
test_bumping_any_scope_of_a_family_makes_its_entry_unreachable (AutoGrader.tests_cache_invalidation_coverage.EveryFamilyIsReachableByItsScopeTests.test_bumping_any_scope_of_a_family_makes_its_entry_unreachable) ... ok
test_the_pdf_and_grading_caches_have_their_own_invalidation (AutoGrader.tests_cache_invalidation_coverage.EveryFamilyIsReachableByItsScopeTests.test_the_pdf_and_grading_caches_have_their_own_invalidation)
Not response caches in the generation scheme, deliberately. ... ok
test_every_extra_cache_scopes_override_is_listed (AutoGrader.tests_cache_invalidation_coverage.KeyMapIsTheCodeTests.test_every_extra_cache_scopes_override_is_listed) ... ok
test_every_family_embeds_at_least_one_generation (AutoGrader.tests_cache_invalidation_coverage.KeyMapIsTheCodeTests.test_every_family_embeds_at_least_one_generation) ... ok
test_every_mixin_viewset_is_listed (AutoGrader.tests_cache_invalidation_coverage.KeyMapIsTheCodeTests.test_every_mixin_viewset_is_listed) ... ok
test_nothing_is_cached_under_a_raw_key (AutoGrader.tests_cache_invalidation_coverage.KeyMapIsTheCodeTests.test_nothing_is_cached_under_a_raw_key) ... ok
test_the_key_map_matches_every_versioned_key_call (AutoGrader.tests_cache_invalidation_coverage.KeyMapIsTheCodeTests.test_the_key_map_matches_every_versioned_key_call) ... ok
test_the_mixin_appends_the_extra_scopes_to_its_key (AutoGrader.tests_cache_invalidation_coverage.KeyMapIsTheCodeTests.test_the_mixin_appends_the_extra_scopes_to_its_key)
Otherwise MIXIN_EXTRA_SCOPES would describe keys nobody builds. ... ok
test_the_status_summary_family_is_versioned_on_the_student (AutoGrader.tests_cache_invalidation_coverage.KeyMapIsTheCodeTests.test_the_status_summary_family_is_versioned_on_the_student)
H-1 step 4: the one family that was still raw is on generations. ... ok
test_a_factory_imported_from_another_module_is_found_across_modules (AutoGrader.tests_cache_invalidation_coverage.RawRedisClientTests.test_a_factory_imported_from_another_module_is_found_across_modules)
raw_client_uses resolves a factory imported from another module: ... ok
test_a_listed_module_gaining_raw_writes_changes_its_count (AutoGrader.tests_cache_invalidation_coverage.RawRedisClientTests.test_a_listed_module_gaining_raw_writes_changes_its_count)
v2's F1 on the real beat_locks: two new writes, two more. ... ok
test_a_write_name_counts_whatever_it_is_called_on (AutoGrader.tests_cache_invalidation_coverage.RawRedisClientTests.test_a_write_name_counts_whatever_it_is_called_on)
Rule 1 (v2 F1): in a module that obtains a raw client, a write ... ok
test_an_imported_factory_counts_in_the_importing_module (AutoGrader.tests_cache_invalidation_coverage.RawRedisClientTests.test_an_imported_factory_counts_in_the_importing_module) ... ok
test_any_non_read_call_on_a_client_is_a_write (AutoGrader.tests_cache_invalidation_coverage.RawRedisClientTests.test_any_non_read_call_on_a_client_is_a_write)
Rule 2 (v2 F1): the read allow-list. `vf_cmd` is in no list, so ... ok
test_every_entry_gives_a_reason (AutoGrader.tests_cache_invalidation_coverage.RawRedisClientTests.test_every_entry_gives_a_reason) ... ok
test_every_raw_client_user_is_listed (AutoGrader.tests_cache_invalidation_coverage.RawRedisClientTests.test_every_raw_client_user_is_listed) ... ok
test_the_live_modules_are_found_by_the_scan (AutoGrader.tests_cache_invalidation_coverage.RawRedisClientTests.test_the_live_modules_are_found_by_the_scan)
The table is not vacuous: each listed module really is found. ... ok
test_the_scanner_finds_every_shape_it_exists_to_catch (AutoGrader.tests_cache_invalidation_coverage.RawRedisClientTests.test_the_scanner_finds_every_shape_it_exists_to_catch) ... ok
test_the_scanner_ignores_what_is_not_a_raw_write (AutoGrader.tests_cache_invalidation_coverage.RawRedisClientTests.test_the_scanner_ignores_what_is_not_a_raw_write) ... ok
test_bulk_action_is_precise_and_costs_one_teacher_query (AutoGrader.tests_cache_user_fanout.AdminBulkActionTests.test_bulk_action_is_precise_and_costs_one_teacher_query) ... Free trial plan not found: no trial activated for user e88ea948-f1ee-47d5-bb24-46df4ba496b8.
Cannot activate automatic trial for user e88ea948-f1ee-47d5-bb24-46df4ba496b8 (validation): ValueError
Free trial plan not found: no trial activated for user cb35389f-c2e0-483c-88aa-2ee5ce6cec6c.
Cannot activate automatic trial for user cb35389f-c2e0-483c-88aa-2ee5ce6cec6c (validation): ValueError
Free trial plan not found: no trial activated for user 31e1fe31-8f3d-4e32-9d66-9aae0b0304fc.
Cannot activate automatic trial for user 31e1fe31-8f3d-4e32-9d66-9aae0b0304fc (validation): ValueError
Free trial plan not found: no trial activated for user fe92674d-7af8-482c-8ec6-48f2dbc5e471.
Cannot activate automatic trial for user fe92674d-7af8-482c-8ec6-48f2dbc5e471 (validation): ValueError
Free trial plan not found: no trial activated for user f7cefbbc-1754-4845-8153-ef4db7865ad5.
Cannot activate automatic trial for user f7cefbbc-1754-4845-8153-ef4db7865ad5 (validation): ValueError
Free trial plan not found: no trial activated for user ea159074-a911-42d1-82ed-780935dbd2d6.
Cannot activate automatic trial for user ea159074-a911-42d1-82ed-780935dbd2d6 (validation): ValueError
Free trial plan not found: no trial activated for user 4dfa4aa9-d729-44e5-9746-7835ad00c0b3.
Cannot activate automatic trial for user 4dfa4aa9-d729-44e5-9746-7835ad00c0b3 (validation): ValueError
ok
test_bulk_deactivation_reaches_the_teachers_roster (AutoGrader.tests_cache_user_fanout.AdminBulkActionTests.test_bulk_deactivation_reaches_the_teachers_roster) ... Free trial plan not found: no trial activated for user 13aeeffb-ff26-46e1-ba3f-7446dc77e30d.
Cannot activate automatic trial for user 13aeeffb-ff26-46e1-ba3f-7446dc77e30d (validation): ValueError
Free trial plan not found: no trial activated for user 62011d9e-d0e4-40fe-a59f-f6edd0e2a972.
Cannot activate automatic trial for user 62011d9e-d0e4-40fe-a59f-f6edd0e2a972 (validation): ValueError
Free trial plan not found: no trial activated for user e0f4536e-66b0-4f30-8218-984dcfdcc4dd.
Cannot activate automatic trial for user e0f4536e-66b0-4f30-8218-984dcfdcc4dd (validation): ValueError
Free trial plan not found: no trial activated for user 423956fb-a9bd-4aea-9170-e5fa29e21d4e.
Cannot activate automatic trial for user 423956fb-a9bd-4aea-9170-e5fa29e21d4e (validation): ValueError
Free trial plan not found: no trial activated for user 953f23be-aa31-4903-bc7f-7ccd7c6c4c9e.
Cannot activate automatic trial for user 953f23be-aa31-4903-bc7f-7ccd7c6c4c9e (validation): ValueError
Free trial plan not found: no trial activated for user e0202b36-10ba-4f6d-9405-f50463fab655.
Cannot activate automatic trial for user e0202b36-10ba-4f6d-9405-f50463fab655 (validation): ValueError
Free trial plan not found: no trial activated for user e04c9e5a-5fe0-416c-aa28-62dc4903158f.
Cannot activate automatic trial for user e04c9e5a-5fe0-416c-aa28-62dc4903158f (validation): ValueError
ok
test_no_wildcard_sweep_runs_on_a_mutation (AutoGrader.tests_cache_user_fanout.RealBackendNoSweepTests.test_no_wildcard_sweep_runs_on_a_mutation) ... Free trial plan not found: no trial activated for user 4debd7e7-1bb0-4269-95f0-434c020fd9ef.
Cannot activate automatic trial for user 4debd7e7-1bb0-4269-95f0-434c020fd9ef (validation): ValueError
Free trial plan not found: no trial activated for user b22b6e9f-c7c9-4b9e-a40b-71bc3490197b.
Cannot activate automatic trial for user b22b6e9f-c7c9-4b9e-a40b-71bc3490197b (validation): ValueError
Free trial plan not found: no trial activated for user c6c36396-fd80-4072-8be0-38df88d40dde.
Cannot activate automatic trial for user c6c36396-fd80-4072-8be0-38df88d40dde (validation): ValueError
Free trial plan not found: no trial activated for user fd883f03-7b07-49a3-b436-f369c722ca19.
Cannot activate automatic trial for user fd883f03-7b07-49a3-b436-f369c722ca19 (validation): ValueError
Free trial plan not found: no trial activated for user 1d9154bd-eaaf-49ef-98b8-6d0ec7aace4c.
Cannot activate automatic trial for user 1d9154bd-eaaf-49ef-98b8-6d0ec7aace4c (validation): ValueError
Free trial plan not found: no trial activated for user cf9dd8f6-0d5a-4f6e-b55c-c0281abb91a9.
Cannot activate automatic trial for user cf9dd8f6-0d5a-4f6e-b55c-c0281abb91a9 (validation): ValueError
Free trial plan not found: no trial activated for user 0ac3b5e3-94f2-483d-9447-50c235e74c66.
Cannot activate automatic trial for user 0ac3b5e3-94f2-483d-9447-50c235e74c66 (validation): ValueError
ok
test_the_backend_is_real_redis (AutoGrader.tests_cache_user_fanout.RealBackendNoSweepTests.test_the_backend_is_real_redis) ... Free trial plan not found: no trial activated for user 2cef31c9-b84d-44a8-bae2-c097c6d556cf.
Cannot activate automatic trial for user 2cef31c9-b84d-44a8-bae2-c097c6d556cf (validation): ValueError
Free trial plan not found: no trial activated for user 676a92f7-a41c-4c46-b26a-f69e148bff43.
Cannot activate automatic trial for user 676a92f7-a41c-4c46-b26a-f69e148bff43 (validation): ValueError
Free trial plan not found: no trial activated for user 04511687-c438-4039-b6e0-0ddddd820b49.
Cannot activate automatic trial for user 04511687-c438-4039-b6e0-0ddddd820b49 (validation): ValueError
Free trial plan not found: no trial activated for user d8298ce6-7965-47d0-8a8f-a04c684f10c8.
Cannot activate automatic trial for user d8298ce6-7965-47d0-8a8f-a04c684f10c8 (validation): ValueError
Free trial plan not found: no trial activated for user 790a3194-24fd-499f-925c-4cb8b4bb9dea.
Cannot activate automatic trial for user 790a3194-24fd-499f-925c-4cb8b4bb9dea (validation): ValueError
Free trial plan not found: no trial activated for user ba05b60d-17a8-41d8-853f-0590c867629a.
Cannot activate automatic trial for user ba05b60d-17a8-41d8-853f-0590c867629a (validation): ValueError
Free trial plan not found: no trial activated for user 35a34657-e9a6-4489-9253-fb05a51d139e.
Cannot activate automatic trial for user 35a34657-e9a6-4489-9253-fb05a51d139e (validation): ValueError
ok
test_concurrent_student_renames_each_bump_the_shared_teacher (AutoGrader.tests_cache_user_fanout.UserRowConcurrencyTests.test_concurrent_student_renames_each_bump_the_shared_teacher) ... Free trial plan not found: no trial activated for user 37584888-99a1-4a51-af07-42bbc8c57e60.
Cannot activate automatic trial for user 37584888-99a1-4a51-af07-42bbc8c57e60 (validation): ValueError
Free trial plan not found: no trial activated for user 29d19406-c654-4175-902f-ffce74669903.
Cannot activate automatic trial for user 29d19406-c654-4175-902f-ffce74669903 (validation): ValueError
Free trial plan not found: no trial activated for user d957d1fe-7153-4ab8-bfb1-b22f0d0229bb.
Cannot activate automatic trial for user d957d1fe-7153-4ab8-bfb1-b22f0d0229bb (validation): ValueError
Free trial plan not found: no trial activated for user b07dafae-419b-4ccc-87d5-6327c3c1fe1c.
Cannot activate automatic trial for user b07dafae-419b-4ccc-87d5-6327c3c1fe1c (validation): ValueError
Free trial plan not found: no trial activated for user ce164321-1394-4d45-8aa7-98dcac75da5e.
Cannot activate automatic trial for user ce164321-1394-4d45-8aa7-98dcac75da5e (validation): ValueError
Free trial plan not found: no trial activated for user 439e19f9-a22b-41df-af28-3d7a0c686c8e.
Cannot activate automatic trial for user 439e19f9-a22b-41df-af28-3d7a0c686c8e (validation): ValueError
Free trial plan not found: no trial activated for user 505a324d-e85e-46b1-b332-a68d35adcf12.
Cannot activate automatic trial for user 505a324d-e85e-46b1-b332-a68d35adcf12 (validation): ValueError
Free trial plan not found: no trial activated for user 45c3c3ea-7f0f-46d1-8cf4-77d7c8a084bb.
Cannot activate automatic trial for user 45c3c3ea-7f0f-46d1-8cf4-77d7c8a084bb (validation): ValueError
Free trial plan not found: no trial activated for user 640ab01a-8637-49ac-aef7-6def24ee4ee8.
Cannot activate automatic trial for user 640ab01a-8637-49ac-aef7-6def24ee4ee8 (validation): ValueError
Free trial plan not found: no trial activated for user 7f36ec86-ae9d-440b-8606-a1f6005e9144.
Cannot activate automatic trial for user 7f36ec86-ae9d-440b-8606-a1f6005e9144 (validation): ValueError
Free trial plan not found: no trial activated for user 69bae12d-6edb-4730-823a-412444ef76e1.
Cannot activate automatic trial for user 69bae12d-6edb-4730-823a-412444ef76e1 (validation): ValueError
Free trial plan not found: no trial activated for user 6f548bd3-f019-4d75-90e1-131ed3da7ffa.
Cannot activate automatic trial for user 6f548bd3-f019-4d75-90e1-131ed3da7ffa (validation): ValueError
Free trial plan not found: no trial activated for user a7508dca-a7be-4a26-9123-119259c1845a.
Cannot activate automatic trial for user a7508dca-a7be-4a26-9123-119259c1845a (validation): ValueError
Free trial plan not found: no trial activated for user 877cbb82-c3db-4147-bd6b-bacd5942fcf0.
Cannot activate automatic trial for user 877cbb82-c3db-4147-bd6b-bacd5942fcf0 (validation): ValueError
Free trial plan not found: no trial activated for user c34e402d-6aa1-4c43-bc7f-32e021c0370b.
Cannot activate automatic trial for user c34e402d-6aa1-4c43-bc7f-32e021c0370b (validation): ValueError
ok
test_an_invisible_change_costs_no_extra_queries (AutoGrader.tests_cache_user_fanout.UserRowCostTests.test_an_invisible_change_costs_no_extra_queries) ... Free trial plan not found: no trial activated for user e00c9a94-c607-4a74-adfc-02ecf08580da.
Cannot activate automatic trial for user e00c9a94-c607-4a74-adfc-02ecf08580da (validation): ValueError
Free trial plan not found: no trial activated for user 2042b541-e92f-4f4d-b896-fdabcab2ab88.
Cannot activate automatic trial for user 2042b541-e92f-4f4d-b896-fdabcab2ab88 (validation): ValueError
Free trial plan not found: no trial activated for user 677cdd4d-eb93-4333-bff7-f99323a59140.
Cannot activate automatic trial for user 677cdd4d-eb93-4333-bff7-f99323a59140 (validation): ValueError
Free trial plan not found: no trial activated for user 3c87a427-d50d-4dc0-8309-ee7d81af7d52.
Cannot activate automatic trial for user 3c87a427-d50d-4dc0-8309-ee7d81af7d52 (validation): ValueError
Free trial plan not found: no trial activated for user 70a6e2de-3558-4572-afa7-9d3a9029bf13.
Cannot activate automatic trial for user 70a6e2de-3558-4572-afa7-9d3a9029bf13 (validation): ValueError
Free trial plan not found: no trial activated for user 99754435-d820-4f89-a852-46ab86f2d8fc.
Cannot activate automatic trial for user 99754435-d820-4f89-a852-46ab86f2d8fc (validation): ValueError
Free trial plan not found: no trial activated for user a5fa8026-d532-49b4-bdd7-fb970ae7d073.
Cannot activate automatic trial for user a5fa8026-d532-49b4-bdd7-fb970ae7d073 (validation): ValueError
ok
test_one_redis_round_trip_per_save (AutoGrader.tests_cache_user_fanout.UserRowCostTests.test_one_redis_round_trip_per_save) ... Free trial plan not found: no trial activated for user 12072606-88f9-4dee-b201-0c57abf8a9c6.
Cannot activate automatic trial for user 12072606-88f9-4dee-b201-0c57abf8a9c6 (validation): ValueError
Free trial plan not found: no trial activated for user 8ecaee77-8c02-46ff-a069-603f0646643e.
Cannot activate automatic trial for user 8ecaee77-8c02-46ff-a069-603f0646643e (validation): ValueError
Free trial plan not found: no trial activated for user 6b85ab2e-3629-434a-a184-dbb9497abeed.
Cannot activate automatic trial for user 6b85ab2e-3629-434a-a184-dbb9497abeed (validation): ValueError
Free trial plan not found: no trial activated for user 2960d23a-334b-4bf8-9811-d1ddc8d0eac8.
Cannot activate automatic trial for user 2960d23a-334b-4bf8-9811-d1ddc8d0eac8 (validation): ValueError
Free trial plan not found: no trial activated for user 85667fc3-778d-4e3f-be2d-57144f5d6aac.
Cannot activate automatic trial for user 85667fc3-778d-4e3f-be2d-57144f5d6aac (validation): ValueError
Free trial plan not found: no trial activated for user f499fc38-8e1d-4aaf-b9ce-f45091062fd5.
Cannot activate automatic trial for user f499fc38-8e1d-4aaf-b9ce-f45091062fd5 (validation): ValueError
Free trial plan not found: no trial activated for user 4842b48d-3f71-4d2e-b9e7-07b1a78f2131.
Cannot activate automatic trial for user 4842b48d-3f71-4d2e-b9e7-07b1a78f2131 (validation): ValueError
ok
test_the_fanout_query_count_is_flat_in_the_number_of_courses (AutoGrader.tests_cache_user_fanout.UserRowCostTests.test_the_fanout_query_count_is_flat_in_the_number_of_courses) ... Free trial plan not found: no trial activated for user e92b4898-f1ad-48c7-9b2b-9a5c75cc7fa0.
Cannot activate automatic trial for user e92b4898-f1ad-48c7-9b2b-9a5c75cc7fa0 (validation): ValueError
Free trial plan not found: no trial activated for user d0b97d5d-1196-4459-85d8-1cb1f6c66d5e.
Cannot activate automatic trial for user d0b97d5d-1196-4459-85d8-1cb1f6c66d5e (validation): ValueError
Free trial plan not found: no trial activated for user fd5ed7ec-d291-48c6-ad99-74da026eb3c1.
Cannot activate automatic trial for user fd5ed7ec-d291-48c6-ad99-74da026eb3c1 (validation): ValueError
Free trial plan not found: no trial activated for user 755b1539-66a6-483b-ae5a-f63deb111748.
Cannot activate automatic trial for user 755b1539-66a6-483b-ae5a-f63deb111748 (validation): ValueError
Free trial plan not found: no trial activated for user 5749a9d3-3fb4-4695-815f-d6617fe8bc39.
Cannot activate automatic trial for user 5749a9d3-3fb4-4695-815f-d6617fe8bc39 (validation): ValueError
Free trial plan not found: no trial activated for user fcd3bf0c-55a4-42cf-931b-3240d733e652.
Cannot activate automatic trial for user fcd3bf0c-55a4-42cf-931b-3240d733e652 (validation): ValueError
Free trial plan not found: no trial activated for user 9ff3293c-0894-4d2f-b92a-18fd4be5d7f2.
Cannot activate automatic trial for user 9ff3293c-0894-4d2f-b92a-18fd4be5d7f2 (validation): ValueError
Free trial plan not found: no trial activated for user 2fa4185b-b517-4686-910c-f71f16d39730.
Cannot activate automatic trial for user 2fa4185b-b517-4686-910c-f71f16d39730 (validation): ValueError
Free trial plan not found: no trial activated for user 7103035b-9150-4206-a4e4-8c3cdba0944e.
Cannot activate automatic trial for user 7103035b-9150-4206-a4e4-8c3cdba0944e (validation): ValueError
Free trial plan not found: no trial activated for user 85adbef7-825d-4e6a-900e-a1f08385bd10.
Cannot activate automatic trial for user 85adbef7-825d-4e6a-900e-a1f08385bd10 (validation): ValueError
Free trial plan not found: no trial activated for user e384d125-502f-4acf-b793-27c9bdfe291c.
Cannot activate automatic trial for user e384d125-502f-4acf-b793-27c9bdfe291c (validation): ValueError
Free trial plan not found: no trial activated for user 34506c4f-16a5-4980-9ae9-ad888d538553.
Cannot activate automatic trial for user 34506c4f-16a5-4980-9ae9-ad888d538553 (validation): ValueError
Free trial plan not found: no trial activated for user 28eecbce-1780-4ce1-b032-0ed4a1926a4d.
Cannot activate automatic trial for user 28eecbce-1780-4ce1-b032-0ed4a1926a4d (validation): ValueError
Free trial plan not found: no trial activated for user 4896381a-865e-49c1-a0f9-5e3afd90ee70.
Cannot activate automatic trial for user 4896381a-865e-49c1-a0f9-5e3afd90ee70 (validation): ValueError
Free trial plan not found: no trial activated for user acbc6279-283a-471a-aaf8-fb60c560ab16.
Cannot activate automatic trial for user acbc6279-283a-471a-aaf8-fb60c560ab16 (validation): ValueError
Free trial plan not found: no trial activated for user b226e147-7f1b-4cfb-a55e-68cf23307a14.
Cannot activate automatic trial for user b226e147-7f1b-4cfb-a55e-68cf23307a14 (validation): ValueError
Free trial plan not found: no trial activated for user aaa2dd80-d82b-431c-85c5-615576de03b9.
Cannot activate automatic trial for user aaa2dd80-d82b-431c-85c5-615576de03b9 (validation): ValueError
Free trial plan not found: no trial activated for user 7c3735dd-ee84-473f-9b73-dac612f1f9ad.
Cannot activate automatic trial for user 7c3735dd-ee84-473f-9b73-dac612f1f9ad (validation): ValueError
Free trial plan not found: no trial activated for user 5bd7cbf5-930e-4f5a-84c8-507c1fe923ff.
Cannot activate automatic trial for user 5bd7cbf5-930e-4f5a-84c8-507c1fe923ff (validation): ValueError
Free trial plan not found: no trial activated for user 5803bbd5-0471-4c61-a3e1-45251d54c926.
Cannot activate automatic trial for user 5803bbd5-0471-4c61-a3e1-45251d54c926 (validation): ValueError
Free trial plan not found: no trial activated for user 72a637dc-5ff4-4eb1-b5fa-acc8316cccc0.
Cannot activate automatic trial for user 72a637dc-5ff4-4eb1-b5fa-acc8316cccc0 (validation): ValueError
Free trial plan not found: no trial activated for user 18c32a5a-497a-4b59-a929-da1ef1e9ca2c.
Cannot activate automatic trial for user 18c32a5a-497a-4b59-a929-da1ef1e9ca2c (validation): ValueError
Free trial plan not found: no trial activated for user a39e6a19-bd01-4973-9ec1-a99133ed656e.
Cannot activate automatic trial for user a39e6a19-bd01-4973-9ec1-a99133ed656e (validation): ValueError
Free trial plan not found: no trial activated for user 705b6fce-4c54-4a00-b20b-96a0636cfb3b.
Cannot activate automatic trial for user 705b6fce-4c54-4a00-b20b-96a0636cfb3b (validation): ValueError
Free trial plan not found: no trial activated for user d9db85e4-9708-485d-bcac-9cf77096eb8b.
Cannot activate automatic trial for user d9db85e4-9708-485d-bcac-9cf77096eb8b (validation): ValueError
Free trial plan not found: no trial activated for user ec723ecc-ea85-4eb7-bc09-1f4582755116.
Cannot activate automatic trial for user ec723ecc-ea85-4eb7-bc09-1f4582755116 (validation): ValueError
Free trial plan not found: no trial activated for user 6296e11b-2d2a-4d4e-b47c-c87d95d7af60.
Cannot activate automatic trial for user 6296e11b-2d2a-4d4e-b47c-c87d95d7af60 (validation): ValueError
Free trial plan not found: no trial activated for user 05e96e82-1516-43d2-a2cc-051e5177bed4.
Cannot activate automatic trial for user 05e96e82-1516-43d2-a2cc-051e5177bed4 (validation): ValueError
Free trial plan not found: no trial activated for user 07608efd-6838-4f8e-b3ba-3276c0ed4b9f.
Cannot activate automatic trial for user 07608efd-6838-4f8e-b3ba-3276c0ed4b9f (validation): ValueError
Free trial plan not found: no trial activated for user cfd0b18d-1398-45e4-8c59-7c7ba3ef8ed4.
Cannot activate automatic trial for user cfd0b18d-1398-45e4-8c59-7c7ba3ef8ed4 (validation): ValueError
Free trial plan not found: no trial activated for user c355f7dc-97f0-4e91-813d-ab76f6a2e5c1.
Cannot activate automatic trial for user c355f7dc-97f0-4e91-813d-ab76f6a2e5c1 (validation): ValueError
Free trial plan not found: no trial activated for user e85465c1-50ce-40eb-aed2-3e171ce57418.
Cannot activate automatic trial for user e85465c1-50ce-40eb-aed2-3e171ce57418 (validation): ValueError
Free trial plan not found: no trial activated for user 21dc7999-1d8f-4bef-bd3c-73b84300950e.
Cannot activate automatic trial for user 21dc7999-1d8f-4bef-bd3c-73b84300950e (validation): ValueError
Free trial plan not found: no trial activated for user 79341eef-2df1-4d88-9170-623cb98f1030.
Cannot activate automatic trial for user 79341eef-2df1-4d88-9170-623cb98f1030 (validation): ValueError
Free trial plan not found: no trial activated for user f3746161-5867-4d36-a238-1bbb459dc6c8.
Cannot activate automatic trial for user f3746161-5867-4d36-a238-1bbb459dc6c8 (validation): ValueError
Free trial plan not found: no trial activated for user f06b17f3-e2cb-4239-980a-745961da89de.
Cannot activate automatic trial for user f06b17f3-e2cb-4239-980a-745961da89de (validation): ValueError
Free trial plan not found: no trial activated for user 795d18d4-21a4-4b96-9fe3-63ee2ccdcabd.
Cannot activate automatic trial for user 795d18d4-21a4-4b96-9fe3-63ee2ccdcabd (validation): ValueError
ok
test_a_redis_outage_never_fails_the_user_save (AutoGrader.tests_cache_user_fanout.UserRowFailureTests.test_a_redis_outage_never_fails_the_user_save) ... Free trial plan not found: no trial activated for user d4925304-9bb9-4f9a-9766-7415617ea52a.
Cannot activate automatic trial for user d4925304-9bb9-4f9a-9766-7415617ea52a (validation): ValueError
Free trial plan not found: no trial activated for user 8b4eb0f8-3cbc-488f-bbcf-415ed1a4de06.
Cannot activate automatic trial for user 8b4eb0f8-3cbc-488f-bbcf-415ed1a4de06 (validation): ValueError
Free trial plan not found: no trial activated for user 52f0c712-3f7a-4287-a3e6-ca1542553e15.
Cannot activate automatic trial for user 52f0c712-3f7a-4287-a3e6-ca1542553e15 (validation): ValueError
Free trial plan not found: no trial activated for user 28917217-aa33-4869-a119-1fe676872776.
Cannot activate automatic trial for user 28917217-aa33-4869-a119-1fe676872776 (validation): ValueError
Free trial plan not found: no trial activated for user ca5ffadf-9bef-44d9-b4b7-b5a9916a085b.
Cannot activate automatic trial for user ca5ffadf-9bef-44d9-b4b7-b5a9916a085b (validation): ValueError
Free trial plan not found: no trial activated for user 7301e65b-173a-428e-85e6-1935f631f478.
Cannot activate automatic trial for user 7301e65b-173a-428e-85e6-1935f631f478 (validation): ValueError
Free trial plan not found: no trial activated for user 9d57c437-20e5-437f-9ebc-55a3e24556a9.
Cannot activate automatic trial for user 9d57c437-20e5-437f-9ebc-55a3e24556a9 (validation): ValueError
Cache generation bump failed for cachegen:global; entries keyed on it will serve stale data until their TTL expires.
Traceback (most recent call last):
  File "/home/bond-servant-in-training/Documents/Projects/Grade-Automator-Plus-epic-a-merge-down-b14/AutoGrader/cache_generation.py", line 171, in bump_generation
    return _incr_or_create(key)
           ^^^^^^^^^^^^^^^^^^^^
  File "/home/bond-servant-in-training/Documents/Projects/Grade-Automator-Plus-epic-a-merge-down-b14/AutoGrader/cache_generation.py", line 201, in _incr_or_create
    return cache.incr(key)
           ^^^^^^^^^^^^^^^
  File "/home/bond-servant-in-training/Documents/Virtualenvs/AutoGrader_env/lib/python3.12/site-packages/django_redis/cache.py", line 29, in _decorator
    return method(self, *args, **kwargs)
           ^^^^^^^^^^^^^^^^^^^^^^^^^^^^^
  File "/home/bond-servant-in-training/Documents/Virtualenvs/AutoGrader_env/lib/python3.12/site-packages/django_redis/cache.py", line 130, in incr
    return self.client.incr(*args, **kwargs)
           ^^^^^^^^^^^^^^^^^^^^^^^^^^^^^^^^^
  File "/home/bond-servant-in-training/Documents/Virtualenvs/AutoGrader_env/lib/python3.12/site-packages/django_redis/client/default.py", line 653, in incr
    return self._incr(
           ^^^^^^^^^^^
  File "/home/bond-servant-in-training/Documents/Virtualenvs/AutoGrader_env/lib/python3.12/site-packages/django_redis/client/default.py", line 595, in _incr
    client = self.get_client(write=True)
             ^^^^^^^^^^^^^^^^^^^^^^^^^^^
  File "/home/bond-servant-in-training/.pyenv/versions/3.12.10/lib/python3.12/unittest/mock.py", line 1139, in __call__
    return self._mock_call(*args, **kwargs)
           ^^^^^^^^^^^^^^^^^^^^^^^^^^^^^^^^
  File "/home/bond-servant-in-training/.pyenv/versions/3.12.10/lib/python3.12/unittest/mock.py", line 1143, in _mock_call
    return self._execute_mock_call(*args, **kwargs)
           ^^^^^^^^^^^^^^^^^^^^^^^^^^^^^^^^^^^^^^^^
  File "/home/bond-servant-in-training/.pyenv/versions/3.12.10/lib/python3.12/unittest/mock.py", line 1198, in _execute_mock_call
    raise effect
  File "/home/bond-servant-in-training/Documents/Projects/Grade-Automator-Plus-epic-a-merge-down-b14/AutoGrader/cache_generation.py", line 277, in _bump_pipelined
    client = cache.client.get_client(write=True)
             ^^^^^^^^^^^^^^^^^^^^^^^^^^^^^^^^^^^
  File "/home/bond-servant-in-training/.pyenv/versions/3.12.10/lib/python3.12/unittest/mock.py", line 1139, in __call__
    return self._mock_call(*args, **kwargs)
           ^^^^^^^^^^^^^^^^^^^^^^^^^^^^^^^^
  File "/home/bond-servant-in-training/.pyenv/versions/3.12.10/lib/python3.12/unittest/mock.py", line 1143, in _mock_call
    return self._execute_mock_call(*args, **kwargs)
           ^^^^^^^^^^^^^^^^^^^^^^^^^^^^^^^^^^^^^^^^
  File "/home/bond-servant-in-training/.pyenv/versions/3.12.10/lib/python3.12/unittest/mock.py", line 1198, in _execute_mock_call
    raise effect
redis.exceptions.ConnectionError: redis unreachable
Cache generation bump failed for cachegen:usr:7301e65b-173a-428e-85e6-1935f631f478; entries keyed on it will serve stale data until their TTL expires.
Traceback (most recent call last):
  File "/home/bond-servant-in-training/Documents/Projects/Grade-Automator-Plus-epic-a-merge-down-b14/AutoGrader/cache_generation.py", line 171, in bump_generation
    return _incr_or_create(key)
           ^^^^^^^^^^^^^^^^^^^^
  File "/home/bond-servant-in-training/Documents/Projects/Grade-Automator-Plus-epic-a-merge-down-b14/AutoGrader/cache_generation.py", line 201, in _incr_or_create
    return cache.incr(key)
           ^^^^^^^^^^^^^^^
  File "/home/bond-servant-in-training/Documents/Virtualenvs/AutoGrader_env/lib/python3.12/site-packages/django_redis/cache.py", line 29, in _decorator
    return method(self, *args, **kwargs)
           ^^^^^^^^^^^^^^^^^^^^^^^^^^^^^
  File "/home/bond-servant-in-training/Documents/Virtualenvs/AutoGrader_env/lib/python3.12/site-packages/django_redis/cache.py", line 130, in incr
    return self.client.incr(*args, **kwargs)
           ^^^^^^^^^^^^^^^^^^^^^^^^^^^^^^^^^
  File "/home/bond-servant-in-training/Documents/Virtualenvs/AutoGrader_env/lib/python3.12/site-packages/django_redis/client/default.py", line 653, in incr
    return self._incr(
           ^^^^^^^^^^^
  File "/home/bond-servant-in-training/Documents/Virtualenvs/AutoGrader_env/lib/python3.12/site-packages/django_redis/client/default.py", line 595, in _incr
    client = self.get_client(write=True)
             ^^^^^^^^^^^^^^^^^^^^^^^^^^^
  File "/home/bond-servant-in-training/.pyenv/versions/3.12.10/lib/python3.12/unittest/mock.py", line 1139, in __call__
    return self._mock_call(*args, **kwargs)
           ^^^^^^^^^^^^^^^^^^^^^^^^^^^^^^^^
  File "/home/bond-servant-in-training/.pyenv/versions/3.12.10/lib/python3.12/unittest/mock.py", line 1143, in _mock_call
    return self._execute_mock_call(*args, **kwargs)
           ^^^^^^^^^^^^^^^^^^^^^^^^^^^^^^^^^^^^^^^^
  File "/home/bond-servant-in-training/.pyenv/versions/3.12.10/lib/python3.12/unittest/mock.py", line 1198, in _execute_mock_call
    raise effect
  File "/home/bond-servant-in-training/Documents/Projects/Grade-Automator-Plus-epic-a-merge-down-b14/AutoGrader/cache_generation.py", line 171, in bump_generation
    return _incr_or_create(key)
           ^^^^^^^^^^^^^^^^^^^^
  File "/home/bond-servant-in-training/Documents/Projects/Grade-Automator-Plus-epic-a-merge-down-b14/AutoGrader/cache_generation.py", line 201, in _incr_or_create
    return cache.incr(key)
           ^^^^^^^^^^^^^^^
  File "/home/bond-servant-in-training/Documents/Virtualenvs/AutoGrader_env/lib/python3.12/site-packages/django_redis/cache.py", line 29, in _decorator
    return method(self, *args, **kwargs)
           ^^^^^^^^^^^^^^^^^^^^^^^^^^^^^
  File "/home/bond-servant-in-training/Documents/Virtualenvs/AutoGrader_env/lib/python3.12/site-packages/django_redis/cache.py", line 130, in incr
    return self.client.incr(*args, **kwargs)
           ^^^^^^^^^^^^^^^^^^^^^^^^^^^^^^^^^
  File "/home/bond-servant-in-training/Documents/Virtualenvs/AutoGrader_env/lib/python3.12/site-packages/django_redis/client/default.py", line 653, in incr
    return self._incr(
           ^^^^^^^^^^^
  File "/home/bond-servant-in-training/Documents/Virtualenvs/AutoGrader_env/lib/python3.12/site-packages/django_redis/client/default.py", line 595, in _incr
    client = self.get_client(write=True)
             ^^^^^^^^^^^^^^^^^^^^^^^^^^^
  File "/home/bond-servant-in-training/.pyenv/versions/3.12.10/lib/python3.12/unittest/mock.py", line 1139, in __call__
    return self._mock_call(*args, **kwargs)
           ^^^^^^^^^^^^^^^^^^^^^^^^^^^^^^^^
  File "/home/bond-servant-in-training/.pyenv/versions/3.12.10/lib/python3.12/unittest/mock.py", line 1143, in _mock_call
    return self._execute_mock_call(*args, **kwargs)
           ^^^^^^^^^^^^^^^^^^^^^^^^^^^^^^^^^^^^^^^^
  File "/home/bond-servant-in-training/.pyenv/versions/3.12.10/lib/python3.12/unittest/mock.py", line 1198, in _execute_mock_call
    raise effect
  File "/home/bond-servant-in-training/Documents/Projects/Grade-Automator-Plus-epic-a-merge-down-b14/AutoGrader/cache_generation.py", line 277, in _bump_pipelined
    client = cache.client.get_client(write=True)
             ^^^^^^^^^^^^^^^^^^^^^^^^^^^^^^^^^^^
  File "/home/bond-servant-in-training/.pyenv/versions/3.12.10/lib/python3.12/unittest/mock.py", line 1139, in __call__
    return self._mock_call(*args, **kwargs)
           ^^^^^^^^^^^^^^^^^^^^^^^^^^^^^^^^
  File "/home/bond-servant-in-training/.pyenv/versions/3.12.10/lib/python3.12/unittest/mock.py", line 1143, in _mock_call
    return self._execute_mock_call(*args, **kwargs)
           ^^^^^^^^^^^^^^^^^^^^^^^^^^^^^^^^^^^^^^^^
  File "/home/bond-servant-in-training/.pyenv/versions/3.12.10/lib/python3.12/unittest/mock.py", line 1198, in _execute_mock_call
    raise effect
redis.exceptions.ConnectionError: redis unreachable
Cache generation bump failed for cachegen:anyusr; entries keyed on it will serve stale data until their TTL expires.
Traceback (most recent call last):
  File "/home/bond-servant-in-training/Documents/Projects/Grade-Automator-Plus-epic-a-merge-down-b14/AutoGrader/cache_generation.py", line 171, in bump_generation
    return _incr_or_create(key)
           ^^^^^^^^^^^^^^^^^^^^
  File "/home/bond-servant-in-training/Documents/Projects/Grade-Automator-Plus-epic-a-merge-down-b14/AutoGrader/cache_generation.py", line 201, in _incr_or_create
    return cache.incr(key)
           ^^^^^^^^^^^^^^^
  File "/home/bond-servant-in-training/Documents/Virtualenvs/AutoGrader_env/lib/python3.12/site-packages/django_redis/cache.py", line 29, in _decorator
    return method(self, *args, **kwargs)
           ^^^^^^^^^^^^^^^^^^^^^^^^^^^^^
  File "/home/bond-servant-in-training/Documents/Virtualenvs/AutoGrader_env/lib/python3.12/site-packages/django_redis/cache.py", line 130, in incr
    return self.client.incr(*args, **kwargs)
           ^^^^^^^^^^^^^^^^^^^^^^^^^^^^^^^^^
  File "/home/bond-servant-in-training/Documents/Virtualenvs/AutoGrader_env/lib/python3.12/site-packages/django_redis/client/default.py", line 653, in incr
    return self._incr(
           ^^^^^^^^^^^
  File "/home/bond-servant-in-training/Documents/Virtualenvs/AutoGrader_env/lib/python3.12/site-packages/django_redis/client/default.py", line 595, in _incr
    client = self.get_client(write=True)
             ^^^^^^^^^^^^^^^^^^^^^^^^^^^
  File "/home/bond-servant-in-training/.pyenv/versions/3.12.10/lib/python3.12/unittest/mock.py", line 1139, in __call__
    return self._mock_call(*args, **kwargs)
           ^^^^^^^^^^^^^^^^^^^^^^^^^^^^^^^^
  File "/home/bond-servant-in-training/.pyenv/versions/3.12.10/lib/python3.12/unittest/mock.py", line 1143, in _mock_call
    return self._execute_mock_call(*args, **kwargs)
           ^^^^^^^^^^^^^^^^^^^^^^^^^^^^^^^^^^^^^^^^
  File "/home/bond-servant-in-training/.pyenv/versions/3.12.10/lib/python3.12/unittest/mock.py", line 1198, in _execute_mock_call
    raise effect
  File "/home/bond-servant-in-training/Documents/Projects/Grade-Automator-Plus-epic-a-merge-down-b14/AutoGrader/cache_generation.py", line 171, in bump_generation
    return _incr_or_create(key)
           ^^^^^^^^^^^^^^^^^^^^
  File "/home/bond-servant-in-training/Documents/Projects/Grade-Automator-Plus-epic-a-merge-down-b14/AutoGrader/cache_generation.py", line 201, in _incr_or_create
    return cache.incr(key)
           ^^^^^^^^^^^^^^^
  File "/home/bond-servant-in-training/Documents/Virtualenvs/AutoGrader_env/lib/python3.12/site-packages/django_redis/cache.py", line 29, in _decorator
    return method(self, *args, **kwargs)
           ^^^^^^^^^^^^^^^^^^^^^^^^^^^^^
  File "/home/bond-servant-in-training/Documents/Virtualenvs/AutoGrader_env/lib/python3.12/site-packages/django_redis/cache.py", line 130, in incr
    return self.client.incr(*args, **kwargs)
           ^^^^^^^^^^^^^^^^^^^^^^^^^^^^^^^^^
  File "/home/bond-servant-in-training/Documents/Virtualenvs/AutoGrader_env/lib/python3.12/site-packages/django_redis/client/default.py", line 653, in incr
    return self._incr(
           ^^^^^^^^^^^
  File "/home/bond-servant-in-training/Documents/Virtualenvs/AutoGrader_env/lib/python3.12/site-packages/django_redis/client/default.py", line 595, in _incr
    client = self.get_client(write=True)
             ^^^^^^^^^^^^^^^^^^^^^^^^^^^
  File "/home/bond-servant-in-training/.pyenv/versions/3.12.10/lib/python3.12/unittest/mock.py", line 1139, in __call__
    return self._mock_call(*args, **kwargs)
           ^^^^^^^^^^^^^^^^^^^^^^^^^^^^^^^^
  File "/home/bond-servant-in-training/.pyenv/versions/3.12.10/lib/python3.12/unittest/mock.py", line 1143, in _mock_call
    return self._execute_mock_call(*args, **kwargs)
           ^^^^^^^^^^^^^^^^^^^^^^^^^^^^^^^^^^^^^^^^
  File "/home/bond-servant-in-training/.pyenv/versions/3.12.10/lib/python3.12/unittest/mock.py", line 1198, in _execute_mock_call
    raise effect
  File "/home/bond-servant-in-training/Documents/Projects/Grade-Automator-Plus-epic-a-merge-down-b14/AutoGrader/cache_generation.py", line 171, in bump_generation
    return _incr_or_create(key)
           ^^^^^^^^^^^^^^^^^^^^
  File "/home/bond-servant-in-training/Documents/Projects/Grade-Automator-Plus-epic-a-merge-down-b14/AutoGrader/cache_generation.py", line 201, in _incr_or_create
    return cache.incr(key)
           ^^^^^^^^^^^^^^^
  File "/home/bond-servant-in-training/Documents/Virtualenvs/AutoGrader_env/lib/python3.12/site-packages/django_redis/cache.py", line 29, in _decorator
    return method(self, *args, **kwargs)
           ^^^^^^^^^^^^^^^^^^^^^^^^^^^^^
  File "/home/bond-servant-in-training/Documents/Virtualenvs/AutoGrader_env/lib/python3.12/site-packages/django_redis/cache.py", line 130, in incr
    return self.client.incr(*args, **kwargs)
           ^^^^^^^^^^^^^^^^^^^^^^^^^^^^^^^^^
  File "/home/bond-servant-in-training/Documents/Virtualenvs/AutoGrader_env/lib/python3.12/site-packages/django_redis/client/default.py", line 653, in incr
    return self._incr(
           ^^^^^^^^^^^
  File "/home/bond-servant-in-training/Documents/Virtualenvs/AutoGrader_env/lib/python3.12/site-packages/django_redis/client/default.py", line 595, in _incr
    client = self.get_client(write=True)
             ^^^^^^^^^^^^^^^^^^^^^^^^^^^
  File "/home/bond-servant-in-training/.pyenv/versions/3.12.10/lib/python3.12/unittest/mock.py", line 1139, in __call__
    return self._mock_call(*args, **kwargs)
           ^^^^^^^^^^^^^^^^^^^^^^^^^^^^^^^^
  File "/home/bond-servant-in-training/.pyenv/versions/3.12.10/lib/python3.12/unittest/mock.py", line 1143, in _mock_call
    return self._execute_mock_call(*args, **kwargs)
           ^^^^^^^^^^^^^^^^^^^^^^^^^^^^^^^^^^^^^^^^
  File "/home/bond-servant-in-training/.pyenv/versions/3.12.10/lib/python3.12/unittest/mock.py", line 1198, in _execute_mock_call
    raise effect
  File "/home/bond-servant-in-training/Documents/Projects/Grade-Automator-Plus-epic-a-merge-down-b14/AutoGrader/cache_generation.py", line 277, in _bump_pipelined
    client = cache.client.get_client(write=True)
             ^^^^^^^^^^^^^^^^^^^^^^^^^^^^^^^^^^^
  File "/home/bond-servant-in-training/.pyenv/versions/3.12.10/lib/python3.12/unittest/mock.py", line 1139, in __call__
    return self._mock_call(*args, **kwargs)
           ^^^^^^^^^^^^^^^^^^^^^^^^^^^^^^^^
  File "/home/bond-servant-in-training/.pyenv/versions/3.12.10/lib/python3.12/unittest/mock.py", line 1143, in _mock_call
    return self._execute_mock_call(*args, **kwargs)
           ^^^^^^^^^^^^^^^^^^^^^^^^^^^^^^^^^^^^^^^^
  File "/home/bond-servant-in-training/.pyenv/versions/3.12.10/lib/python3.12/unittest/mock.py", line 1198, in _execute_mock_call
    raise effect
redis.exceptions.ConnectionError: redis unreachable
Cache generation bump failed for cachegen:usr:8b4eb0f8-3cbc-488f-bbcf-415ed1a4de06; entries keyed on it will serve stale data until their TTL expires.
Traceback (most recent call last):
  File "/home/bond-servant-in-training/Documents/Projects/Grade-Automator-Plus-epic-a-merge-down-b14/AutoGrader/cache_generation.py", line 171, in bump_generation
    return _incr_or_create(key)
           ^^^^^^^^^^^^^^^^^^^^
  File "/home/bond-servant-in-training/Documents/Projects/Grade-Automator-Plus-epic-a-merge-down-b14/AutoGrader/cache_generation.py", line 201, in _incr_or_create
    return cache.incr(key)
           ^^^^^^^^^^^^^^^
  File "/home/bond-servant-in-training/Documents/Virtualenvs/AutoGrader_env/lib/python3.12/site-packages/django_redis/cache.py", line 29, in _decorator
    return method(self, *args, **kwargs)
           ^^^^^^^^^^^^^^^^^^^^^^^^^^^^^
  File "/home/bond-servant-in-training/Documents/Virtualenvs/AutoGrader_env/lib/python3.12/site-packages/django_redis/cache.py", line 130, in incr
    return self.client.incr(*args, **kwargs)
           ^^^^^^^^^^^^^^^^^^^^^^^^^^^^^^^^^
  File "/home/bond-servant-in-training/Documents/Virtualenvs/AutoGrader_env/lib/python3.12/site-packages/django_redis/client/default.py", line 653, in incr
    return self._incr(
           ^^^^^^^^^^^
  File "/home/bond-servant-in-training/Documents/Virtualenvs/AutoGrader_env/lib/python3.12/site-packages/django_redis/client/default.py", line 595, in _incr
    client = self.get_client(write=True)
             ^^^^^^^^^^^^^^^^^^^^^^^^^^^
  File "/home/bond-servant-in-training/.pyenv/versions/3.12.10/lib/python3.12/unittest/mock.py", line 1139, in __call__
    return self._mock_call(*args, **kwargs)
           ^^^^^^^^^^^^^^^^^^^^^^^^^^^^^^^^
  File "/home/bond-servant-in-training/.pyenv/versions/3.12.10/lib/python3.12/unittest/mock.py", line 1143, in _mock_call
    return self._execute_mock_call(*args, **kwargs)
           ^^^^^^^^^^^^^^^^^^^^^^^^^^^^^^^^^^^^^^^^
  File "/home/bond-servant-in-training/.pyenv/versions/3.12.10/lib/python3.12/unittest/mock.py", line 1198, in _execute_mock_call
    raise effect
  File "/home/bond-servant-in-training/Documents/Projects/Grade-Automator-Plus-epic-a-merge-down-b14/AutoGrader/cache_generation.py", line 171, in bump_generation
    return _incr_or_create(key)
           ^^^^^^^^^^^^^^^^^^^^
  File "/home/bond-servant-in-training/Documents/Projects/Grade-Automator-Plus-epic-a-merge-down-b14/AutoGrader/cache_generation.py", line 201, in _incr_or_create
    return cache.incr(key)
           ^^^^^^^^^^^^^^^
  File "/home/bond-servant-in-training/Documents/Virtualenvs/AutoGrader_env/lib/python3.12/site-packages/django_redis/cache.py", line 29, in _decorator
    return method(self, *args, **kwargs)
           ^^^^^^^^^^^^^^^^^^^^^^^^^^^^^
  File "/home/bond-servant-in-training/Documents/Virtualenvs/AutoGrader_env/lib/python3.12/site-packages/django_redis/cache.py", line 130, in incr
    return self.client.incr(*args, **kwargs)
           ^^^^^^^^^^^^^^^^^^^^^^^^^^^^^^^^^
  File "/home/bond-servant-in-training/Documents/Virtualenvs/AutoGrader_env/lib/python3.12/site-packages/django_redis/client/default.py", line 653, in incr
    return self._incr(
           ^^^^^^^^^^^
  File "/home/bond-servant-in-training/Documents/Virtualenvs/AutoGrader_env/lib/python3.12/site-packages/django_redis/client/default.py", line 595, in _incr
    client = self.get_client(write=True)
             ^^^^^^^^^^^^^^^^^^^^^^^^^^^
  File "/home/bond-servant-in-training/.pyenv/versions/3.12.10/lib/python3.12/unittest/mock.py", line 1139, in __call__
    return self._mock_call(*args, **kwargs)
           ^^^^^^^^^^^^^^^^^^^^^^^^^^^^^^^^
  File "/home/bond-servant-in-training/.pyenv/versions/3.12.10/lib/python3.12/unittest/mock.py", line 1143, in _mock_call
    return self._execute_mock_call(*args, **kwargs)
           ^^^^^^^^^^^^^^^^^^^^^^^^^^^^^^^^^^^^^^^^
  File "/home/bond-servant-in-training/.pyenv/versions/3.12.10/lib/python3.12/unittest/mock.py", line 1198, in _execute_mock_call
    raise effect
  File "/home/bond-servant-in-training/Documents/Projects/Grade-Automator-Plus-epic-a-merge-down-b14/AutoGrader/cache_generation.py", line 171, in bump_generation
    return _incr_or_create(key)
           ^^^^^^^^^^^^^^^^^^^^
  File "/home/bond-servant-in-training/Documents/Projects/Grade-Automator-Plus-epic-a-merge-down-b14/AutoGrader/cache_generation.py", line 201, in _incr_or_create
    return cache.incr(key)
           ^^^^^^^^^^^^^^^
  File "/home/bond-servant-in-training/Documents/Virtualenvs/AutoGrader_env/lib/python3.12/site-packages/django_redis/cache.py", line 29, in _decorator
    return method(self, *args, **kwargs)
           ^^^^^^^^^^^^^^^^^^^^^^^^^^^^^
  File "/home/bond-servant-in-training/Documents/Virtualenvs/AutoGrader_env/lib/python3.12/site-packages/django_redis/cache.py", line 130, in incr
    return self.client.incr(*args, **kwargs)
           ^^^^^^^^^^^^^^^^^^^^^^^^^^^^^^^^^
  File "/home/bond-servant-in-training/Documents/Virtualenvs/AutoGrader_env/lib/python3.12/site-packages/django_redis/client/default.py", line 653, in incr
    return self._incr(
           ^^^^^^^^^^^
  File "/home/bond-servant-in-training/Documents/Virtualenvs/AutoGrader_env/lib/python3.12/site-packages/django_redis/client/default.py", line 595, in _incr
    client = self.get_client(write=True)
             ^^^^^^^^^^^^^^^^^^^^^^^^^^^
  File "/home/bond-servant-in-training/.pyenv/versions/3.12.10/lib/python3.12/unittest/mock.py", line 1139, in __call__
    return self._mock_call(*args, **kwargs)
           ^^^^^^^^^^^^^^^^^^^^^^^^^^^^^^^^
  File "/home/bond-servant-in-training/.pyenv/versions/3.12.10/lib/python3.12/unittest/mock.py", line 1143, in _mock_call
    return self._execute_mock_call(*args, **kwargs)
           ^^^^^^^^^^^^^^^^^^^^^^^^^^^^^^^^^^^^^^^^
  File "/home/bond-servant-in-training/.pyenv/versions/3.12.10/lib/python3.12/unittest/mock.py", line 1198, in _execute_mock_call
    raise effect
  File "/home/bond-servant-in-training/Documents/Projects/Grade-Automator-Plus-epic-a-merge-down-b14/AutoGrader/cache_generation.py", line 171, in bump_generation
    return _incr_or_create(key)
           ^^^^^^^^^^^^^^^^^^^^
  File "/home/bond-servant-in-training/Documents/Projects/Grade-Automator-Plus-epic-a-merge-down-b14/AutoGrader/cache_generation.py", line 201, in _incr_or_create
    return cache.incr(key)
           ^^^^^^^^^^^^^^^
  File "/home/bond-servant-in-training/Documents/Virtualenvs/AutoGrader_env/lib/python3.12/site-packages/django_redis/cache.py", line 29, in _decorator
    return method(self, *args, **kwargs)
           ^^^^^^^^^^^^^^^^^^^^^^^^^^^^^
  File "/home/bond-servant-in-training/Documents/Virtualenvs/AutoGrader_env/lib/python3.12/site-packages/django_redis/cache.py", line 130, in incr
    return self.client.incr(*args, **kwargs)
           ^^^^^^^^^^^^^^^^^^^^^^^^^^^^^^^^^
  File "/home/bond-servant-in-training/Documents/Virtualenvs/AutoGrader_env/lib/python3.12/site-packages/django_redis/client/default.py", line 653, in incr
    return self._incr(
           ^^^^^^^^^^^
  File "/home/bond-servant-in-training/Documents/Virtualenvs/AutoGrader_env/lib/python3.12/site-packages/django_redis/client/default.py", line 595, in _incr
    client = self.get_client(write=True)
             ^^^^^^^^^^^^^^^^^^^^^^^^^^^
  File "/home/bond-servant-in-training/.pyenv/versions/3.12.10/lib/python3.12/unittest/mock.py", line 1139, in __call__
    return self._mock_call(*args, **kwargs)
           ^^^^^^^^^^^^^^^^^^^^^^^^^^^^^^^^
  File "/home/bond-servant-in-training/.pyenv/versions/3.12.10/lib/python3.12/unittest/mock.py", line 1143, in _mock_call
    return self._execute_mock_call(*args, **kwargs)
           ^^^^^^^^^^^^^^^^^^^^^^^^^^^^^^^^^^^^^^^^
  File "/home/bond-servant-in-training/.pyenv/versions/3.12.10/lib/python3.12/unittest/mock.py", line 1198, in _execute_mock_call
    raise effect
  File "/home/bond-servant-in-training/Documents/Projects/Grade-Automator-Plus-epic-a-merge-down-b14/AutoGrader/cache_generation.py", line 277, in _bump_pipelined
    client = cache.client.get_client(write=True)
             ^^^^^^^^^^^^^^^^^^^^^^^^^^^^^^^^^^^
  File "/home/bond-servant-in-training/.pyenv/versions/3.12.10/lib/python3.12/unittest/mock.py", line 1139, in __call__
    return self._mock_call(*args, **kwargs)
           ^^^^^^^^^^^^^^^^^^^^^^^^^^^^^^^^
  File "/home/bond-servant-in-training/.pyenv/versions/3.12.10/lib/python3.12/unittest/mock.py", line 1143, in _mock_call
    return self._execute_mock_call(*args, **kwargs)
           ^^^^^^^^^^^^^^^^^^^^^^^^^^^^^^^^^^^^^^^^
  File "/home/bond-servant-in-training/.pyenv/versions/3.12.10/lib/python3.12/unittest/mock.py", line 1198, in _execute_mock_call
    raise effect
redis.exceptions.ConnectionError: redis unreachable
Cache generation bump failed for cachegen:usr:d4925304-9bb9-4f9a-9766-7415617ea52a; entries keyed on it will serve stale data until their TTL expires.
Traceback (most recent call last):
  File "/home/bond-servant-in-training/Documents/Projects/Grade-Automator-Plus-epic-a-merge-down-b14/AutoGrader/cache_generation.py", line 171, in bump_generation
    return _incr_or_create(key)
           ^^^^^^^^^^^^^^^^^^^^
  File "/home/bond-servant-in-training/Documents/Projects/Grade-Automator-Plus-epic-a-merge-down-b14/AutoGrader/cache_generation.py", line 201, in _incr_or_create
    return cache.incr(key)
           ^^^^^^^^^^^^^^^
  File "/home/bond-servant-in-training/Documents/Virtualenvs/AutoGrader_env/lib/python3.12/site-packages/django_redis/cache.py", line 29, in _decorator
    return method(self, *args, **kwargs)
           ^^^^^^^^^^^^^^^^^^^^^^^^^^^^^
  File "/home/bond-servant-in-training/Documents/Virtualenvs/AutoGrader_env/lib/python3.12/site-packages/django_redis/cache.py", line 130, in incr
    return self.client.incr(*args, **kwargs)
           ^^^^^^^^^^^^^^^^^^^^^^^^^^^^^^^^^
  File "/home/bond-servant-in-training/Documents/Virtualenvs/AutoGrader_env/lib/python3.12/site-packages/django_redis/client/default.py", line 653, in incr
    return self._incr(
           ^^^^^^^^^^^
  File "/home/bond-servant-in-training/Documents/Virtualenvs/AutoGrader_env/lib/python3.12/site-packages/django_redis/client/default.py", line 595, in _incr
    client = self.get_client(write=True)
             ^^^^^^^^^^^^^^^^^^^^^^^^^^^
  File "/home/bond-servant-in-training/.pyenv/versions/3.12.10/lib/python3.12/unittest/mock.py", line 1139, in __call__
    return self._mock_call(*args, **kwargs)
           ^^^^^^^^^^^^^^^^^^^^^^^^^^^^^^^^
  File "/home/bond-servant-in-training/.pyenv/versions/3.12.10/lib/python3.12/unittest/mock.py", line 1143, in _mock_call
    return self._execute_mock_call(*args, **kwargs)
           ^^^^^^^^^^^^^^^^^^^^^^^^^^^^^^^^^^^^^^^^
  File "/home/bond-servant-in-training/.pyenv/versions/3.12.10/lib/python3.12/unittest/mock.py", line 1198, in _execute_mock_call
    raise effect
  File "/home/bond-servant-in-training/Documents/Projects/Grade-Automator-Plus-epic-a-merge-down-b14/AutoGrader/cache_generation.py", line 171, in bump_generation
    return _incr_or_create(key)
           ^^^^^^^^^^^^^^^^^^^^
  File "/home/bond-servant-in-training/Documents/Projects/Grade-Automator-Plus-epic-a-merge-down-b14/AutoGrader/cache_generation.py", line 201, in _incr_or_create
    return cache.incr(key)
           ^^^^^^^^^^^^^^^
  File "/home/bond-servant-in-training/Documents/Virtualenvs/AutoGrader_env/lib/python3.12/site-packages/django_redis/cache.py", line 29, in _decorator
    return method(self, *args, **kwargs)
           ^^^^^^^^^^^^^^^^^^^^^^^^^^^^^
  File "/home/bond-servant-in-training/Documents/Virtualenvs/AutoGrader_env/lib/python3.12/site-packages/django_redis/cache.py", line 130, in incr
    return self.client.incr(*args, **kwargs)
           ^^^^^^^^^^^^^^^^^^^^^^^^^^^^^^^^^
  File "/home/bond-servant-in-training/Documents/Virtualenvs/AutoGrader_env/lib/python3.12/site-packages/django_redis/client/default.py", line 653, in incr
    return self._incr(
           ^^^^^^^^^^^
  File "/home/bond-servant-in-training/Documents/Virtualenvs/AutoGrader_env/lib/python3.12/site-packages/django_redis/client/default.py", line 595, in _incr
    client = self.get_client(write=True)
             ^^^^^^^^^^^^^^^^^^^^^^^^^^^
  File "/home/bond-servant-in-training/.pyenv/versions/3.12.10/lib/python3.12/unittest/mock.py", line 1139, in __call__
    return self._mock_call(*args, **kwargs)
           ^^^^^^^^^^^^^^^^^^^^^^^^^^^^^^^^
  File "/home/bond-servant-in-training/.pyenv/versions/3.12.10/lib/python3.12/unittest/mock.py", line 1143, in _mock_call
    return self._execute_mock_call(*args, **kwargs)
           ^^^^^^^^^^^^^^^^^^^^^^^^^^^^^^^^^^^^^^^^
  File "/home/bond-servant-in-training/.pyenv/versions/3.12.10/lib/python3.12/unittest/mock.py", line 1198, in _execute_mock_call
    raise effect
  File "/home/bond-servant-in-training/Documents/Projects/Grade-Automator-Plus-epic-a-merge-down-b14/AutoGrader/cache_generation.py", line 171, in bump_generation
    return _incr_or_create(key)
           ^^^^^^^^^^^^^^^^^^^^
  File "/home/bond-servant-in-training/Documents/Projects/Grade-Automator-Plus-epic-a-merge-down-b14/AutoGrader/cache_generation.py", line 201, in _incr_or_create
    return cache.incr(key)
           ^^^^^^^^^^^^^^^
  File "/home/bond-servant-in-training/Documents/Virtualenvs/AutoGrader_env/lib/python3.12/site-packages/django_redis/cache.py", line 29, in _decorator
    return method(self, *args, **kwargs)
           ^^^^^^^^^^^^^^^^^^^^^^^^^^^^^
  File "/home/bond-servant-in-training/Documents/Virtualenvs/AutoGrader_env/lib/python3.12/site-packages/django_redis/cache.py", line 130, in incr
    return self.client.incr(*args, **kwargs)
           ^^^^^^^^^^^^^^^^^^^^^^^^^^^^^^^^^
  File "/home/bond-servant-in-training/Documents/Virtualenvs/AutoGrader_env/lib/python3.12/site-packages/django_redis/client/default.py", line 653, in incr
    return self._incr(
           ^^^^^^^^^^^
  File "/home/bond-servant-in-training/Documents/Virtualenvs/AutoGrader_env/lib/python3.12/site-packages/django_redis/client/default.py", line 595, in _incr
    client = self.get_client(write=True)
             ^^^^^^^^^^^^^^^^^^^^^^^^^^^
  File "/home/bond-servant-in-training/.pyenv/versions/3.12.10/lib/python3.12/unittest/mock.py", line 1139, in __call__
    return self._mock_call(*args, **kwargs)
           ^^^^^^^^^^^^^^^^^^^^^^^^^^^^^^^^
  File "/home/bond-servant-in-training/.pyenv/versions/3.12.10/lib/python3.12/unittest/mock.py", line 1143, in _mock_call
    return self._execute_mock_call(*args, **kwargs)
           ^^^^^^^^^^^^^^^^^^^^^^^^^^^^^^^^^^^^^^^^
  File "/home/bond-servant-in-training/.pyenv/versions/3.12.10/lib/python3.12/unittest/mock.py", line 1198, in _execute_mock_call
    raise effect
  File "/home/bond-servant-in-training/Documents/Projects/Grade-Automator-Plus-epic-a-merge-down-b14/AutoGrader/cache_generation.py", line 171, in bump_generation
    return _incr_or_create(key)
           ^^^^^^^^^^^^^^^^^^^^
  File "/home/bond-servant-in-training/Documents/Projects/Grade-Automator-Plus-epic-a-merge-down-b14/AutoGrader/cache_generation.py", line 201, in _incr_or_create
    return cache.incr(key)
           ^^^^^^^^^^^^^^^
  File "/home/bond-servant-in-training/Documents/Virtualenvs/AutoGrader_env/lib/python3.12/site-packages/django_redis/cache.py", line 29, in _decorator
    return method(self, *args, **kwargs)
           ^^^^^^^^^^^^^^^^^^^^^^^^^^^^^
  File "/home/bond-servant-in-training/Documents/Virtualenvs/AutoGrader_env/lib/python3.12/site-packages/django_redis/cache.py", line 130, in incr
    return self.client.incr(*args, **kwargs)
           ^^^^^^^^^^^^^^^^^^^^^^^^^^^^^^^^^
  File "/home/bond-servant-in-training/Documents/Virtualenvs/AutoGrader_env/lib/python3.12/site-packages/django_redis/client/default.py", line 653, in incr
    return self._incr(
           ^^^^^^^^^^^
  File "/home/bond-servant-in-training/Documents/Virtualenvs/AutoGrader_env/lib/python3.12/site-packages/django_redis/client/default.py", line 595, in _incr
    client = self.get_client(write=True)
             ^^^^^^^^^^^^^^^^^^^^^^^^^^^
  File "/home/bond-servant-in-training/.pyenv/versions/3.12.10/lib/python3.12/unittest/mock.py", line 1139, in __call__
    return self._mock_call(*args, **kwargs)
           ^^^^^^^^^^^^^^^^^^^^^^^^^^^^^^^^
  File "/home/bond-servant-in-training/.pyenv/versions/3.12.10/lib/python3.12/unittest/mock.py", line 1143, in _mock_call
    return self._execute_mock_call(*args, **kwargs)
           ^^^^^^^^^^^^^^^^^^^^^^^^^^^^^^^^^^^^^^^^
  File "/home/bond-servant-in-training/.pyenv/versions/3.12.10/lib/python3.12/unittest/mock.py", line 1198, in _execute_mock_call
    raise effect
  File "/home/bond-servant-in-training/Documents/Projects/Grade-Automator-Plus-epic-a-merge-down-b14/AutoGrader/cache_generation.py", line 171, in bump_generation
    return _incr_or_create(key)
           ^^^^^^^^^^^^^^^^^^^^
  File "/home/bond-servant-in-training/Documents/Projects/Grade-Automator-Plus-epic-a-merge-down-b14/AutoGrader/cache_generation.py", line 201, in _incr_or_create
    return cache.incr(key)
           ^^^^^^^^^^^^^^^
  File "/home/bond-servant-in-training/Documents/Virtualenvs/AutoGrader_env/lib/python3.12/site-packages/django_redis/cache.py", line 29, in _decorator
    return method(self, *args, **kwargs)
           ^^^^^^^^^^^^^^^^^^^^^^^^^^^^^
  File "/home/bond-servant-in-training/Documents/Virtualenvs/AutoGrader_env/lib/python3.12/site-packages/django_redis/cache.py", line 130, in incr
    return self.client.incr(*args, **kwargs)
           ^^^^^^^^^^^^^^^^^^^^^^^^^^^^^^^^^
  File "/home/bond-servant-in-training/Documents/Virtualenvs/AutoGrader_env/lib/python3.12/site-packages/django_redis/client/default.py", line 653, in incr
    return self._incr(
           ^^^^^^^^^^^
  File "/home/bond-servant-in-training/Documents/Virtualenvs/AutoGrader_env/lib/python3.12/site-packages/django_redis/client/default.py", line 595, in _incr
    client = self.get_client(write=True)
             ^^^^^^^^^^^^^^^^^^^^^^^^^^^
  File "/home/bond-servant-in-training/.pyenv/versions/3.12.10/lib/python3.12/unittest/mock.py", line 1139, in __call__
    return self._mock_call(*args, **kwargs)
           ^^^^^^^^^^^^^^^^^^^^^^^^^^^^^^^^
  File "/home/bond-servant-in-training/.pyenv/versions/3.12.10/lib/python3.12/unittest/mock.py", line 1143, in _mock_call
    return self._execute_mock_call(*args, **kwargs)
           ^^^^^^^^^^^^^^^^^^^^^^^^^^^^^^^^^^^^^^^^
  File "/home/bond-servant-in-training/.pyenv/versions/3.12.10/lib/python3.12/unittest/mock.py", line 1198, in _execute_mock_call
    raise effect
  File "/home/bond-servant-in-training/Documents/Projects/Grade-Automator-Plus-epic-a-merge-down-b14/AutoGrader/cache_generation.py", line 277, in _bump_pipelined
    client = cache.client.get_client(write=True)
             ^^^^^^^^^^^^^^^^^^^^^^^^^^^^^^^^^^^
  File "/home/bond-servant-in-training/.pyenv/versions/3.12.10/lib/python3.12/unittest/mock.py", line 1139, in __call__
    return self._mock_call(*args, **kwargs)
           ^^^^^^^^^^^^^^^^^^^^^^^^^^^^^^^^
  File "/home/bond-servant-in-training/.pyenv/versions/3.12.10/lib/python3.12/unittest/mock.py", line 1143, in _mock_call
    return self._execute_mock_call(*args, **kwargs)
           ^^^^^^^^^^^^^^^^^^^^^^^^^^^^^^^^^^^^^^^^
  File "/home/bond-servant-in-training/.pyenv/versions/3.12.10/lib/python3.12/unittest/mock.py", line 1198, in _execute_mock_call
    raise effect
redis.exceptions.ConnectionError: redis unreachable
Cache generation bump failed for cachegen:sch:01925222-24df-4f3e-a1a2-2e7b2d00dae7; entries keyed on it will serve stale data until their TTL expires.
Traceback (most recent call last):
  File "/home/bond-servant-in-training/Documents/Projects/Grade-Automator-Plus-epic-a-merge-down-b14/AutoGrader/cache_generation.py", line 171, in bump_generation
    return _incr_or_create(key)
           ^^^^^^^^^^^^^^^^^^^^
  File "/home/bond-servant-in-training/Documents/Projects/Grade-Automator-Plus-epic-a-merge-down-b14/AutoGrader/cache_generation.py", line 201, in _incr_or_create
    return cache.incr(key)
           ^^^^^^^^^^^^^^^
  File "/home/bond-servant-in-training/Documents/Virtualenvs/AutoGrader_env/lib/python3.12/site-packages/django_redis/cache.py", line 29, in _decorator
    return method(self, *args, **kwargs)
           ^^^^^^^^^^^^^^^^^^^^^^^^^^^^^
  File "/home/bond-servant-in-training/Documents/Virtualenvs/AutoGrader_env/lib/python3.12/site-packages/django_redis/cache.py", line 130, in incr
    return self.client.incr(*args, **kwargs)
           ^^^^^^^^^^^^^^^^^^^^^^^^^^^^^^^^^
  File "/home/bond-servant-in-training/Documents/Virtualenvs/AutoGrader_env/lib/python3.12/site-packages/django_redis/client/default.py", line 653, in incr
    return self._incr(
           ^^^^^^^^^^^
  File "/home/bond-servant-in-training/Documents/Virtualenvs/AutoGrader_env/lib/python3.12/site-packages/django_redis/client/default.py", line 595, in _incr
    client = self.get_client(write=True)
             ^^^^^^^^^^^^^^^^^^^^^^^^^^^
  File "/home/bond-servant-in-training/.pyenv/versions/3.12.10/lib/python3.12/unittest/mock.py", line 1139, in __call__
    return self._mock_call(*args, **kwargs)
           ^^^^^^^^^^^^^^^^^^^^^^^^^^^^^^^^
  File "/home/bond-servant-in-training/.pyenv/versions/3.12.10/lib/python3.12/unittest/mock.py", line 1143, in _mock_call
    return self._execute_mock_call(*args, **kwargs)
           ^^^^^^^^^^^^^^^^^^^^^^^^^^^^^^^^^^^^^^^^
  File "/home/bond-servant-in-training/.pyenv/versions/3.12.10/lib/python3.12/unittest/mock.py", line 1198, in _execute_mock_call
    raise effect
  File "/home/bond-servant-in-training/Documents/Projects/Grade-Automator-Plus-epic-a-merge-down-b14/AutoGrader/cache_generation.py", line 171, in bump_generation
    return _incr_or_create(key)
           ^^^^^^^^^^^^^^^^^^^^
  File "/home/bond-servant-in-training/Documents/Projects/Grade-Automator-Plus-epic-a-merge-down-b14/AutoGrader/cache_generation.py", line 201, in _incr_or_create
    return cache.incr(key)
           ^^^^^^^^^^^^^^^
  File "/home/bond-servant-in-training/Documents/Virtualenvs/AutoGrader_env/lib/python3.12/site-packages/django_redis/cache.py", line 29, in _decorator
    return method(self, *args, **kwargs)
           ^^^^^^^^^^^^^^^^^^^^^^^^^^^^^
  File "/home/bond-servant-in-training/Documents/Virtualenvs/AutoGrader_env/lib/python3.12/site-packages/django_redis/cache.py", line 130, in incr
    return self.client.incr(*args, **kwargs)
           ^^^^^^^^^^^^^^^^^^^^^^^^^^^^^^^^^
  File "/home/bond-servant-in-training/Documents/Virtualenvs/AutoGrader_env/lib/python3.12/site-packages/django_redis/client/default.py", line 653, in incr
    return self._incr(
           ^^^^^^^^^^^
  File "/home/bond-servant-in-training/Documents/Virtualenvs/AutoGrader_env/lib/python3.12/site-packages/django_redis/client/default.py", line 595, in _incr
    client = self.get_client(write=True)
             ^^^^^^^^^^^^^^^^^^^^^^^^^^^
  File "/home/bond-servant-in-training/.pyenv/versions/3.12.10/lib/python3.12/unittest/mock.py", line 1139, in __call__
    return self._mock_call(*args, **kwargs)
           ^^^^^^^^^^^^^^^^^^^^^^^^^^^^^^^^
  File "/home/bond-servant-in-training/.pyenv/versions/3.12.10/lib/python3.12/unittest/mock.py", line 1143, in _mock_call
    return self._execute_mock_call(*args, **kwargs)
           ^^^^^^^^^^^^^^^^^^^^^^^^^^^^^^^^^^^^^^^^
  File "/home/bond-servant-in-training/.pyenv/versions/3.12.10/lib/python3.12/unittest/mock.py", line 1198, in _execute_mock_call
    raise effect
  File "/home/bond-servant-in-training/Documents/Projects/Grade-Automator-Plus-epic-a-merge-down-b14/AutoGrader/cache_generation.py", line 171, in bump_generation
    return _incr_or_create(key)
           ^^^^^^^^^^^^^^^^^^^^
  File "/home/bond-servant-in-training/Documents/Projects/Grade-Automator-Plus-epic-a-merge-down-b14/AutoGrader/cache_generation.py", line 201, in _incr_or_create
    return cache.incr(key)
           ^^^^^^^^^^^^^^^
  File "/home/bond-servant-in-training/Documents/Virtualenvs/AutoGrader_env/lib/python3.12/site-packages/django_redis/cache.py", line 29, in _decorator
    return method(self, *args, **kwargs)
           ^^^^^^^^^^^^^^^^^^^^^^^^^^^^^
  File "/home/bond-servant-in-training/Documents/Virtualenvs/AutoGrader_env/lib/python3.12/site-packages/django_redis/cache.py", line 130, in incr
    return self.client.incr(*args, **kwargs)
           ^^^^^^^^^^^^^^^^^^^^^^^^^^^^^^^^^
  File "/home/bond-servant-in-training/Documents/Virtualenvs/AutoGrader_env/lib/python3.12/site-packages/django_redis/client/default.py", line 653, in incr
    return self._incr(
           ^^^^^^^^^^^
  File "/home/bond-servant-in-training/Documents/Virtualenvs/AutoGrader_env/lib/python3.12/site-packages/django_redis/client/default.py", line 595, in _incr
    client = self.get_client(write=True)
             ^^^^^^^^^^^^^^^^^^^^^^^^^^^
  File "/home/bond-servant-in-training/.pyenv/versions/3.12.10/lib/python3.12/unittest/mock.py", line 1139, in __call__
    return self._mock_call(*args, **kwargs)
           ^^^^^^^^^^^^^^^^^^^^^^^^^^^^^^^^
  File "/home/bond-servant-in-training/.pyenv/versions/3.12.10/lib/python3.12/unittest/mock.py", line 1143, in _mock_call
    return self._execute_mock_call(*args, **kwargs)
           ^^^^^^^^^^^^^^^^^^^^^^^^^^^^^^^^^^^^^^^^
  File "/home/bond-servant-in-training/.pyenv/versions/3.12.10/lib/python3.12/unittest/mock.py", line 1198, in _execute_mock_call
    raise effect
  File "/home/bond-servant-in-training/Documents/Projects/Grade-Automator-Plus-epic-a-merge-down-b14/AutoGrader/cache_generation.py", line 171, in bump_generation
    return _incr_or_create(key)
           ^^^^^^^^^^^^^^^^^^^^
  File "/home/bond-servant-in-training/Documents/Projects/Grade-Automator-Plus-epic-a-merge-down-b14/AutoGrader/cache_generation.py", line 201, in _incr_or_create
    return cache.incr(key)
           ^^^^^^^^^^^^^^^
  File "/home/bond-servant-in-training/Documents/Virtualenvs/AutoGrader_env/lib/python3.12/site-packages/django_redis/cache.py", line 29, in _decorator
    return method(self, *args, **kwargs)
           ^^^^^^^^^^^^^^^^^^^^^^^^^^^^^
  File "/home/bond-servant-in-training/Documents/Virtualenvs/AutoGrader_env/lib/python3.12/site-packages/django_redis/cache.py", line 130, in incr
    return self.client.incr(*args, **kwargs)
           ^^^^^^^^^^^^^^^^^^^^^^^^^^^^^^^^^
  File "/home/bond-servant-in-training/Documents/Virtualenvs/AutoGrader_env/lib/python3.12/site-packages/django_redis/client/default.py", line 653, in incr
    return self._incr(
           ^^^^^^^^^^^
  File "/home/bond-servant-in-training/Documents/Virtualenvs/AutoGrader_env/lib/python3.12/site-packages/django_redis/client/default.py", line 595, in _incr
    client = self.get_client(write=True)
             ^^^^^^^^^^^^^^^^^^^^^^^^^^^
  File "/home/bond-servant-in-training/.pyenv/versions/3.12.10/lib/python3.12/unittest/mock.py", line 1139, in __call__
    return self._mock_call(*args, **kwargs)
           ^^^^^^^^^^^^^^^^^^^^^^^^^^^^^^^^
  File "/home/bond-servant-in-training/.pyenv/versions/3.12.10/lib/python3.12/unittest/mock.py", line 1143, in _mock_call
    return self._execute_mock_call(*args, **kwargs)
           ^^^^^^^^^^^^^^^^^^^^^^^^^^^^^^^^^^^^^^^^
  File "/home/bond-servant-in-training/.pyenv/versions/3.12.10/lib/python3.12/unittest/mock.py", line 1198, in _execute_mock_call
    raise effect
  File "/home/bond-servant-in-training/Documents/Projects/Grade-Automator-Plus-epic-a-merge-down-b14/AutoGrader/cache_generation.py", line 171, in bump_generation
    return _incr_or_create(key)
           ^^^^^^^^^^^^^^^^^^^^
  File "/home/bond-servant-in-training/Documents/Projects/Grade-Automator-Plus-epic-a-merge-down-b14/AutoGrader/cache_generation.py", line 201, in _incr_or_create
    return cache.incr(key)
           ^^^^^^^^^^^^^^^
  File "/home/bond-servant-in-training/Documents/Virtualenvs/AutoGrader_env/lib/python3.12/site-packages/django_redis/cache.py", line 29, in _decorator
    return method(self, *args, **kwargs)
           ^^^^^^^^^^^^^^^^^^^^^^^^^^^^^
  File "/home/bond-servant-in-training/Documents/Virtualenvs/AutoGrader_env/lib/python3.12/site-packages/django_redis/cache.py", line 130, in incr
    return self.client.incr(*args, **kwargs)
           ^^^^^^^^^^^^^^^^^^^^^^^^^^^^^^^^^
  File "/home/bond-servant-in-training/Documents/Virtualenvs/AutoGrader_env/lib/python3.12/site-packages/django_redis/client/default.py", line 653, in incr
    return self._incr(
           ^^^^^^^^^^^
  File "/home/bond-servant-in-training/Documents/Virtualenvs/AutoGrader_env/lib/python3.12/site-packages/django_redis/client/default.py", line 595, in _incr
    client = self.get_client(write=True)
             ^^^^^^^^^^^^^^^^^^^^^^^^^^^
  File "/home/bond-servant-in-training/.pyenv/versions/3.12.10/lib/python3.12/unittest/mock.py", line 1139, in __call__
    return self._mock_call(*args, **kwargs)
           ^^^^^^^^^^^^^^^^^^^^^^^^^^^^^^^^
  File "/home/bond-servant-in-training/.pyenv/versions/3.12.10/lib/python3.12/unittest/mock.py", line 1143, in _mock_call
    return self._execute_mock_call(*args, **kwargs)
           ^^^^^^^^^^^^^^^^^^^^^^^^^^^^^^^^^^^^^^^^
  File "/home/bond-servant-in-training/.pyenv/versions/3.12.10/lib/python3.12/unittest/mock.py", line 1198, in _execute_mock_call
    raise effect
  File "/home/bond-servant-in-training/Documents/Projects/Grade-Automator-Plus-epic-a-merge-down-b14/AutoGrader/cache_generation.py", line 171, in bump_generation
    return _incr_or_create(key)
           ^^^^^^^^^^^^^^^^^^^^
  File "/home/bond-servant-in-training/Documents/Projects/Grade-Automator-Plus-epic-a-merge-down-b14/AutoGrader/cache_generation.py", line 201, in _incr_or_create
    return cache.incr(key)
           ^^^^^^^^^^^^^^^
  File "/home/bond-servant-in-training/Documents/Virtualenvs/AutoGrader_env/lib/python3.12/site-packages/django_redis/cache.py", line 29, in _decorator
    return method(self, *args, **kwargs)
           ^^^^^^^^^^^^^^^^^^^^^^^^^^^^^
  File "/home/bond-servant-in-training/Documents/Virtualenvs/AutoGrader_env/lib/python3.12/site-packages/django_redis/cache.py", line 130, in incr
    return self.client.incr(*args, **kwargs)
           ^^^^^^^^^^^^^^^^^^^^^^^^^^^^^^^^^
  File "/home/bond-servant-in-training/Documents/Virtualenvs/AutoGrader_env/lib/python3.12/site-packages/django_redis/client/default.py", line 653, in incr
    return self._incr(
           ^^^^^^^^^^^
  File "/home/bond-servant-in-training/Documents/Virtualenvs/AutoGrader_env/lib/python3.12/site-packages/django_redis/client/default.py", line 595, in _incr
    client = self.get_client(write=True)
             ^^^^^^^^^^^^^^^^^^^^^^^^^^^
  File "/home/bond-servant-in-training/.pyenv/versions/3.12.10/lib/python3.12/unittest/mock.py", line 1139, in __call__
    return self._mock_call(*args, **kwargs)
           ^^^^^^^^^^^^^^^^^^^^^^^^^^^^^^^^
  File "/home/bond-servant-in-training/.pyenv/versions/3.12.10/lib/python3.12/unittest/mock.py", line 1143, in _mock_call
    return self._execute_mock_call(*args, **kwargs)
           ^^^^^^^^^^^^^^^^^^^^^^^^^^^^^^^^^^^^^^^^
  File "/home/bond-servant-in-training/.pyenv/versions/3.12.10/lib/python3.12/unittest/mock.py", line 1198, in _execute_mock_call
    raise effect
  File "/home/bond-servant-in-training/Documents/Projects/Grade-Automator-Plus-epic-a-merge-down-b14/AutoGrader/cache_generation.py", line 277, in _bump_pipelined
    client = cache.client.get_client(write=True)
             ^^^^^^^^^^^^^^^^^^^^^^^^^^^^^^^^^^^
  File "/home/bond-servant-in-training/.pyenv/versions/3.12.10/lib/python3.12/unittest/mock.py", line 1139, in __call__
    return self._mock_call(*args, **kwargs)
           ^^^^^^^^^^^^^^^^^^^^^^^^^^^^^^^^
  File "/home/bond-servant-in-training/.pyenv/versions/3.12.10/lib/python3.12/unittest/mock.py", line 1143, in _mock_call
    return self._execute_mock_call(*args, **kwargs)
           ^^^^^^^^^^^^^^^^^^^^^^^^^^^^^^^^^^^^^^^^
  File "/home/bond-servant-in-training/.pyenv/versions/3.12.10/lib/python3.12/unittest/mock.py", line 1198, in _execute_mock_call
    raise effect
redis.exceptions.ConnectionError: redis unreachable
ok
test_m1_teacher_rename (AutoGrader.tests_cache_user_fanout.UserRowFreshnessTests.test_m1_teacher_rename) ... Free trial plan not found: no trial activated for user 19d4214c-e3ce-4b12-9f2b-0895aa977c30.
Cannot activate automatic trial for user 19d4214c-e3ce-4b12-9f2b-0895aa977c30 (validation): ValueError
Free trial plan not found: no trial activated for user c3941c50-05a6-4967-86a2-e5d84be007ea.
Cannot activate automatic trial for user c3941c50-05a6-4967-86a2-e5d84be007ea (validation): ValueError
Free trial plan not found: no trial activated for user 1239ff1f-c36a-4a88-8414-752c2acccdcb.
Cannot activate automatic trial for user 1239ff1f-c36a-4a88-8414-752c2acccdcb (validation): ValueError
Free trial plan not found: no trial activated for user 422889b1-017a-429b-906e-e91fba52a9db.
Cannot activate automatic trial for user 422889b1-017a-429b-906e-e91fba52a9db (validation): ValueError
Free trial plan not found: no trial activated for user 2a95fa1a-b13c-4b0a-bb93-25c9be7ef611.
Cannot activate automatic trial for user 2a95fa1a-b13c-4b0a-bb93-25c9be7ef611 (validation): ValueError
Free trial plan not found: no trial activated for user 19ff0bbe-a18e-4b1c-b247-869084309982.
Cannot activate automatic trial for user 19ff0bbe-a18e-4b1c-b247-869084309982 (validation): ValueError
Free trial plan not found: no trial activated for user 5bc9dae3-9ad8-4da6-b47f-ed4865ecc993.
Cannot activate automatic trial for user 5bc9dae3-9ad8-4da6-b47f-ed4865ecc993 (validation): ValueError
ok
test_m2_student_rename (AutoGrader.tests_cache_user_fanout.UserRowFreshnessTests.test_m2_student_rename) ... Free trial plan not found: no trial activated for user 4366a079-e370-4025-82e5-23e2319f19e3.
Cannot activate automatic trial for user 4366a079-e370-4025-82e5-23e2319f19e3 (validation): ValueError
Free trial plan not found: no trial activated for user 20ca267b-adec-46c3-a1bc-98cd3c61e60f.
Cannot activate automatic trial for user 20ca267b-adec-46c3-a1bc-98cd3c61e60f (validation): ValueError
Free trial plan not found: no trial activated for user b5eb6216-f486-4537-9db1-299c6267340b.
Cannot activate automatic trial for user b5eb6216-f486-4537-9db1-299c6267340b (validation): ValueError
Free trial plan not found: no trial activated for user 46c8a1d1-5f1b-476a-bf17-7b4545daea86.
Cannot activate automatic trial for user 46c8a1d1-5f1b-476a-bf17-7b4545daea86 (validation): ValueError
Free trial plan not found: no trial activated for user e217f4d6-aa77-49a8-a7cd-a0fdf1c4aa4c.
Cannot activate automatic trial for user e217f4d6-aa77-49a8-a7cd-a0fdf1c4aa4c (validation): ValueError
Free trial plan not found: no trial activated for user 06da3678-777d-4bb9-b0ab-49055692cfad.
Cannot activate automatic trial for user 06da3678-777d-4bb9-b0ab-49055692cfad (validation): ValueError
Free trial plan not found: no trial activated for user cc0c433a-576a-4698-b8bf-f9db24f579a9.
Cannot activate automatic trial for user cc0c433a-576a-4698-b8bf-f9db24f579a9 (validation): ValueError
ok
test_m2_through_a_full_save_without_update_fields (AutoGrader.tests_cache_user_fanout.UserRowFreshnessTests.test_m2_through_a_full_save_without_update_fields)
`save()` with no update_fields is the admin/serializer path: the ... Free trial plan not found: no trial activated for user 8031c046-975f-4265-bc4a-6070df77b782.
Cannot activate automatic trial for user 8031c046-975f-4265-bc4a-6070df77b782 (validation): ValueError
Free trial plan not found: no trial activated for user 1072bd9d-c033-4701-918c-db123c72c563.
Cannot activate automatic trial for user 1072bd9d-c033-4701-918c-db123c72c563 (validation): ValueError
Free trial plan not found: no trial activated for user 95ea9f1f-2995-4f58-8f02-39a10b816798.
Cannot activate automatic trial for user 95ea9f1f-2995-4f58-8f02-39a10b816798 (validation): ValueError
Free trial plan not found: no trial activated for user 273be95c-d41a-4a5a-8684-06c9e5bdc86a.
Cannot activate automatic trial for user 273be95c-d41a-4a5a-8684-06c9e5bdc86a (validation): ValueError
Free trial plan not found: no trial activated for user 9fac8bba-fe45-4bb7-bb63-c17a809cdb96.
Cannot activate automatic trial for user 9fac8bba-fe45-4bb7-bb63-c17a809cdb96 (validation): ValueError
Free trial plan not found: no trial activated for user 4104337b-692a-4644-a1ca-9999dce8a1d7.
Cannot activate automatic trial for user 4104337b-692a-4644-a1ca-9999dce8a1d7 (validation): ValueError
Free trial plan not found: no trial activated for user 4890a8ef-89f3-43da-97dd-954d010e4a83.
Cannot activate automatic trial for user 4890a8ef-89f3-43da-97dd-954d010e4a83 (validation): ValueError
ok
test_m3_new_teacher_joins_the_school (AutoGrader.tests_cache_user_fanout.UserRowFreshnessTests.test_m3_new_teacher_joins_the_school) ... Free trial plan not found: no trial activated for user 1ed1eb55-92ac-41a3-a012-23292a8545b6.
Cannot activate automatic trial for user 1ed1eb55-92ac-41a3-a012-23292a8545b6 (validation): ValueError
Free trial plan not found: no trial activated for user 36cfc503-0544-45b1-9bd9-a7671b28bee4.
Cannot activate automatic trial for user 36cfc503-0544-45b1-9bd9-a7671b28bee4 (validation): ValueError
Free trial plan not found: no trial activated for user 0e6ac5c6-b2b6-43cc-a794-5338e23ba37c.
Cannot activate automatic trial for user 0e6ac5c6-b2b6-43cc-a794-5338e23ba37c (validation): ValueError
Free trial plan not found: no trial activated for user 7a91694a-c1cf-4df7-9b72-cb12824234f5.
Cannot activate automatic trial for user 7a91694a-c1cf-4df7-9b72-cb12824234f5 (validation): ValueError
Free trial plan not found: no trial activated for user 8e7a6004-7608-46be-9da0-e823da3ebf31.
Cannot activate automatic trial for user 8e7a6004-7608-46be-9da0-e823da3ebf31 (validation): ValueError
Free trial plan not found: no trial activated for user a9bd683a-7155-4f27-a7b4-0011927792b8.
Cannot activate automatic trial for user a9bd683a-7155-4f27-a7b4-0011927792b8 (validation): ValueError
Free trial plan not found: no trial activated for user 26caebb9-557c-402a-85ea-ec65243d4c85.
Cannot activate automatic trial for user 26caebb9-557c-402a-85ea-ec65243d4c85 (validation): ValueError
Free trial plan not found: no trial activated for user da3b29f9-5aa6-4162-aada-cfe86a2ab5ac.
Cannot activate automatic trial for user da3b29f9-5aa6-4162-aada-cfe86a2ab5ac (validation): ValueError
ok
test_m3_teacher_created_directly_in_the_school (AutoGrader.tests_cache_user_fanout.UserRowFreshnessTests.test_m3_teacher_created_directly_in_the_school)
Single-save creation (created=True with the school already set). ... Free trial plan not found: no trial activated for user ab0318e2-2cc5-4b07-acc6-4e1d9c4e2f29.
Cannot activate automatic trial for user ab0318e2-2cc5-4b07-acc6-4e1d9c4e2f29 (validation): ValueError
Free trial plan not found: no trial activated for user 594159a7-904f-491b-9a55-8e1f4f520b55.
Cannot activate automatic trial for user 594159a7-904f-491b-9a55-8e1f4f520b55 (validation): ValueError
Free trial plan not found: no trial activated for user 6d0e02d8-d82a-488a-9236-896de6298268.
Cannot activate automatic trial for user 6d0e02d8-d82a-488a-9236-896de6298268 (validation): ValueError
Free trial plan not found: no trial activated for user a37f262a-91c8-40a6-bbac-92a5f7d38e70.
Cannot activate automatic trial for user a37f262a-91c8-40a6-bbac-92a5f7d38e70 (validation): ValueError
Free trial plan not found: no trial activated for user 12715c33-179f-492b-aeff-029ba637d50c.
Cannot activate automatic trial for user 12715c33-179f-492b-aeff-029ba637d50c (validation): ValueError
Free trial plan not found: no trial activated for user 6231fea5-b4fe-4fee-bf2a-8c641d0ee98f.
Cannot activate automatic trial for user 6231fea5-b4fe-4fee-bf2a-8c641d0ee98f (validation): ValueError
Free trial plan not found: no trial activated for user 8030f44d-a3e2-4123-a67a-86e9d7cb7b62.
Cannot activate automatic trial for user 8030f44d-a3e2-4123-a67a-86e9d7cb7b62 (validation): ValueError
Free trial plan not found: no trial activated for user 84337489-fd5d-4aab-8b79-9ec6660a2280.
Cannot activate automatic trial for user 84337489-fd5d-4aab-8b79-9ec6660a2280 (validation): ValueError
ok
test_m4_teacher_moves_to_another_school (AutoGrader.tests_cache_user_fanout.UserRowFreshnessTests.test_m4_teacher_moves_to_another_school) ... Free trial plan not found: no trial activated for user 553a3184-e170-4aa7-abbc-ba4d3511b095.
Cannot activate automatic trial for user 553a3184-e170-4aa7-abbc-ba4d3511b095 (validation): ValueError
Free trial plan not found: no trial activated for user ab7edd6f-b294-49cd-8c89-f92e0890ba85.
Cannot activate automatic trial for user ab7edd6f-b294-49cd-8c89-f92e0890ba85 (validation): ValueError
Free trial plan not found: no trial activated for user e0409f6b-b723-4c9a-87a2-51b5d5c820ab.
Cannot activate automatic trial for user e0409f6b-b723-4c9a-87a2-51b5d5c820ab (validation): ValueError
Free trial plan not found: no trial activated for user 97954ff9-e004-4e1b-bc63-b228c35df8d0.
Cannot activate automatic trial for user 97954ff9-e004-4e1b-bc63-b228c35df8d0 (validation): ValueError
Free trial plan not found: no trial activated for user 730e9c70-7cc8-4c1d-86cc-aa1e8c9262ed.
Cannot activate automatic trial for user 730e9c70-7cc8-4c1d-86cc-aa1e8c9262ed (validation): ValueError
Free trial plan not found: no trial activated for user 2b04a4d4-0604-47db-91a6-17c1250c3c37.
Cannot activate automatic trial for user 2b04a4d4-0604-47db-91a6-17c1250c3c37 (validation): ValueError
Free trial plan not found: no trial activated for user 1289746c-56aa-4cc0-aa22-00d6b9e87bae.
Cannot activate automatic trial for user 1289746c-56aa-4cc0-aa22-00d6b9e87bae (validation): ValueError
ok
test_m5_student_deactivated (AutoGrader.tests_cache_user_fanout.UserRowFreshnessTests.test_m5_student_deactivated) ... Free trial plan not found: no trial activated for user bd988dd1-3694-4ffa-a4e1-fa4973d1151a.
Cannot activate automatic trial for user bd988dd1-3694-4ffa-a4e1-fa4973d1151a (validation): ValueError
Free trial plan not found: no trial activated for user 806dfa93-71da-4b51-ab3f-e182a34131a4.
Cannot activate automatic trial for user 806dfa93-71da-4b51-ab3f-e182a34131a4 (validation): ValueError
Free trial plan not found: no trial activated for user 562eb5ef-dfba-4522-9a83-b10f131b9fbd.
Cannot activate automatic trial for user 562eb5ef-dfba-4522-9a83-b10f131b9fbd (validation): ValueError
Free trial plan not found: no trial activated for user 2b861a7a-61d4-4efe-ae1d-7c4d00083566.
Cannot activate automatic trial for user 2b861a7a-61d4-4efe-ae1d-7c4d00083566 (validation): ValueError
Free trial plan not found: no trial activated for user c80b6b22-f366-4641-a85e-6c8c6963dfda.
Cannot activate automatic trial for user c80b6b22-f366-4641-a85e-6c8c6963dfda (validation): ValueError
Free trial plan not found: no trial activated for user f37bbf90-146f-44bd-a7de-b778f3306e68.
Cannot activate automatic trial for user f37bbf90-146f-44bd-a7de-b778f3306e68 (validation): ValueError
Free trial plan not found: no trial activated for user bafa6c4c-e5f9-4a19-8162-39dea07711cb.
Cannot activate automatic trial for user bafa6c4c-e5f9-4a19-8162-39dea07711cb (validation): ValueError
ok
test_m6_student_email_change (AutoGrader.tests_cache_user_fanout.UserRowFreshnessTests.test_m6_student_email_change) ... Free trial plan not found: no trial activated for user 080876b8-9d41-49df-8df9-6ff66143bc56.
Cannot activate automatic trial for user 080876b8-9d41-49df-8df9-6ff66143bc56 (validation): ValueError
Free trial plan not found: no trial activated for user 4f7644dd-7bcc-46f0-b1eb-6c66ce108f4d.
Cannot activate automatic trial for user 4f7644dd-7bcc-46f0-b1eb-6c66ce108f4d (validation): ValueError
Free trial plan not found: no trial activated for user 667ab0c6-6e62-4bf4-a8d0-2216635ea628.
Cannot activate automatic trial for user 667ab0c6-6e62-4bf4-a8d0-2216635ea628 (validation): ValueError
Free trial plan not found: no trial activated for user 06a6c838-cf51-48f1-9649-65c4e4212261.
Cannot activate automatic trial for user 06a6c838-cf51-48f1-9649-65c4e4212261 (validation): ValueError
Free trial plan not found: no trial activated for user 92a82cca-85f4-4195-be1b-d804bb8b1f3a.
Cannot activate automatic trial for user 92a82cca-85f4-4195-be1b-d804bb8b1f3a (validation): ValueError
Free trial plan not found: no trial activated for user 74a37dac-c004-4345-8b39-ba083bf12dad.
Cannot activate automatic trial for user 74a37dac-c004-4345-8b39-ba083bf12dad (validation): ValueError
Free trial plan not found: no trial activated for user 1195679f-9c67-46b0-85b7-fba9df15e278.
Cannot activate automatic trial for user 1195679f-9c67-46b0-85b7-fba9df15e278 (validation): ValueError
ok
test_a_bio_change_reaches_payload_viewers_but_no_school (AutoGrader.tests_cache_user_fanout.UserRowPrecisionTests.test_a_bio_change_reaches_payload_viewers_but_no_school)
Gap #5: `CustomUserSerializer` renders `bio` to every viewer of ... Free trial plan not found: no trial activated for user c5d22744-1a01-4b85-b682-5486e2cd3895.
Cannot activate automatic trial for user c5d22744-1a01-4b85-b682-5486e2cd3895 (validation): ValueError
Free trial plan not found: no trial activated for user 0795e1c6-e920-420b-87cd-db1a483c91f4.
Cannot activate automatic trial for user 0795e1c6-e920-420b-87cd-db1a483c91f4 (validation): ValueError
Free trial plan not found: no trial activated for user 0faeef4c-d34a-477a-9629-ecb6f0f60b6f.
Cannot activate automatic trial for user 0faeef4c-d34a-477a-9629-ecb6f0f60b6f (validation): ValueError
Free trial plan not found: no trial activated for user 53198b07-3633-4e18-8ea4-bdf0bab007b4.
Cannot activate automatic trial for user 53198b07-3633-4e18-8ea4-bdf0bab007b4 (validation): ValueError
Free trial plan not found: no trial activated for user 8c491061-6219-4c69-a8e4-13677491a601.
Cannot activate automatic trial for user 8c491061-6219-4c69-a8e4-13677491a601 (validation): ValueError
Free trial plan not found: no trial activated for user 2cda2aa0-09af-48e3-b2f5-05a1f45f2c1b.
Cannot activate automatic trial for user 2cda2aa0-09af-48e3-b2f5-05a1f45f2c1b (validation): ValueError
Free trial plan not found: no trial activated for user c0eb4309-093b-4810-8954-fa706aaab049.
Cannot activate automatic trial for user c0eb4309-093b-4810-8954-fa706aaab049 (validation): ValueError
ok
test_a_full_save_with_no_visible_change_does_not_fan_out (AutoGrader.tests_cache_user_fanout.UserRowPrecisionTests.test_a_full_save_with_no_visible_change_does_not_fan_out) ... Free trial plan not found: no trial activated for user eb8c6bbe-4567-4e0b-bbca-2f5a0a7a8eb9.
Cannot activate automatic trial for user eb8c6bbe-4567-4e0b-bbca-2f5a0a7a8eb9 (validation): ValueError
Free trial plan not found: no trial activated for user 09a7e2ff-6e1a-4171-850e-3ec8ca106727.
Cannot activate automatic trial for user 09a7e2ff-6e1a-4171-850e-3ec8ca106727 (validation): ValueError
Free trial plan not found: no trial activated for user 00938ac9-9aa2-4467-9553-66ef989f4701.
Cannot activate automatic trial for user 00938ac9-9aa2-4467-9553-66ef989f4701 (validation): ValueError
Free trial plan not found: no trial activated for user e07fe203-7e23-4f16-8d8a-78fa168da02d.
Cannot activate automatic trial for user e07fe203-7e23-4f16-8d8a-78fa168da02d (validation): ValueError
Free trial plan not found: no trial activated for user 134b8630-4569-44a1-8cda-7807d6fa9baa.
Cannot activate automatic trial for user 134b8630-4569-44a1-8cda-7807d6fa9baa (validation): ValueError
Free trial plan not found: no trial activated for user 12d7e515-d11f-41e5-942c-17b2165c22eb.
Cannot activate automatic trial for user 12d7e515-d11f-41e5-942c-17b2165c22eb (validation): ValueError
Free trial plan not found: no trial activated for user 54bc2ec1-307c-4244-83d0-6bce2de1c1fd.
Cannot activate automatic trial for user 54bc2ec1-307c-4244-83d0-6bce2de1c1fd (validation): ValueError
ok
test_a_new_teacher_moves_their_school_only (AutoGrader.tests_cache_user_fanout.UserRowPrecisionTests.test_a_new_teacher_moves_their_school_only) ... Free trial plan not found: no trial activated for user 60f8533a-c5b7-460c-901a-7d25481257ad.
Cannot activate automatic trial for user 60f8533a-c5b7-460c-901a-7d25481257ad (validation): ValueError
Free trial plan not found: no trial activated for user dcf19120-c032-4057-9285-657cdea5dabf.
Cannot activate automatic trial for user dcf19120-c032-4057-9285-657cdea5dabf (validation): ValueError
Free trial plan not found: no trial activated for user bba39c2b-5060-45c7-88b8-7ec8818b3e19.
Cannot activate automatic trial for user bba39c2b-5060-45c7-88b8-7ec8818b3e19 (validation): ValueError
Free trial plan not found: no trial activated for user 3759c96f-382e-4319-890f-b35cbe80b5e1.
Cannot activate automatic trial for user 3759c96f-382e-4319-890f-b35cbe80b5e1 (validation): ValueError
Free trial plan not found: no trial activated for user 7c5d3aa0-73e0-4fae-a568-36cf0c94dca5.
Cannot activate automatic trial for user 7c5d3aa0-73e0-4fae-a568-36cf0c94dca5 (validation): ValueError
Free trial plan not found: no trial activated for user b9c866f8-5c78-421c-9bd5-1190c6a508b5.
Cannot activate automatic trial for user b9c866f8-5c78-421c-9bd5-1190c6a508b5 (validation): ValueError
Free trial plan not found: no trial activated for user cfb7efa0-a822-4a27-9d43-e34be4370dae.
Cannot activate automatic trial for user cfb7efa0-a822-4a27-9d43-e34be4370dae (validation): ValueError
Free trial plan not found: no trial activated for user 41aa18a8-e49f-4a4b-a6d4-ee8e482a233e.
Cannot activate automatic trial for user 41aa18a8-e49f-4a4b-a6d4-ee8e482a233e (validation): ValueError
ok
test_a_school_move_moves_the_old_and_new_school_only (AutoGrader.tests_cache_user_fanout.UserRowPrecisionTests.test_a_school_move_moves_the_old_and_new_school_only) ... Free trial plan not found: no trial activated for user 693447a2-1dfd-40f9-a6c8-53865e16c297.
Cannot activate automatic trial for user 693447a2-1dfd-40f9-a6c8-53865e16c297 (validation): ValueError
Free trial plan not found: no trial activated for user 91e5c8fe-81c5-4d0d-a6e9-d21411159e19.
Cannot activate automatic trial for user 91e5c8fe-81c5-4d0d-a6e9-d21411159e19 (validation): ValueError
Free trial plan not found: no trial activated for user e44b06c3-6abd-4218-a845-20b76ea69cc9.
Cannot activate automatic trial for user e44b06c3-6abd-4218-a845-20b76ea69cc9 (validation): ValueError
Free trial plan not found: no trial activated for user 797cb4a3-ecab-40a5-be2c-1c328733b89a.
Cannot activate automatic trial for user 797cb4a3-ecab-40a5-be2c-1c328733b89a (validation): ValueError
Free trial plan not found: no trial activated for user e0afa7f7-61b8-4da4-a314-53f8c1290827.
Cannot activate automatic trial for user e0afa7f7-61b8-4da4-a314-53f8c1290827 (validation): ValueError
Free trial plan not found: no trial activated for user 68c0dd54-631d-4457-8759-09e762cf4fa9.
Cannot activate automatic trial for user 68c0dd54-631d-4457-8759-09e762cf4fa9 (validation): ValueError
Free trial plan not found: no trial activated for user 6351bc9c-b2b4-4cbd-b0fb-4e3bfd5b0981.
Cannot activate automatic trial for user 6351bc9c-b2b4-4cbd-b0fb-4e3bfd5b0981 (validation): ValueError
ok
test_a_settings_save_reaches_payload_viewers_but_no_school (AutoGrader.tests_cache_user_fanout.UserRowPrecisionTests.test_a_settings_save_reaches_payload_viewers_but_no_school)
Gaps G8/#3: `CustomUserSerializer` nests `settings`, so the ... Free trial plan not found: no trial activated for user c58717c9-bf42-4306-9a41-d526e4ecad84.
Cannot activate automatic trial for user c58717c9-bf42-4306-9a41-d526e4ecad84 (validation): ValueError
Free trial plan not found: no trial activated for user 2f273c5b-1670-4c65-bb01-1b142256d738.
Cannot activate automatic trial for user 2f273c5b-1670-4c65-bb01-1b142256d738 (validation): ValueError
Free trial plan not found: no trial activated for user b0abfd03-adbc-4523-8ef8-912052bcda68.
Cannot activate automatic trial for user b0abfd03-adbc-4523-8ef8-912052bcda68 (validation): ValueError
Free trial plan not found: no trial activated for user 705220d0-977c-4e3b-8be1-520336398dc1.
Cannot activate automatic trial for user 705220d0-977c-4e3b-8be1-520336398dc1 (validation): ValueError
Free trial plan not found: no trial activated for user 698889b3-703b-4334-a95b-f1e219a9461a.
Cannot activate automatic trial for user 698889b3-703b-4334-a95b-f1e219a9461a (validation): ValueError
Free trial plan not found: no trial activated for user 76f27412-9b96-484c-82d6-39ada0ca564f.
Cannot activate automatic trial for user 76f27412-9b96-484c-82d6-39ada0ca564f (validation): ValueError
Free trial plan not found: no trial activated for user b4de4d64-5a97-4b4b-9c13-62d56a4ae4de.
Cannot activate automatic trial for user b4de4d64-5a97-4b4b-9c13-62d56a4ae4de (validation): ValueError
ok
test_a_student_in_two_schools_moves_both_and_nothing_else (AutoGrader.tests_cache_user_fanout.UserRowPrecisionTests.test_a_student_in_two_schools_moves_both_and_nothing_else) ... Free trial plan not found: no trial activated for user 011a7df0-5ca6-44be-b1c1-9a0cca33842e.
Cannot activate automatic trial for user 011a7df0-5ca6-44be-b1c1-9a0cca33842e (validation): ValueError
Free trial plan not found: no trial activated for user 594fb6a3-548c-47a4-be81-58b8973c290c.
Cannot activate automatic trial for user 594fb6a3-548c-47a4-be81-58b8973c290c (validation): ValueError
Free trial plan not found: no trial activated for user bcde4c2e-2c9f-43f5-8354-7f907693f0b5.
Cannot activate automatic trial for user bcde4c2e-2c9f-43f5-8354-7f907693f0b5 (validation): ValueError
Free trial plan not found: no trial activated for user 73b59642-1bcb-4257-8d98-700a84bfef38.
Cannot activate automatic trial for user 73b59642-1bcb-4257-8d98-700a84bfef38 (validation): ValueError
Free trial plan not found: no trial activated for user c81d8236-00b4-408a-99d6-6e2140003a53.
Cannot activate automatic trial for user c81d8236-00b4-408a-99d6-6e2140003a53 (validation): ValueError
Free trial plan not found: no trial activated for user 1d937f5f-a9e6-407d-9ff5-2d56b952b32d.
Cannot activate automatic trial for user 1d937f5f-a9e6-407d-9ff5-2d56b952b32d (validation): ValueError
Free trial plan not found: no trial activated for user 6ba1b5f8-ba4a-48c7-b466-e90595274c26.
Cannot activate automatic trial for user 6ba1b5f8-ba4a-48c7-b466-e90595274c26 (validation): ValueError
ok
test_a_user_created_with_a_school_moves_that_school (AutoGrader.tests_cache_user_fanout.UserRowPrecisionTests.test_a_user_created_with_a_school_moves_that_school)
`create_user(..., school=...)` saves once, with created=True - the ... Free trial plan not found: no trial activated for user 191bf5c2-07ff-440e-aae9-af904fa71022.
Cannot activate automatic trial for user 191bf5c2-07ff-440e-aae9-af904fa71022 (validation): ValueError
Free trial plan not found: no trial activated for user a56d529b-d1ff-4ebe-bd73-3f6495a29321.
Cannot activate automatic trial for user a56d529b-d1ff-4ebe-bd73-3f6495a29321 (validation): ValueError
Free trial plan not found: no trial activated for user 51c479d3-1508-431c-b96b-08684434bc0b.
Cannot activate automatic trial for user 51c479d3-1508-431c-b96b-08684434bc0b (validation): ValueError
Free trial plan not found: no trial activated for user deaefb07-247d-4f3a-836f-162715756b7e.
Cannot activate automatic trial for user deaefb07-247d-4f3a-836f-162715756b7e (validation): ValueError
Free trial plan not found: no trial activated for user e4070730-19c5-4dec-9dc8-21e77d362752.
Cannot activate automatic trial for user e4070730-19c5-4dec-9dc8-21e77d362752 (validation): ValueError
Free trial plan not found: no trial activated for user ea17e2a5-32b1-4ebe-a53d-1d84d7088041.
Cannot activate automatic trial for user ea17e2a5-32b1-4ebe-a53d-1d84d7088041 (validation): ValueError
Free trial plan not found: no trial activated for user c6e23109-f9cf-495f-9458-99770422df21.
Cannot activate automatic trial for user c6e23109-f9cf-495f-9458-99770422df21 (validation): ValueError
Free trial plan not found: no trial activated for user 679ee5ba-b4b3-467e-be6d-0d58a3847d18.
Cannot activate automatic trial for user 679ee5ba-b4b3-467e-be6d-0d58a3847d18 (validation): ValueError
ok
test_deleting_a_student_reaches_their_teachers (AutoGrader.tests_cache_user_fanout.UserRowPrecisionTests.test_deleting_a_student_reaches_their_teachers)
Carried by the CASCADE: the student's enrolments are deleted first ... Free trial plan not found: no trial activated for user 0addd084-bda2-4460-9f8c-2c4b2a970eca.
Cannot activate automatic trial for user 0addd084-bda2-4460-9f8c-2c4b2a970eca (validation): ValueError
Free trial plan not found: no trial activated for user 1121f45f-0673-4f1b-a1e6-65a4ea42bbe6.
Cannot activate automatic trial for user 1121f45f-0673-4f1b-a1e6-65a4ea42bbe6 (validation): ValueError
Free trial plan not found: no trial activated for user cee17005-ec31-48d8-b2ed-1a42cfa1fb5f.
Cannot activate automatic trial for user cee17005-ec31-48d8-b2ed-1a42cfa1fb5f (validation): ValueError
Free trial plan not found: no trial activated for user 22cbf1e1-7a88-4b23-b4e4-fb65325d08ce.
Cannot activate automatic trial for user 22cbf1e1-7a88-4b23-b4e4-fb65325d08ce (validation): ValueError
Free trial plan not found: no trial activated for user 642ca96d-1ba4-407b-a321-df84e4c1f726.
Cannot activate automatic trial for user 642ca96d-1ba4-407b-a321-df84e4c1f726 (validation): ValueError
Free trial plan not found: no trial activated for user f9404c59-0039-4e03-a258-8568919018c9.
Cannot activate automatic trial for user f9404c59-0039-4e03-a258-8568919018c9 (validation): ValueError
Free trial plan not found: no trial activated for user 30403bd2-bdb4-42c2-800b-d956744e783e.
Cannot activate automatic trial for user 30403bd2-bdb4-42c2-800b-d956744e783e (validation): ValueError
ok
test_deleting_a_teacher_with_no_courses_reaches_their_school (AutoGrader.tests_cache_user_fanout.UserRowPrecisionTests.test_deleting_a_teacher_with_no_courses_reaches_their_school)
Nothing cascades for a course-less teacher, yet the school's ... Free trial plan not found: no trial activated for user a8472415-ac4a-409d-8bac-80e0307272de.
Cannot activate automatic trial for user a8472415-ac4a-409d-8bac-80e0307272de (validation): ValueError
Free trial plan not found: no trial activated for user 07ef4d7c-2d78-4246-b76c-4253c3b71314.
Cannot activate automatic trial for user 07ef4d7c-2d78-4246-b76c-4253c3b71314 (validation): ValueError
Free trial plan not found: no trial activated for user 453542ce-eef1-49a4-aeac-ed07982b32d9.
Cannot activate automatic trial for user 453542ce-eef1-49a4-aeac-ed07982b32d9 (validation): ValueError
Free trial plan not found: no trial activated for user b26456cd-e6a1-4d9a-9737-10f581cf4a3e.
Cannot activate automatic trial for user b26456cd-e6a1-4d9a-9737-10f581cf4a3e (validation): ValueError
Free trial plan not found: no trial activated for user 70e0903b-3f9f-45e8-9ec3-d785c474940f.
Cannot activate automatic trial for user 70e0903b-3f9f-45e8-9ec3-d785c474940f (validation): ValueError
Free trial plan not found: no trial activated for user 775ca51c-f4b7-46bc-8719-ed023c1abf5b.
Cannot activate automatic trial for user 775ca51c-f4b7-46bc-8719-ed023c1abf5b (validation): ValueError
Free trial plan not found: no trial activated for user ec2da5e6-d2c9-4065-8af8-0f510a997c2e.
Cannot activate automatic trial for user ec2da5e6-d2c9-4065-8af8-0f510a997c2e (validation): ValueError
Free trial plan not found: no trial activated for user cf121b11-ef1f-4ff4-b95d-3cf9f73ae5f2.
Cannot activate automatic trial for user cf121b11-ef1f-4ff4-b95d-3cf9f73ae5f2 (validation): ValueError
ok
test_invisible_field_changes_do_not_fan_out (AutoGrader.tests_cache_user_fanout.UserRowPrecisionTests.test_invisible_field_changes_do_not_fan_out)
Nobody else displays these. Each still moves the user's own ... Free trial plan not found: no trial activated for user 9692ae0f-b018-4524-95c5-90ab9f8fd6f0.
Cannot activate automatic trial for user 9692ae0f-b018-4524-95c5-90ab9f8fd6f0 (validation): ValueError
Free trial plan not found: no trial activated for user ba854af6-8f3b-4bcd-ba8d-21cf566045fe.
Cannot activate automatic trial for user ba854af6-8f3b-4bcd-ba8d-21cf566045fe (validation): ValueError
Free trial plan not found: no trial activated for user 3a6736c9-c5f3-4615-87f5-1938e19d1cac.
Cannot activate automatic trial for user 3a6736c9-c5f3-4615-87f5-1938e19d1cac (validation): ValueError
Free trial plan not found: no trial activated for user 8bf4dbcd-be51-4701-99f5-2dbb48198613.
Cannot activate automatic trial for user 8bf4dbcd-be51-4701-99f5-2dbb48198613 (validation): ValueError
Free trial plan not found: no trial activated for user 088f1c32-dba6-4789-ac5d-d2ab5cef6943.
Cannot activate automatic trial for user 088f1c32-dba6-4789-ac5d-d2ab5cef6943 (validation): ValueError
Free trial plan not found: no trial activated for user ca754af9-b87f-44ba-b64b-619d1fc1cd14.
Cannot activate automatic trial for user ca754af9-b87f-44ba-b64b-619d1fc1cd14 (validation): ValueError
Free trial plan not found: no trial activated for user 0bbbf20f-f491-46ae-a289-ff1555cbcc49.
Cannot activate automatic trial for user 0bbbf20f-f491-46ae-a289-ff1555cbcc49 (validation): ValueError
ok
test_student_rename_moves_only_their_teachers_and_those_schools (AutoGrader.tests_cache_user_fanout.UserRowPrecisionTests.test_student_rename_moves_only_their_teachers_and_those_schools)
Gap #3: school A's admin renders the student in `users/<pk>` - ... Free trial plan not found: no trial activated for user b54e77ee-c40f-4776-b279-baf562929264.
Cannot activate automatic trial for user b54e77ee-c40f-4776-b279-baf562929264 (validation): ValueError
Free trial plan not found: no trial activated for user 1429b0b4-6838-4736-8f51-b97ac2aea57b.
Cannot activate automatic trial for user 1429b0b4-6838-4736-8f51-b97ac2aea57b (validation): ValueError
Free trial plan not found: no trial activated for user a2ac5c77-ae62-42c7-bc27-1f7ed6438b6b.
Cannot activate automatic trial for user a2ac5c77-ae62-42c7-bc27-1f7ed6438b6b (validation): ValueError
Free trial plan not found: no trial activated for user 9270c34a-ede5-437e-be28-5da41b2eadff.
Cannot activate automatic trial for user 9270c34a-ede5-437e-be28-5da41b2eadff (validation): ValueError
Free trial plan not found: no trial activated for user 38415f15-0388-4db4-83f2-822e51c52019.
Cannot activate automatic trial for user 38415f15-0388-4db4-83f2-822e51c52019 (validation): ValueError
Free trial plan not found: no trial activated for user 11fde7b9-efd3-4396-9180-8806341fdf07.
Cannot activate automatic trial for user 11fde7b9-efd3-4396-9180-8806341fdf07 (validation): ValueError
Free trial plan not found: no trial activated for user 245a7ecf-054f-4e09-a1bc-4c3f01a4f547.
Cannot activate automatic trial for user 245a7ecf-054f-4e09-a1bc-4c3f01a4f547 (validation): ValueError
ok
test_teacher_rename_moves_their_school_and_its_admin_only (AutoGrader.tests_cache_user_fanout.UserRowPrecisionTests.test_teacher_rename_moves_their_school_and_its_admin_only)
Gap G4: school A's admin renders the teacher in `users/<pk>`, ... Free trial plan not found: no trial activated for user 6237f45e-cee4-4c06-965a-05f53ea1835c.
Cannot activate automatic trial for user 6237f45e-cee4-4c06-965a-05f53ea1835c (validation): ValueError
Free trial plan not found: no trial activated for user 18dc6905-28e6-479d-8ae9-3396e0e10536.
Cannot activate automatic trial for user 18dc6905-28e6-479d-8ae9-3396e0e10536 (validation): ValueError
Free trial plan not found: no trial activated for user f05cf12f-9b10-4373-b3bd-f3e72779499b.
Cannot activate automatic trial for user f05cf12f-9b10-4373-b3bd-f3e72779499b (validation): ValueError
Free trial plan not found: no trial activated for user 96124fdb-394b-4628-ad30-6a29fab387d3.
Cannot activate automatic trial for user 96124fdb-394b-4628-ad30-6a29fab387d3 (validation): ValueError
Free trial plan not found: no trial activated for user 395a4678-acc7-4f69-ac1f-7bfc6ddd601c.
Cannot activate automatic trial for user 395a4678-acc7-4f69-ac1f-7bfc6ddd601c (validation): ValueError
Free trial plan not found: no trial activated for user c288f0a3-aa4a-471e-b72e-c946f7cb1f05.
Cannot activate automatic trial for user c288f0a3-aa4a-471e-b72e-c946f7cb1f05 (validation): ValueError
Free trial plan not found: no trial activated for user ea4458bd-da17-4920-8bca-e44b45188f8c.
Cannot activate automatic trial for user ea4458bd-da17-4920-8bca-e44b45188f8c (validation): ValueError
ok
test_the_other_tenant_dashboards_are_byte_identical (AutoGrader.tests_cache_user_fanout.UserRowPrecisionTests.test_the_other_tenant_dashboards_are_byte_identical)
Response-level isolation: school B's admin dashboards, warmed ... Free trial plan not found: no trial activated for user e729e55b-0015-42ed-9384-5f5abb682d60.
Cannot activate automatic trial for user e729e55b-0015-42ed-9384-5f5abb682d60 (validation): ValueError
Free trial plan not found: no trial activated for user 30e2aeca-9fce-44af-af91-7b6356e27f94.
Cannot activate automatic trial for user 30e2aeca-9fce-44af-af91-7b6356e27f94 (validation): ValueError
Free trial plan not found: no trial activated for user 00cc9405-c22f-4d96-8afa-3883770a0e9a.
Cannot activate automatic trial for user 00cc9405-c22f-4d96-8afa-3883770a0e9a (validation): ValueError
Free trial plan not found: no trial activated for user 0e3c59f6-3589-4ba6-8815-aea89d7f80fc.
Cannot activate automatic trial for user 0e3c59f6-3589-4ba6-8815-aea89d7f80fc (validation): ValueError
Free trial plan not found: no trial activated for user acde2e76-fac2-4188-aa25-0775f097eae9.
Cannot activate automatic trial for user acde2e76-fac2-4188-aa25-0775f097eae9 (validation): ValueError
Free trial plan not found: no trial activated for user d6dd17ce-beaa-4b93-ad98-0731986b902a.
Cannot activate automatic trial for user d6dd17ce-beaa-4b93-ad98-0731986b902a (validation): ValueError
Free trial plan not found: no trial activated for user 6576751c-4ba4-4d40-a707-d03f2f3e44a1.
Cannot activate automatic trial for user 6576751c-4ba4-4d40-a707-d03f2f3e44a1 (validation): ValueError
Free trial plan not found: no trial activated for user 348bd2cd-065e-47cd-a57d-9fbe0059755f.
Cannot activate automatic trial for user 348bd2cd-065e-47cd-a57d-9fbe0059755f (validation): ValueError
ok

----------------------------------------------------------------------
Ran 414 tests in 82.981s

OK (skipped=3)
Destroying test database for alias 'default' ('test_epic_a_merge_down_b14')...
 OK
