Creating test database for alias 'default' ('test_epic_a_merge_down_b14')...
Found 417 test(s).
Operations to perform:
  Synchronize unmigrated apps: anymail, cloudinary, cloudinary_storage, corsheaders, django_extensions, django_filters, djoser, drf_spectacular, encrypted_model_fields, humanize, messages, rest_framework, staticfiles
  Apply all migrations: admin, ai_processor, assignments, audit, auth, authtoken, billing, classrooms, contenttypes, dashboard, django_celery_beat, django_celery_results, sessions, students, token_blacklist, users
Synchronizing apps without migrations:
  Creating tables...
    Running deferred SQL...
Running migrations:
  Applying contenttypes.0001_initial... OK
  Applying contenttypes.0002_remove_content_type_name... OK
  Applying auth.0001_initial... OK
  Applying auth.0002_alter_permission_name_max_length... OK
  Applying auth.0003_alter_user_email_max_length... OK
  Applying auth.0004_alter_user_username_opts... OK
  Applying auth.0005_alter_user_last_login_null... OK
  Applying auth.0006_require_contenttypes_0002... OK
  Applying auth.0007_alter_validators_add_error_messages... OK
  Applying auth.0008_alter_user_username_max_length... OK
  Applying auth.0009_alter_user_last_name_max_length... OK
  Applying auth.0010_alter_group_name_max_length... OK
  Applying auth.0011_update_proxy_permissions... OK
  Applying auth.0012_alter_user_first_name_max_length... OK
  Applying users.0001_initial... OK
  Applying admin.0001_initial... OK
  Applying admin.0002_logentry_remove_auto_add... OK
  Applying admin.0003_logentry_add_action_flag_choices... OK
  Applying classrooms.0001_initial... OK
  Applying ai_processor.0001_initial... OK
  Applying ai_processor.0002_initial... OK
  Applying ai_processor.0003_chatsession_user... OK
  Applying ai_processor.0004_chatsession_assistant_type... OK
  Applying ai_processor.0005_benchmarkrun_benchmarkquestionoutcome... OK
  Applying classrooms.0002_initial... OK
  Applying classrooms.0003_coursecategory_course_categories... OK
  Applying classrooms.0004_course_teacher... OK
  Applying classrooms.0005_rename_studentsection_studentcourse... OK
  Applying classrooms.0006_remove_course_unique_section_name_per_session_and_more... OK
  Applying classrooms.0007_remove_studentcourse_is_active_and_more... OK
  Applying classrooms.0008_alter_studentcourse_enrollment_status... OK
  Applying classrooms.0009_school... OK
  Applying classrooms.0010_alter_studentcourse_enrollment_status... OK
  Applying classrooms.0011_remove_course_categories_topic... OK
  Applying classrooms.0012_studentcourse_auto_added... OK
  Applying classrooms.0013_studentcourse_ai_summary_and_more... OK
  Applying classrooms.0014_remove_session_unique_session_name_per_teacher_and_more... OK
  Applying classrooms.0015_remove_session_unique_session_name_per_teacher_and_more... OK
  Applying classrooms.0016_school_is_active... OK
  Applying assignments.0001_initial... OK
  Applying assignments.0002_initial... OK
  Applying assignments.0003_initial... OK
  Applying assignments.0004_rename_created_by_assignment_teacher_and_more... OK
  Applying assignments.0005_alter_assignment_options... OK
  Applying assignments.0006_assignment_estimated_time... OK
  Applying assignments.0007_remove_assignment_estimated_time_and_more... OK
  Applying assignments.0008_alter_assignment_due_date... OK
  Applying assignments.0009_assignment_extraction_confidence_and_more... OK
  Applying assignments.0010_assignment_custom_ai_prompt... OK
  Applying assignments.0011_assignment_ai_generated_assignment_ai_generated_at_and_more... OK
  Applying assignments.0012_assignment_was_overridden... OK
  Applying assignments.0013_alter_assignment_ai_generated... OK
  Applying assignments.0014_assignment_self_assessment_and_more... OK
  Applying assignments.0015_alter_assignment_potential_issues... OK
  Applying assignments.0016_assignment_extraction_completed_at_and_more... OK
  Applying assignments.0017_assignment_grading_status... OK
  Applying assignments.0018_assignment_topic... OK
  Applying assignments.0019_alter_assignment_title_and_more... OK
  Applying assignments.0020_remove_assignment_grading_status_and_more... OK
  Applying assignments.0021_assignment_overridden_at... OK
  Applying assignments.0022_assignment_raw_input... OK
  Applying assignments.0023_delete_rubric... OK
  Applying assignments.0024_alter_assignment_instructions_and_more... OK
  Applying assignments.0025_alter_assignment_instructions... OK
  Applying assignments.0026_assignment_status... OK
  Applying assignments.0027_remove_assignment_unique_assignment_per_course_and_more... OK
  Applying assignments.0028_alter_assignment_raw_input_hash... OK
  Applying assignments.0029_assignment_auto_grade_on_due_date... OK
  Applying assignments.0030_alter_assignment_status... OK
  Applying assignments.0031_assignment_grading_task_name_and_more... OK
  Applying assignments.0032_assignmentgenerationsession_and_message... OK
  Applying assignments.0033_assignmentgenerationhistory_and_more... OK
  Applying assignments.0034_assignment_admin_grading_notified_at... OK
  Applying assignments.0035_assignment_rigor_blooms_coverage_and_more... OK
  Applying assignments.0036_backfill_assignment_rigor... OK
  Applying assignments.0037_assignment_course_title_index... OK
  Applying assignments.0038_assignment_updated_at... OK
  Applying assignments.0039_assignment_upload_fingerprint... OK
  Applying assignments.0040_db_defaults_for_rollback... OK
  Applying audit.0001_initial... OK
  Applying audit.0002_alter_auditevent_actor_role... OK
  Applying authtoken.0001_initial... OK
  Applying authtoken.0002_auto_20160226_1747... OK
  Applying authtoken.0003_tokenproxy... OK
  Applying authtoken.0004_alter_tokenproxy_options... OK
  Applying users.0002_customuser_activation_expires_and_more... OK
  Applying users.0003_passwordresetotp... OK
  Applying users.0004_customuser_email_verified_at... OK
  Applying users.0005_alter_passwordresetotp_code... OK
  Applying users.0006_alter_passwordresetotp_code... OK
  Applying users.0007_passwordchangeotp... OK
  Applying users.0008_passwordchangeotp_hash_value_and_more... OK
  Applying users.0009_remove_passwordchangeotp_hash_value_and_more... OK
  Applying users.0010_customuser_school_alter_customuser_user_type... OK
  Applying billing.0001_initial... OK
  Applying billing.0002_alter_subscriptionplan_options_and_more... OK
  Applying billing.0003_creditusagelog_creditwallet_and_more... OK
  Applying billing.0004_alter_creditwallet_options_alter_creditbucket_wallet... OK
  Applying billing.0005_usersubscription_pending_plan... OK
  Applying billing.0006_alter_subscriptionplan_name... OK
  Applying billing.0007_creditbucket_is_processed_creditusagelog_is_refunded... OK
  Applying billing.0008_betaprofile... OK
  Applying billing.0009_betaprofile_uuid_and_more... OK
  Applying billing.0010_alter_betaprofile_id... OK
  Applying billing.0011_remove_betaprofile_uuid_betaprofile_uid_and_more... OK
  Applying billing.0012_populate_beta_profile_uuids... OK
  Applying billing.0013_remove_betaprofile_id_alter_betaprofile_uid... OK
  Applying billing.0014_rename_uid_betaprofile_id... OK
  Applying billing.0015_betaprofile_credits_used_feedback... OK
  Applying billing.0016_planfeature_alter_subscriptionplan_options_and_more... OK
  Applying billing.0017_remove_subscriptionplan_overage_credit_price_cents_and_more... OK
  Applying billing.0018_subscriptionplan_overage_block_price_and_more... OK
  Applying billing.0019_licensesubscription_schoolcreditallocation... OK
  Applying billing.0020_licensesubscription_contract_months_and_more... OK
  Applying billing.0021_alter_creditbucket_bucket_type_and_more... OK
  Applying billing.0022_usersubscription_is_trial_usersubscription_trial_end_and_more... OK
  Applying billing.0023_alter_subscriptionplan_name... OK
  Applying billing.0024_licensesubscription_custom_price_cents... OK
  Applying billing.0025_alter_subscriptionplan_name... OK
  Applying billing.0026_licensesubscription_total_credits_consumed... OK
  Applying billing.0027_stripeevent_creditwallet_stripe_customer_id_and_more... OK
  Applying billing.0028_alter_usersubscription_is_trial... OK
  Applying billing.0029_usersubscription_next_credit_grant_at... OK
  Applying billing.0030_alter_subscriptionplan_interval_and_more... OK
  Applying billing.0031_alter_licensesubscription_custom_price_cents_and_more... OK
  Applying billing.0032_remove_subscriptionplan_price_cents_and_more... OK
  Applying billing.0033_rename_price_subscriptionplan_price_cents... OK
  Applying billing.0034_alter_licensesubscription_custom_price_cents... OK
  Applying billing.0035_licensesubscription_stripe_customer_id... OK
  Applying billing.0036_alter_licensesubscription_contract_months_and_more... OK
  Applying billing.0037_schoolcreditallocation_next_credit_grant_at... OK
  Applying billing.0038_licensesubscription_billing_method_and_more... OK
  Applying billing.0039_alter_subscriptionplan_overage_block_price... OK
  Applying billing.0040_usersubscription_pending_change_note_and_more... OK
  Applying billing.0041_alter_usersubscription_pending_change_note_and_more... OK
  Applying billing.0042_subscriptionplan_stripe_overage_price_id... OK
  Applying billing.0043_schoolcreditallocation_is_admin_allocation... OK
  Applying billing.0044_alter_creditusagelog_feature... OK
  Applying billing.0045_billingtransaction... OK
  Applying billing.0046_remove_subscriptionplan_carry_over_max_and_more... OK
  Applying billing.0047_subscriptionplan_carry_over_max... OK
  Applying billing.0048_alter_billingtransaction_transaction_type_and_more... OK
  Applying billing.0049_billingtransaction_receipt_url... OK
  Applying billing.0050_creditusagelog_course... OK
  Applying billing.0051_creditusagelog_task_id_index... OK
  Applying billing.0052_creditusagelog_school... OK
  Applying billing.0053_backfill_creditusagelog_school... OK
  Applying billing.0054_stripeevent_attempts_stripeevent_claimed_at_and_more... OK
  Applying billing.0055_licensesubscription_consumption_window_start_and_more... OK
  Applying billing.0056_liveqarun... OK
  Applying billing.0057_usersubscription_cancelled_at... OK
  Applying billing.0058_alter_licensebillingrecord_record_type... OK
  Applying billing.0059_append_only_audit_tables... OK
  Applying billing.0060_backfill_audit_identity...
  backfilled identity on 0 ledger row(s) and 0 usage log row(s)
 OK
  Applying billing.0061_add_audit_table_time_indexes... OK
  Applying billing.0062_liveqarun_skipped_and_error_status... OK
  Applying billing.0063_payment_disputes... OK
  Applying billing.0064_refund_credit_reversal... OK
  Applying billing.0065_backfill_ledger_payment_intent...
  attributed 0 ledger row(s) to their Stripe payment
 OK
  Applying billing.0066_dispute_deficit_by_wallet... OK
  Applying billing.0067_stripe_event_recovery... OK
  Applying billing.0068_price_reconciliation... OK
  Applying billing.0069_price_sync_audit... OK
  Applying billing.0070_db_defaults_for_rollback... OK
  Applying billing.0071_stripeevent_auto_replay_attempts_and_more... OK
  Applying billing.0072_license_stripe_mutation_intent... OK
  Applying billing.0073_schoolcreditallocation_grant_anchor_at... OK
  Applying dashboard.0001_initial... OK
  Applying dashboard.0002_schoolatrisksnapshot... OK
  Applying dashboard.0003_studentriskalertstate_alert_pending... OK
  Applying dashboard.0004_db_defaults_for_rollback... OK
  Applying django_celery_beat.0001_initial... OK
  Applying django_celery_beat.0002_auto_20161118_0346... OK
  Applying django_celery_beat.0003_auto_20161209_0049... OK
  Applying django_celery_beat.0004_auto_20170221_0000... OK
  Applying django_celery_beat.0005_add_solarschedule_events_choices... OK
  Applying django_celery_beat.0006_auto_20180322_0932... OK
  Applying django_celery_beat.0007_auto_20180521_0826... OK
  Applying django_celery_beat.0008_auto_20180914_1922... OK
  Applying django_celery_beat.0006_auto_20180210_1226... OK
  Applying django_celery_beat.0006_periodictask_priority... OK
  Applying django_celery_beat.0009_periodictask_headers... OK
  Applying django_celery_beat.0010_auto_20190429_0326... OK
  Applying django_celery_beat.0011_auto_20190508_0153... OK
  Applying django_celery_beat.0012_periodictask_expire_seconds... OK
  Applying django_celery_beat.0013_auto_20200609_0727... OK
  Applying django_celery_beat.0014_remove_clockedschedule_enabled... OK
  Applying django_celery_beat.0015_edit_solarschedule_events_choices... OK
  Applying django_celery_beat.0016_alter_crontabschedule_timezone... OK
  Applying django_celery_beat.0017_alter_crontabschedule_month_of_year... OK
  Applying django_celery_beat.0018_improve_crontab_helptext... OK
  Applying django_celery_beat.0019_alter_periodictasks_options... OK
  Applying django_celery_results.0001_initial... OK
  Applying django_celery_results.0002_add_task_name_args_kwargs... OK
  Applying django_celery_results.0003_auto_20181106_1101... OK
  Applying django_celery_results.0004_auto_20190516_0412... OK
  Applying django_celery_results.0005_taskresult_worker... OK
  Applying django_celery_results.0006_taskresult_date_created... OK
  Applying django_celery_results.0007_remove_taskresult_hidden... OK
  Applying django_celery_results.0008_chordcounter... OK
  Applying django_celery_results.0009_groupresult... OK
  Applying django_celery_results.0010_remove_duplicate_indices... OK
  Applying django_celery_results.0011_taskresult_periodic_task_name... OK
  Applying django_celery_results.0012_taskresult_date_started... OK
  Applying django_celery_results.0013_taskresult_django_cele_periodi_1993cf_idx... OK
  Applying django_celery_results.0014_alter_taskresult_status... OK
  Applying sessions.0001_initial... OK
  Applying users.0011_concurrentusersnapshot_useractivity... OK
  Applying users.0012_alter_concurrentusersnapshot_timestamp... OK
  Applying users.0013_customuser_middle_name... OK
  Applying users.0014_alter_customuser_middle_name... OK
  Applying users.0015_customuser_bio_settings... OK
  Applying users.0016_remove_customuser_bio_delete_settings... OK
  Applying users.0017_settings... OK
  Applying users.0018_customuser_bio... OK
  Applying users.0019_betawhitelist... OK
  Applying users.0020_waitlist_betawhitelist_mode... OK
  Applying users.0021_betawhitelist_test_id_alter_betawhitelist_id... OK
  Applying users.0022_remove_betawhitelist_test_id_alter_betawhitelist_id... OK
  Applying users.0023_remove_waitlist_id_waitlist_test_id... OK
  Applying users.0024_remove_waitlist_test_id_waitlist_id... OK
  Applying users.0025_customuser_profile_image... OK
  Applying students.0001_initial... OK
  Applying students.0002_initial... OK
  Applying students.0003_studentsubmission_graded_at_and_more... OK
  Applying students.0004_alter_studentsubmission_graded_at... OK
  Applying students.0005_studentsubmission_ai_feedback_and_more... OK
  Applying students.0006_studentsubmission_ai_grading_completed_at... OK
  Applying students.0007_studentsubmission_extraction_confidence... OK
  Applying students.0008_studentsubmission_formatted_grade... OK
  Applying students.0009_studentsubmission_raw_input... OK
  Applying students.0010_batchuploadsession... OK
  Applying students.0011_batchuploadsession_course_and_more... OK
  Applying students.0012_alter_batchuploadsession_task_type... OK
  Applying students.0013_studentsubmission_max_points_and_more... OK
  Applying students.0014_alter_studentsubmission_score_percentage... OK
  Applying students.0015_studentsubmission_is_published... OK
  Applying students.0016_studentsubmission_grading_task_name_and_more... OK
  Applying students.0017_backgroundprocessingtask... OK
  Applying students.0018_studentsubmission_attempt_count... OK
  Applying students.0019_alter_studentsubmission_attempt_count... OK
  Applying students.0020_studentsubmission_grading_state... OK
  Applying students.0021_studentsubmission_needs_review... OK
  Applying students.0022_studentsubmission_review_severity... OK
  Applying students.0023_studentsubmission_review_tier_and_more... OK
  Applying students.0024_repair_raw_input_json... OK
  Applying students.0025_student_submission_hot_path_indexes... OK
  Applying students.0026_alter_backgroundprocessingtask_task_type... OK
  Applying students.0027_alter_studentsubmission_ai_grading_completed_at... OK
  Applying students.0028_backfill_ai_grading_completed_at... OK
  Applying students.0029_background_task_item_result... OK
  Applying students.0030_batch_session_credits_exhausted_at... OK
  Applying students.0031_submission_grading_label... OK
  Applying token_blacklist.0001_initial... OK
  Applying token_blacklist.0002_outstandingtoken_jti_hex... OK
  Applying token_blacklist.0003_auto_20171017_2007... OK
  Applying token_blacklist.0004_auto_20171017_2013... OK
  Applying token_blacklist.0005_remove_outstandingtoken_jti... OK
  Applying token_blacklist.0006_auto_20171017_2113... OK
  Applying token_blacklist.0007_auto_20171017_2214... OK
  Applying token_blacklist.0008_migrate_to_bigautofield... OK
  Applying token_blacklist.0010_fix_migrate_to_bigautofield... OK
  Applying token_blacklist.0011_linearizes_history... OK
  Applying token_blacklist.0012_alter_outstandingtoken_user... OK
  Applying token_blacklist.0013_alter_blacklistedtoken_options_and_more... OK
  Applying users.0026_customuser_registration_method... OK
  Applying users.0027_customuser_profile_image_url... OK
  Applying users.0028_alter_customuser_middle_name... OK
  Applying users.0029_usergooglecredentials... OK
  Applying users.0030_usergooglecredentials_access_token_and_more... OK
  Applying users.0031_settings_notify_new_assignment_posted... OK
  Applying users.0032_alter_settings_notify_assignment_due_reminder_and_more... OK
  Applying users.0033_settings_notify_at_risk_student_alerts_and_more... OK
  Applying users.0034_passwordresetotp_attempts_and_more... OK
  Applying users.0035_settings_notify_assignment_edited... OK
  Applying users.0036_customuser_failed_login_attempts_and_more... OK
  Applying users.0037_customuser_must_change_password... OK
  Applying users.0038_alter_customuser_must_change_password... OK
  Applying users.0039_customuser_token_epoch... OK
  Applying users.0040_db_defaults_for_rollback...System check identified some issues:

WARNINGS:
?: (billing.W001) PlanFeature catalogue is missing (or not marked is_gating_feature=True for) gating key(s): ['AI_PROMPT_ANALYTICS_SUMMARY', 'AI_PROMPT_ASSIGNMENT_CREATION']. Every user in this environment will be DENIED the corresponding AI feature(s) - see AI_FEATURE_GATING_MAP in billing/access_control.py - until `manage.py seed_plan_features` is run.

System check identified 1 issue (0 silenced).
test_below_the_budget_a_valid_code_still_completes (users.tests_s7d_registration_paused.RegistrationPausedTests.test_below_the_budget_a_valid_code_still_completes) ... FAIL
test_the_pause_is_coded_and_keeps_its_text_and_retry_after (users.tests_s7d_registration_paused.RegistrationPausedTests.test_the_pause_is_coded_and_keeps_its_text_and_retry_after) ... FAIL
test_the_per_network_throttle_is_not_mistaken_for_the_pause (users.tests_s7d_registration_paused.RegistrationPausedTests.test_the_per_network_throttle_is_not_mistaken_for_the_pause)
The two 429s must be told apart: the rate limit carries no code. ... API Exception
Traceback (most recent call last):
  File "/home/bond-servant-in-training/Documents/Virtualenvs/AutoGrader_env/lib/python3.12/site-packages/rest_framework/views.py", line 503, in dispatch
    self.initial(request, *args, **kwargs)
  File "/home/bond-servant-in-training/Documents/Virtualenvs/AutoGrader_env/lib/python3.12/site-packages/rest_framework/views.py", line 422, in initial
    self.check_throttles(request)
  File "/home/bond-servant-in-training/Documents/Virtualenvs/AutoGrader_env/lib/python3.12/site-packages/rest_framework/views.py", line 377, in check_throttles
    self.throttled(request, duration)
  File "/home/bond-servant-in-training/Documents/Virtualenvs/AutoGrader_env/lib/python3.12/site-packages/rest_framework/views.py", line 187, in throttled
    raise exceptions.Throttled(wait)
rest_framework.exceptions.Throttled: Request was throttled. Expected available in 60 seconds.
ok
test_the_renew_door_keeps_its_own_answer (users.tests_s7d_registration_paused.RegistrationPausedTests.test_the_renew_door_keeps_its_own_answer)
SM ruling Q6: renew-student-token spends the same budget but is ... FAIL
test_success (users.tests_auth_audit_doors.ChangePasswordDoorTests.test_success) ... Free trial plan not found: no trial activated for user 21306578-b3cb-4d0d-b4ba-bfea2632f0ad.
Cannot activate automatic trial for user 21306578-b3cb-4d0d-b4ba-bfea2632f0ad (validation): ValueError
ok
test_wrong_current_password_is_one_event_not_two (users.tests_auth_audit_doors.ChangePasswordDoorTests.test_wrong_current_password_is_one_event_not_two)
A named failure, so the authenticated request gets no generic ... Free trial plan not found: no trial activated for user 8584008b-4ad8-4696-bfd3-f8bfbf3e6e96.
Cannot activate automatic trial for user 8584008b-4ad8-4696-bfd3-f8bfbf3e6e96 (validation): ValueError
API Exception
Traceback (most recent call last):
  File "/home/bond-servant-in-training/Documents/Virtualenvs/AutoGrader_env/lib/python3.12/site-packages/rest_framework/views.py", line 512, in dispatch
    response = handler(request, *args, **kwargs)
               ^^^^^^^^^^^^^^^^^^^^^^^^^^^^^^^^^
  File "/home/bond-servant-in-training/Documents/Projects/Grade-Automator-Plus-epic-a-merge-down-b14/users/views.py", line 1622, in change_password
    raise ParseError("Incorrect current password. Please try again.")
rest_framework.exceptions.ParseError: Incorrect current password. Please try again.
ok
test_a_deactivated_account_is_denied_and_named (users.tests_auth_audit_doors.GoogleDoorTests.test_a_deactivated_account_is_denied_and_named)
Refused inside the view's atomic block; still recorded. ... Free trial plan not found: no trial activated for user 9f8fd5ba-700b-4158-a7df-65f09236f734.
Cannot activate automatic trial for user 9f8fd5ba-700b-4158-a7df-65f09236f734 (validation): ValueError
API Exception
Traceback (most recent call last):
  File "/home/bond-servant-in-training/Documents/Virtualenvs/AutoGrader_env/lib/python3.12/site-packages/rest_framework/views.py", line 512, in dispatch
    response = handler(request, *args, **kwargs)
               ^^^^^^^^^^^^^^^^^^^^^^^^^^^^^^^^^
  File "/home/bond-servant-in-training/Documents/Projects/Grade-Automator-Plus-epic-a-merge-down-b14/users/views.py", line 2097, in google_auth
    return self._google_auth(request)
           ^^^^^^^^^^^^^^^^^^^^^^^^^^
  File "/home/bond-servant-in-training/Documents/Projects/Grade-Automator-Plus-epic-a-merge-down-b14/users/views.py", line 2260, in _google_auth
    raise AuthenticationFailed(
rest_framework.exceptions.AuthenticationFailed: This account has been deactivated. Please contact support.
ok
test_google_unreachable_is_a_provider_failure (users.tests_auth_audit_doors.GoogleDoorTests.test_google_unreachable_is_a_provider_failure) ... Google OAuth token exchange failed
Traceback (most recent call last):
  File "/home/bond-servant-in-training/Documents/Projects/Grade-Automator-Plus-epic-a-merge-down-b14/users/views.py", line 2135, in _google_auth
    response = http_requests.post(token_url, data=payload)
               ^^^^^^^^^^^^^^^^^^^^^^^^^^^^^^^^^^^^^^^^^^^
  File "/home/bond-servant-in-training/.pyenv/versions/3.12.10/lib/python3.12/unittest/mock.py", line 1139, in __call__
    return self._mock_call(*args, **kwargs)
           ^^^^^^^^^^^^^^^^^^^^^^^^^^^^^^^^
  File "/home/bond-servant-in-training/.pyenv/versions/3.12.10/lib/python3.12/unittest/mock.py", line 1143, in _mock_call
    return self._execute_mock_call(*args, **kwargs)
           ^^^^^^^^^^^^^^^^^^^^^^^^^^^^^^^^^^^^^^^^
  File "/home/bond-servant-in-training/.pyenv/versions/3.12.10/lib/python3.12/unittest/mock.py", line 1198, in _execute_mock_call
    raise effect
requests.exceptions.ConnectionError: dns
API Exception
Traceback (most recent call last):
  File "/home/bond-servant-in-training/Documents/Projects/Grade-Automator-Plus-epic-a-merge-down-b14/users/views.py", line 2135, in _google_auth
    response = http_requests.post(token_url, data=payload)
               ^^^^^^^^^^^^^^^^^^^^^^^^^^^^^^^^^^^^^^^^^^^
  File "/home/bond-servant-in-training/.pyenv/versions/3.12.10/lib/python3.12/unittest/mock.py", line 1139, in __call__
    return self._mock_call(*args, **kwargs)
           ^^^^^^^^^^^^^^^^^^^^^^^^^^^^^^^^
  File "/home/bond-servant-in-training/.pyenv/versions/3.12.10/lib/python3.12/unittest/mock.py", line 1143, in _mock_call
    return self._execute_mock_call(*args, **kwargs)
           ^^^^^^^^^^^^^^^^^^^^^^^^^^^^^^^^^^^^^^^^
  File "/home/bond-servant-in-training/.pyenv/versions/3.12.10/lib/python3.12/unittest/mock.py", line 1198, in _execute_mock_call
    raise effect
requests.exceptions.ConnectionError: dns

The above exception was the direct cause of the following exception:

Traceback (most recent call last):
  File "/home/bond-servant-in-training/Documents/Virtualenvs/AutoGrader_env/lib/python3.12/site-packages/rest_framework/views.py", line 512, in dispatch
    response = handler(request, *args, **kwargs)
               ^^^^^^^^^^^^^^^^^^^^^^^^^^^^^^^^^
  File "/home/bond-servant-in-training/Documents/Projects/Grade-Automator-Plus-epic-a-merge-down-b14/users/views.py", line 2097, in google_auth
    return self._google_auth(request)
           ^^^^^^^^^^^^^^^^^^^^^^^^^^
  File "/home/bond-servant-in-training/Documents/Projects/Grade-Automator-Plus-epic-a-merge-down-b14/users/views.py", line 2141, in _google_auth
    raise ParseError(
rest_framework.exceptions.ParseError: Google sign-in failed. Please try again.
ok
test_success_for_an_existing_account (users.tests_auth_audit_doors.GoogleDoorTests.test_success_for_an_existing_account) ... Free trial plan not found: no trial activated for user 103ab1fc-8bb2-4e06-a253-2c550dcd201c.
Cannot activate automatic trial for user 103ab1fc-8bb2-4e06-a253-2c550dcd201c (validation): ValueError
ok
test_unverified_google_email (users.tests_auth_audit_doors.GoogleDoorTests.test_unverified_google_email) ... API Exception
Traceback (most recent call last):
  File "/home/bond-servant-in-training/Documents/Virtualenvs/AutoGrader_env/lib/python3.12/site-packages/rest_framework/views.py", line 512, in dispatch
    response = handler(request, *args, **kwargs)
               ^^^^^^^^^^^^^^^^^^^^^^^^^^^^^^^^^
  File "/home/bond-servant-in-training/Documents/Projects/Grade-Automator-Plus-epic-a-merge-down-b14/users/views.py", line 2097, in google_auth
    return self._google_auth(request)
           ^^^^^^^^^^^^^^^^^^^^^^^^^^
  File "/home/bond-servant-in-training/Documents/Projects/Grade-Automator-Plus-epic-a-merge-down-b14/users/views.py", line 2165, in _google_auth
    raise ParseError("Google has not verified your email")
rest_framework.exceptions.ParseError: Google has not verified your email
ok
test_school_admin_bad_code_survives_the_rollback (users.tests_auth_audit_doors.InvitationDoorTests.test_school_admin_bad_code_survives_the_rollback)
Refused inside the view's atomic block; the event is written after ... API Exception
Traceback (most recent call last):
  File "/home/bond-servant-in-training/Documents/Virtualenvs/AutoGrader_env/lib/python3.12/site-packages/rest_framework/views.py", line 512, in dispatch
    response = handler(request, *args, **kwargs)
               ^^^^^^^^^^^^^^^^^^^^^^^^^^^^^^^^^
  File "/home/bond-servant-in-training/Documents/Projects/Grade-Automator-Plus-epic-a-merge-down-b14/users/views.py", line 1980, in register_school_admin
    raise ParseError("Invalid or expired activation token.")
rest_framework.exceptions.ParseError: Invalid or expired activation token.
ok
test_school_admin_invitation_success (users.tests_auth_audit_doors.InvitationDoorTests.test_school_admin_invitation_success) ... ok
test_student_invitation_bad_code_survives_the_rollback (users.tests_auth_audit_doors.InvitationDoorTests.test_student_invitation_bad_code_survives_the_rollback) ... FAIL
test_locked_is_denied (users.tests_auth_audit_doors.ResetPasswordDoorTests.test_locked_is_denied)
batch-2a (L2) behaviour, merged into Epic A: a locked reset ... Free trial plan not found: no trial activated for user 2cf94bd3-9933-497d-b359-7b05336438b4.
Cannot activate automatic trial for user 2cf94bd3-9933-497d-b359-7b05336438b4 (validation): ValueError
ok
test_success (users.tests_auth_audit_doors.ResetPasswordDoorTests.test_success) ... Free trial plan not found: no trial activated for user 7b25ee20-1b26-4f0c-8f40-ad4be85d1703.
Cannot activate automatic trial for user 7b25ee20-1b26-4f0c-8f40-ad4be85d1703 (validation): ValueError
ok
test_the_guess_that_spends_the_budget_is_a_failure_that_set_the_lock (users.tests_auth_audit_doors.ResetPasswordDoorTests.test_the_guess_that_spends_the_budget_is_a_failure_that_set_the_lock)
SM ruling for the 2a merge: that guess answers 429 at once (L2), ... Free trial plan not found: no trial activated for user fbf6f335-ad64-4610-82b5-234eb1ef01c0.
Cannot activate automatic trial for user fbf6f335-ad64-4610-82b5-234eb1ef01c0 (validation): ValueError
API Exception
Traceback (most recent call last):
  File "/home/bond-servant-in-training/Documents/Virtualenvs/AutoGrader_env/lib/python3.12/site-packages/rest_framework/views.py", line 512, in dispatch
    response = handler(request, *args, **kwargs)
               ^^^^^^^^^^^^^^^^^^^^^^^^^^^^^^^^^
  File "/home/bond-servant-in-training/Documents/Projects/Grade-Automator-Plus-epic-a-merge-down-b14/users/views.py", line 1501, in reset_password
    raise ParseError("Invalid email, OTP code, or new password.")
rest_framework.exceptions.ParseError: Invalid email, OTP code, or new password.
API Exception
Traceback (most recent call last):
  File "/home/bond-servant-in-training/Documents/Virtualenvs/AutoGrader_env/lib/python3.12/site-packages/rest_framework/views.py", line 512, in dispatch
    response = handler(request, *args, **kwargs)
               ^^^^^^^^^^^^^^^^^^^^^^^^^^^^^^^^^
  File "/home/bond-servant-in-training/Documents/Projects/Grade-Automator-Plus-epic-a-merge-down-b14/users/views.py", line 1501, in reset_password
    raise ParseError("Invalid email, OTP code, or new password.")
rest_framework.exceptions.ParseError: Invalid email, OTP code, or new password.
API Exception
Traceback (most recent call last):
  File "/home/bond-servant-in-training/Documents/Virtualenvs/AutoGrader_env/lib/python3.12/site-packages/rest_framework/views.py", line 512, in dispatch
    response = handler(request, *args, **kwargs)
               ^^^^^^^^^^^^^^^^^^^^^^^^^^^^^^^^^
  File "/home/bond-servant-in-training/Documents/Projects/Grade-Automator-Plus-epic-a-merge-down-b14/users/views.py", line 1501, in reset_password
    raise ParseError("Invalid email, OTP code, or new password.")
rest_framework.exceptions.ParseError: Invalid email, OTP code, or new password.
API Exception
Traceback (most recent call last):
  File "/home/bond-servant-in-training/Documents/Virtualenvs/AutoGrader_env/lib/python3.12/site-packages/rest_framework/views.py", line 512, in dispatch
    response = handler(request, *args, **kwargs)
               ^^^^^^^^^^^^^^^^^^^^^^^^^^^^^^^^^
  File "/home/bond-servant-in-training/Documents/Projects/Grade-Automator-Plus-epic-a-merge-down-b14/users/views.py", line 1501, in reset_password
    raise ParseError("Invalid email, OTP code, or new password.")
rest_framework.exceptions.ParseError: Invalid email, OTP code, or new password.
password_reset_otp_locked
ok
test_unknown_email (users.tests_auth_audit_doors.ResetPasswordDoorTests.test_unknown_email) ... Free trial plan not found: no trial activated for user 4193ebad-2794-40c4-821c-04c4741ad635.
Cannot activate automatic trial for user 4193ebad-2794-40c4-821c-04c4741ad635 (validation): ValueError
API Exception
Exception

The above exception was the direct cause of the following exception:

Traceback (most recent call last):
  File "/home/bond-servant-in-training/Documents/Virtualenvs/AutoGrader_env/lib/python3.12/site-packages/rest_framework/views.py", line 512, in dispatch
    response = handler(request, *args, **kwargs)
               ^^^^^^^^^^^^^^^^^^^^^^^^^^^^^^^^^
  File "/home/bond-servant-in-training/Documents/Projects/Grade-Automator-Plus-epic-a-merge-down-b14/users/views.py", line 1451, in reset_password
    raise ParseError("Invalid email, OTP code, or new password.") from Exception
rest_framework.exceptions.ParseError: Invalid email, OTP code, or new password.
ok
test_wrong_code (users.tests_auth_audit_doors.ResetPasswordDoorTests.test_wrong_code) ... Free trial plan not found: no trial activated for user ae4f61c7-475b-4156-88fc-15897c1a0b09.
Cannot activate automatic trial for user ae4f61c7-475b-4156-88fc-15897c1a0b09 (validation): ValueError
API Exception
Traceback (most recent call last):
  File "/home/bond-servant-in-training/Documents/Virtualenvs/AutoGrader_env/lib/python3.12/site-packages/rest_framework/views.py", line 512, in dispatch
    response = handler(request, *args, **kwargs)
               ^^^^^^^^^^^^^^^^^^^^^^^^^^^^^^^^^
  File "/home/bond-servant-in-training/Documents/Projects/Grade-Automator-Plus-epic-a-merge-down-b14/users/views.py", line 1501, in reset_password
    raise ParseError("Invalid email, OTP code, or new password.")
rest_framework.exceptions.ParseError: Invalid email, OTP code, or new password.
ok
test_a_failure_is_scoped_to_the_targets_school (users.tests_auth_audit_doors.VerifyEmailDoorTests.test_a_failure_is_scoped_to_the_targets_school) ... Free trial plan not found: no trial activated for user ac0e8d71-3f97-4d3a-b9f8-03850f5d468b.
Cannot activate automatic trial for user ac0e8d71-3f97-4d3a-b9f8-03850f5d468b (validation): ValueError
API Exception
Traceback (most recent call last):
  File "/home/bond-servant-in-training/Documents/Virtualenvs/AutoGrader_env/lib/python3.12/site-packages/rest_framework/views.py", line 512, in dispatch
    response = handler(request, *args, **kwargs)
               ^^^^^^^^^^^^^^^^^^^^^^^^^^^^^^^^^
  File "/home/bond-servant-in-training/Documents/Projects/Grade-Automator-Plus-epic-a-merge-down-b14/users/views.py", line 1068, in verify
    refuse("Invalid email or token.", account_for_email(email), "INVALID_CODE")
  File "/home/bond-servant-in-training/Documents/Projects/Grade-Automator-Plus-epic-a-merge-down-b14/users/views.py", line 1064, in refuse
    raise ParseError(message)
rest_framework.exceptions.ParseError: Invalid email or token.
ok
test_a_locked_attempt_is_denied_even_with_the_right_code (users.tests_auth_audit_doors.VerifyEmailDoorTests.test_a_locked_attempt_is_denied_even_with_the_right_code)
H-53's 429, recorded as one DENIED VERIFY_LOCKED naming the ... Free trial plan not found: no trial activated for user 6d30ae95-a6e8-4b64-93e1-a4019fbddff7.
Cannot activate automatic trial for user 6d30ae95-a6e8-4b64-93e1-a4019fbddff7 (validation): ValueError
API Exception
Traceback (most recent call last):
  File "/home/bond-servant-in-training/Documents/Virtualenvs/AutoGrader_env/lib/python3.12/site-packages/rest_framework/views.py", line 512, in dispatch
    response = handler(request, *args, **kwargs)
               ^^^^^^^^^^^^^^^^^^^^^^^^^^^^^^^^^
  File "/home/bond-servant-in-training/Documents/Projects/Grade-Automator-Plus-epic-a-merge-down-b14/users/views.py", line 1068, in verify
    refuse("Invalid email or token.", account_for_email(email), "INVALID_CODE")
  File "/home/bond-servant-in-training/Documents/Projects/Grade-Automator-Plus-epic-a-merge-down-b14/users/views.py", line 1064, in refuse
    raise ParseError(message)
rest_framework.exceptions.ParseError: Invalid email or token.
API Exception
Traceback (most recent call last):
  File "/home/bond-servant-in-training/Documents/Virtualenvs/AutoGrader_env/lib/python3.12/site-packages/rest_framework/views.py", line 512, in dispatch
    response = handler(request, *args, **kwargs)
               ^^^^^^^^^^^^^^^^^^^^^^^^^^^^^^^^^
  File "/home/bond-servant-in-training/Documents/Projects/Grade-Automator-Plus-epic-a-merge-down-b14/users/views.py", line 1068, in verify
    refuse("Invalid email or token.", account_for_email(email), "INVALID_CODE")
  File "/home/bond-servant-in-training/Documents/Projects/Grade-Automator-Plus-epic-a-merge-down-b14/users/views.py", line 1064, in refuse
    raise ParseError(message)
rest_framework.exceptions.ParseError: Invalid email or token.
API Exception
Traceback (most recent call last):
  File "/home/bond-servant-in-training/Documents/Virtualenvs/AutoGrader_env/lib/python3.12/site-packages/rest_framework/views.py", line 512, in dispatch
    response = handler(request, *args, **kwargs)
               ^^^^^^^^^^^^^^^^^^^^^^^^^^^^^^^^^
  File "/home/bond-servant-in-training/Documents/Projects/Grade-Automator-Plus-epic-a-merge-down-b14/users/views.py", line 1068, in verify
    refuse("Invalid email or token.", account_for_email(email), "INVALID_CODE")
  File "/home/bond-servant-in-training/Documents/Projects/Grade-Automator-Plus-epic-a-merge-down-b14/users/views.py", line 1064, in refuse
    raise ParseError(message)
rest_framework.exceptions.ParseError: Invalid email or token.
API Exception
Traceback (most recent call last):
  File "/home/bond-servant-in-training/Documents/Virtualenvs/AutoGrader_env/lib/python3.12/site-packages/rest_framework/views.py", line 512, in dispatch
    response = handler(request, *args, **kwargs)
               ^^^^^^^^^^^^^^^^^^^^^^^^^^^^^^^^^
  File "/home/bond-servant-in-training/Documents/Projects/Grade-Automator-Plus-epic-a-merge-down-b14/users/views.py", line 1068, in verify
    refuse("Invalid email or token.", account_for_email(email), "INVALID_CODE")
  File "/home/bond-servant-in-training/Documents/Projects/Grade-Automator-Plus-epic-a-merge-down-b14/users/views.py", line 1064, in refuse
    raise ParseError(message)
rest_framework.exceptions.ParseError: Invalid email or token.
verify_email address locked after too many attempts
API Exception
Traceback (most recent call last):
  File "/home/bond-servant-in-training/Documents/Virtualenvs/AutoGrader_env/lib/python3.12/site-packages/rest_framework/views.py", line 512, in dispatch
    response = handler(request, *args, **kwargs)
               ^^^^^^^^^^^^^^^^^^^^^^^^^^^^^^^^^
  File "/home/bond-servant-in-training/Documents/Projects/Grade-Automator-Plus-epic-a-merge-down-b14/users/views.py", line 1068, in verify
    refuse("Invalid email or token.", account_for_email(email), "INVALID_CODE")
  File "/home/bond-servant-in-training/Documents/Projects/Grade-Automator-Plus-epic-a-merge-down-b14/users/views.py", line 1064, in refuse
    raise ParseError(message)
rest_framework.exceptions.ParseError: Invalid email or token.
API Exception
Traceback (most recent call last):
  File "/home/bond-servant-in-training/Documents/Virtualenvs/AutoGrader_env/lib/python3.12/site-packages/rest_framework/views.py", line 512, in dispatch
    response = handler(request, *args, **kwargs)
               ^^^^^^^^^^^^^^^^^^^^^^^^^^^^^^^^^
  File "/home/bond-servant-in-training/Documents/Projects/Grade-Automator-Plus-epic-a-merge-down-b14/users/views.py", line 1036, in verify
    raise EnvelopedThrottled(
users.exceptions.EnvelopedThrottled: Too many incorrect codes for this email address. Please wait, then request a new verification email. Expected available in 1799 seconds.
ok
test_a_locked_unknown_address_is_denied_with_no_account_and_no_email (users.tests_auth_audit_doors.VerifyEmailDoorTests.test_a_locked_unknown_address_is_denied_with_no_account_and_no_email) ... API Exception
Traceback (most recent call last):
  File "/home/bond-servant-in-training/Documents/Virtualenvs/AutoGrader_env/lib/python3.12/site-packages/rest_framework/views.py", line 512, in dispatch
    response = handler(request, *args, **kwargs)
               ^^^^^^^^^^^^^^^^^^^^^^^^^^^^^^^^^
  File "/home/bond-servant-in-training/Documents/Projects/Grade-Automator-Plus-epic-a-merge-down-b14/users/views.py", line 1068, in verify
    refuse("Invalid email or token.", account_for_email(email), "INVALID_CODE")
  File "/home/bond-servant-in-training/Documents/Projects/Grade-Automator-Plus-epic-a-merge-down-b14/users/views.py", line 1064, in refuse
    raise ParseError(message)
rest_framework.exceptions.ParseError: Invalid email or token.
API Exception
Traceback (most recent call last):
  File "/home/bond-servant-in-training/Documents/Virtualenvs/AutoGrader_env/lib/python3.12/site-packages/rest_framework/views.py", line 512, in dispatch
    response = handler(request, *args, **kwargs)
               ^^^^^^^^^^^^^^^^^^^^^^^^^^^^^^^^^
  File "/home/bond-servant-in-training/Documents/Projects/Grade-Automator-Plus-epic-a-merge-down-b14/users/views.py", line 1068, in verify
    refuse("Invalid email or token.", account_for_email(email), "INVALID_CODE")
  File "/home/bond-servant-in-training/Documents/Projects/Grade-Automator-Plus-epic-a-merge-down-b14/users/views.py", line 1064, in refuse
    raise ParseError(message)
rest_framework.exceptions.ParseError: Invalid email or token.
API Exception
Traceback (most recent call last):
  File "/home/bond-servant-in-training/Documents/Virtualenvs/AutoGrader_env/lib/python3.12/site-packages/rest_framework/views.py", line 512, in dispatch
    response = handler(request, *args, **kwargs)
               ^^^^^^^^^^^^^^^^^^^^^^^^^^^^^^^^^
  File "/home/bond-servant-in-training/Documents/Projects/Grade-Automator-Plus-epic-a-merge-down-b14/users/views.py", line 1068, in verify
    refuse("Invalid email or token.", account_for_email(email), "INVALID_CODE")
  File "/home/bond-servant-in-training/Documents/Projects/Grade-Automator-Plus-epic-a-merge-down-b14/users/views.py", line 1064, in refuse
    raise ParseError(message)
rest_framework.exceptions.ParseError: Invalid email or token.
API Exception
Traceback (most recent call last):
  File "/home/bond-servant-in-training/Documents/Virtualenvs/AutoGrader_env/lib/python3.12/site-packages/rest_framework/views.py", line 512, in dispatch
    response = handler(request, *args, **kwargs)
               ^^^^^^^^^^^^^^^^^^^^^^^^^^^^^^^^^
  File "/home/bond-servant-in-training/Documents/Projects/Grade-Automator-Plus-epic-a-merge-down-b14/users/views.py", line 1068, in verify
    refuse("Invalid email or token.", account_for_email(email), "INVALID_CODE")
  File "/home/bond-servant-in-training/Documents/Projects/Grade-Automator-Plus-epic-a-merge-down-b14/users/views.py", line 1064, in refuse
    raise ParseError(message)
rest_framework.exceptions.ParseError: Invalid email or token.
verify_email address locked after too many attempts
API Exception
Traceback (most recent call last):
  File "/home/bond-servant-in-training/Documents/Virtualenvs/AutoGrader_env/lib/python3.12/site-packages/rest_framework/views.py", line 512, in dispatch
    response = handler(request, *args, **kwargs)
               ^^^^^^^^^^^^^^^^^^^^^^^^^^^^^^^^^
  File "/home/bond-servant-in-training/Documents/Projects/Grade-Automator-Plus-epic-a-merge-down-b14/users/views.py", line 1068, in verify
    refuse("Invalid email or token.", account_for_email(email), "INVALID_CODE")
  File "/home/bond-servant-in-training/Documents/Projects/Grade-Automator-Plus-epic-a-merge-down-b14/users/views.py", line 1064, in refuse
    raise ParseError(message)
rest_framework.exceptions.ParseError: Invalid email or token.
API Exception
Traceback (most recent call last):
  File "/home/bond-servant-in-training/Documents/Virtualenvs/AutoGrader_env/lib/python3.12/site-packages/rest_framework/views.py", line 512, in dispatch
    response = handler(request, *args, **kwargs)
               ^^^^^^^^^^^^^^^^^^^^^^^^^^^^^^^^^
  File "/home/bond-servant-in-training/Documents/Projects/Grade-Automator-Plus-epic-a-merge-down-b14/users/views.py", line 1036, in verify
    raise EnvelopedThrottled(
users.exceptions.EnvelopedThrottled: Too many incorrect codes for this email address. Please wait, then request a new verification email. Expected available in 1799 seconds.
ok
test_every_code_verify_records_is_in_the_catalogue (users.tests_auth_audit_doors.VerifyEmailDoorTests.test_every_code_verify_records_is_in_the_catalogue)
S6a's emitter refuses a code outside the catalogue, which would ... ok
test_expired_code (users.tests_auth_audit_doors.VerifyEmailDoorTests.test_expired_code) ... Free trial plan not found: no trial activated for user 91fffb36-34f6-42f6-9252-f77df13f4e6d.
Cannot activate automatic trial for user 91fffb36-34f6-42f6-9252-f77df13f4e6d (validation): ValueError
API Exception
Traceback (most recent call last):
  File "/home/bond-servant-in-training/Documents/Virtualenvs/AutoGrader_env/lib/python3.12/site-packages/rest_framework/views.py", line 512, in dispatch
    response = handler(request, *args, **kwargs)
               ^^^^^^^^^^^^^^^^^^^^^^^^^^^^^^^^^
  File "/home/bond-servant-in-training/Documents/Projects/Grade-Automator-Plus-epic-a-merge-down-b14/users/views.py", line 1084, in verify
    refuse("Activation link has expired.", user, "CODE_EXPIRED")
  File "/home/bond-servant-in-training/Documents/Projects/Grade-Automator-Plus-epic-a-merge-down-b14/users/views.py", line 1064, in refuse
    raise ParseError(message)
rest_framework.exceptions.ParseError: Activation link has expired.
ok
test_success (users.tests_auth_audit_doors.VerifyEmailDoorTests.test_success) ... Free trial plan not found: no trial activated for user 5996ee16-6f8f-45c2-9d13-75734a9f10ce.
Cannot activate automatic trial for user 5996ee16-6f8f-45c2-9d13-75734a9f10ce (validation): ValueError
ok
test_the_guess_that_spends_the_budget_is_a_failure_that_set_the_lock (users.tests_auth_audit_doors.VerifyEmailDoorTests.test_the_guess_that_spends_the_budget_is_a_failure_that_set_the_lock)
SM ruling for the beta (H-53) merge: one event per attempt. Every ... Free trial plan not found: no trial activated for user 3c72c7ad-dfc2-42ac-b486-516ddb22e714.
Cannot activate automatic trial for user 3c72c7ad-dfc2-42ac-b486-516ddb22e714 (validation): ValueError
API Exception
Traceback (most recent call last):
  File "/home/bond-servant-in-training/Documents/Virtualenvs/AutoGrader_env/lib/python3.12/site-packages/rest_framework/views.py", line 512, in dispatch
    response = handler(request, *args, **kwargs)
               ^^^^^^^^^^^^^^^^^^^^^^^^^^^^^^^^^
  File "/home/bond-servant-in-training/Documents/Projects/Grade-Automator-Plus-epic-a-merge-down-b14/users/views.py", line 1068, in verify
    refuse("Invalid email or token.", account_for_email(email), "INVALID_CODE")
  File "/home/bond-servant-in-training/Documents/Projects/Grade-Automator-Plus-epic-a-merge-down-b14/users/views.py", line 1064, in refuse
    raise ParseError(message)
rest_framework.exceptions.ParseError: Invalid email or token.
API Exception
Traceback (most recent call last):
  File "/home/bond-servant-in-training/Documents/Virtualenvs/AutoGrader_env/lib/python3.12/site-packages/rest_framework/views.py", line 512, in dispatch
    response = handler(request, *args, **kwargs)
               ^^^^^^^^^^^^^^^^^^^^^^^^^^^^^^^^^
  File "/home/bond-servant-in-training/Documents/Projects/Grade-Automator-Plus-epic-a-merge-down-b14/users/views.py", line 1068, in verify
    refuse("Invalid email or token.", account_for_email(email), "INVALID_CODE")
  File "/home/bond-servant-in-training/Documents/Projects/Grade-Automator-Plus-epic-a-merge-down-b14/users/views.py", line 1064, in refuse
    raise ParseError(message)
rest_framework.exceptions.ParseError: Invalid email or token.
API Exception
Traceback (most recent call last):
  File "/home/bond-servant-in-training/Documents/Virtualenvs/AutoGrader_env/lib/python3.12/site-packages/rest_framework/views.py", line 512, in dispatch
    response = handler(request, *args, **kwargs)
               ^^^^^^^^^^^^^^^^^^^^^^^^^^^^^^^^^
  File "/home/bond-servant-in-training/Documents/Projects/Grade-Automator-Plus-epic-a-merge-down-b14/users/views.py", line 1068, in verify
    refuse("Invalid email or token.", account_for_email(email), "INVALID_CODE")
  File "/home/bond-servant-in-training/Documents/Projects/Grade-Automator-Plus-epic-a-merge-down-b14/users/views.py", line 1064, in refuse
    raise ParseError(message)
rest_framework.exceptions.ParseError: Invalid email or token.
API Exception
Traceback (most recent call last):
  File "/home/bond-servant-in-training/Documents/Virtualenvs/AutoGrader_env/lib/python3.12/site-packages/rest_framework/views.py", line 512, in dispatch
    response = handler(request, *args, **kwargs)
               ^^^^^^^^^^^^^^^^^^^^^^^^^^^^^^^^^
  File "/home/bond-servant-in-training/Documents/Projects/Grade-Automator-Plus-epic-a-merge-down-b14/users/views.py", line 1068, in verify
    refuse("Invalid email or token.", account_for_email(email), "INVALID_CODE")
  File "/home/bond-servant-in-training/Documents/Projects/Grade-Automator-Plus-epic-a-merge-down-b14/users/views.py", line 1064, in refuse
    raise ParseError(message)
rest_framework.exceptions.ParseError: Invalid email or token.
verify_email address locked after too many attempts
API Exception
Traceback (most recent call last):
  File "/home/bond-servant-in-training/Documents/Virtualenvs/AutoGrader_env/lib/python3.12/site-packages/rest_framework/views.py", line 512, in dispatch
    response = handler(request, *args, **kwargs)
               ^^^^^^^^^^^^^^^^^^^^^^^^^^^^^^^^^
  File "/home/bond-servant-in-training/Documents/Projects/Grade-Automator-Plus-epic-a-merge-down-b14/users/views.py", line 1068, in verify
    refuse("Invalid email or token.", account_for_email(email), "INVALID_CODE")
  File "/home/bond-servant-in-training/Documents/Projects/Grade-Automator-Plus-epic-a-merge-down-b14/users/views.py", line 1064, in refuse
    raise ParseError(message)
rest_framework.exceptions.ParseError: Invalid email or token.
ok
test_the_user_still_signs_in_when_the_audit_store_is_down (users.tests_auth_audit_doors.VerifyEmailDoorTests.test_the_user_still_signs_in_when_the_audit_store_is_down)
FR-A-11. ... Free trial plan not found: no trial activated for user c732e5d7-6392-4da0-a01c-5926a30ab3a7.
Cannot activate automatic trial for user c732e5d7-6392-4da0-a01c-5926a30ab3a7 (validation): ValueError
audit event store_failed: action=PERMISSION_CHANGE detail=RuntimeError
audit event store_failed: action=AUTH_LOGIN detail=RuntimeError
ok
test_unknown_email_stores_no_account_and_no_email (users.tests_auth_audit_doors.VerifyEmailDoorTests.test_unknown_email_stores_no_account_and_no_email) ... API Exception
Traceback (most recent call last):
  File "/home/bond-servant-in-training/Documents/Virtualenvs/AutoGrader_env/lib/python3.12/site-packages/rest_framework/views.py", line 512, in dispatch
    response = handler(request, *args, **kwargs)
               ^^^^^^^^^^^^^^^^^^^^^^^^^^^^^^^^^
  File "/home/bond-servant-in-training/Documents/Projects/Grade-Automator-Plus-epic-a-merge-down-b14/users/views.py", line 1068, in verify
    refuse("Invalid email or token.", account_for_email(email), "INVALID_CODE")
  File "/home/bond-servant-in-training/Documents/Projects/Grade-Automator-Plus-epic-a-merge-down-b14/users/views.py", line 1064, in refuse
    raise ParseError(message)
rest_framework.exceptions.ParseError: Invalid email or token.
ok
test_wrong_code_names_the_account (users.tests_auth_audit_doors.VerifyEmailDoorTests.test_wrong_code_names_the_account) ... Free trial plan not found: no trial activated for user 18604b04-8f2c-4e91-9659-5879cdbbe48e.
Cannot activate automatic trial for user 18604b04-8f2c-4e91-9659-5879cdbbe48e (validation): ValueError
API Exception
Traceback (most recent call last):
  File "/home/bond-servant-in-training/Documents/Virtualenvs/AutoGrader_env/lib/python3.12/site-packages/rest_framework/views.py", line 512, in dispatch
    response = handler(request, *args, **kwargs)
               ^^^^^^^^^^^^^^^^^^^^^^^^^^^^^^^^^
  File "/home/bond-servant-in-training/Documents/Projects/Grade-Automator-Plus-epic-a-merge-down-b14/users/views.py", line 1068, in verify
    refuse("Invalid email or token.", account_for_email(email), "INVALID_CODE")
  File "/home/bond-servant-in-training/Documents/Projects/Grade-Automator-Plus-epic-a-merge-down-b14/users/views.py", line 1064, in refuse
    raise ParseError(message)
rest_framework.exceptions.ParseError: Invalid email or token.
ok
test_a_valid_token_still_activates (users.tests_auth_input_validation.VerifyEndpointInputTests.test_a_valid_token_still_activates)
Regression guard: the input hardening must not break the real flow. ... Free trial plan not found: no trial activated for user f160c7c2-c07b-4309-a3c2-7ba21ff26103.
Cannot activate automatic trial for user f160c7c2-c07b-4309-a3c2-7ba21ff26103 (validation): ValueError
ok
test_another_users_token_cannot_verify_this_account (users.tests_auth_input_validation.VerifyEndpointInputTests.test_another_users_token_cannot_verify_this_account)
email and token must match the SAME row, not merely both exist. ... Free trial plan not found: no trial activated for user 443a64ee-5865-4248-83e5-b8498e7b1dc4.
Cannot activate automatic trial for user 443a64ee-5865-4248-83e5-b8498e7b1dc4 (validation): ValueError
Free trial plan not found: no trial activated for user 77d7bcb0-d1d7-46fa-952e-7f61e03c059e.
Cannot activate automatic trial for user 77d7bcb0-d1d7-46fa-952e-7f61e03c059e (validation): ValueError
API Exception
Traceback (most recent call last):
  File "/home/bond-servant-in-training/Documents/Virtualenvs/AutoGrader_env/lib/python3.12/site-packages/rest_framework/views.py", line 512, in dispatch
    response = handler(request, *args, **kwargs)
               ^^^^^^^^^^^^^^^^^^^^^^^^^^^^^^^^^
  File "/home/bond-servant-in-training/Documents/Projects/Grade-Automator-Plus-epic-a-merge-down-b14/users/views.py", line 1068, in verify
    refuse("Invalid email or token.", account_for_email(email), "INVALID_CODE")
  File "/home/bond-servant-in-training/Documents/Projects/Grade-Automator-Plus-epic-a-merge-down-b14/users/views.py", line 1064, in refuse
    raise ParseError(message)
rest_framework.exceptions.ParseError: Invalid email or token.
ok
test_expired_token_is_rejected_and_leaves_the_account_inactive (users.tests_auth_input_validation.VerifyEndpointInputTests.test_expired_token_is_rejected_and_leaves_the_account_inactive) ... Free trial plan not found: no trial activated for user 314135e0-2571-4ba0-9842-01c14ea9266f.
Cannot activate automatic trial for user 314135e0-2571-4ba0-9842-01c14ea9266f (validation): ValueError
API Exception
Traceback (most recent call last):
  File "/home/bond-servant-in-training/Documents/Virtualenvs/AutoGrader_env/lib/python3.12/site-packages/rest_framework/views.py", line 512, in dispatch
    response = handler(request, *args, **kwargs)
               ^^^^^^^^^^^^^^^^^^^^^^^^^^^^^^^^^
  File "/home/bond-servant-in-training/Documents/Projects/Grade-Automator-Plus-epic-a-merge-down-b14/users/views.py", line 1084, in verify
    refuse("Activation link has expired.", user, "CODE_EXPIRED")
  File "/home/bond-servant-in-training/Documents/Projects/Grade-Automator-Plus-epic-a-merge-down-b14/users/views.py", line 1064, in refuse
    raise ParseError(message)
rest_framework.exceptions.ParseError: Activation link has expired.
ok
test_missing_both_fields_is_a_400_not_a_500 (users.tests_auth_input_validation.VerifyEndpointInputTests.test_missing_both_fields_is_a_400_not_a_500)
The regression: `.get("email").strip()` on an absent key. ... Free trial plan not found: no trial activated for user c88363a3-c814-4810-abbe-df736a30d835.
Cannot activate automatic trial for user c88363a3-c814-4810-abbe-df736a30d835 (validation): ValueError
API Exception
Traceback (most recent call last):
  File "/home/bond-servant-in-training/Documents/Virtualenvs/AutoGrader_env/lib/python3.12/site-packages/rest_framework/views.py", line 512, in dispatch
    response = handler(request, *args, **kwargs)
               ^^^^^^^^^^^^^^^^^^^^^^^^^^^^^^^^^
  File "/home/bond-servant-in-training/Documents/Projects/Grade-Automator-Plus-epic-a-merge-down-b14/users/views.py", line 1009, in verify
    raise ParseError("Email and Token are required.")
rest_framework.exceptions.ParseError: Email and Token are required.
ok
test_missing_email_only_is_a_400_not_a_500 (users.tests_auth_input_validation.VerifyEndpointInputTests.test_missing_email_only_is_a_400_not_a_500) ... Free trial plan not found: no trial activated for user 06a63cc9-d94a-4709-b4a3-aa49551a29d0.
Cannot activate automatic trial for user 06a63cc9-d94a-4709-b4a3-aa49551a29d0 (validation): ValueError
API Exception
Traceback (most recent call last):
  File "/home/bond-servant-in-training/Documents/Virtualenvs/AutoGrader_env/lib/python3.12/site-packages/rest_framework/views.py", line 512, in dispatch
    response = handler(request, *args, **kwargs)
               ^^^^^^^^^^^^^^^^^^^^^^^^^^^^^^^^^
  File "/home/bond-servant-in-training/Documents/Projects/Grade-Automator-Plus-epic-a-merge-down-b14/users/views.py", line 1009, in verify
    raise ParseError("Email and Token are required.")
rest_framework.exceptions.ParseError: Email and Token are required.
ok
test_missing_token_only_is_a_400_not_a_500 (users.tests_auth_input_validation.VerifyEndpointInputTests.test_missing_token_only_is_a_400_not_a_500) ... Free trial plan not found: no trial activated for user 076c4fce-1a79-40f2-b6a5-78710ab85a1c.
Cannot activate automatic trial for user 076c4fce-1a79-40f2-b6a5-78710ab85a1c (validation): ValueError
API Exception
Traceback (most recent call last):
  File "/home/bond-servant-in-training/Documents/Virtualenvs/AutoGrader_env/lib/python3.12/site-packages/rest_framework/views.py", line 512, in dispatch
    response = handler(request, *args, **kwargs)
               ^^^^^^^^^^^^^^^^^^^^^^^^^^^^^^^^^
  File "/home/bond-servant-in-training/Documents/Projects/Grade-Automator-Plus-epic-a-merge-down-b14/users/views.py", line 1009, in verify
    raise ParseError("Email and Token are required.")
rest_framework.exceptions.ParseError: Email and Token are required.
ok
test_null_values_are_a_400_not_a_500 (users.tests_auth_input_validation.VerifyEndpointInputTests.test_null_values_are_a_400_not_a_500) ... Free trial plan not found: no trial activated for user 5779e2e2-2d0b-4d1a-9f73-7da8b5603b2e.
Cannot activate automatic trial for user 5779e2e2-2d0b-4d1a-9f73-7da8b5603b2e (validation): ValueError
API Exception
Traceback (most recent call last):
  File "/home/bond-servant-in-training/Documents/Virtualenvs/AutoGrader_env/lib/python3.12/site-packages/rest_framework/views.py", line 512, in dispatch
    response = handler(request, *args, **kwargs)
               ^^^^^^^^^^^^^^^^^^^^^^^^^^^^^^^^^
  File "/home/bond-servant-in-training/Documents/Projects/Grade-Automator-Plus-epic-a-merge-down-b14/users/views.py", line 1009, in verify
    raise ParseError("Email and Token are required.")
rest_framework.exceptions.ParseError: Email and Token are required.
ok
test_oversized_field_does_not_crash_the_endpoint (users.tests_auth_input_validation.VerifyEndpointInputTests.test_oversized_field_does_not_crash_the_endpoint) ... Free trial plan not found: no trial activated for user f7119f2e-e7a3-4be4-b8cb-305e8ff6169f.
Cannot activate automatic trial for user f7119f2e-e7a3-4be4-b8cb-305e8ff6169f (validation): ValueError
API Exception
Traceback (most recent call last):
  File "/home/bond-servant-in-training/Documents/Virtualenvs/AutoGrader_env/lib/python3.12/site-packages/rest_framework/views.py", line 512, in dispatch
    response = handler(request, *args, **kwargs)
               ^^^^^^^^^^^^^^^^^^^^^^^^^^^^^^^^^
  File "/home/bond-servant-in-training/Documents/Projects/Grade-Automator-Plus-epic-a-merge-down-b14/users/views.py", line 1068, in verify
    refuse("Invalid email or token.", account_for_email(email), "INVALID_CODE")
  File "/home/bond-servant-in-training/Documents/Projects/Grade-Automator-Plus-epic-a-merge-down-b14/users/views.py", line 1064, in refuse
    raise ParseError(message)
rest_framework.exceptions.ParseError: Invalid email or token.
ok
test_whitespace_only_values_are_rejected (users.tests_auth_input_validation.VerifyEndpointInputTests.test_whitespace_only_values_are_rejected)
Stripped to empty, so this must take the "required" path. ... Free trial plan not found: no trial activated for user f1aa0fe3-019a-420c-a357-14280ba7dfe0.
Cannot activate automatic trial for user f1aa0fe3-019a-420c-a357-14280ba7dfe0 (validation): ValueError
API Exception
Traceback (most recent call last):
  File "/home/bond-servant-in-training/Documents/Virtualenvs/AutoGrader_env/lib/python3.12/site-packages/rest_framework/views.py", line 512, in dispatch
    response = handler(request, *args, **kwargs)
               ^^^^^^^^^^^^^^^^^^^^^^^^^^^^^^^^^
  File "/home/bond-servant-in-training/Documents/Projects/Grade-Automator-Plus-epic-a-merge-down-b14/users/views.py", line 1009, in verify
    raise ParseError("Email and Token are required.")
rest_framework.exceptions.ParseError: Email and Token are required.
ok
test_wrong_token_does_not_activate_the_account (users.tests_auth_input_validation.VerifyEndpointInputTests.test_wrong_token_does_not_activate_the_account) ... Free trial plan not found: no trial activated for user 35569b14-11b9-4031-97e6-0241481eccbc.
Cannot activate automatic trial for user 35569b14-11b9-4031-97e6-0241481eccbc (validation): ValueError
API Exception
Traceback (most recent call last):
  File "/home/bond-servant-in-training/Documents/Virtualenvs/AutoGrader_env/lib/python3.12/site-packages/rest_framework/views.py", line 512, in dispatch
    response = handler(request, *args, **kwargs)
               ^^^^^^^^^^^^^^^^^^^^^^^^^^^^^^^^^
  File "/home/bond-servant-in-training/Documents/Projects/Grade-Automator-Plus-epic-a-merge-down-b14/users/views.py", line 1068, in verify
    refuse("Invalid email or token.", account_for_email(email), "INVALID_CODE")
  File "/home/bond-servant-in-training/Documents/Projects/Grade-Automator-Plus-epic-a-merge-down-b14/users/views.py", line 1064, in refuse
    raise ParseError(message)
rest_framework.exceptions.ParseError: Invalid email or token.
ok
test_both_selects_run_and_find_the_expected_rows (users.tests_h47_exposure_sql.ExposureQueryTests.test_both_selects_run_and_find_the_expected_rows) ... Free trial plan not found: no trial activated for user 0affc5fd-1631-45f0-b62b-e70093658470.
Cannot activate automatic trial for user 0affc5fd-1631-45f0-b62b-e70093658470 (validation): ValueError
Free trial plan not found: no trial activated for user 5c616914-5a82-42ad-bd58-78638950bc23.
Cannot activate automatic trial for user 5c616914-5a82-42ad-bd58-78638950bc23 (validation): ValueError
ok
test_no_query_selects_personal_data_or_secrets (users.tests_h47_exposure_sql.ExposureQueryTests.test_no_query_selects_personal_data_or_secrets) ... ok
test_a_pending_teachers_code_completes_nothing (users.tests_old_activation_door_is_closed.ATeachersCodeOpensNothingHereTest.test_a_pending_teachers_code_completes_nothing) ... Free trial plan not found: no trial activated for user 249bb731-0831-4399-8417-6236f4820dd9.
Cannot activate automatic trial for user 249bb731-0831-4399-8417-6236f4820dd9 (validation): ValueError
Free trial plan not found: no trial activated for user 958c3c11-8f00-49e8-b213-81e7f31ce1ab.
Cannot activate automatic trial for user 958c3c11-8f00-49e8-b213-81e7f31ce1ab (validation): ValueError
API Exception
Traceback (most recent call last):
  File "/home/bond-servant-in-training/Documents/Virtualenvs/AutoGrader_env/lib/python3.12/site-packages/rest_framework/views.py", line 512, in dispatch
    response = handler(request, *args, **kwargs)
               ^^^^^^^^^^^^^^^^^^^^^^^^^^^^^^^^^
  File "/home/bond-servant-in-training/Documents/Virtualenvs/AutoGrader_env/lib/python3.12/site-packages/rest_framework_simplejwt/views.py", line 46, in post
    serializer.is_valid(raise_exception=True)
  File "/home/bond-servant-in-training/Documents/Virtualenvs/AutoGrader_env/lib/python3.12/site-packages/rest_framework/serializers.py", line 225, in is_valid
    self._validated_data = self.run_validation(self.initial_data)
                           ^^^^^^^^^^^^^^^^^^^^^^^^^^^^^^^^^^^^^^
  File "/home/bond-servant-in-training/Documents/Virtualenvs/AutoGrader_env/lib/python3.12/site-packages/rest_framework/serializers.py", line 447, in run_validation
    value = self.validate(value)
            ^^^^^^^^^^^^^^^^^^^^
  File "/home/bond-servant-in-training/Documents/Projects/Grade-Automator-Plus-epic-a-merge-down-b14/users/serializers.py", line 510, in validate
    data = super().validate(attrs)
           ^^^^^^^^^^^^^^^^^^^^^^^
  File "/home/bond-servant-in-training/Documents/Virtualenvs/AutoGrader_env/lib/python3.12/site-packages/rest_framework_simplejwt/serializers.py", line 73, in validate
    data = super().validate(attrs)
           ^^^^^^^^^^^^^^^^^^^^^^^
  File "/home/bond-servant-in-training/Documents/Virtualenvs/AutoGrader_env/lib/python3.12/site-packages/rest_framework_simplejwt/serializers.py", line 57, in validate
    raise exceptions.AuthenticationFailed(
rest_framework.exceptions.AuthenticationFailed: No active account found with the given credentials
ok
test_the_dry_run_counts_the_accounts_with_no_name (users.tests_old_activation_door_is_closed.TheConversionCommandCountsTheNamelessTest.test_the_dry_run_counts_the_accounts_with_no_name) ... Free trial plan not found: no trial activated for user 2a5cec55-6d9a-4385-afe0-e4ca256d9bff.
Cannot activate automatic trial for user 2a5cec55-6d9a-4385-afe0-e4ca256d9bff (validation): ValueError
ok
test_the_output_still_carries_ids_only (users.tests_old_activation_door_is_closed.TheConversionCommandCountsTheNamelessTest.test_the_output_still_carries_ids_only) ... Free trial plan not found: no trial activated for user 60f4a5ac-3415-4298-a3c4-e456de4894be.
Cannot activate automatic trial for user 60f4a5ac-3415-4298-a3c4-e456de4894be (validation): ValueError
ok
test_the_real_run_reports_the_same_count (users.tests_old_activation_door_is_closed.TheConversionCommandCountsTheNamelessTest.test_the_real_run_reports_the_same_count) ... Free trial plan not found: no trial activated for user bf9fc87f-eb8e-411c-96d3-feed40cddb66.
Cannot activate automatic trial for user bf9fc87f-eb8e-411c-96d3-feed40cddb66 (validation): ValueError
ok
test_a_valid_code_no_longer_opens_it (users.tests_old_activation_door_is_closed.TheDoorTest.test_a_valid_code_no_longer_opens_it) ... Free trial plan not found: no trial activated for user f5ca3adc-1f03-46c8-8b66-6674f6c41879.
Cannot activate automatic trial for user f5ca3adc-1f03-46c8-8b66-6674f6c41879 (validation): ValueError
ok
test_an_expired_code_is_not_offered_a_renewal (users.tests_old_activation_door_is_closed.TheDoorTest.test_an_expired_code_is_not_offered_a_renewal) ... Free trial plan not found: no trial activated for user 666a8957-92ff-411c-876c-01f6270e7d89.
Cannot activate automatic trial for user 666a8957-92ff-411c-876c-01f6270e7d89 (validation): ValueError
ok
test_every_knock_gets_the_same_answer_byte_for_byte (users.tests_old_activation_door_is_closed.TheDoorTest.test_every_knock_gets_the_same_answer_byte_for_byte) ... Free trial plan not found: no trial activated for user 38cde47f-ba81-4180-81b0-1b7d44ad0755.
Cannot activate automatic trial for user 38cde47f-ba81-4180-81b0-1b7d44ad0755 (validation): ValueError
ok
test_the_answer_names_no_course_and_no_classmate (users.tests_old_activation_door_is_closed.TheDoorTest.test_the_answer_names_no_course_and_no_classmate) ... Free trial plan not found: no trial activated for user 2e692502-8449-4183-a7e6-7253f441c604.
Cannot activate automatic trial for user 2e692502-8449-4183-a7e6-7253f441c604 (validation): ValueError
ok
test_wrong_codes_spend_no_budget_and_never_pause_the_door (users.tests_old_activation_door_is_closed.TheDoorTest.test_wrong_codes_spend_no_budget_and_never_pause_the_door) ... Free trial plan not found: no trial activated for user 8071d14f-aec8-47f7-92d3-767e8678a22e.
Cannot activate automatic trial for user 8071d14f-aec8-47f7-92d3-767e8678a22e (validation): ValueError
ok
test_an_expired_code_is_not_renewed_and_nobody_is_mailed (users.tests_old_activation_door_is_closed.TheRenewalTest.test_an_expired_code_is_not_renewed_and_nobody_is_mailed) ... Free trial plan not found: no trial activated for user 5bdda374-3222-4be0-8d37-3fd6eda2ac8c.
Cannot activate automatic trial for user 5bdda374-3222-4be0-8d37-3fd6eda2ac8c (validation): ValueError
ok
test_every_request_gets_the_same_answer_byte_for_byte (users.tests_old_activation_door_is_closed.TheRenewalTest.test_every_request_gets_the_same_answer_byte_for_byte) ... Free trial plan not found: no trial activated for user db766d6a-f84c-4344-9d87-4c4251bc76f7.
Cannot activate automatic trial for user db766d6a-f84c-4344-9d87-4c4251bc76f7 (validation): ValueError
ok
test_a_business_google_account_is_refused_with_guidance (users.tests_google_auth.GoogleAuthViewTests.test_a_business_google_account_is_refused_with_guidance)
Google sign-in mints an individual TEACHER account, and those ... API Exception
Traceback (most recent call last):
  File "/home/bond-servant-in-training/Documents/Virtualenvs/AutoGrader_env/lib/python3.12/site-packages/rest_framework/views.py", line 512, in dispatch
    response = handler(request, *args, **kwargs)
               ^^^^^^^^^^^^^^^^^^^^^^^^^^^^^^^^^
  File "/home/bond-servant-in-training/Documents/Projects/Grade-Automator-Plus-epic-a-merge-down-b14/users/views.py", line 2097, in google_auth
    return self._google_auth(request)
           ^^^^^^^^^^^^^^^^^^^^^^^^^^
  File "/home/bond-servant-in-training/Documents/Projects/Grade-Automator-Plus-epic-a-merge-down-b14/users/views.py", line 2232, in _google_auth
    raise ParseError(
rest_framework.exceptions.ParseError: Business emails are not allowed for individual teacher accounts. Please use a personal email address or use the License subscription track. If you are joining a school, ask your school admin to invite you and use the link in that invitation instead.
ok
test_a_deactivated_account_cannot_be_revived_by_repeated_attempts (users.tests_google_auth.GoogleAuthViewTests.test_a_deactivated_account_cannot_be_revived_by_repeated_attempts)
Hammering the endpoint must not eventually flip the account on. ... Free trial plan not found: no trial activated for user 4572753f-f6b5-4cf9-ae0a-d6bfa8fb144b.
Cannot activate automatic trial for user 4572753f-f6b5-4cf9-ae0a-d6bfa8fb144b (validation): ValueError
API Exception
Traceback (most recent call last):
  File "/home/bond-servant-in-training/Documents/Virtualenvs/AutoGrader_env/lib/python3.12/site-packages/rest_framework/views.py", line 512, in dispatch
    response = handler(request, *args, **kwargs)
               ^^^^^^^^^^^^^^^^^^^^^^^^^^^^^^^^^
  File "/home/bond-servant-in-training/Documents/Projects/Grade-Automator-Plus-epic-a-merge-down-b14/users/views.py", line 2097, in google_auth
    return self._google_auth(request)
           ^^^^^^^^^^^^^^^^^^^^^^^^^^
  File "/home/bond-servant-in-training/Documents/Projects/Grade-Automator-Plus-epic-a-merge-down-b14/users/views.py", line 2260, in _google_auth
    raise AuthenticationFailed(
rest_framework.exceptions.AuthenticationFailed: This account has been deactivated. Please contact support.
API Exception
Traceback (most recent call last):
  File "/home/bond-servant-in-training/Documents/Virtualenvs/AutoGrader_env/lib/python3.12/site-packages/rest_framework/views.py", line 512, in dispatch
    response = handler(request, *args, **kwargs)
               ^^^^^^^^^^^^^^^^^^^^^^^^^^^^^^^^^
  File "/home/bond-servant-in-training/Documents/Projects/Grade-Automator-Plus-epic-a-merge-down-b14/users/views.py", line 2097, in google_auth
    return self._google_auth(request)
           ^^^^^^^^^^^^^^^^^^^^^^^^^^
  File "/home/bond-servant-in-training/Documents/Projects/Grade-Automator-Plus-epic-a-merge-down-b14/users/views.py", line 2260, in _google_auth
    raise AuthenticationFailed(
rest_framework.exceptions.AuthenticationFailed: This account has been deactivated. Please contact support.
API Exception
Traceback (most recent call last):
  File "/home/bond-servant-in-training/Documents/Virtualenvs/AutoGrader_env/lib/python3.12/site-packages/rest_framework/views.py", line 512, in dispatch
    response = handler(request, *args, **kwargs)
               ^^^^^^^^^^^^^^^^^^^^^^^^^^^^^^^^^
  File "/home/bond-servant-in-training/Documents/Projects/Grade-Automator-Plus-epic-a-merge-down-b14/users/views.py", line 2097, in google_auth
    return self._google_auth(request)
           ^^^^^^^^^^^^^^^^^^^^^^^^^^
  File "/home/bond-servant-in-training/Documents/Projects/Grade-Automator-Plus-epic-a-merge-down-b14/users/views.py", line 2260, in _google_auth
    raise AuthenticationFailed(
rest_framework.exceptions.AuthenticationFailed: This account has been deactivated. Please contact support.
API Exception
Traceback (most recent call last):
  File "/home/bond-servant-in-training/Documents/Virtualenvs/AutoGrader_env/lib/python3.12/site-packages/rest_framework/views.py", line 512, in dispatch
    response = handler(request, *args, **kwargs)
               ^^^^^^^^^^^^^^^^^^^^^^^^^^^^^^^^^
  File "/home/bond-servant-in-training/Documents/Projects/Grade-Automator-Plus-epic-a-merge-down-b14/users/views.py", line 2097, in google_auth
    return self._google_auth(request)
           ^^^^^^^^^^^^^^^^^^^^^^^^^^
  File "/home/bond-servant-in-training/Documents/Projects/Grade-Automator-Plus-epic-a-merge-down-b14/users/views.py", line 2260, in _google_auth
    raise AuthenticationFailed(
rest_framework.exceptions.AuthenticationFailed: This account has been deactivated. Please contact support.
API Exception
Traceback (most recent call last):
  File "/home/bond-servant-in-training/Documents/Virtualenvs/AutoGrader_env/lib/python3.12/site-packages/rest_framework/views.py", line 512, in dispatch
    response = handler(request, *args, **kwargs)
               ^^^^^^^^^^^^^^^^^^^^^^^^^^^^^^^^^
  File "/home/bond-servant-in-training/Documents/Projects/Grade-Automator-Plus-epic-a-merge-down-b14/users/views.py", line 2097, in google_auth
    return self._google_auth(request)
           ^^^^^^^^^^^^^^^^^^^^^^^^^^
  File "/home/bond-servant-in-training/Documents/Projects/Grade-Automator-Plus-epic-a-merge-down-b14/users/views.py", line 2260, in _google_auth
    raise AuthenticationFailed(
rest_framework.exceptions.AuthenticationFailed: This account has been deactivated. Please contact support.
ok
test_a_deactivated_account_does_not_get_google_credentials_stored (users.tests_google_auth.GoogleAuthViewTests.test_a_deactivated_account_does_not_get_google_credentials_stored)
The refusal must happen before any state is written. ... Free trial plan not found: no trial activated for user 64bf4d13-1303-4afb-88c0-d876bd2b5e4a.
Cannot activate automatic trial for user 64bf4d13-1303-4afb-88c0-d876bd2b5e4a (validation): ValueError
API Exception
Traceback (most recent call last):
  File "/home/bond-servant-in-training/Documents/Virtualenvs/AutoGrader_env/lib/python3.12/site-packages/rest_framework/views.py", line 512, in dispatch
    response = handler(request, *args, **kwargs)
               ^^^^^^^^^^^^^^^^^^^^^^^^^^^^^^^^^
  File "/home/bond-servant-in-training/Documents/Projects/Grade-Automator-Plus-epic-a-merge-down-b14/users/views.py", line 2097, in google_auth
    return self._google_auth(request)
           ^^^^^^^^^^^^^^^^^^^^^^^^^^
  File "/home/bond-servant-in-training/Documents/Projects/Grade-Automator-Plus-epic-a-merge-down-b14/users/views.py", line 2260, in _google_auth
    raise AuthenticationFailed(
rest_framework.exceptions.AuthenticationFailed: This account has been deactivated. Please contact support.
ok
test_a_deactivated_account_is_issued_no_tokens (users.tests_google_auth.GoogleAuthViewTests.test_a_deactivated_account_is_issued_no_tokens) ... Free trial plan not found: no trial activated for user c7468d17-2ca6-492e-9d02-cc622250b787.
Cannot activate automatic trial for user c7468d17-2ca6-492e-9d02-cc622250b787 (validation): ValueError
API Exception
Traceback (most recent call last):
  File "/home/bond-servant-in-training/Documents/Virtualenvs/AutoGrader_env/lib/python3.12/site-packages/rest_framework/views.py", line 512, in dispatch
    response = handler(request, *args, **kwargs)
               ^^^^^^^^^^^^^^^^^^^^^^^^^^^^^^^^^
  File "/home/bond-servant-in-training/Documents/Projects/Grade-Automator-Plus-epic-a-merge-down-b14/users/views.py", line 2097, in google_auth
    return self._google_auth(request)
           ^^^^^^^^^^^^^^^^^^^^^^^^^^
  File "/home/bond-servant-in-training/Documents/Projects/Grade-Automator-Plus-epic-a-merge-down-b14/users/views.py", line 2260, in _google_auth
    raise AuthenticationFailed(
rest_framework.exceptions.AuthenticationFailed: This account has been deactivated. Please contact support.
ok
test_a_deactivated_account_is_refused_and_stays_deactivated (users.tests_google_auth.GoogleAuthViewTests.test_a_deactivated_account_is_refused_and_stays_deactivated)
THE CARVE-OUT. This account was verified once and later switched ... Free trial plan not found: no trial activated for user d84e2c7b-50c2-4108-8245-dfcc0a3876b6.
Cannot activate automatic trial for user d84e2c7b-50c2-4108-8245-dfcc0a3876b6 (validation): ValueError
API Exception
Traceback (most recent call last):
  File "/home/bond-servant-in-training/Documents/Virtualenvs/AutoGrader_env/lib/python3.12/site-packages/rest_framework/views.py", line 512, in dispatch
    response = handler(request, *args, **kwargs)
               ^^^^^^^^^^^^^^^^^^^^^^^^^^^^^^^^^
  File "/home/bond-servant-in-training/Documents/Projects/Grade-Automator-Plus-epic-a-merge-down-b14/users/views.py", line 2097, in google_auth
    return self._google_auth(request)
           ^^^^^^^^^^^^^^^^^^^^^^^^^^
  File "/home/bond-servant-in-training/Documents/Projects/Grade-Automator-Plus-epic-a-merge-down-b14/users/views.py", line 2260, in _google_auth
    raise AuthenticationFailed(
rest_framework.exceptions.AuthenticationFailed: This account has been deactivated. Please contact support.
ok
test_a_deactivated_account_is_told_why (users.tests_google_auth.GoogleAuthViewTests.test_a_deactivated_account_is_told_why) ... Free trial plan not found: no trial activated for user d2a4a91f-366d-457e-98b2-78675b3ca205.
Cannot activate automatic trial for user d2a4a91f-366d-457e-98b2-78675b3ca205 (validation): ValueError
API Exception
Traceback (most recent call last):
  File "/home/bond-servant-in-training/Documents/Virtualenvs/AutoGrader_env/lib/python3.12/site-packages/rest_framework/views.py", line 512, in dispatch
    response = handler(request, *args, **kwargs)
               ^^^^^^^^^^^^^^^^^^^^^^^^^^^^^^^^^
  File "/home/bond-servant-in-training/Documents/Projects/Grade-Automator-Plus-epic-a-merge-down-b14/users/views.py", line 2097, in google_auth
    return self._google_auth(request)
           ^^^^^^^^^^^^^^^^^^^^^^^^^^
  File "/home/bond-servant-in-training/Documents/Projects/Grade-Automator-Plus-epic-a-merge-down-b14/users/views.py", line 2260, in _google_auth
    raise AuthenticationFailed(
rest_framework.exceptions.AuthenticationFailed: This account has been deactivated. Please contact support.
ok
test_a_disposable_google_account_is_refused (users.tests_google_auth.GoogleAuthViewTests.test_a_disposable_google_account_is_refused) ... API Exception
Traceback (most recent call last):
  File "/home/bond-servant-in-training/Documents/Virtualenvs/AutoGrader_env/lib/python3.12/site-packages/rest_framework/views.py", line 512, in dispatch
    response = handler(request, *args, **kwargs)
               ^^^^^^^^^^^^^^^^^^^^^^^^^^^^^^^^^
  File "/home/bond-servant-in-training/Documents/Projects/Grade-Automator-Plus-epic-a-merge-down-b14/users/views.py", line 2097, in google_auth
    return self._google_auth(request)
           ^^^^^^^^^^^^^^^^^^^^^^^^^^
  File "/home/bond-servant-in-training/Documents/Projects/Grade-Automator-Plus-epic-a-merge-down-b14/users/views.py", line 2232, in _google_auth
    raise ParseError(
rest_framework.exceptions.ParseError: Business emails are not allowed for individual teacher accounts. Please use a personal email address or use the License subscription track. If you are joining a school, ask your school admin to invite you and use the link in that invitation instead.
ok
test_a_forged_token_is_rejected (users.tests_google_auth.GoogleAuthViewTests.test_a_forged_token_is_rejected)
`verify_oauth2_token` raises ValueError on a bad signature. ... API Exception
Traceback (most recent call last):
  File "/home/bond-servant-in-training/Documents/Projects/Grade-Automator-Plus-epic-a-merge-down-b14/users/views.py", line 2157, in _google_auth
    id_info = id_token.verify_oauth2_token(
              ^^^^^^^^^^^^^^^^^^^^^^^^^^^^^
  File "/home/bond-servant-in-training/.pyenv/versions/3.12.10/lib/python3.12/unittest/mock.py", line 1139, in __call__
    return self._mock_call(*args, **kwargs)
           ^^^^^^^^^^^^^^^^^^^^^^^^^^^^^^^^
  File "/home/bond-servant-in-training/.pyenv/versions/3.12.10/lib/python3.12/unittest/mock.py", line 1143, in _mock_call
    return self._execute_mock_call(*args, **kwargs)
           ^^^^^^^^^^^^^^^^^^^^^^^^^^^^^^^^^^^^^^^^
  File "/home/bond-servant-in-training/.pyenv/versions/3.12.10/lib/python3.12/unittest/mock.py", line 1198, in _execute_mock_call
    raise effect
ValueError: Token signature verification failed

The above exception was the direct cause of the following exception:

Traceback (most recent call last):
  File "/home/bond-servant-in-training/Documents/Virtualenvs/AutoGrader_env/lib/python3.12/site-packages/rest_framework/views.py", line 512, in dispatch
    response = handler(request, *args, **kwargs)
               ^^^^^^^^^^^^^^^^^^^^^^^^^^^^^^^^^
  File "/home/bond-servant-in-training/Documents/Projects/Grade-Automator-Plus-epic-a-merge-down-b14/users/views.py", line 2097, in google_auth
    return self._google_auth(request)
           ^^^^^^^^^^^^^^^^^^^^^^^^^^
  File "/home/bond-servant-in-training/Documents/Projects/Grade-Automator-Plus-epic-a-merge-down-b14/users/views.py", line 2366, in _google_auth
    raise ParseError("Invalid Google token signature") from e
rest_framework.exceptions.ParseError: Invalid Google token signature
ok
test_a_google_account_cannot_be_logged_into_with_a_password (users.tests_google_auth.GoogleAuthViewTests.test_a_google_account_cannot_be_logged_into_with_a_password)
set_unusable_password: a Google identity must not also become a ... Free trial plan not found: no trial activated for user ff7bb8ed-8eda-48b5-b5d9-d4f7feb689d2.
Cannot activate automatic trial for user ff7bb8ed-8eda-48b5-b5d9-d4f7feb689d2 (validation): ValueError
ok
test_a_google_signup_is_not_sent_an_activation_email (users.tests_google_auth.GoogleAuthViewTests.test_a_google_signup_is_not_sent_an_activation_email)
The user-visible half of the same bug. CustomUserSerializer.create() ... Free trial plan not found: no trial activated for user ef359d70-9b62-433b-9ced-0df9fabc5a5e.
Cannot activate automatic trial for user ef359d70-9b62-433b-9ced-0df9fabc5a5e (validation): ValueError
ok
test_a_google_signup_is_recorded_as_google_and_pre_verified (users.tests_google_auth.GoogleAuthViewTests.test_a_google_signup_is_recorded_as_google_and_pre_verified)
Regression for a live bug this suite found: the view passed ... Free trial plan not found: no trial activated for user c34b0569-26de-4a4a-a0a2-adea60fac211.
Cannot activate automatic trial for user c34b0569-26de-4a4a-a0a2-adea60fac211 (validation): ValueError
ok
test_a_later_google_sign_in_does_not_wipe_a_password_set_by_reset (users.tests_google_auth.GoogleAuthViewTests.test_a_later_google_sign_in_does_not_wipe_a_password_set_by_reset)
Idempotency: the invalidation belongs to the moment the row goes ... Free trial plan not found: no trial activated for user 46863b77-2e6c-44ee-84e4-316a4ffa31e5.
Cannot activate automatic trial for user 46863b77-2e6c-44ee-84e4-316a4ffa31e5 (validation): ValueError
ok
test_a_mixed_case_google_address_matches_the_existing_lowercase_user (users.tests_google_auth.GoogleAuthViewTests.test_a_mixed_case_google_address_matches_the_existing_lowercase_user)
Regression: without lowercasing, a mixed-case address missed the ... Free trial plan not found: no trial activated for user 72c0311a-0e55-420c-a162-02afe0a560d7.
Cannot activate automatic trial for user 72c0311a-0e55-420c-a162-02afe0a560d7 (validation): ValueError
ok
test_a_network_failure_reaching_google_is_a_400_not_a_500 (users.tests_google_auth.GoogleAuthViewTests.test_a_network_failure_reaching_google_is_a_400_not_a_500) ... Google OAuth token exchange failed
Traceback (most recent call last):
  File "/home/bond-servant-in-training/Documents/Projects/Grade-Automator-Plus-epic-a-merge-down-b14/users/views.py", line 2135, in _google_auth
    response = http_requests.post(token_url, data=payload)
               ^^^^^^^^^^^^^^^^^^^^^^^^^^^^^^^^^^^^^^^^^^^
  File "/home/bond-servant-in-training/.pyenv/versions/3.12.10/lib/python3.12/unittest/mock.py", line 1139, in __call__
    return self._mock_call(*args, **kwargs)
           ^^^^^^^^^^^^^^^^^^^^^^^^^^^^^^^^
  File "/home/bond-servant-in-training/.pyenv/versions/3.12.10/lib/python3.12/unittest/mock.py", line 1143, in _mock_call
    return self._execute_mock_call(*args, **kwargs)
           ^^^^^^^^^^^^^^^^^^^^^^^^^^^^^^^^^^^^^^^^
  File "/home/bond-servant-in-training/.pyenv/versions/3.12.10/lib/python3.12/unittest/mock.py", line 1198, in _execute_mock_call
    raise effect
requests.exceptions.ConnectionError: dns failure
API Exception
Traceback (most recent call last):
  File "/home/bond-servant-in-training/Documents/Projects/Grade-Automator-Plus-epic-a-merge-down-b14/users/views.py", line 2135, in _google_auth
    response = http_requests.post(token_url, data=payload)
               ^^^^^^^^^^^^^^^^^^^^^^^^^^^^^^^^^^^^^^^^^^^
  File "/home/bond-servant-in-training/.pyenv/versions/3.12.10/lib/python3.12/unittest/mock.py", line 1139, in __call__
    return self._mock_call(*args, **kwargs)
           ^^^^^^^^^^^^^^^^^^^^^^^^^^^^^^^^
  File "/home/bond-servant-in-training/.pyenv/versions/3.12.10/lib/python3.12/unittest/mock.py", line 1143, in _mock_call
    return self._execute_mock_call(*args, **kwargs)
           ^^^^^^^^^^^^^^^^^^^^^^^^^^^^^^^^^^^^^^^^
  File "/home/bond-servant-in-training/.pyenv/versions/3.12.10/lib/python3.12/unittest/mock.py", line 1198, in _execute_mock_call
    raise effect
requests.exceptions.ConnectionError: dns failure

The above exception was the direct cause of the following exception:

Traceback (most recent call last):
  File "/home/bond-servant-in-training/Documents/Virtualenvs/AutoGrader_env/lib/python3.12/site-packages/rest_framework/views.py", line 512, in dispatch
    response = handler(request, *args, **kwargs)
               ^^^^^^^^^^^^^^^^^^^^^^^^^^^^^^^^^
  File "/home/bond-servant-in-training/Documents/Projects/Grade-Automator-Plus-epic-a-merge-down-b14/users/views.py", line 2097, in google_auth
    return self._google_auth(request)
           ^^^^^^^^^^^^^^^^^^^^^^^^^^
  File "/home/bond-servant-in-training/Documents/Projects/Grade-Automator-Plus-epic-a-merge-down-b14/users/views.py", line 2141, in _google_auth
    raise ParseError(
rest_framework.exceptions.ParseError: Google sign-in failed. Please try again.
ok
test_a_never_verified_account_is_completed_by_google (users.tests_google_auth.GoogleAuthViewTests.test_a_never_verified_account_is_completed_by_google)
Registered by email, never clicked the link, then signed in with ... Free trial plan not found: no trial activated for user 68c097af-92ec-486a-86aa-20828f122439.
Cannot activate automatic trial for user 68c097af-92ec-486a-86aa-20828f122439 (validation): ValueError
ok
test_a_new_personal_account_is_created_and_logged_in (users.tests_google_auth.GoogleAuthViewTests.test_a_new_personal_account_is_created_and_logged_in) ... Free trial plan not found: no trial activated for user e3b8206d-bc6d-4e30-8772-6d287ef8b568.
Cannot activate automatic trial for user e3b8206d-bc6d-4e30-8772-6d287ef8b568 (validation): ValueError
ok
test_a_non_2xx_from_google_is_a_400_not_a_500 (users.tests_google_auth.GoogleAuthViewTests.test_a_non_2xx_from_google_is_a_400_not_a_500)
This is the shape the live contract test below confirms is real. ... Google OAuth token exchange failed
Traceback (most recent call last):
  File "/home/bond-servant-in-training/Documents/Projects/Grade-Automator-Plus-epic-a-merge-down-b14/users/views.py", line 2136, in _google_auth
    response.raise_for_status()
  File "/home/bond-servant-in-training/.pyenv/versions/3.12.10/lib/python3.12/unittest/mock.py", line 1139, in __call__
    return self._mock_call(*args, **kwargs)
           ^^^^^^^^^^^^^^^^^^^^^^^^^^^^^^^^
  File "/home/bond-servant-in-training/.pyenv/versions/3.12.10/lib/python3.12/unittest/mock.py", line 1143, in _mock_call
    return self._execute_mock_call(*args, **kwargs)
           ^^^^^^^^^^^^^^^^^^^^^^^^^^^^^^^^^^^^^^^^
  File "/home/bond-servant-in-training/.pyenv/versions/3.12.10/lib/python3.12/unittest/mock.py", line 1198, in _execute_mock_call
    raise effect
requests.exceptions.HTTPError: 400 invalid_grant
API Exception
Traceback (most recent call last):
  File "/home/bond-servant-in-training/Documents/Projects/Grade-Automator-Plus-epic-a-merge-down-b14/users/views.py", line 2136, in _google_auth
    response.raise_for_status()
  File "/home/bond-servant-in-training/.pyenv/versions/3.12.10/lib/python3.12/unittest/mock.py", line 1139, in __call__
    return self._mock_call(*args, **kwargs)
           ^^^^^^^^^^^^^^^^^^^^^^^^^^^^^^^^
  File "/home/bond-servant-in-training/.pyenv/versions/3.12.10/lib/python3.12/unittest/mock.py", line 1143, in _mock_call
    return self._execute_mock_call(*args, **kwargs)
           ^^^^^^^^^^^^^^^^^^^^^^^^^^^^^^^^^^^^^^^^
  File "/home/bond-servant-in-training/.pyenv/versions/3.12.10/lib/python3.12/unittest/mock.py", line 1198, in _execute_mock_call
    raise effect
requests.exceptions.HTTPError: 400 invalid_grant

The above exception was the direct cause of the following exception:

Traceback (most recent call last):
  File "/home/bond-servant-in-training/Documents/Virtualenvs/AutoGrader_env/lib/python3.12/site-packages/rest_framework/views.py", line 512, in dispatch
    response = handler(request, *args, **kwargs)
               ^^^^^^^^^^^^^^^^^^^^^^^^^^^^^^^^^
  File "/home/bond-servant-in-training/Documents/Projects/Grade-Automator-Plus-epic-a-merge-down-b14/users/views.py", line 2097, in google_auth
    return self._google_auth(request)
           ^^^^^^^^^^^^^^^^^^^^^^^^^^
  File "/home/bond-servant-in-training/Documents/Projects/Grade-Automator-Plus-epic-a-merge-down-b14/users/views.py", line 2141, in _google_auth
    raise ParseError(
rest_framework.exceptions.ParseError: Google sign-in failed. Please try again.
ok
test_a_pre_registered_password_stops_working_once_google_completes_the_account (users.tests_google_auth.GoogleAuthViewTests.test_a_pre_registered_password_stops_working_once_google_completes_the_account)
AUTHZ-OAUTH: an attacker who self-registers the victim's email with ... Free trial plan not found: no trial activated for user 5f9b586d-e684-4f8d-9840-240d92621b0a.
Cannot activate automatic trial for user 5f9b586d-e684-4f8d-9840-240d92621b0a (validation): ValueError
ok
test_a_response_without_an_id_token_is_rejected (users.tests_google_auth.GoogleAuthViewTests.test_a_response_without_an_id_token_is_rejected) ... API Exception
Traceback (most recent call last):
  File "/home/bond-servant-in-training/Documents/Virtualenvs/AutoGrader_env/lib/python3.12/site-packages/rest_framework/views.py", line 512, in dispatch
    response = handler(request, *args, **kwargs)
               ^^^^^^^^^^^^^^^^^^^^^^^^^^^^^^^^^
  File "/home/bond-servant-in-training/Documents/Projects/Grade-Automator-Plus-epic-a-merge-down-b14/users/views.py", line 2097, in google_auth
    return self._google_auth(request)
           ^^^^^^^^^^^^^^^^^^^^^^^^^^
  File "/home/bond-servant-in-training/Documents/Projects/Grade-Automator-Plus-epic-a-merge-down-b14/users/views.py", line 2155, in _google_auth
    raise ParseError("Google did not return an ID token")
rest_framework.exceptions.ParseError: Google did not return an ID token
ok
test_a_second_sign_in_updates_credentials_rather_than_duplicating (users.tests_google_auth.GoogleAuthViewTests.test_a_second_sign_in_updates_credentials_rather_than_duplicating) ... Free trial plan not found: no trial activated for user dd1e34b4-250f-438a-9bff-57ff31ade0a3.
Cannot activate automatic trial for user dd1e34b4-250f-438a-9bff-57ff31ade0a3 (validation): ValueError
ok
test_a_sign_in_without_a_refresh_token_keeps_the_stored_one (users.tests_google_auth.GoogleAuthViewTests.test_a_sign_in_without_a_refresh_token_keeps_the_stored_one)
Google only returns a refresh_token on the FIRST consent. Writing ... Free trial plan not found: no trial activated for user ad4c282f-83af-40d7-bf8e-15f82ca804e3.
Cannot activate automatic trial for user ad4c282f-83af-40d7-bf8e-15f82ca804e3 (validation): ValueError
ok
test_a_timeout_reaching_google_is_a_400_not_a_500 (users.tests_google_auth.GoogleAuthViewTests.test_a_timeout_reaching_google_is_a_400_not_a_500) ... Google OAuth token exchange failed
Traceback (most recent call last):
  File "/home/bond-servant-in-training/Documents/Projects/Grade-Automator-Plus-epic-a-merge-down-b14/users/views.py", line 2135, in _google_auth
    response = http_requests.post(token_url, data=payload)
               ^^^^^^^^^^^^^^^^^^^^^^^^^^^^^^^^^^^^^^^^^^^
  File "/home/bond-servant-in-training/.pyenv/versions/3.12.10/lib/python3.12/unittest/mock.py", line 1139, in __call__
    return self._mock_call(*args, **kwargs)
           ^^^^^^^^^^^^^^^^^^^^^^^^^^^^^^^^
  File "/home/bond-servant-in-training/.pyenv/versions/3.12.10/lib/python3.12/unittest/mock.py", line 1143, in _mock_call
    return self._execute_mock_call(*args, **kwargs)
           ^^^^^^^^^^^^^^^^^^^^^^^^^^^^^^^^^^^^^^^^
  File "/home/bond-servant-in-training/.pyenv/versions/3.12.10/lib/python3.12/unittest/mock.py", line 1198, in _execute_mock_call
    raise effect
requests.exceptions.Timeout: slow
API Exception
Traceback (most recent call last):
  File "/home/bond-servant-in-training/Documents/Projects/Grade-Automator-Plus-epic-a-merge-down-b14/users/views.py", line 2135, in _google_auth
    response = http_requests.post(token_url, data=payload)
               ^^^^^^^^^^^^^^^^^^^^^^^^^^^^^^^^^^^^^^^^^^^
  File "/home/bond-servant-in-training/.pyenv/versions/3.12.10/lib/python3.12/unittest/mock.py", line 1139, in __call__
    return self._mock_call(*args, **kwargs)
           ^^^^^^^^^^^^^^^^^^^^^^^^^^^^^^^^
  File "/home/bond-servant-in-training/.pyenv/versions/3.12.10/lib/python3.12/unittest/mock.py", line 1143, in _mock_call
    return self._execute_mock_call(*args, **kwargs)
           ^^^^^^^^^^^^^^^^^^^^^^^^^^^^^^^^^^^^^^^^
  File "/home/bond-servant-in-training/.pyenv/versions/3.12.10/lib/python3.12/unittest/mock.py", line 1198, in _execute_mock_call
    raise effect
requests.exceptions.Timeout: slow

The above exception was the direct cause of the following exception:

Traceback (most recent call last):
  File "/home/bond-servant-in-training/Documents/Virtualenvs/AutoGrader_env/lib/python3.12/site-packages/rest_framework/views.py", line 512, in dispatch
    response = handler(request, *args, **kwargs)
               ^^^^^^^^^^^^^^^^^^^^^^^^^^^^^^^^^
  File "/home/bond-servant-in-training/Documents/Projects/Grade-Automator-Plus-epic-a-merge-down-b14/users/views.py", line 2097, in google_auth
    return self._google_auth(request)
           ^^^^^^^^^^^^^^^^^^^^^^^^^^
  File "/home/bond-servant-in-training/Documents/Projects/Grade-Automator-Plus-epic-a-merge-down-b14/users/views.py", line 2141, in _google_auth
    raise ParseError(
rest_framework.exceptions.ParseError: Google sign-in failed. Please try again.
ok
test_an_active_but_unverified_account_gets_marked_verified (users.tests_google_auth.GoogleAuthViewTests.test_an_active_but_unverified_account_gets_marked_verified)
Google has verified the address, so the null verification stamp is ... Free trial plan not found: no trial activated for user 8fbb3b37-58e5-4b7f-b6c8-d66f115e83aa.
Cannot activate automatic trial for user 8fbb3b37-58e5-4b7f-b6c8-d66f115e83aa (validation): ValueError
ok
test_an_active_but_unverified_account_keeps_its_password (users.tests_google_auth.GoogleAuthViewTests.test_an_active_but_unverified_account_keeps_its_password)
Companion to test_an_active_but_unverified_account_gets_marked_verified: ... Free trial plan not found: no trial activated for user 50d9404e-d365-452e-99a9-6c5704600aa6.
Cannot activate automatic trial for user 50d9404e-d365-452e-99a9-6c5704600aa6 (validation): ValueError
ok
test_an_active_verified_account_is_not_rewritten (users.tests_google_auth.GoogleAuthViewTests.test_an_active_verified_account_is_not_rewritten)
The ordinary returning user: sign in, change nothing. ... Free trial plan not found: no trial activated for user e88f9790-6bad-4278-9ce1-ae3d550baac7.
Cannot activate automatic trial for user e88f9790-6bad-4278-9ce1-ae3d550baac7 (validation): ValueError
ok
test_an_existing_user_is_logged_in_without_being_duplicated (users.tests_google_auth.GoogleAuthViewTests.test_an_existing_user_is_logged_in_without_being_duplicated) ... Free trial plan not found: no trial activated for user 4383a6e8-8a25-4320-a477-e1e5084790e2.
Cannot activate automatic trial for user 4383a6e8-8a25-4320-a477-e1e5084790e2 (validation): ValueError
ok
test_an_unchanged_account_does_not_requeue_the_sync (users.tests_google_auth.GoogleAuthViewTests.test_an_unchanged_account_does_not_requeue_the_sync) ... Free trial plan not found: no trial activated for user 6308b8be-eb00-4c30-a876-62c74b616763.
Cannot activate automatic trial for user 6308b8be-eb00-4c30-a876-62c74b616763 (validation): ValueError
ok
test_an_unverified_google_email_cannot_create_an_account (users.tests_google_auth.GoogleAuthViewTests.test_an_unverified_google_email_cannot_create_an_account)
Without this, anyone able to add an unverified address to a Google ... API Exception
Traceback (most recent call last):
  File "/home/bond-servant-in-training/Documents/Virtualenvs/AutoGrader_env/lib/python3.12/site-packages/rest_framework/views.py", line 512, in dispatch
    response = handler(request, *args, **kwargs)
               ^^^^^^^^^^^^^^^^^^^^^^^^^^^^^^^^^
  File "/home/bond-servant-in-training/Documents/Projects/Grade-Automator-Plus-epic-a-merge-down-b14/users/views.py", line 2097, in google_auth
    return self._google_auth(request)
           ^^^^^^^^^^^^^^^^^^^^^^^^^^
  File "/home/bond-servant-in-training/Documents/Projects/Grade-Automator-Plus-epic-a-merge-down-b14/users/views.py", line 2165, in _google_auth
    raise ParseError("Google has not verified your email")
rest_framework.exceptions.ParseError: Google has not verified your email
ok
test_completing_an_account_queues_the_mailing_list_sync (users.tests_google_auth.GoogleAuthViewTests.test_completing_an_account_queues_the_mailing_list_sync)
queue_sync no-ops on an inactive user, so this is the first moment ... Free trial plan not found: no trial activated for user ae5e8422-2a88-4c18-9f32-0f09b4d3048f.
Cannot activate automatic trial for user ae5e8422-2a88-4c18-9f32-0f09b4d3048f (validation): ValueError
ok
test_email_verified_at_is_not_client_writable_on_registration (users.tests_google_auth.GoogleAuthViewTests.test_email_verified_at_is_not_client_writable_on_registration)
The fix injects those fields through save(), NOT by adding them to ... Free trial plan not found: no trial activated for user 066f496a-5947-44c8-b5a3-5161845d3856.
Cannot activate automatic trial for user 066f496a-5947-44c8-b5a3-5161845d3856 (validation): ValueError
ok
test_every_role_loses_a_pre_set_password_when_google_activates_the_row (users.tests_google_auth.GoogleAuthViewTests.test_every_role_loses_a_pre_set_password_when_google_activates_the_row) ... Free trial plan not found: no trial activated for user b500b93b-4b19-4e45-9e6b-737c243b3bc3.
Cannot activate automatic trial for user b500b93b-4b19-4e45-9e6b-737c243b3bc3 (validation): ValueError
ok
test_google_credentials_are_stored_with_an_expiry (users.tests_google_auth.GoogleAuthViewTests.test_google_credentials_are_stored_with_an_expiry) ... Free trial plan not found: no trial activated for user 136bb66e-d340-4dc0-b6e4-d4960b850fc2.
Cannot activate automatic trial for user 136bb66e-d340-4dc0-b6e4-d4960b850fc2 (validation): ValueError
ok
test_missing_code_is_rejected (users.tests_google_auth.GoogleAuthViewTests.test_missing_code_is_rejected) ... API Exception
Traceback (most recent call last):
  File "/home/bond-servant-in-training/Documents/Virtualenvs/AutoGrader_env/lib/python3.12/site-packages/rest_framework/views.py", line 512, in dispatch
    response = handler(request, *args, **kwargs)
               ^^^^^^^^^^^^^^^^^^^^^^^^^^^^^^^^^
  File "/home/bond-servant-in-training/Documents/Projects/Grade-Automator-Plus-epic-a-merge-down-b14/users/views.py", line 2097, in google_auth
    return self._google_auth(request)
           ^^^^^^^^^^^^^^^^^^^^^^^^^^
  File "/home/bond-servant-in-training/Documents/Projects/Grade-Automator-Plus-epic-a-merge-down-b14/users/views.py", line 2120, in _google_auth
    raise ParseError("Authorization code is required")
rest_framework.exceptions.ParseError: Authorization code is required
ok
test_repeated_google_sign_ins_on_a_dormant_row_are_stable (users.tests_google_auth.GoogleAuthViewTests.test_repeated_google_sign_ins_on_a_dormant_row_are_stable) ... Free trial plan not found: no trial activated for user 8d07aee5-5756-4220-8244-7a0ee81dc23e.
Cannot activate automatic trial for user 8d07aee5-5756-4220-8244-7a0ee81dc23e (validation): ValueError
ok
test_the_attackers_password_login_fails_after_the_victim_signs_in_with_google (users.tests_google_auth.GoogleAuthViewTests.test_the_attackers_password_login_fails_after_the_victim_signs_in_with_google)
The end-to-end replay of the takeover: attacker pre-registers the ... Free trial plan not found: no trial activated for user 62509b5d-3cbf-45de-b593-5340d92dc9d9.
Cannot activate automatic trial for user 62509b5d-3cbf-45de-b593-5340d92dc9d9 (validation): ValueError
API Exception
Traceback (most recent call last):
  File "/home/bond-servant-in-training/Documents/Virtualenvs/AutoGrader_env/lib/python3.12/site-packages/rest_framework/views.py", line 512, in dispatch
    response = handler(request, *args, **kwargs)
               ^^^^^^^^^^^^^^^^^^^^^^^^^^^^^^^^^
  File "/home/bond-servant-in-training/Documents/Virtualenvs/AutoGrader_env/lib/python3.12/site-packages/rest_framework_simplejwt/views.py", line 46, in post
    serializer.is_valid(raise_exception=True)
  File "/home/bond-servant-in-training/Documents/Virtualenvs/AutoGrader_env/lib/python3.12/site-packages/rest_framework/serializers.py", line 225, in is_valid
    self._validated_data = self.run_validation(self.initial_data)
                           ^^^^^^^^^^^^^^^^^^^^^^^^^^^^^^^^^^^^^^
  File "/home/bond-servant-in-training/Documents/Virtualenvs/AutoGrader_env/lib/python3.12/site-packages/rest_framework/serializers.py", line 447, in run_validation
    value = self.validate(value)
            ^^^^^^^^^^^^^^^^^^^^
  File "/home/bond-servant-in-training/Documents/Projects/Grade-Automator-Plus-epic-a-merge-down-b14/users/serializers.py", line 510, in validate
    data = super().validate(attrs)
           ^^^^^^^^^^^^^^^^^^^^^^^
  File "/home/bond-servant-in-training/Documents/Virtualenvs/AutoGrader_env/lib/python3.12/site-packages/rest_framework_simplejwt/serializers.py", line 73, in validate
    data = super().validate(attrs)
           ^^^^^^^^^^^^^^^^^^^^^^^
  File "/home/bond-servant-in-training/Documents/Virtualenvs/AutoGrader_env/lib/python3.12/site-packages/rest_framework_simplejwt/serializers.py", line 57, in validate
    raise exceptions.AuthenticationFailed(
rest_framework.exceptions.AuthenticationFailed: No active account found with the given credentials
API Exception
Traceback (most recent call last):
  File "/home/bond-servant-in-training/Documents/Virtualenvs/AutoGrader_env/lib/python3.12/site-packages/rest_framework/views.py", line 512, in dispatch
    response = handler(request, *args, **kwargs)
               ^^^^^^^^^^^^^^^^^^^^^^^^^^^^^^^^^
  File "/home/bond-servant-in-training/Documents/Virtualenvs/AutoGrader_env/lib/python3.12/site-packages/rest_framework_simplejwt/views.py", line 46, in post
    serializer.is_valid(raise_exception=True)
  File "/home/bond-servant-in-training/Documents/Virtualenvs/AutoGrader_env/lib/python3.12/site-packages/rest_framework/serializers.py", line 225, in is_valid
    self._validated_data = self.run_validation(self.initial_data)
                           ^^^^^^^^^^^^^^^^^^^^^^^^^^^^^^^^^^^^^^
  File "/home/bond-servant-in-training/Documents/Virtualenvs/AutoGrader_env/lib/python3.12/site-packages/rest_framework/serializers.py", line 447, in run_validation
    value = self.validate(value)
            ^^^^^^^^^^^^^^^^^^^^
  File "/home/bond-servant-in-training/Documents/Projects/Grade-Automator-Plus-epic-a-merge-down-b14/users/serializers.py", line 510, in validate
    data = super().validate(attrs)
           ^^^^^^^^^^^^^^^^^^^^^^^
  File "/home/bond-servant-in-training/Documents/Virtualenvs/AutoGrader_env/lib/python3.12/site-packages/rest_framework_simplejwt/serializers.py", line 73, in validate
    data = super().validate(attrs)
           ^^^^^^^^^^^^^^^^^^^^^^^
  File "/home/bond-servant-in-training/Documents/Virtualenvs/AutoGrader_env/lib/python3.12/site-packages/rest_framework_simplejwt/serializers.py", line 57, in validate
    raise exceptions.AuthenticationFailed(
rest_framework.exceptions.AuthenticationFailed: No active account found with the given credentials
ok
test_the_rightful_owner_can_still_set_a_password_by_reset_after_google (users.tests_google_auth.GoogleAuthViewTests.test_the_rightful_owner_can_still_set_a_password_by_reset_after_google)
The cost of invalidating the password is that someone who registered ... Free trial plan not found: no trial activated for user 4364f7bb-7137-4bc0-9390-7ef5695eebce.
Cannot activate automatic trial for user 4364f7bb-7137-4bc0-9390-7ef5695eebce (validation): ValueError
ok
test_tokens_from_a_completed_account_actually_work (users.tests_google_auth.GoogleAuthViewTests.test_tokens_from_a_completed_account_actually_work)
The bug this closes: the endpoint answered 200 with tokens while ... Free trial plan not found: no trial activated for user 5854d7a6-90b2-46ac-bbe4-0e91c550cd29.
Cannot activate automatic trial for user 5854d7a6-90b2-46ac-bbe4-0e91c550cd29 (validation): ValueError
ok
test_a_withdrawn_enrollment_is_not_resurrected_by_signing_in (users.tests_google_auth.GoogleSignInCompletesPendingEnrollmentTests.test_a_withdrawn_enrollment_is_not_resurrected_by_signing_in)
Only PENDING is promoted. A student a teacher deliberately removed ... Free trial plan not found: no trial activated for user 9e184aa4-3541-4356-ba4c-921227e1f562.
Cannot activate automatic trial for user 9e184aa4-3541-4356-ba4c-921227e1f562 (validation): ValueError
ok
test_a_withdrawn_student_still_sees_no_assignments_after_signing_in (users.tests_google_auth.GoogleSignInCompletesPendingEnrollmentTests.test_a_withdrawn_student_still_sees_no_assignments_after_signing_in)
The end-to-end form of the guarantee, not just the database field. ... Free trial plan not found: no trial activated for user a71bb496-f2ea-48fe-a07b-82676ee8cb58.
Cannot activate automatic trial for user a71bb496-f2ea-48fe-a07b-82676ee8cb58 (validation): ValueError
ok
test_an_established_account_signing_in_again_promotes_nothing (users.tests_google_auth.GoogleSignInCompletesPendingEnrollmentTests.test_an_established_account_signing_in_again_promotes_nothing)
The promotion is gated on the account having still been unverified ... Free trial plan not found: no trial activated for user 8eb350dc-905b-4f69-8d32-b7b22da06e32.
Cannot activate automatic trial for user 8eb350dc-905b-4f69-8d32-b7b22da06e32 (validation): ValueError
ok
test_every_pending_invitation_is_promoted_not_just_the_first (users.tests_google_auth.GoogleSignInCompletesPendingEnrollmentTests.test_every_pending_invitation_is_promoted_not_just_the_first) ... Free trial plan not found: no trial activated for user 9dbd01c7-9a00-4127-8e67-062126d4b169.
Cannot activate automatic trial for user 9dbd01c7-9a00-4127-8e67-062126d4b169 (validation): ValueError
ok
test_google_sign_in_promotes_a_pending_invitation_to_enrolled (users.tests_google_auth.GoogleSignInCompletesPendingEnrollmentTests.test_google_sign_in_promotes_a_pending_invitation_to_enrolled) ... Free trial plan not found: no trial activated for user bef6701e-6ddb-4812-b2aa-d564e49b5b87.
Cannot activate automatic trial for user bef6701e-6ddb-4812-b2aa-d564e49b5b87 (validation): ValueError
ok
test_network_is_required_when_ci_says_so (users.tests_google_auth.LiveContractSkipGuardTests.test_network_is_required_when_ci_says_so) ... skipped 'CI_REQUIRE_NETWORK not set'
test_google_rejects_a_bogus_code_with_an_http_error_status (users.tests_google_auth.LiveGoogleEndpointContractTests.test_google_rejects_a_bogus_code_with_an_http_error_status)
The view relies on `raise_for_status()` to notice a failed ... skipped 'live Google contract tests are opt-in: set CI_REQUIRE_NETWORK=1'
test_the_real_google_library_raises_value_error_on_a_forged_token (users.tests_google_auth.LiveGoogleEndpointContractTests.test_the_real_google_library_raises_value_error_on_a_forged_token)
The view catches ValueError and answers "Invalid Google token ... skipped 'live Google contract tests are opt-in: set CI_REQUIRE_NETWORK=1'
test_the_celery_task_records_one_completed_event (audit.tests_history.AIGradingTests.test_the_celery_task_records_one_completed_event) ... Free trial plan not found: no trial activated for user 8b16f0f4-0872-42f5-9cac-075a56ff9ef8.
Cannot activate automatic trial for user 8b16f0f4-0872-42f5-9cac-075a56ff9ef8 (validation): ValueError


ai_processor.services INFO 2026-10-09 10:06:50,783 services 943507 125293898517440 [request_id=- client_request_id=-] [Grading] Partition: 1 question(s) — 0 graded deterministically, 0 ambiguous objective(s) deferred to the AI, 1 subjective.




ai_processor.services INFO 2026-10-09 10:06:50,783 services 943507 125293898517440 [request_id=- client_request_id=-] [Grading] 1 question(s) for the AI (0 already graded deterministically) - using single pass grading


ok
test_the_synchronous_route_records_one_completed_event_for_the_requester (audit.tests_history.AIGradingTests.test_the_synchronous_route_records_one_completed_event_for_the_requester) ... Free trial plan not found: no trial activated for user ed601e3d-c713-42ba-b403-1e0b72e139e5.
Cannot activate automatic trial for user ed601e3d-c713-42ba-b403-1e0b72e139e5 (validation): ValueError


ai_processor.services INFO 2026-10-09 10:06:50,899 services 943507 125293898517440 [request_id=2b7954efd7704919a474e043471e12f5 client_request_id=-] [Grading] Partition: 1 question(s) — 0 graded deterministically, 0 ambiguous objective(s) deferred to the AI, 1 subjective.




ai_processor.services INFO 2026-10-09 10:06:50,899 services 943507 125293898517440 [request_id=2b7954efd7704919a474e043471e12f5 client_request_id=-] [Grading] 1 question(s) for the AI (0 already graded deterministically) - using single pass grading


ok
test_acting_as_names_the_given_user_for_the_block_only (audit.tests_history.ActorRuleTests.test_acting_as_names_the_given_user_for_the_block_only) ... Free trial plan not found: no trial activated for user f68e7ae1-7694-4279-8e55-a0f113d38991.
Cannot activate automatic trial for user f68e7ae1-7694-4279-8e55-a0f113d38991 (validation): ValueError
ok
test_an_authenticated_request_names_its_user_not_the_system (audit.tests_history.ActorRuleTests.test_an_authenticated_request_names_its_user_not_the_system)
SM R6's guard: this stays red while the actor is a SYSTEM shim. ... Free trial plan not found: no trial activated for user 93ac6a80-f8d0-40b8-84fa-55c52c30ef55.
Cannot activate automatic trial for user 93ac6a80-f8d0-40b8-84fa-55c52c30ef55 (validation): ValueError
ok
test_outside_a_request_the_actor_is_the_system (audit.tests_history.ActorRuleTests.test_outside_a_request_the_actor_is_the_system) ... ok
test_download_pdf_records_what_left_and_how_big (audit.tests_history.DataExportTests.test_download_pdf_records_what_left_and_how_big)
FR-A-01 'data export', SM-approved: the assignment PDF (questions ... Free trial plan not found: no trial activated for user 240a4867-f10a-4e7c-a434-90940fe0bd1e.
Cannot activate automatic trial for user 240a4867-f10a-4e7c-a434-90940fe0bd1e (validation): ValueError
ok
test_a_deleted_submission_is_a_grade_change_with_no_after (audit.tests_history.GradeChangeRouteTests.test_a_deleted_submission_is_a_grade_change_with_no_after)
SM R5. ... Free trial plan not found: no trial activated for user 20b715e5-7e9f-4c4d-b021-aed8653a3755.
Cannot activate automatic trial for user 20b715e5-7e9f-4c4d-b021-aed8653a3755 (validation): ValueError
ok
test_an_untracked_or_unchanged_save_records_nothing (audit.tests_history.GradeChangeRouteTests.test_an_untracked_or_unchanged_save_records_nothing) ... Free trial plan not found: no trial activated for user 1be3edc9-c4cf-49d4-b745-f293e45a15ac.
Cannot activate automatic trial for user 1be3edc9-c4cf-49d4-b745-f293e45a15ac (validation): ValueError
ok
test_mark_reviewed_records_needs_review_only (audit.tests_history.GradeChangeRouteTests.test_mark_reviewed_records_needs_review_only)
SM R1: the actor is the 'by', the event time the 'at'; the ... Free trial plan not found: no trial activated for user 0517c37e-c598-4d65-b769-66f9146bab13.
Cannot activate automatic trial for user 0517c37e-c598-4d65-b769-66f9146bab13 (validation): ValueError
ok
test_publish_records_the_flip_once (audit.tests_history.GradeChangeRouteTests.test_publish_records_the_flip_once) ... Free trial plan not found: no trial activated for user e7e8931e-dcb6-405e-99c3-92409a5f043d.
Cannot activate automatic trial for user e7e8931e-dcb6-405e-99c3-92409a5f043d (validation): ValueError
ok
test_the_grade_is_saved_when_the_audit_store_is_down (audit.tests_history.GradeChangeRouteTests.test_the_grade_is_saved_when_the_audit_store_is_down)
Gate 5 / FR-A-11. ... Free trial plan not found: no trial activated for user 813b85f4-3959-4ae7-82e3-b6614a27ba7b.
Cannot activate automatic trial for user 813b85f4-3959-4ae7-82e3-b6614a27ba7b (validation): ValueError
audit event store_failed: action=GRADE_CHANGE detail=RuntimeError
audit event store_failed: action=STATE_CHANGE detail=RuntimeError
ok
test_update_grade_records_the_score_it_replaced (audit.tests_history.GradeChangeRouteTests.test_update_grade_records_the_score_it_replaced) ... Free trial plan not found: no trial activated for user 48d2e45a-4dd0-4124-a564-43735f35ba8f.
Cannot activate automatic trial for user 48d2e45a-4dd0-4124-a564-43735f35ba8f (validation): ValueError
ok
test_a_deleted_user_keeps_only_allow_listed_fields (audit.tests_history.PermissionChangeTests.test_a_deleted_user_keeps_only_allow_listed_fields)
SM R5's condition: role, status and ids only - never an email, ... Free trial plan not found: no trial activated for user fddba414-c3ec-4287-aaae-a60a2a185409.
Cannot activate automatic trial for user fddba414-c3ec-4287-aaae-a60a2a185409 (validation): ValueError
ok
test_a_role_change_is_recorded_and_a_session_revoke_is_not (audit.tests_history.PermissionChangeTests.test_a_role_change_is_recorded_and_a_session_revoke_is_not) ... Free trial plan not found: no trial activated for user 15f811c6-bab1-4b72-83be-7c000a071a6f.
Cannot activate automatic trial for user 15f811c6-bab1-4b72-83be-7c000a071a6f (validation): ValueError
ok
test_a_school_admin_invitation_names_the_invitee (audit.tests_history.PermissionChangeTests.test_a_school_admin_invitation_names_the_invitee) ... ok
test_a_student_invitation_names_the_invitee (audit.tests_history.PermissionChangeTests.test_a_student_invitation_names_the_invitee)
SM ruling: the invitee who proved the invitation code acts. ... FAIL
test_admin_actions_record_each_user_they_change (audit.tests_history.PermissionChangeTests.test_admin_actions_record_each_user_they_change) ... Free trial plan not found: no trial activated for user 6a33243f-25d7-4c9d-83d1-6868875d839b.
Cannot activate automatic trial for user 6a33243f-25d7-4c9d-83d1-6868875d839b (validation): ValueError
Free trial plan not found: no trial activated for user 1ac89a59-08ed-46bd-9ccb-e80bb407fdbd.
Cannot activate automatic trial for user 1ac89a59-08ed-46bd-9ccb-e80bb407fdbd (validation): ValueError
Free trial plan not found: no trial activated for user e90b277d-629c-4d2e-84fb-c722e45f2ada.
Cannot activate automatic trial for user e90b277d-629c-4d2e-84fb-c722e45f2ada (validation): ValueError
ok
test_email_verification_names_the_account_that_proved_the_code (audit.tests_history.PermissionChangeTests.test_email_verification_names_the_account_that_proved_the_code)
SM ruling: the activation is the account's own action. ... Free trial plan not found: no trial activated for user d8b9d36e-87bc-49b8-a4c2-da3486d5029e.
Cannot activate automatic trial for user d8b9d36e-87bc-49b8-a4c2-da3486d5029e (validation): ValueError
ok
test_only_a_privileged_account_is_recorded_when_created (audit.tests_history.PermissionChangeTests.test_only_a_privileged_account_is_recorded_when_created)
SM ruling 4: ordinary accounts are covered by ACCOUNT_REGISTER ... Free trial plan not found: no trial activated for user 4a3da249-5a24-4f1d-b705-23b537becf17.
Cannot activate automatic trial for user 4a3da249-5a24-4f1d-b705-23b537becf17 (validation): ValueError
Free trial plan not found: no trial activated for user 88940724-5a06-4931-8efd-100ab46f6d64.
Cannot activate automatic trial for user 88940724-5a06-4931-8efd-100ab46f6d64 (validation): ValueError
ok
test_publish_all_gives_one_grade_change_per_student_published (audit.tests_history.PublishAllTests.test_publish_all_gives_one_grade_change_per_student_published)
D3: 30 students published, 30 events; an already-published and ... Free trial plan not found: no trial activated for user 96124696-12c0-4784-988a-96e852a1d3dd.
Cannot activate automatic trial for user 96124696-12c0-4784-988a-96e852a1d3dd (validation): ValueError
ok
test_a_distinct_or_annotated_queryset_is_accepted (audit.tests_history.RecordBulkTests.test_a_distinct_or_annotated_queryset_is_accepted)
Postgres refuses FOR UPDATE with DISTINCT or an aggregate; the ... Free trial plan not found: no trial activated for user f51a5a3c-87ca-4aaa-ade1-dd53dc581c17.
Cannot activate automatic trial for user f51a5a3c-87ca-4aaa-ade1-dd53dc581c17 (validation): ValueError
ok
test_an_untracked_bulk_write_records_nothing (audit.tests_history.RecordBulkTests.test_an_untracked_bulk_write_records_nothing) ... Free trial plan not found: no trial activated for user 428b4276-6db0-48fc-ab2a-ab8164ca58e1.
Cannot activate automatic trial for user 428b4276-6db0-48fc-ab2a-ab8164ca58e1 (validation): ValueError
ok
test_an_untracked_model_is_refused (audit.tests_history.RecordBulkTests.test_an_untracked_model_is_refused) ... Free trial plan not found: no trial activated for user 64c87f37-78af-4ff0-8563-7f0f1f386f41.
Cannot activate automatic trial for user 64c87f37-78af-4ff0-8563-7f0f1f386f41 (validation): ValueError
ok
test_it_returns_the_update_count_and_skips_unchanged_rows (audit.tests_history.RecordBulkTests.test_it_returns_the_update_count_and_skips_unchanged_rows) ... Free trial plan not found: no trial activated for user f04d13c7-1ca5-4903-9241-78261d363f43.
Cannot activate automatic trial for user f04d13c7-1ca5-4903-9241-78261d363f43 (validation): ValueError
ok
test_the_actor_is_keyword_only_and_used_as_given (audit.tests_history.RecordBulkTests.test_the_actor_is_keyword_only_and_used_as_given) ... Free trial plan not found: no trial activated for user 9e550ff0-3d0e-4dc1-b68d-0a135862cbd3.
Cannot activate automatic trial for user 9e550ff0-3d0e-4dc1-b68d-0a135862cbd3 (validation): ValueError
ok
test_an_action_without_an_entry_carries_no_before_or_after (audit.tests_history.RegistryTests.test_an_action_without_an_entry_carries_no_before_or_after) ... audit event metadata dropped: action=TAG_CREATE keys=score (not allowed in before/after for this action)
ok
test_every_history_action_has_its_allow_lists (audit.tests_history.RegistryTests.test_every_history_action_has_its_allow_lists) ... ok
test_every_tracked_field_is_allowed_for_its_action_and_real (audit.tests_history.RegistryTests.test_every_tracked_field_is_allowed_for_its_action_and_real) ... ok
test_no_recorded_key_names_a_person_or_their_work (audit.tests_history.RegistryTests.test_no_recorded_key_names_a_person_or_their_work) ... ok
test_text_credentials_and_token_epoch_are_never_tracked (audit.tests_history.RegistryTests.test_text_credentials_and_token_epoch_are_never_tracked) ... ok
test_a_google_sign_in_activates_and_names_the_student (audit.tests_history.SignInActivationTests.test_a_google_sign_in_activates_and_names_the_student)
Google finishing an unverified student's registration: one ... Free trial plan not found: no trial activated for user 5e6e8301-9a81-4b1f-8932-6f37e2b75a11.
Cannot activate automatic trial for user 5e6e8301-9a81-4b1f-8932-6f37e2b75a11 (validation): ValueError
ok
test_a_password_sign_in_activates_and_names_the_student (audit.tests_history.SignInActivationTests.test_a_password_sign_in_activates_and_names_the_student) ... Free trial plan not found: no trial activated for user 7f48e45c-7d0c-463a-94b6-04f72683397c.
Cannot activate automatic trial for user 7f48e45c-7d0c-463a-94b6-04f72683397c (validation): ValueError
ok
test_a_seat_count_change_is_recorded (audit.tests_history.SubscriptionChangeTests.test_a_seat_count_change_is_recorded) ... ok
test_a_seat_taken_and_released_is_recorded (audit.tests_history.SubscriptionChangeTests.test_a_seat_taken_and_released_is_recorded)
SM R4: an active allocation is a seat in use. ... Free trial plan not found: no trial activated for user c7f81bae-739a-4ee1-ac45-48d0b1f506d8.
Cannot activate automatic trial for user c7f81bae-739a-4ee1-ac45-48d0b1f506d8 (validation): ValueError
ok
test_a_refused_inner_block_leaves_the_outer_one_in_place (audit.tests_command_actor.NestedBlocksTests.test_a_refused_inner_block_leaves_the_outer_one_in_place) ... Free trial plan not found: no trial activated for user 810fb05d-daf3-415e-8256-d62917d9c860.
Cannot activate automatic trial for user 810fb05d-daf3-415e-8256-d62917d9c860 (validation): ValueError
ok
test_the_outer_block_is_restored_after_the_inner_one (audit.tests_command_actor.NestedBlocksTests.test_the_outer_block_is_restored_after_the_inner_one) ... Free trial plan not found: no trial activated for user e51f1db7-b527-4eb4-b8be-805bf1517140.
Cannot activate automatic trial for user e51f1db7-b527-4eb4-b8be-805bf1517140 (validation): ValueError
ok
test_the_outer_block_is_restored_when_the_inner_one_raises (audit.tests_command_actor.NestedBlocksTests.test_the_outer_block_is_restored_when_the_inner_one_raises) ... Free trial plan not found: no trial activated for user 734fc71d-c88a-4212-a22e-c203c5d333fc.
Cannot activate automatic trial for user 734fc71d-c88a-4212-a22e-c203c5d333fc (validation): ValueError
ok
test_a_call_site_cannot_supply_the_command_key (audit.tests_command_actor.OutsideACommandTests.test_a_call_site_cannot_supply_the_command_key) ... Free trial plan not found: no trial activated for user 70307527-bb9f-4675-8a2f-dd1b3fa5a717.
Cannot activate automatic trial for user 70307527-bb9f-4675-8a2f-dd1b3fa5a717 (validation): ValueError
audit event metadata dropped: action=ADMIN_ACTION keys=command (not allowed for this action)
ok
test_a_save_outside_is_still_system_with_no_command (audit.tests_command_actor.OutsideACommandTests.test_a_save_outside_is_still_system_with_no_command) ... Free trial plan not found: no trial activated for user dee7a6bf-c114-4978-a44d-3ed5457dc720.
Cannot activate automatic trial for user dee7a6bf-c114-4978-a44d-3ed5457dc720 (validation): ValueError
ok
test_an_emit_outside_is_still_system_with_no_command (audit.tests_command_actor.OutsideACommandTests.test_an_emit_outside_is_still_system_with_no_command) ... Free trial plan not found: no trial activated for user 081918c1-337b-4567-9b46-f9d769058fbd.
Cannot activate automatic trial for user 081918c1-337b-4567-9b46-f9d769058fbd (validation): ValueError
ok
test_the_context_ends_when_the_block_raises (audit.tests_command_actor.OutsideACommandTests.test_the_context_ends_when_the_block_raises) ... Free trial plan not found: no trial activated for user 7d0fe8fc-1d65-4b3c-92bb-ddca4dcd5079.
Cannot activate automatic trial for user 7d0fe8fc-1d65-4b3c-92bb-ddca4dcd5079 (validation): ValueError
ok
test_the_context_ends_with_the_block (audit.tests_command_actor.OutsideACommandTests.test_the_context_ends_with_the_block) ... Free trial plan not found: no trial activated for user 60fc6459-b645-4cee-b1d1-4a273a5d80ae.
Cannot activate automatic trial for user 60fc6459-b645-4cee-b1d1-4a273a5d80ae (validation): ValueError
ok
test_a_call_sites_command_value_never_reaches_the_event (audit.tests_command_actor.TheBlocksNameCannotBeReplacedTests.test_a_call_sites_command_value_never_reaches_the_event) ... Free trial plan not found: no trial activated for user 5586adcc-869d-41fc-a0e4-588f90b38f9a.
Cannot activate automatic trial for user 5586adcc-869d-41fc-a0e4-588f90b38f9a (validation): ValueError
audit event metadata dropped: action=ADMIN_ACTION keys=command (looks like an email address)
audit event metadata dropped: action=ADMIN_ACTION keys=command (not allowed for this action)
audit event metadata dropped: action=ADMIN_ACTION keys=command (not allowed for this action)
audit event metadata dropped: action=ADMIN_ACTION keys=command (not allowed for this action)
ok
test_a_command_that_does_not_exist_is_refused (audit.tests_command_actor.WhoAndWhatMayBeNamedTests.test_a_command_that_does_not_exist_is_refused) ... Free trial plan not found: no trial activated for user bdbe2be9-753d-4102-95a1-b6add2268900.
Cannot activate automatic trial for user bdbe2be9-753d-4102-95a1-b6add2268900 (validation): ValueError
ok
test_a_listed_command_with_a_free_text_name_is_refused (audit.tests_command_actor.WhoAndWhatMayBeNamedTests.test_a_listed_command_with_a_free_text_name_is_refused)
Isolates the shape check: even a name Django lists as a command ... Free trial plan not found: no trial activated for user c6b4ab5f-7e39-41ee-b750-254fd99fe6e8.
Cannot activate automatic trial for user c6b4ab5f-7e39-41ee-b750-254fd99fe6e8 (validation): ValueError
ok
test_a_real_command_is_accepted (audit.tests_command_actor.WhoAndWhatMayBeNamedTests.test_a_real_command_is_accepted) ... Free trial plan not found: no trial activated for user aa4773ee-7056-466f-b222-04be1e8d12fc.
Cannot activate automatic trial for user aa4773ee-7056-466f-b222-04be1e8d12fc (validation): ValueError
ok
test_a_school_admin_is_refused (audit.tests_command_actor.WhoAndWhatMayBeNamedTests.test_a_school_admin_is_refused) ... Free trial plan not found: no trial activated for user 92be7d36-2549-4565-a46d-b7d8da4e6e0e.
Cannot activate automatic trial for user 92be7d36-2549-4565-a46d-b7d8da4e6e0e (validation): ValueError
ok
test_a_super_admin_type_without_the_superuser_flag_is_refused (audit.tests_command_actor.WhoAndWhatMayBeNamedTests.test_a_super_admin_type_without_the_superuser_flag_is_refused) ... Free trial plan not found: no trial activated for user 14b2f3c6-9aff-47ac-9503-4c3198799b8a.
Cannot activate automatic trial for user 14b2f3c6-9aff-47ac-9503-4c3198799b8a (validation): ValueError
ok
test_a_superuser_flag_without_the_super_admin_type_is_refused (audit.tests_command_actor.WhoAndWhatMayBeNamedTests.test_a_superuser_flag_without_the_super_admin_type_is_refused) ... Free trial plan not found: no trial activated for user 87f627f3-162e-4f15-934c-e8b82941cf52.
Cannot activate automatic trial for user 87f627f3-162e-4f15-934c-e8b82941cf52 (validation): ValueError
Free trial plan not found: no trial activated for user 9c0fdd01-1fe9-483a-9fdc-ae48f753a13e.
Cannot activate automatic trial for user 9c0fdd01-1fe9-483a-9fdc-ae48f753a13e (validation): ValueError
ok
test_a_teacher_is_refused (audit.tests_command_actor.WhoAndWhatMayBeNamedTests.test_a_teacher_is_refused) ... Free trial plan not found: no trial activated for user 358bdc1c-640a-4e44-84eb-ce870b66d417.
Cannot activate automatic trial for user 358bdc1c-640a-4e44-84eb-ce870b66d417 (validation): ValueError
ok
test_an_inactive_super_admin_is_refused (audit.tests_command_actor.WhoAndWhatMayBeNamedTests.test_an_inactive_super_admin_is_refused) ... Free trial plan not found: no trial activated for user 6d8047b6-5225-4171-ae1d-9ec25d6a204c.
Cannot activate automatic trial for user 6d8047b6-5225-4171-ae1d-9ec25d6a204c (validation): ValueError
ok
test_an_unsaved_user_is_refused (audit.tests_command_actor.WhoAndWhatMayBeNamedTests.test_an_unsaved_user_is_refused) ... Free trial plan not found: no trial activated for user 20ecb8d0-5914-4d5e-ab11-125461729fca.
Cannot activate automatic trial for user 20ecb8d0-5914-4d5e-ab11-125461729fca (validation): ValueError
ok
test_free_text_is_refused_as_a_command (audit.tests_command_actor.WhoAndWhatMayBeNamedTests.test_free_text_is_refused_as_a_command) ... Free trial plan not found: no trial activated for user 87c74176-cd0e-4e8d-bb63-83f7b27be0d3.
Cannot activate automatic trial for user 87c74176-cd0e-4e8d-bb63-83f7b27be0d3 (validation): ValueError
ok
test_no_user_is_refused (audit.tests_command_actor.WhoAndWhatMayBeNamedTests.test_no_user_is_refused) ... Free trial plan not found: no trial activated for user 8d9e9210-7cce-4cfa-b078-585da859e883.
Cannot activate automatic trial for user 8d9e9210-7cce-4cfa-b078-585da859e883 (validation): ValueError
ok
test_a_requests_signed_in_user_outranks_the_command_in_history (audit.tests_command_actor.WritesInsideACommandTests.test_a_requests_signed_in_user_outranks_the_command_in_history)
`command_actor` is for code with no request. If both exist, the ... Free trial plan not found: no trial activated for user 3c74199e-e0ba-4729-b893-a2044a247285.
Cannot activate automatic trial for user 3c74199e-e0ba-4729-b893-a2044a247285 (validation): ValueError
ok
test_a_save_is_recorded_as_the_operator (audit.tests_command_actor.WritesInsideACommandTests.test_a_save_is_recorded_as_the_operator) ... Free trial plan not found: no trial activated for user f78e8515-3b12-4ae3-a959-2bb5fe800708.
Cannot activate automatic trial for user f78e8515-3b12-4ae3-a959-2bb5fe800708 (validation): ValueError
ok
test_an_explicit_actor_is_kept_and_the_command_is_still_named (audit.tests_command_actor.WritesInsideACommandTests.test_an_explicit_actor_is_kept_and_the_command_is_still_named) ... Free trial plan not found: no trial activated for user 98046ae0-17f7-4cbd-9996-5d9ba5612684.
Cannot activate automatic trial for user 98046ae0-17f7-4cbd-9996-5d9ba5612684 (validation): ValueError
ok
test_an_explicit_emit_with_no_actor_is_recorded_as_the_operator (audit.tests_command_actor.WritesInsideACommandTests.test_an_explicit_emit_with_no_actor_is_recorded_as_the_operator) ... Free trial plan not found: no trial activated for user 2a1e8cdf-f9b8-48ca-96bf-c4e94e228561.
Cannot activate automatic trial for user 2a1e8cdf-f9b8-48ca-96bf-c4e94e228561 (validation): ValueError
ok
test_record_bulk_is_recorded_as_the_operator (audit.tests_command_actor.WritesInsideACommandTests.test_record_bulk_is_recorded_as_the_operator) ... Free trial plan not found: no trial activated for user 2ae86e73-969c-4118-8d1b-110d313de450.
Cannot activate automatic trial for user 2ae86e73-969c-4118-8d1b-110d313de450 (validation): ValueError
ok
test_a_student_token_is_renewed_with_a_fresh_expiry (users.tests_models_and_admin.ActivationTokenRenewalTests.test_a_student_token_is_renewed_with_a_fresh_expiry) ... ok
test_renewal_is_refused_for_non_students (users.tests_models_and_admin.ActivationTokenRenewalTests.test_renewal_is_refused_for_non_students)
Teachers use the OTP endpoint; this path is student-only. ... Free trial plan not found: no trial activated for user 65a778b2-022c-48f9-97c1-2cf37cdd143f.
Cannot activate automatic trial for user 65a778b2-022c-48f9-97c1-2cf37cdd143f (validation): ValueError
ok
test_activate_users_action_activates_the_selection (users.tests_models_and_admin.AdminActionTests.test_activate_users_action_activates_the_selection) ... Free trial plan not found: no trial activated for user 3b529b90-574f-4850-8285-4ea96beb23dd.
Cannot activate automatic trial for user 3b529b90-574f-4850-8285-4ea96beb23dd (validation): ValueError
Free trial plan not found: no trial activated for user 1e85e21f-eadd-4047-9d3f-a51c3715a87d.
Cannot activate automatic trial for user 1e85e21f-eadd-4047-9d3f-a51c3715a87d (validation): ValueError
ok
test_beta_whitelist_admin_is_registered_with_its_search_fields (users.tests_models_and_admin.AdminActionTests.test_beta_whitelist_admin_is_registered_with_its_search_fields) ... Free trial plan not found: no trial activated for user 21b2c8a6-2249-4363-a216-6d341f44c845.
Cannot activate automatic trial for user 21b2c8a6-2249-4363-a216-6d341f44c845 (validation): ValueError
ok
test_deactivate_users_action_deactivates_the_selection (users.tests_models_and_admin.AdminActionTests.test_deactivate_users_action_deactivates_the_selection) ... Free trial plan not found: no trial activated for user dfbbe400-a55c-4b3e-b96c-59f3c9433abe.
Cannot activate automatic trial for user dfbbe400-a55c-4b3e-b96c-59f3c9433abe (validation): ValueError
Free trial plan not found: no trial activated for user 8b5a10da-6e8b-4aac-92ed-cf6afef8b1f9.
Cannot activate automatic trial for user 8b5a10da-6e8b-4aac-92ed-cf6afef8b1f9 (validation): ValueError
ok
test_otp_admins_expose_validity_and_forbid_manual_creation (users.tests_models_and_admin.AdminActionTests.test_otp_admins_expose_validity_and_forbid_manual_creation) ... Free trial plan not found: no trial activated for user e80bfe99-018c-48da-b0b3-09991a1e2d0a.
Cannot activate automatic trial for user e80bfe99-018c-48da-b0b3-09991a1e2d0a (validation): ValueError
ok
test_readonly_fields_lock_the_id_when_editing (users.tests_models_and_admin.AdminActionTests.test_readonly_fields_lock_the_id_when_editing) ... Free trial plan not found: no trial activated for user 2768cb9c-db0c-4d09-8daf-6c3d1bafaebb.
Cannot activate automatic trial for user 2768cb9c-db0c-4d09-8daf-6c3d1bafaebb (validation): ValueError
ok
test_waitlist_admin_transfer_action_moves_every_selected_row (users.tests_models_and_admin.AdminActionTests.test_waitlist_admin_transfer_action_moves_every_selected_row) ... Free trial plan not found: no trial activated for user 458f9300-0a32-4422-a2b8-865632e9b85c.
Cannot activate automatic trial for user 458f9300-0a32-4422-a2b8-865632e9b85c (validation): ValueError
ok
test_add_a_waitlist_user (users.tests_models_and_admin.BetaWhitelistAndWaitlistModelTests.test_add_a_waitlist_user) ... ok
test_add_and_remove_a_beta_user (users.tests_models_and_admin.BetaWhitelistAndWaitlistModelTests.test_add_and_remove_a_beta_user) ... ok
test_str_reflects_active_state (users.tests_models_and_admin.BetaWhitelistAndWaitlistModelTests.test_str_reflects_active_state) ... ok
test_transfer_moves_the_row_and_records_the_origin (users.tests_models_and_admin.BetaWhitelistAndWaitlistModelTests.test_transfer_moves_the_row_and_records_the_origin) ... ok
test_waitlist_str_includes_the_email (users.tests_models_and_admin.BetaWhitelistAndWaitlistModelTests.test_waitlist_str_includes_the_email) ... ok
test_remaining_credits_exclude_spent_and_expired_buckets (users.tests_models_and_admin.CreditWalletBalanceTests.test_remaining_credits_exclude_spent_and_expired_buckets) ... Free trial plan not found: no trial activated for user 3e555012-26f4-49ea-98a7-71dc81d15f99.
Cannot activate automatic trial for user 3e555012-26f4-49ea-98a7-71dc81d15f99 (validation): ValueError
ok
test_an_email_is_required (users.tests_models_and_admin.CustomUserManagerTests.test_an_email_is_required) ... ok
test_create_superuser_rejects_is_staff_false (users.tests_models_and_admin.CustomUserManagerTests.test_create_superuser_rejects_is_staff_false) ... ok
test_create_superuser_rejects_is_superuser_false (users.tests_models_and_admin.CustomUserManagerTests.test_create_superuser_rejects_is_superuser_false) ... ok
test_create_superuser_sets_both_flags (users.tests_models_and_admin.CustomUserManagerTests.test_create_superuser_sets_both_flags) ... Free trial plan not found: no trial activated for user d2dd560f-3025-4a30-bd08-e5d3e2aef60e.
Cannot activate automatic trial for user d2dd560f-3025-4a30-bd08-e5d3e2aef60e (validation): ValueError
ok
test_save_false_returns_an_unsaved_instance (users.tests_models_and_admin.CustomUserManagerTests.test_save_false_returns_an_unsaved_instance) ... ok
test_the_email_is_normalised (users.tests_models_and_admin.CustomUserManagerTests.test_the_email_is_normalised) ... Free trial plan not found: no trial activated for user 78a4ee95-5e7a-468f-af42-30d5f8c75220.
Cannot activate automatic trial for user 78a4ee95-5e7a-468f-af42-30d5f8c75220 (validation): ValueError
ok
test_failures_accumulate_then_lock (users.tests_models_and_admin.LoginLockoutModelTests.test_failures_accumulate_then_lock) ... Free trial plan not found: no trial activated for user d4942c13-63ab-4f53-a747-4a9503812585.
Cannot activate automatic trial for user d4942c13-63ab-4f53-a747-4a9503812585 (validation): ValueError
ok
test_reset_clears_an_existing_lockout (users.tests_models_and_admin.LoginLockoutModelTests.test_reset_clears_an_existing_lockout) ... Free trial plan not found: no trial activated for user 8ffee985-28cb-4239-9de2-d718fdca596c.
Cannot activate automatic trial for user 8ffee985-28cb-4239-9de2-d718fdca596c (validation): ValueError
ok
test_reset_is_a_noop_when_already_clean (users.tests_models_and_admin.LoginLockoutModelTests.test_reset_is_a_noop_when_already_clean)
Avoids a pointless UPDATE on every successful login. ... Free trial plan not found: no trial activated for user 549cec3b-b9f5-4a0a-b87b-f69ba1a95d21.
Cannot activate automatic trial for user 549cec3b-b9f5-4a0a-b87b-f69ba1a95d21 (validation): ValueError
ok
test_password_change_otp_expires_after_five_minutes (users.tests_models_and_admin.OTPModelTests.test_password_change_otp_expires_after_five_minutes) ... Free trial plan not found: no trial activated for user 8d068c6b-85d1-47a3-9b8b-51efc92bcb17.
Cannot activate automatic trial for user 8d068c6b-85d1-47a3-9b8b-51efc92bcb17 (validation): ValueError
ok
test_password_reset_otp_str (users.tests_models_and_admin.OTPModelTests.test_password_reset_otp_str) ... Free trial plan not found: no trial activated for user 5850732c-a4ed-497d-b30f-97462222fae0.
Cannot activate automatic trial for user 5850732c-a4ed-497d-b30f-97462222fae0 (validation): ValueError
ok
test_a_plan_without_monthly_credits_reports_zero (users.tests_models_and_admin.SubscriptionConvenienceTests.test_a_plan_without_monthly_credits_reports_zero) ... Free trial plan not found: no trial activated for user 5aab3843-a8db-4308-a2f0-bcdd6cc7d0a5.
Cannot activate automatic trial for user 5aab3843-a8db-4308-a2f0-bcdd6cc7d0a5 (validation): ValueError
ok
test_an_inactive_subscription_is_ignored (users.tests_models_and_admin.SubscriptionConvenienceTests.test_an_inactive_subscription_is_ignored) ... Free trial plan not found: no trial activated for user ee471686-2f11-4185-b53e-59e8f5a71eb3.
Cannot activate automatic trial for user ee471686-2f11-4185-b53e-59e8f5a71eb3 (validation): ValueError
ok
test_an_individual_subscription_is_reported (users.tests_models_and_admin.SubscriptionConvenienceTests.test_an_individual_subscription_is_reported) ... Free trial plan not found: no trial activated for user d787b399-311e-4306-904f-f3bfeb93cb6d.
Cannot activate automatic trial for user d787b399-311e-4306-904f-f3bfeb93cb6d (validation): ValueError
ok
test_no_subscription_reports_none_and_zero (users.tests_models_and_admin.SubscriptionConvenienceTests.test_no_subscription_reports_none_and_zero) ... Free trial plan not found: no trial activated for user 494a0dff-a150-471f-9939-66e189cf3311.
Cannot activate automatic trial for user 494a0dff-a150-471f-9939-66e189cf3311 (validation): ValueError
ok
test_str_names_the_user (users.tests_models_and_admin.UserActivityStrTests.test_str_names_the_user) ... Free trial plan not found: no trial activated for user d8cd8605-b568-4c29-9db1-da6671413b5d.
Cannot activate automatic trial for user d8cd8605-b568-4c29-9db1-da6671413b5d (validation): ValueError
ok
test_str_names_the_owner (users.tests_models_and_admin.UserGoogleCredentialsStrTests.test_str_names_the_owner) ... Free trial plan not found: no trial activated for user 2087d6f6-9139-4064-85c4-e88fd2139e33.
Cannot activate automatic trial for user 2087d6f6-9139-4064-85c4-e88fd2139e33 (validation): ValueError
ok
test_full_name_joins_the_present_parts (users.tests_models_and_admin.UserHelperTests.test_full_name_joins_the_present_parts) ... Free trial plan not found: no trial activated for user 34efd717-49ef-4eb7-b12e-7ac3c37890ea.
Cannot activate automatic trial for user 34efd717-49ef-4eb7-b12e-7ac3c37890ea (validation): ValueError
ok
test_full_name_skips_blank_and_whitespace_only_parts (users.tests_models_and_admin.UserHelperTests.test_full_name_skips_blank_and_whitespace_only_parts) ... Free trial plan not found: no trial activated for user 37f2579f-7709-44f5-ac9f-4a8ed0a490cf.
Cannot activate automatic trial for user 37f2579f-7709-44f5-ac9f-4a8ed0a490cf (validation): ValueError
ok
test_profile_image_upload_path_is_scoped_to_the_user (users.tests_models_and_admin.UserHelperTests.test_profile_image_upload_path_is_scoped_to_the_user) ... Free trial plan not found: no trial activated for user 65dc7b23-93dd-4371-af92-2208667eb1f7.
Cannot activate automatic trial for user 65dc7b23-93dd-4371-af92-2208667eb1f7 (validation): ValueError
ok
test_role_predicates (users.tests_models_and_admin.UserHelperTests.test_role_predicates) ... Free trial plan not found: no trial activated for user 9381cadb-1df8-4295-8378-c3c5778bf4a7.
Cannot activate automatic trial for user 9381cadb-1df8-4295-8378-c3c5778bf4a7 (validation): ValueError
ok
test_str_is_the_full_name (users.tests_models_and_admin.UserHelperTests.test_str_is_the_full_name) ... Free trial plan not found: no trial activated for user c4d7ca50-f665-4172-97a4-ae4d3bf18179.
Cannot activate automatic trial for user c4d7ca50-f665-4172-97a4-ae4d3bf18179 (validation): ValueError
ok
test_a_never_verified_inactive_account_still_activates_end_to_end (users.tests_switched_off_means_out.SwitchedOffRoadsTests.test_a_never_verified_inactive_account_still_activates_end_to_end)
Green on the old code too: self-registration. ... Free trial plan not found: no trial activated for user 74b6675a-8d2f-4b8f-8814-764ae4d8624c.
Cannot activate automatic trial for user 74b6675a-8d2f-4b8f-8814-764ae4d8624c (validation): ValueError
ok
test_a_refused_reset_for_a_switched_off_account_spends_an_attempt (users.tests_switched_off_means_out.SwitchedOffRoadsTests.test_a_refused_reset_for_a_switched_off_account_spends_an_attempt) ... API Exception
Traceback (most recent call last):
  File "/home/bond-servant-in-training/Documents/Virtualenvs/AutoGrader_env/lib/python3.12/site-packages/rest_framework/views.py", line 512, in dispatch
    response = handler(request, *args, **kwargs)
               ^^^^^^^^^^^^^^^^^^^^^^^^^^^^^^^^^
  File "/home/bond-servant-in-training/Documents/Projects/Grade-Automator-Plus-epic-a-merge-down-b14/users/views.py", line 1469, in reset_password
    raise ParseError("Invalid email, OTP code, or new password.")
rest_framework.exceptions.ParseError: Invalid email, OTP code, or new password.
ok
test_a_refused_verify_for_a_switched_off_account_locks_the_address_like_a_wrong_guess (users.tests_switched_off_means_out.SwitchedOffRoadsTests.test_a_refused_verify_for_a_switched_off_account_locks_the_address_like_a_wrong_guess)
The budget is spent as for a wrong guess only if the address is ... API Exception
Traceback (most recent call last):
  File "/home/bond-servant-in-training/Documents/Virtualenvs/AutoGrader_env/lib/python3.12/site-packages/rest_framework/views.py", line 512, in dispatch
    response = handler(request, *args, **kwargs)
               ^^^^^^^^^^^^^^^^^^^^^^^^^^^^^^^^^
  File "/home/bond-servant-in-training/Documents/Projects/Grade-Automator-Plus-epic-a-merge-down-b14/users/views.py", line 1081, in verify
    refuse("Invalid email or token.")
TypeError: AuthViewSet.verify.<locals>.refuse() missing 2 required positional arguments: 'account' and 'reason_code'


django.request ERROR 2026-10-09 10:06:54,937 log 943507 125293898517440 [request_id=- client_request_id=-] Internal Server Error: /api/v1/auth/verify


API Exception
Traceback (most recent call last):
  File "/home/bond-servant-in-training/Documents/Virtualenvs/AutoGrader_env/lib/python3.12/site-packages/rest_framework/views.py", line 512, in dispatch
    response = handler(request, *args, **kwargs)
               ^^^^^^^^^^^^^^^^^^^^^^^^^^^^^^^^^
  File "/home/bond-servant-in-training/Documents/Projects/Grade-Automator-Plus-epic-a-merge-down-b14/users/views.py", line 1081, in verify
    refuse("Invalid email or token.")
TypeError: AuthViewSet.verify.<locals>.refuse() missing 2 required positional arguments: 'account' and 'reason_code'


django.request ERROR 2026-10-09 10:06:54,942 log 943507 125293898517440 [request_id=- client_request_id=-] Internal Server Error: /api/v1/auth/verify


FAIL
test_a_refused_verify_for_a_switched_off_account_spends_the_budget (users.tests_switched_off_means_out.SwitchedOffRoadsTests.test_a_refused_verify_for_a_switched_off_account_spends_the_budget) ... API Exception
Traceback (most recent call last):
  File "/home/bond-servant-in-training/Documents/Virtualenvs/AutoGrader_env/lib/python3.12/site-packages/rest_framework/views.py", line 512, in dispatch
    response = handler(request, *args, **kwargs)
               ^^^^^^^^^^^^^^^^^^^^^^^^^^^^^^^^^
  File "/home/bond-servant-in-training/Documents/Projects/Grade-Automator-Plus-epic-a-merge-down-b14/users/views.py", line 1081, in verify
    refuse("Invalid email or token.")
TypeError: AuthViewSet.verify.<locals>.refuse() missing 2 required positional arguments: 'account' and 'reason_code'


django.request ERROR 2026-10-09 10:06:54,967 log 943507 125293898517440 [request_id=- client_request_id=-] Internal Server Error: /api/v1/auth/verify


API Exception
Traceback (most recent call last):
  File "/home/bond-servant-in-training/Documents/Virtualenvs/AutoGrader_env/lib/python3.12/site-packages/rest_framework/views.py", line 512, in dispatch
    response = handler(request, *args, **kwargs)
               ^^^^^^^^^^^^^^^^^^^^^^^^^^^^^^^^^
  File "/home/bond-servant-in-training/Documents/Projects/Grade-Automator-Plus-epic-a-merge-down-b14/users/views.py", line 1081, in verify
    refuse("Invalid email or token.")
TypeError: AuthViewSet.verify.<locals>.refuse() missing 2 required positional arguments: 'account' and 'reason_code'


django.request ERROR 2026-10-09 10:06:54,973 log 943507 125293898517440 [request_id=- client_request_id=-] Internal Server Error: /api/v1/auth/verify


API Exception
Traceback (most recent call last):
  File "/home/bond-servant-in-training/Documents/Virtualenvs/AutoGrader_env/lib/python3.12/site-packages/rest_framework/views.py", line 512, in dispatch
    response = handler(request, *args, **kwargs)
               ^^^^^^^^^^^^^^^^^^^^^^^^^^^^^^^^^
  File "/home/bond-servant-in-training/Documents/Projects/Grade-Automator-Plus-epic-a-merge-down-b14/users/views.py", line 1036, in verify
    raise EnvelopedThrottled(
users.exceptions.EnvelopedThrottled: Too many incorrect codes for this email address. Please wait, then request a new verification email. Expected available in 1800 seconds.
ok
test_a_reset_for_a_switched_off_account_changes_nothing_and_signs_nobody_in (users.tests_switched_off_means_out.SwitchedOffRoadsTests.test_a_reset_for_a_switched_off_account_changes_nothing_and_signs_nobody_in) ... API Exception
Traceback (most recent call last):
  File "/home/bond-servant-in-training/Documents/Virtualenvs/AutoGrader_env/lib/python3.12/site-packages/rest_framework/views.py", line 512, in dispatch
    response = handler(request, *args, **kwargs)
               ^^^^^^^^^^^^^^^^^^^^^^^^^^^^^^^^^
  File "/home/bond-servant-in-training/Documents/Projects/Grade-Automator-Plus-epic-a-merge-down-b14/users/views.py", line 1469, in reset_password
    raise ParseError("Invalid email, OTP code, or new password.")
rest_framework.exceptions.ParseError: Invalid email, OTP code, or new password.
ok
test_an_active_verified_account_can_still_reset (users.tests_switched_off_means_out.SwitchedOffRoadsTests.test_an_active_verified_account_can_still_reset)
Green on the old code too. ... Free trial plan not found: no trial activated for user abd684e4-27fc-4e82-9141-6088621d72c3.
Cannot activate automatic trial for user abd684e4-27fc-4e82-9141-6088621d72c3 (validation): ValueError
ok
test_an_active_verified_account_is_still_told_it_is_verified (users.tests_switched_off_means_out.SwitchedOffRoadsTests.test_an_active_verified_account_is_still_told_it_is_verified)
Green on the old code too. ... Free trial plan not found: no trial activated for user 1bf21f28-6d12-4869-a75f-e57e62e84016.
Cannot activate automatic trial for user 1bf21f28-6d12-4869-a75f-e57e62e84016 (validation): ValueError
API Exception
Traceback (most recent call last):
  File "/home/bond-servant-in-training/Documents/Virtualenvs/AutoGrader_env/lib/python3.12/site-packages/rest_framework/views.py", line 512, in dispatch
    response = handler(request, *args, **kwargs)
               ^^^^^^^^^^^^^^^^^^^^^^^^^^^^^^^^^
  File "/home/bond-servant-in-training/Documents/Projects/Grade-Automator-Plus-epic-a-merge-down-b14/users/views.py", line 1228, in otp
    raise ParseError("Email already verified. Please login.")
rest_framework.exceptions.ParseError: Email already verified. Please login.
ok
test_an_invited_school_admin_still_verifies (users.tests_switched_off_means_out.SwitchedOffRoadsTests.test_an_invited_school_admin_still_verifies)
Green on the old code too. ... ok
test_an_old_scheme_pending_student_still_verifies (users.tests_switched_off_means_out.SwitchedOffRoadsTests.test_an_old_scheme_pending_student_still_verifies)
Green on the old code too: inactive, never verified, a student ... ok
test_that_reset_code_request_answers_like_an_unknown_address (users.tests_switched_off_means_out.SwitchedOffRoadsTests.test_that_reset_code_request_answers_like_an_unknown_address) ... ok
test_that_reset_refusal_is_the_same_as_for_an_address_with_no_account (users.tests_switched_off_means_out.SwitchedOffRoadsTests.test_that_reset_refusal_is_the_same_as_for_an_address_with_no_account) ... API Exception
Traceback (most recent call last):
  File "/home/bond-servant-in-training/Documents/Virtualenvs/AutoGrader_env/lib/python3.12/site-packages/rest_framework/views.py", line 512, in dispatch
    response = handler(request, *args, **kwargs)
               ^^^^^^^^^^^^^^^^^^^^^^^^^^^^^^^^^
  File "/home/bond-servant-in-training/Documents/Projects/Grade-Automator-Plus-epic-a-merge-down-b14/users/views.py", line 1469, in reset_password
    raise ParseError("Invalid email, OTP code, or new password.")
rest_framework.exceptions.ParseError: Invalid email, OTP code, or new password.
API Exception
Exception

The above exception was the direct cause of the following exception:

Traceback (most recent call last):
  File "/home/bond-servant-in-training/Documents/Virtualenvs/AutoGrader_env/lib/python3.12/site-packages/rest_framework/views.py", line 512, in dispatch
    response = handler(request, *args, **kwargs)
               ^^^^^^^^^^^^^^^^^^^^^^^^^^^^^^^^^
  File "/home/bond-servant-in-training/Documents/Projects/Grade-Automator-Plus-epic-a-merge-down-b14/users/views.py", line 1451, in reset_password
    raise ParseError("Invalid email, OTP code, or new password.") from Exception
rest_framework.exceptions.ParseError: Invalid email, OTP code, or new password.
ok
test_that_verify_code_request_answers_like_an_unknown_address (users.tests_switched_off_means_out.SwitchedOffRoadsTests.test_that_verify_code_request_answers_like_an_unknown_address) ... ok
test_that_verify_refusal_is_the_wrong_code_refusal (users.tests_switched_off_means_out.SwitchedOffRoadsTests.test_that_verify_refusal_is_the_wrong_code_refusal) ... API Exception
Traceback (most recent call last):
  File "/home/bond-servant-in-training/Documents/Virtualenvs/AutoGrader_env/lib/python3.12/site-packages/rest_framework/views.py", line 512, in dispatch
    response = handler(request, *args, **kwargs)
               ^^^^^^^^^^^^^^^^^^^^^^^^^^^^^^^^^
  File "/home/bond-servant-in-training/Documents/Projects/Grade-Automator-Plus-epic-a-merge-down-b14/users/views.py", line 1081, in verify
    refuse("Invalid email or token.")
TypeError: AuthViewSet.verify.<locals>.refuse() missing 2 required positional arguments: 'account' and 'reason_code'


django.request ERROR 2026-10-09 10:06:55,299 log 943507 125293898517440 [request_id=- client_request_id=-] Internal Server Error: /api/v1/auth/verify


API Exception
Traceback (most recent call last):
  File "/home/bond-servant-in-training/Documents/Virtualenvs/AutoGrader_env/lib/python3.12/site-packages/rest_framework/views.py", line 512, in dispatch
    response = handler(request, *args, **kwargs)
               ^^^^^^^^^^^^^^^^^^^^^^^^^^^^^^^^^
  File "/home/bond-servant-in-training/Documents/Projects/Grade-Automator-Plus-epic-a-merge-down-b14/users/views.py", line 1068, in verify
    refuse("Invalid email or token.", account_for_email(email), "INVALID_CODE")
  File "/home/bond-servant-in-training/Documents/Projects/Grade-Automator-Plus-epic-a-merge-down-b14/users/views.py", line 1064, in refuse
    raise ParseError(message)
rest_framework.exceptions.ParseError: Invalid email or token.
FAIL
test_the_reset_code_request_for_a_switched_off_account_makes_no_code (users.tests_switched_off_means_out.SwitchedOffRoadsTests.test_the_reset_code_request_for_a_switched_off_account_makes_no_code) ... ok
test_the_verify_code_request_for_a_switched_off_account_sends_nothing (users.tests_switched_off_means_out.SwitchedOffRoadsTests.test_the_verify_code_request_for_a_switched_off_account_sends_nothing) ... ok
test_verify_does_not_switch_a_switched_off_account_back_on (users.tests_switched_off_means_out.SwitchedOffRoadsTests.test_verify_does_not_switch_a_switched_off_account_back_on) ... API Exception
Traceback (most recent call last):
  File "/home/bond-servant-in-training/Documents/Virtualenvs/AutoGrader_env/lib/python3.12/site-packages/rest_framework/views.py", line 512, in dispatch
    response = handler(request, *args, **kwargs)
               ^^^^^^^^^^^^^^^^^^^^^^^^^^^^^^^^^
  File "/home/bond-servant-in-training/Documents/Projects/Grade-Automator-Plus-epic-a-merge-down-b14/users/views.py", line 1081, in verify
    refuse("Invalid email or token.")
TypeError: AuthViewSet.verify.<locals>.refuse() missing 2 required positional arguments: 'account' and 'reason_code'


django.request ERROR 2026-10-09 10:06:55,369 log 943507 125293898517440 [request_id=- client_request_id=-] Internal Server Error: /api/v1/auth/verify


FAIL
test_a_switch_on_alone_does_not_bump_the_epoch (users.tests_switched_off_means_out.SwitchingOffRevokesSessionsTests.test_a_switch_on_alone_does_not_bump_the_epoch) ... Free trial plan not found: no trial activated for user 77e049e0-5bf1-421a-804f-ea6492361e60.
Cannot activate automatic trial for user 77e049e0-5bf1-421a-804f-ea6492361e60 (validation): ValueError
Free trial plan not found: no trial activated for user 587f0018-988e-43ba-9252-72c226dcc21b.
Cannot activate automatic trial for user 587f0018-988e-43ba-9252-72c226dcc21b (validation): ValueError
ok
test_an_edit_of_an_already_inactive_user_that_leaves_is_active_alone_does_not_bump (users.tests_switched_off_means_out.SwitchingOffRevokesSessionsTests.test_an_edit_of_an_already_inactive_user_that_leaves_is_active_alone_does_not_bump) ... Free trial plan not found: no trial activated for user a555d47f-9676-418f-b344-b0abb3390da1.
Cannot activate automatic trial for user a555d47f-9676-418f-b344-b0abb3390da1 (validation): ValueError
Free trial plan not found: no trial activated for user 7157c0e5-9167-4b57-97d6-89d2134fb609.
Cannot activate automatic trial for user 7157c0e5-9167-4b57-97d6-89d2134fb609 (validation): ValueError
ok
test_an_edit_that_does_not_touch_is_active_does_not_bump (users.tests_switched_off_means_out.SwitchingOffRevokesSessionsTests.test_an_edit_that_does_not_touch_is_active_does_not_bump) ... Free trial plan not found: no trial activated for user 97f892df-2e55-42e4-ba48-4bda481a4398.
Cannot activate automatic trial for user 97f892df-2e55-42e4-ba48-4bda481a4398 (validation): ValueError
Free trial plan not found: no trial activated for user 95f0f3e9-5feb-4df6-82df-2217f5245357.
Cannot activate automatic trial for user 95f0f3e9-5feb-4df6-82df-2217f5245357 (validation): ValueError
ok
test_an_edit_that_switches_a_user_off_bumps_the_epoch (users.tests_switched_off_means_out.SwitchingOffRevokesSessionsTests.test_an_edit_that_switches_a_user_off_bumps_the_epoch) ... Free trial plan not found: no trial activated for user 38a38425-4d61-46cb-b4a0-59a0caee0bf5.
Cannot activate automatic trial for user 38a38425-4d61-46cb-b4a0-59a0caee0bf5 (validation): ValueError
Free trial plan not found: no trial activated for user 762a6fdf-0f0e-484c-8a2c-ee1aa3925b62.
Cannot activate automatic trial for user 762a6fdf-0f0e-484c-8a2c-ee1aa3925b62 (validation): ValueError
ok
test_an_edit_that_switches_a_user_on_does_not_bump (users.tests_switched_off_means_out.SwitchingOffRevokesSessionsTests.test_an_edit_that_switches_a_user_on_does_not_bump) ... Free trial plan not found: no trial activated for user 646e207e-f4d9-4848-833a-9dd075f1478a.
Cannot activate automatic trial for user 646e207e-f4d9-4848-833a-9dd075f1478a (validation): ValueError
Free trial plan not found: no trial activated for user 41608d13-b5c6-4d08-a8ab-e49a685c0d31.
Cannot activate automatic trial for user 41608d13-b5c6-4d08-a8ab-e49a685c0d31 (validation): ValueError
ok
test_the_bulk_switch_off_bumps_the_token_epoch_by_one (users.tests_switched_off_means_out.SwitchingOffRevokesSessionsTests.test_the_bulk_switch_off_bumps_the_token_epoch_by_one) ... Free trial plan not found: no trial activated for user 1e2a0579-85bd-403a-8778-dcdc65854cd5.
Cannot activate automatic trial for user 1e2a0579-85bd-403a-8778-dcdc65854cd5 (validation): ValueError
Free trial plan not found: no trial activated for user ce0ac3b5-2a1e-456a-b13a-20180fa4681c.
Cannot activate automatic trial for user ce0ac3b5-2a1e-456a-b13a-20180fa4681c (validation): ValueError
ok
test_the_bulk_switch_off_leaves_an_already_inactive_rows_epoch_alone (users.tests_switched_off_means_out.SwitchingOffRevokesSessionsTests.test_the_bulk_switch_off_leaves_an_already_inactive_rows_epoch_alone) ... Free trial plan not found: no trial activated for user 5f4efa2e-d436-432a-99d1-3e45add76bbd.
Cannot activate automatic trial for user 5f4efa2e-d436-432a-99d1-3e45add76bbd (validation): ValueError
Free trial plan not found: no trial activated for user d2ea1a42-3ee7-4315-8cba-5d0fd2b4aaa1.
Cannot activate automatic trial for user d2ea1a42-3ee7-4315-8cba-5d0fd2b4aaa1 (validation): ValueError
Free trial plan not found: no trial activated for user 1008fefc-bafe-4112-bf7d-bc5777cce3ae.
Cannot activate automatic trial for user 1008fefc-bafe-4112-bf7d-bc5777cce3ae (validation): ValueError
ok
test_tokens_issued_after_the_switch_on_work (users.tests_switched_off_means_out.SwitchingOffRevokesSessionsTests.test_tokens_issued_after_the_switch_on_work)
Green on the old code too. ... Free trial plan not found: no trial activated for user cca63a50-b742-4584-a99e-30337afe60b4.
Cannot activate automatic trial for user cca63a50-b742-4584-a99e-30337afe60b4 (validation): ValueError
Free trial plan not found: no trial activated for user bdc42c86-f615-4c1a-aa96-3953ef2fb020.
Cannot activate automatic trial for user bdc42c86-f615-4c1a-aa96-3953ef2fb020 (validation): ValueError
ok
test_tokens_issued_before_the_switch_off_stay_dead_after_a_switch_on (users.tests_switched_off_means_out.SwitchingOffRevokesSessionsTests.test_tokens_issued_before_the_switch_off_stay_dead_after_a_switch_on) ... Free trial plan not found: no trial activated for user f52ec1dc-51ec-40ae-a3ab-356a61198bef.
Cannot activate automatic trial for user f52ec1dc-51ec-40ae-a3ab-356a61198bef (validation): ValueError
Free trial plan not found: no trial activated for user 3f47392b-828f-49f6-bcbf-ac77e8cb3378.
Cannot activate automatic trial for user 3f47392b-828f-49f6-bcbf-ac77e8cb3378 (validation): ValueError
API Exception
Traceback (most recent call last):
  File "/home/bond-servant-in-training/Documents/Virtualenvs/AutoGrader_env/lib/python3.12/site-packages/rest_framework/views.py", line 503, in dispatch
    self.initial(request, *args, **kwargs)
  File "/home/bond-servant-in-training/Documents/Virtualenvs/AutoGrader_env/lib/python3.12/site-packages/rest_framework/views.py", line 420, in initial
    self.perform_authentication(request)
  File "/home/bond-servant-in-training/Documents/Virtualenvs/AutoGrader_env/lib/python3.12/site-packages/rest_framework/views.py", line 330, in perform_authentication
    request.user
  File "/home/bond-servant-in-training/Documents/Virtualenvs/AutoGrader_env/lib/python3.12/site-packages/rest_framework/request.py", line 232, in user
    self._authenticate()
  File "/home/bond-servant-in-training/Documents/Virtualenvs/AutoGrader_env/lib/python3.12/site-packages/rest_framework/request.py", line 385, in _authenticate
    user_auth_tuple = authenticator.authenticate(self)
                      ^^^^^^^^^^^^^^^^^^^^^^^^^^^^^^^^
  File "/home/bond-servant-in-training/Documents/Projects/Grade-Automator-Plus-epic-a-merge-down-b14/users/authentication.py", line 59, in authenticate
    raise AuthenticationFailed(
rest_framework.exceptions.AuthenticationFailed: Token has been revoked. Please log in again.
API Exception
Traceback (most recent call last):
  File "/home/bond-servant-in-training/Documents/Virtualenvs/AutoGrader_env/lib/python3.12/site-packages/rest_framework/views.py", line 512, in dispatch
    response = handler(request, *args, **kwargs)
               ^^^^^^^^^^^^^^^^^^^^^^^^^^^^^^^^^
  File "/home/bond-servant-in-training/Documents/Virtualenvs/AutoGrader_env/lib/python3.12/site-packages/rest_framework_simplejwt/views.py", line 46, in post
    serializer.is_valid(raise_exception=True)
  File "/home/bond-servant-in-training/Documents/Virtualenvs/AutoGrader_env/lib/python3.12/site-packages/rest_framework/serializers.py", line 225, in is_valid
    self._validated_data = self.run_validation(self.initial_data)
                           ^^^^^^^^^^^^^^^^^^^^^^^^^^^^^^^^^^^^^^
  File "/home/bond-servant-in-training/Documents/Virtualenvs/AutoGrader_env/lib/python3.12/site-packages/rest_framework/serializers.py", line 447, in run_validation
    value = self.validate(value)
            ^^^^^^^^^^^^^^^^^^^^
  File "/home/bond-servant-in-training/Documents/Projects/Grade-Automator-Plus-epic-a-merge-down-b14/users/serializers.py", line 577, in validate
    assert_epoch_current(refresh, user)
  File "/home/bond-servant-in-training/Documents/Projects/Grade-Automator-Plus-epic-a-merge-down-b14/users/tokens.py", line 40, in assert_epoch_current
    raise InvalidToken("Token has been revoked. Please log in again.")
rest_framework_simplejwt.exceptions.InvalidToken: {'detail': ErrorDetail(string='Token has been revoked. Please log in again.', code='token_not_valid'), 'code': ErrorDetail(string='token_not_valid', code='token_not_valid')}
ok
test_a_later_add_to_another_course_keeps_the_password_they_chose (users.tests_reset_for_an_invited_student.InvitedStudentResetTests.test_a_later_add_to_another_course_keeps_the_password_they_chose)
The reason the reset stamps last_login: without it the add sees ... Free trial plan not found: no trial activated for user 49c9b81e-c1f9-44e6-a184-1e4f592dac7e.
Cannot activate automatic trial for user 49c9b81e-c1f9-44e6-a184-1e4f592dac7e (validation): ValueError
ok
test_a_licence_invited_teacher_is_sent_a_reset_code (users.tests_reset_for_an_invited_student.InvitedStudentResetTests.test_a_licence_invited_teacher_is_sent_a_reset_code) ... Free trial plan not found: no trial activated for user b7124181-4d1e-4953-8f90-f6330c201bf8.
Cannot activate automatic trial for user b7124181-4d1e-4953-8f90-f6330c201bf8 (validation): ValueError
ok
test_a_licence_invited_teachers_reset_stamps_and_signs_them_in (users.tests_reset_for_an_invited_student.InvitedStudentResetTests.test_a_licence_invited_teachers_reset_stamps_and_signs_them_in) ... Free trial plan not found: no trial activated for user 95f0e8ff-1901-4828-9b42-e3d469255aa3.
Cannot activate automatic trial for user 95f0e8ff-1901-4828-9b42-e3d469255aa3 (validation): ValueError
ok
test_a_licence_re_add_after_a_reset_keeps_the_password_they_chose (users.tests_reset_for_an_invited_student.InvitedStudentResetTests.test_a_licence_re_add_after_a_reset_keeps_the_password_they_chose)
What this row creates for teachers: an invited teacher who has ... Free trial plan not found: no trial activated for user 6310d30d-84ab-4a21-98eb-2529fad0b589.
Cannot activate automatic trial for user 6310d30d-84ab-4a21-98eb-2529fad0b589 (validation): ValueError
ok
test_a_locked_reset_sends_nothing_and_answers_the_same (users.tests_reset_for_an_invited_student.InvitedStudentResetTests.test_a_locked_reset_sends_nothing_and_answers_the_same) ... Free trial plan not found: no trial activated for user b7363ee9-ab9a-4c15-8371-8eb407a9f7ad.
Cannot activate automatic trial for user b7363ee9-ab9a-4c15-8371-8eb407a9f7ad (validation): ValueError
ok
test_a_refused_reset_leaves_the_code_and_its_budget_alone (users.tests_reset_for_an_invited_student.InvitedStudentResetTests.test_a_refused_reset_leaves_the_code_and_its_budget_alone)
Decision: the code already issued is LEFT. A refusal writes nothing ... Free trial plan not found: no trial activated for user 45cc9836-4802-40f2-9714-f54d4c8e28ad.
Cannot activate automatic trial for user 45cc9836-4802-40f2-9714-f54d4c8e28ad (validation): ValueError
API Exception
Traceback (most recent call last):
  File "/home/bond-servant-in-training/Documents/Virtualenvs/AutoGrader_env/lib/python3.12/site-packages/rest_framework/views.py", line 512, in dispatch
    response = handler(request, *args, **kwargs)
               ^^^^^^^^^^^^^^^^^^^^^^^^^^^^^^^^^
  File "/home/bond-servant-in-training/Documents/Projects/Grade-Automator-Plus-epic-a-merge-down-b14/users/views.py", line 1461, in reset_password
    raise ParseError("Invalid email, OTP code, or new password.")
rest_framework.exceptions.ParseError: Invalid email, OTP code, or new password.
ok
test_a_reset_is_refused_for_a_switched_off_never_verified_account (users.tests_reset_for_an_invited_student.InvitedStudentResetTests.test_a_reset_is_refused_for_a_switched_off_never_verified_account) ... Free trial plan not found: no trial activated for user d4767979-0d1a-4cc4-929e-d31cb2e56797.
Cannot activate automatic trial for user d4767979-0d1a-4cc4-929e-d31cb2e56797 (validation): ValueError
API Exception
Traceback (most recent call last):
  File "/home/bond-servant-in-training/Documents/Virtualenvs/AutoGrader_env/lib/python3.12/site-packages/rest_framework/views.py", line 512, in dispatch
    response = handler(request, *args, **kwargs)
               ^^^^^^^^^^^^^^^^^^^^^^^^^^^^^^^^^
  File "/home/bond-servant-in-training/Documents/Projects/Grade-Automator-Plus-epic-a-merge-down-b14/users/views.py", line 1461, in reset_password
    raise ParseError("Invalid email, OTP code, or new password.")
rest_framework.exceptions.ParseError: Invalid email, OTP code, or new password.
ok
test_a_reset_leaves_an_established_accounts_flag_alone (users.tests_reset_for_an_invited_student.InvitedStudentResetTests.test_a_reset_leaves_an_established_accounts_flag_alone)
Green on the old code too: a verified user whose flag is false ... Free trial plan not found: no trial activated for user edc1039f-67b1-4bc4-b8c9-04c07c4ed830.
Cannot activate automatic trial for user edc1039f-67b1-4bc4-b8c9-04c07c4ed830 (validation): ValueError
ok
test_a_reset_signs_the_student_in (users.tests_reset_for_an_invited_student.InvitedStudentResetTests.test_a_reset_signs_the_student_in) ... Free trial plan not found: no trial activated for user 8c243f97-0219-4901-84e7-b291839cb032.
Cannot activate automatic trial for user 8c243f97-0219-4901-84e7-b291839cb032 (validation): ValueError
ok
test_a_successful_reset_clears_must_change_password (users.tests_reset_for_an_invited_student.InvitedStudentResetTests.test_a_successful_reset_clears_must_change_password) ... Free trial plan not found: no trial activated for user 8ad9722d-6470-421c-9496-7e1af491ee3b.
Cannot activate automatic trial for user 8ad9722d-6470-421c-9496-7e1af491ee3b (validation): ValueError
ok
test_a_successful_reset_sets_the_password_and_stamps_the_email (users.tests_reset_for_an_invited_student.InvitedStudentResetTests.test_a_successful_reset_sets_the_password_and_stamps_the_email) ... Free trial plan not found: no trial activated for user 27945aba-10e5-4cd1-921f-aac547748ae0.
Cannot activate automatic trial for user 27945aba-10e5-4cd1-921f-aac547748ae0 (validation): ValueError
ok
test_a_switched_off_account_that_verified_its_email_no_longer_resets (users.tests_reset_for_an_invited_student.InvitedStudentResetTests.test_a_switched_off_account_that_verified_its_email_no_longer_resets)
REVERSED by H-202 (Senior Manager, 2026-10-08). H-164 pinned the old ... Free trial plan not found: no trial activated for user bdc9297c-d339-4cba-9282-bdf1a8082ba8.
Cannot activate automatic trial for user bdc9297c-d339-4cba-9282-bdf1a8082ba8 (validation): ValueError
API Exception
Traceback (most recent call last):
  File "/home/bond-servant-in-training/Documents/Virtualenvs/AutoGrader_env/lib/python3.12/site-packages/rest_framework/views.py", line 512, in dispatch
    response = handler(request, *args, **kwargs)
               ^^^^^^^^^^^^^^^^^^^^^^^^^^^^^^^^^
  File "/home/bond-servant-in-training/Documents/Projects/Grade-Automator-Plus-epic-a-merge-down-b14/users/views.py", line 1469, in reset_password
    raise ParseError("Invalid email, OTP code, or new password.")
rest_framework.exceptions.ParseError: Invalid email, OTP code, or new password.
ok
test_a_verified_super_admin_can_still_reset (users.tests_reset_for_an_invited_student.InvitedStudentResetTests.test_a_verified_super_admin_can_still_reset)
Green on the old code too. ... Free trial plan not found: no trial activated for user 7c8b8cc5-8447-4dc8-b37b-a36f34a89da1.
Cannot activate automatic trial for user 7c8b8cc5-8447-4dc8-b37b-a36f34a89da1 (validation): ValueError
ok
test_a_verified_super_admin_is_still_sent_a_reset_code (users.tests_reset_for_an_invited_student.InvitedStudentResetTests.test_a_verified_super_admin_is_still_sent_a_reset_code)
Green on the old code too: the refusal is for accounts that never ... Free trial plan not found: no trial activated for user 7793e756-5a01-4b34-b7fb-9c7fda1695dd.
Cannot activate automatic trial for user 7793e756-5a01-4b34-b7fb-9c7fda1695dd (validation): ValueError
ok
test_a_wrong_code_stamps_nothing (users.tests_reset_for_an_invited_student.InvitedStudentResetTests.test_a_wrong_code_stamps_nothing) ... Free trial plan not found: no trial activated for user f2fcebfa-0939-4663-bdf3-e4160b7c43e7.
Cannot activate automatic trial for user f2fcebfa-0939-4663-bdf3-e4160b7c43e7 (validation): ValueError
API Exception
Traceback (most recent call last):
  File "/home/bond-servant-in-training/Documents/Virtualenvs/AutoGrader_env/lib/python3.12/site-packages/rest_framework/views.py", line 512, in dispatch
    response = handler(request, *args, **kwargs)
               ^^^^^^^^^^^^^^^^^^^^^^^^^^^^^^^^^
  File "/home/bond-servant-in-training/Documents/Projects/Grade-Automator-Plus-epic-a-merge-down-b14/users/views.py", line 1501, in reset_password
    raise ParseError("Invalid email, OTP code, or new password.")
rest_framework.exceptions.ParseError: Invalid email, OTP code, or new password.
ok
test_an_inactive_never_verified_row_is_still_refused (users.tests_reset_for_an_invited_student.InvitedStudentResetTests.test_an_inactive_never_verified_row_is_still_refused)
Green on the old code too: a self-registered row or an old-scheme ... Free trial plan not found: no trial activated for user 6b3d834b-8d83-4595-addc-ab41ce810b63.
Cannot activate automatic trial for user 6b3d834b-8d83-4595-addc-ab41ce810b63 (validation): ValueError
API Exception
Traceback (most recent call last):
  File "/home/bond-servant-in-training/Documents/Virtualenvs/AutoGrader_env/lib/python3.12/site-packages/rest_framework/views.py", line 512, in dispatch
    response = handler(request, *args, **kwargs)
               ^^^^^^^^^^^^^^^^^^^^^^^^^^^^^^^^^
  File "/home/bond-servant-in-training/Documents/Projects/Grade-Automator-Plus-epic-a-merge-down-b14/users/views.py", line 1261, in otp
    raise ParseError("Email not verified.")
rest_framework.exceptions.ParseError: Email not verified.
ok
test_an_invited_student_who_never_signed_in_is_sent_a_reset_code (users.tests_reset_for_an_invited_student.InvitedStudentResetTests.test_an_invited_student_who_never_signed_in_is_sent_a_reset_code) ... Free trial plan not found: no trial activated for user 070a6e10-bb4d-4543-a52b-ca724134f0c3.
Cannot activate automatic trial for user 070a6e10-bb4d-4543-a52b-ca724134f0c3 (validation): ValueError
ok
test_that_refusal_is_the_same_as_for_an_address_with_no_account (users.tests_reset_for_an_invited_student.InvitedStudentResetTests.test_that_refusal_is_the_same_as_for_an_address_with_no_account) ... Free trial plan not found: no trial activated for user bb3524ca-3299-4fab-af28-b9882100cf7b.
Cannot activate automatic trial for user bb3524ca-3299-4fab-af28-b9882100cf7b (validation): ValueError
API Exception
Traceback (most recent call last):
  File "/home/bond-servant-in-training/Documents/Virtualenvs/AutoGrader_env/lib/python3.12/site-packages/rest_framework/views.py", line 512, in dispatch
    response = handler(request, *args, **kwargs)
               ^^^^^^^^^^^^^^^^^^^^^^^^^^^^^^^^^
  File "/home/bond-servant-in-training/Documents/Projects/Grade-Automator-Plus-epic-a-merge-down-b14/users/views.py", line 1461, in reset_password
    raise ParseError("Invalid email, OTP code, or new password.")
rest_framework.exceptions.ParseError: Invalid email, OTP code, or new password.
API Exception
Exception

The above exception was the direct cause of the following exception:

Traceback (most recent call last):
  File "/home/bond-servant-in-training/Documents/Virtualenvs/AutoGrader_env/lib/python3.12/site-packages/rest_framework/views.py", line 512, in dispatch
    response = handler(request, *args, **kwargs)
               ^^^^^^^^^^^^^^^^^^^^^^^^^^^^^^^^^
  File "/home/bond-servant-in-training/Documents/Projects/Grade-Automator-Plus-epic-a-merge-down-b14/users/views.py", line 1451, in reset_password
    raise ParseError("Invalid email, OTP code, or new password.") from Exception
rest_framework.exceptions.ParseError: Invalid email, OTP code, or new password.
ok
test_that_refusal_says_what_the_inactive_refusal_says (users.tests_reset_for_an_invited_student.InvitedStudentResetTests.test_that_refusal_says_what_the_inactive_refusal_says) ... Free trial plan not found: no trial activated for user 237e101c-3f7a-412a-961c-6fa5ec20ecbd.
Cannot activate automatic trial for user 237e101c-3f7a-412a-961c-6fa5ec20ecbd (validation): ValueError
Free trial plan not found: no trial activated for user 922da714-e63c-416a-8c29-841701f89c55.
Cannot activate automatic trial for user 922da714-e63c-416a-8c29-841701f89c55 (validation): ValueError
API Exception
Traceback (most recent call last):
  File "/home/bond-servant-in-training/Documents/Virtualenvs/AutoGrader_env/lib/python3.12/site-packages/rest_framework/views.py", line 512, in dispatch
    response = handler(request, *args, **kwargs)
               ^^^^^^^^^^^^^^^^^^^^^^^^^^^^^^^^^
  File "/home/bond-servant-in-training/Documents/Projects/Grade-Automator-Plus-epic-a-merge-down-b14/users/views.py", line 1261, in otp
    raise ParseError("Email not verified.")
rest_framework.exceptions.ParseError: Email not verified.
API Exception
Traceback (most recent call last):
  File "/home/bond-servant-in-training/Documents/Virtualenvs/AutoGrader_env/lib/python3.12/site-packages/rest_framework/views.py", line 512, in dispatch
    response = handler(request, *args, **kwargs)
               ^^^^^^^^^^^^^^^^^^^^^^^^^^^^^^^^^
  File "/home/bond-servant-in-training/Documents/Projects/Grade-Automator-Plus-epic-a-merge-down-b14/users/views.py", line 1261, in otp
    raise ParseError("Email not verified.")
rest_framework.exceptions.ParseError: Email not verified.
ok
test_that_reset_refusal_is_the_same_as_for_an_address_with_no_account (users.tests_reset_for_an_invited_student.InvitedStudentResetTests.test_that_reset_refusal_is_the_same_as_for_an_address_with_no_account) ... Free trial plan not found: no trial activated for user 17d8c880-7aa1-44d7-990f-3e89289d6953.
Cannot activate automatic trial for user 17d8c880-7aa1-44d7-990f-3e89289d6953 (validation): ValueError
Free trial plan not found: no trial activated for user e8651d7c-f0b1-4cb4-8ce6-d4a1714f79a2.
Cannot activate automatic trial for user e8651d7c-f0b1-4cb4-8ce6-d4a1714f79a2 (validation): ValueError
API Exception
Traceback (most recent call last):
  File "/home/bond-servant-in-training/Documents/Virtualenvs/AutoGrader_env/lib/python3.12/site-packages/rest_framework/views.py", line 512, in dispatch
    response = handler(request, *args, **kwargs)
               ^^^^^^^^^^^^^^^^^^^^^^^^^^^^^^^^^
  File "/home/bond-servant-in-training/Documents/Projects/Grade-Automator-Plus-epic-a-merge-down-b14/users/views.py", line 1461, in reset_password
    raise ParseError("Invalid email, OTP code, or new password.")
rest_framework.exceptions.ParseError: Invalid email, OTP code, or new password.
API Exception
Exception

The above exception was the direct cause of the following exception:

Traceback (most recent call last):
  File "/home/bond-servant-in-training/Documents/Virtualenvs/AutoGrader_env/lib/python3.12/site-packages/rest_framework/views.py", line 512, in dispatch
    response = handler(request, *args, **kwargs)
               ^^^^^^^^^^^^^^^^^^^^^^^^^^^^^^^^^
  File "/home/bond-servant-in-training/Documents/Projects/Grade-Automator-Plus-epic-a-merge-down-b14/users/views.py", line 1451, in reset_password
    raise ParseError("Invalid email, OTP code, or new password.") from Exception
rest_framework.exceptions.ParseError: Invalid email, OTP code, or new password.
ok
test_the_reply_is_the_same_as_for_an_address_with_no_account (users.tests_reset_for_an_invited_student.InvitedStudentResetTests.test_the_reply_is_the_same_as_for_an_address_with_no_account) ... Free trial plan not found: no trial activated for user ab872d43-9971-40c8-9602-22a3f45d3d25.
Cannot activate automatic trial for user ab872d43-9971-40c8-9602-22a3f45d3d25 (validation): ValueError
ok
test_the_request_alone_does_not_verify_the_email (users.tests_reset_for_an_invited_student.InvitedStudentResetTests.test_the_request_alone_does_not_verify_the_email) ... Free trial plan not found: no trial activated for user 24952794-e05d-4f00-b465-4f63b00c7291.
Cannot activate automatic trial for user 24952794-e05d-4f00-b465-4f63b00c7291 (validation): ValueError
ok
test_the_request_refuses_a_command_line_superuser (users.tests_reset_for_an_invited_student.InvitedStudentResetTests.test_the_request_refuses_a_command_line_superuser)
create_superuser sets is_staff and is_superuser and leaves the ... Free trial plan not found: no trial activated for user 8f400d6e-30c1-49a9-b46f-1f58c81aa216.
Cannot activate automatic trial for user 8f400d6e-30c1-49a9-b46f-1f58c81aa216 (validation): ValueError
Free trial plan not found: no trial activated for user e7a3f86d-d2ba-4e34-b1a0-bbc716e4f31a.
Cannot activate automatic trial for user e7a3f86d-d2ba-4e34-b1a0-bbc716e4f31a (validation): ValueError
API Exception
Traceback (most recent call last):
  File "/home/bond-servant-in-training/Documents/Virtualenvs/AutoGrader_env/lib/python3.12/site-packages/rest_framework/views.py", line 512, in dispatch
    response = handler(request, *args, **kwargs)
               ^^^^^^^^^^^^^^^^^^^^^^^^^^^^^^^^^
  File "/home/bond-servant-in-training/Documents/Projects/Grade-Automator-Plus-epic-a-merge-down-b14/users/views.py", line 1261, in otp
    raise ParseError("Email not verified.")
rest_framework.exceptions.ParseError: Email not verified.
ok
test_the_request_refuses_a_never_verified_staff_account (users.tests_reset_for_an_invited_student.InvitedStudentResetTests.test_the_request_refuses_a_never_verified_staff_account) ... Free trial plan not found: no trial activated for user d5cc2f48-a9c6-4fe2-9476-127865777527.
Cannot activate automatic trial for user d5cc2f48-a9c6-4fe2-9476-127865777527 (validation): ValueError
Free trial plan not found: no trial activated for user 0a419179-a418-4fed-8e2d-6ee29a9b4ae3.
Cannot activate automatic trial for user 0a419179-a418-4fed-8e2d-6ee29a9b4ae3 (validation): ValueError
API Exception
Traceback (most recent call last):
  File "/home/bond-servant-in-training/Documents/Virtualenvs/AutoGrader_env/lib/python3.12/site-packages/rest_framework/views.py", line 512, in dispatch
    response = handler(request, *args, **kwargs)
               ^^^^^^^^^^^^^^^^^^^^^^^^^^^^^^^^^
  File "/home/bond-servant-in-training/Documents/Projects/Grade-Automator-Plus-epic-a-merge-down-b14/users/views.py", line 1261, in otp
    raise ParseError("Email not verified.")
rest_framework.exceptions.ParseError: Email not verified.
ok
test_the_request_refuses_a_never_verified_super_admin_type (users.tests_reset_for_an_invited_student.InvitedStudentResetTests.test_the_request_refuses_a_never_verified_super_admin_type) ... Free trial plan not found: no trial activated for user a732221d-0256-424f-8762-f28ab61ad83a.
Cannot activate automatic trial for user a732221d-0256-424f-8762-f28ab61ad83a (validation): ValueError
API Exception
Traceback (most recent call last):
  File "/home/bond-servant-in-training/Documents/Virtualenvs/AutoGrader_env/lib/python3.12/site-packages/rest_framework/views.py", line 512, in dispatch
    response = handler(request, *args, **kwargs)
               ^^^^^^^^^^^^^^^^^^^^^^^^^^^^^^^^^
  File "/home/bond-servant-in-training/Documents/Projects/Grade-Automator-Plus-epic-a-merge-down-b14/users/views.py", line 1261, in otp
    raise ParseError("Email not verified.")
rest_framework.exceptions.ParseError: Email not verified.
ok
test_the_request_refuses_a_never_verified_superuser_flag (users.tests_reset_for_an_invited_student.InvitedStudentResetTests.test_the_request_refuses_a_never_verified_superuser_flag) ... Free trial plan not found: no trial activated for user 290d9b67-db95-4b35-b1c4-b674cbe0a632.
Cannot activate automatic trial for user 290d9b67-db95-4b35-b1c4-b674cbe0a632 (validation): ValueError
Free trial plan not found: no trial activated for user 29f4f92c-8ad7-4cef-8746-52f7033f89ad.
Cannot activate automatic trial for user 29f4f92c-8ad7-4cef-8746-52f7033f89ad (validation): ValueError
API Exception
Traceback (most recent call last):
  File "/home/bond-servant-in-training/Documents/Virtualenvs/AutoGrader_env/lib/python3.12/site-packages/rest_framework/views.py", line 512, in dispatch
    response = handler(request, *args, **kwargs)
               ^^^^^^^^^^^^^^^^^^^^^^^^^^^^^^^^^
  File "/home/bond-servant-in-training/Documents/Projects/Grade-Automator-Plus-epic-a-merge-down-b14/users/views.py", line 1261, in otp
    raise ParseError("Email not verified.")
rest_framework.exceptions.ParseError: Email not verified.
ok
test_the_reset_refuses_a_command_line_superuser (users.tests_reset_for_an_invited_student.InvitedStudentResetTests.test_the_reset_refuses_a_command_line_superuser) ... Free trial plan not found: no trial activated for user 6caac70f-d22c-457d-9af2-c7ec872e80a4.
Cannot activate automatic trial for user 6caac70f-d22c-457d-9af2-c7ec872e80a4 (validation): ValueError
Free trial plan not found: no trial activated for user 6c66b3ff-9cf9-4940-a011-79e1cb4f5a9f.
Cannot activate automatic trial for user 6c66b3ff-9cf9-4940-a011-79e1cb4f5a9f (validation): ValueError
API Exception
Traceback (most recent call last):
  File "/home/bond-servant-in-training/Documents/Virtualenvs/AutoGrader_env/lib/python3.12/site-packages/rest_framework/views.py", line 512, in dispatch
    response = handler(request, *args, **kwargs)
               ^^^^^^^^^^^^^^^^^^^^^^^^^^^^^^^^^
  File "/home/bond-servant-in-training/Documents/Projects/Grade-Automator-Plus-epic-a-merge-down-b14/users/views.py", line 1461, in reset_password
    raise ParseError("Invalid email, OTP code, or new password.")
rest_framework.exceptions.ParseError: Invalid email, OTP code, or new password.
ok
test_the_reset_refuses_a_never_verified_staff_account (users.tests_reset_for_an_invited_student.InvitedStudentResetTests.test_the_reset_refuses_a_never_verified_staff_account) ... Free trial plan not found: no trial activated for user c25603a5-cd41-41bd-a65a-e47869ae7693.
Cannot activate automatic trial for user c25603a5-cd41-41bd-a65a-e47869ae7693 (validation): ValueError
Free trial plan not found: no trial activated for user 4a9672c6-fe7a-4ca5-8ad4-bfb842dabad4.
Cannot activate automatic trial for user 4a9672c6-fe7a-4ca5-8ad4-bfb842dabad4 (validation): ValueError
API Exception
Traceback (most recent call last):
  File "/home/bond-servant-in-training/Documents/Virtualenvs/AutoGrader_env/lib/python3.12/site-packages/rest_framework/views.py", line 512, in dispatch
    response = handler(request, *args, **kwargs)
               ^^^^^^^^^^^^^^^^^^^^^^^^^^^^^^^^^
  File "/home/bond-servant-in-training/Documents/Projects/Grade-Automator-Plus-epic-a-merge-down-b14/users/views.py", line 1461, in reset_password
    raise ParseError("Invalid email, OTP code, or new password.")
rest_framework.exceptions.ParseError: Invalid email, OTP code, or new password.
ok
test_the_reset_refuses_a_never_verified_super_admin_type (users.tests_reset_for_an_invited_student.InvitedStudentResetTests.test_the_reset_refuses_a_never_verified_super_admin_type) ... Free trial plan not found: no trial activated for user 6cae6612-766e-465f-b769-4088c23244ce.
Cannot activate automatic trial for user 6cae6612-766e-465f-b769-4088c23244ce (validation): ValueError
API Exception
Traceback (most recent call last):
  File "/home/bond-servant-in-training/Documents/Virtualenvs/AutoGrader_env/lib/python3.12/site-packages/rest_framework/views.py", line 512, in dispatch
    response = handler(request, *args, **kwargs)
               ^^^^^^^^^^^^^^^^^^^^^^^^^^^^^^^^^
  File "/home/bond-servant-in-training/Documents/Projects/Grade-Automator-Plus-epic-a-merge-down-b14/users/views.py", line 1461, in reset_password
    raise ParseError("Invalid email, OTP code, or new password.")
rest_framework.exceptions.ParseError: Invalid email, OTP code, or new password.
ok
test_the_reset_refuses_a_never_verified_superuser_flag (users.tests_reset_for_an_invited_student.InvitedStudentResetTests.test_the_reset_refuses_a_never_verified_superuser_flag) ... Free trial plan not found: no trial activated for user c160ce1b-80ba-47a9-9c4d-ddf132c77b5d.
Cannot activate automatic trial for user c160ce1b-80ba-47a9-9c4d-ddf132c77b5d (validation): ValueError
Free trial plan not found: no trial activated for user 27e71cea-5ae6-43dc-8cd4-26ae71d15367.
Cannot activate automatic trial for user 27e71cea-5ae6-43dc-8cd4-26ae71d15367 (validation): ValueError
API Exception
Traceback (most recent call last):
  File "/home/bond-servant-in-training/Documents/Virtualenvs/AutoGrader_env/lib/python3.12/site-packages/rest_framework/views.py", line 512, in dispatch
    response = handler(request, *args, **kwargs)
               ^^^^^^^^^^^^^^^^^^^^^^^^^^^^^^^^^
  File "/home/bond-servant-in-training/Documents/Projects/Grade-Automator-Plus-epic-a-merge-down-b14/users/views.py", line 1461, in reset_password
    raise ParseError("Invalid email, OTP code, or new password.")
rest_framework.exceptions.ParseError: Invalid email, OTP code, or new password.
ok
test_a_licence_invited_teacher_still_verifies_end_to_end (users.tests_reset_for_an_invited_student.VerifyEmailAdminPowerTests.test_a_licence_invited_teacher_still_verifies_end_to_end)
Green on the old code too: an active, never-verified licence ... Free trial plan not found: no trial activated for user eb6e8e3c-6a4e-477c-9d53-7667512dad6f.
Cannot activate automatic trial for user eb6e8e3c-6a4e-477c-9d53-7667512dad6f (validation): ValueError
ok
test_a_refused_verify_on_an_admin_power_account_locks_the_address_like_a_wrong_guess (users.tests_reset_for_an_invited_student.VerifyEmailAdminPowerTests.test_a_refused_verify_on_an_admin_power_account_locks_the_address_like_a_wrong_guess)
The budget is spent as for a wrong guess only if the address is ... Free trial plan not found: no trial activated for user e6269589-279b-4f7a-b96d-f2c58c1801e4.
Cannot activate automatic trial for user e6269589-279b-4f7a-b96d-f2c58c1801e4 (validation): ValueError
API Exception
Traceback (most recent call last):
  File "/home/bond-servant-in-training/Documents/Virtualenvs/AutoGrader_env/lib/python3.12/site-packages/rest_framework/views.py", line 512, in dispatch
    response = handler(request, *args, **kwargs)
               ^^^^^^^^^^^^^^^^^^^^^^^^^^^^^^^^^
  File "/home/bond-servant-in-training/Documents/Projects/Grade-Automator-Plus-epic-a-merge-down-b14/users/views.py", line 1076, in verify
    refuse("Invalid email or token.")
TypeError: AuthViewSet.verify.<locals>.refuse() missing 2 required positional arguments: 'account' and 'reason_code'


django.request ERROR 2026-10-09 10:06:57,999 log 943507 125293898517440 [request_id=- client_request_id=-] Internal Server Error: /api/v1/auth/verify


API Exception
Traceback (most recent call last):
  File "/home/bond-servant-in-training/Documents/Virtualenvs/AutoGrader_env/lib/python3.12/site-packages/rest_framework/views.py", line 512, in dispatch
    response = handler(request, *args, **kwargs)
               ^^^^^^^^^^^^^^^^^^^^^^^^^^^^^^^^^
  File "/home/bond-servant-in-training/Documents/Projects/Grade-Automator-Plus-epic-a-merge-down-b14/users/views.py", line 1076, in verify
    refuse("Invalid email or token.")
TypeError: AuthViewSet.verify.<locals>.refuse() missing 2 required positional arguments: 'account' and 'reason_code'


django.request ERROR 2026-10-09 10:06:58,009 log 943507 125293898517440 [request_id=- client_request_id=-] Internal Server Error: /api/v1/auth/verify


FAIL
test_a_refused_verify_spends_the_budget_like_a_wrong_guess (users.tests_reset_for_an_invited_student.VerifyEmailAdminPowerTests.test_a_refused_verify_spends_the_budget_like_a_wrong_guess) ... Free trial plan not found: no trial activated for user 3b1eb1d0-d34e-4a8f-bdc6-41cb57a17822.
Cannot activate automatic trial for user 3b1eb1d0-d34e-4a8f-bdc6-41cb57a17822 (validation): ValueError
API Exception
Traceback (most recent call last):
  File "/home/bond-servant-in-training/Documents/Virtualenvs/AutoGrader_env/lib/python3.12/site-packages/rest_framework/views.py", line 512, in dispatch
    response = handler(request, *args, **kwargs)
               ^^^^^^^^^^^^^^^^^^^^^^^^^^^^^^^^^
  File "/home/bond-servant-in-training/Documents/Projects/Grade-Automator-Plus-epic-a-merge-down-b14/users/views.py", line 1076, in verify
    refuse("Invalid email or token.")
TypeError: AuthViewSet.verify.<locals>.refuse() missing 2 required positional arguments: 'account' and 'reason_code'


django.request ERROR 2026-10-09 10:06:58,044 log 943507 125293898517440 [request_id=- client_request_id=-] Internal Server Error: /api/v1/auth/verify


API Exception
Traceback (most recent call last):
  File "/home/bond-servant-in-training/Documents/Virtualenvs/AutoGrader_env/lib/python3.12/site-packages/rest_framework/views.py", line 512, in dispatch
    response = handler(request, *args, **kwargs)
               ^^^^^^^^^^^^^^^^^^^^^^^^^^^^^^^^^
  File "/home/bond-servant-in-training/Documents/Projects/Grade-Automator-Plus-epic-a-merge-down-b14/users/views.py", line 1076, in verify
    refuse("Invalid email or token.")
TypeError: AuthViewSet.verify.<locals>.refuse() missing 2 required positional arguments: 'account' and 'reason_code'


django.request ERROR 2026-10-09 10:06:58,050 log 943507 125293898517440 [request_id=- client_request_id=-] Internal Server Error: /api/v1/auth/verify


API Exception
Traceback (most recent call last):
  File "/home/bond-servant-in-training/Documents/Virtualenvs/AutoGrader_env/lib/python3.12/site-packages/rest_framework/views.py", line 512, in dispatch
    response = handler(request, *args, **kwargs)
               ^^^^^^^^^^^^^^^^^^^^^^^^^^^^^^^^^
  File "/home/bond-servant-in-training/Documents/Projects/Grade-Automator-Plus-epic-a-merge-down-b14/users/views.py", line 1036, in verify
    raise EnvelopedThrottled(
users.exceptions.EnvelopedThrottled: Too many incorrect codes for this email address. Please wait, then request a new verification email. Expected available in 1800 seconds.
ok
test_a_verified_admin_can_still_verify (users.tests_reset_for_an_invited_student.VerifyEmailAdminPowerTests.test_a_verified_admin_can_still_verify)
Green on the old code too. ... ok
test_a_verified_admin_still_gets_the_already_verified_answer (users.tests_reset_for_an_invited_student.VerifyEmailAdminPowerTests.test_a_verified_admin_still_gets_the_already_verified_answer)
Green on the old code too. ... API Exception
Traceback (most recent call last):
  File "/home/bond-servant-in-training/Documents/Virtualenvs/AutoGrader_env/lib/python3.12/site-packages/rest_framework/views.py", line 512, in dispatch
    response = handler(request, *args, **kwargs)
               ^^^^^^^^^^^^^^^^^^^^^^^^^^^^^^^^^
  File "/home/bond-servant-in-training/Documents/Projects/Grade-Automator-Plus-epic-a-merge-down-b14/users/views.py", line 1228, in otp
    raise ParseError("Email already verified. Please login.")
rest_framework.exceptions.ParseError: Email already verified. Please login.
ok
test_an_invited_school_admin_still_verifies (users.tests_reset_for_an_invited_student.VerifyEmailAdminPowerTests.test_an_invited_school_admin_still_verifies)
Green on the old code too: an invited school admin (inactive, ... ok
test_an_ordinary_unverified_user_still_activates_end_to_end (users.tests_reset_for_an_invited_student.VerifyEmailAdminPowerTests.test_an_ordinary_unverified_user_still_activates_end_to_end)
Green on the old code too: a self-registered account (inactive, ... Free trial plan not found: no trial activated for user bc274f6b-644e-4687-87b2-9b3a219708c6.
Cannot activate automatic trial for user bc274f6b-644e-4687-87b2-9b3a219708c6 (validation): ValueError
ok
test_that_code_request_answer_for_a_staff_account_is_the_unknown_ones (users.tests_reset_for_an_invited_student.VerifyEmailAdminPowerTests.test_that_code_request_answer_for_a_staff_account_is_the_unknown_ones) ... Free trial plan not found: no trial activated for user b70988c1-50c0-477c-8e69-ee2bfc44fb2f.
Cannot activate automatic trial for user b70988c1-50c0-477c-8e69-ee2bfc44fb2f (validation): ValueError
ok
test_that_code_request_answer_for_a_super_admin_type_is_the_unknown_ones (users.tests_reset_for_an_invited_student.VerifyEmailAdminPowerTests.test_that_code_request_answer_for_a_super_admin_type_is_the_unknown_ones) ... ok
test_that_code_request_answer_for_a_superuser_flag_is_the_unknown_ones (users.tests_reset_for_an_invited_student.VerifyEmailAdminPowerTests.test_that_code_request_answer_for_a_superuser_flag_is_the_unknown_ones) ... Free trial plan not found: no trial activated for user ded99a4c-8103-43f2-b73c-e05fcb3a8f62.
Cannot activate automatic trial for user ded99a4c-8103-43f2-b73c-e05fcb3a8f62 (validation): ValueError
ok
test_that_verify_refusal_for_a_staff_account_is_the_wrong_code_one (users.tests_reset_for_an_invited_student.VerifyEmailAdminPowerTests.test_that_verify_refusal_for_a_staff_account_is_the_wrong_code_one) ... Free trial plan not found: no trial activated for user dba859dd-b7e7-4daa-afab-de5b15346b92.
Cannot activate automatic trial for user dba859dd-b7e7-4daa-afab-de5b15346b92 (validation): ValueError
API Exception
Traceback (most recent call last):
  File "/home/bond-servant-in-training/Documents/Virtualenvs/AutoGrader_env/lib/python3.12/site-packages/rest_framework/views.py", line 512, in dispatch
    response = handler(request, *args, **kwargs)
               ^^^^^^^^^^^^^^^^^^^^^^^^^^^^^^^^^
  File "/home/bond-servant-in-training/Documents/Projects/Grade-Automator-Plus-epic-a-merge-down-b14/users/views.py", line 1076, in verify
    refuse("Invalid email or token.")
TypeError: AuthViewSet.verify.<locals>.refuse() missing 2 required positional arguments: 'account' and 'reason_code'


django.request ERROR 2026-10-09 10:06:58,310 log 943507 125293898517440 [request_id=- client_request_id=-] Internal Server Error: /api/v1/auth/verify


API Exception
Traceback (most recent call last):
  File "/home/bond-servant-in-training/Documents/Virtualenvs/AutoGrader_env/lib/python3.12/site-packages/rest_framework/views.py", line 512, in dispatch
    response = handler(request, *args, **kwargs)
               ^^^^^^^^^^^^^^^^^^^^^^^^^^^^^^^^^
  File "/home/bond-servant-in-training/Documents/Projects/Grade-Automator-Plus-epic-a-merge-down-b14/users/views.py", line 1068, in verify
    refuse("Invalid email or token.", account_for_email(email), "INVALID_CODE")
  File "/home/bond-servant-in-training/Documents/Projects/Grade-Automator-Plus-epic-a-merge-down-b14/users/views.py", line 1064, in refuse
    raise ParseError(message)
rest_framework.exceptions.ParseError: Invalid email or token.
FAIL
test_that_verify_refusal_for_a_super_admin_type_is_the_wrong_code_one (users.tests_reset_for_an_invited_student.VerifyEmailAdminPowerTests.test_that_verify_refusal_for_a_super_admin_type_is_the_wrong_code_one) ... API Exception
Traceback (most recent call last):
  File "/home/bond-servant-in-training/Documents/Virtualenvs/AutoGrader_env/lib/python3.12/site-packages/rest_framework/views.py", line 512, in dispatch
    response = handler(request, *args, **kwargs)
               ^^^^^^^^^^^^^^^^^^^^^^^^^^^^^^^^^
  File "/home/bond-servant-in-training/Documents/Projects/Grade-Automator-Plus-epic-a-merge-down-b14/users/views.py", line 1076, in verify
    refuse("Invalid email or token.")
TypeError: AuthViewSet.verify.<locals>.refuse() missing 2 required positional arguments: 'account' and 'reason_code'


django.request ERROR 2026-10-09 10:06:58,337 log 943507 125293898517440 [request_id=- client_request_id=-] Internal Server Error: /api/v1/auth/verify


API Exception
Traceback (most recent call last):
  File "/home/bond-servant-in-training/Documents/Virtualenvs/AutoGrader_env/lib/python3.12/site-packages/rest_framework/views.py", line 512, in dispatch
    response = handler(request, *args, **kwargs)
               ^^^^^^^^^^^^^^^^^^^^^^^^^^^^^^^^^
  File "/home/bond-servant-in-training/Documents/Projects/Grade-Automator-Plus-epic-a-merge-down-b14/users/views.py", line 1068, in verify
    refuse("Invalid email or token.", account_for_email(email), "INVALID_CODE")
  File "/home/bond-servant-in-training/Documents/Projects/Grade-Automator-Plus-epic-a-merge-down-b14/users/views.py", line 1064, in refuse
    raise ParseError(message)
rest_framework.exceptions.ParseError: Invalid email or token.
FAIL
test_that_verify_refusal_for_a_superuser_flag_is_the_wrong_code_one (users.tests_reset_for_an_invited_student.VerifyEmailAdminPowerTests.test_that_verify_refusal_for_a_superuser_flag_is_the_wrong_code_one) ... Free trial plan not found: no trial activated for user e40e7645-1251-4202-b5c7-2e5d9a6b0abb.
Cannot activate automatic trial for user e40e7645-1251-4202-b5c7-2e5d9a6b0abb (validation): ValueError
API Exception
Traceback (most recent call last):
  File "/home/bond-servant-in-training/Documents/Virtualenvs/AutoGrader_env/lib/python3.12/site-packages/rest_framework/views.py", line 512, in dispatch
    response = handler(request, *args, **kwargs)
               ^^^^^^^^^^^^^^^^^^^^^^^^^^^^^^^^^
  File "/home/bond-servant-in-training/Documents/Projects/Grade-Automator-Plus-epic-a-merge-down-b14/users/views.py", line 1076, in verify
    refuse("Invalid email or token.")
TypeError: AuthViewSet.verify.<locals>.refuse() missing 2 required positional arguments: 'account' and 'reason_code'


django.request ERROR 2026-10-09 10:06:58,379 log 943507 125293898517440 [request_id=- client_request_id=-] Internal Server Error: /api/v1/auth/verify


API Exception
Traceback (most recent call last):
  File "/home/bond-servant-in-training/Documents/Virtualenvs/AutoGrader_env/lib/python3.12/site-packages/rest_framework/views.py", line 512, in dispatch
    response = handler(request, *args, **kwargs)
               ^^^^^^^^^^^^^^^^^^^^^^^^^^^^^^^^^
  File "/home/bond-servant-in-training/Documents/Projects/Grade-Automator-Plus-epic-a-merge-down-b14/users/views.py", line 1068, in verify
    refuse("Invalid email or token.", account_for_email(email), "INVALID_CODE")
  File "/home/bond-servant-in-training/Documents/Projects/Grade-Automator-Plus-epic-a-merge-down-b14/users/views.py", line 1064, in refuse
    raise ParseError(message)
rest_framework.exceptions.ParseError: Invalid email or token.
FAIL
test_the_code_request_sends_nothing_to_a_command_line_superuser (users.tests_reset_for_an_invited_student.VerifyEmailAdminPowerTests.test_the_code_request_sends_nothing_to_a_command_line_superuser) ... Free trial plan not found: no trial activated for user 23aea6db-665f-4122-9c23-f77c90a4c8ba.
Cannot activate automatic trial for user 23aea6db-665f-4122-9c23-f77c90a4c8ba (validation): ValueError
ok
test_the_code_request_sends_nothing_to_a_never_verified_staff_account (users.tests_reset_for_an_invited_student.VerifyEmailAdminPowerTests.test_the_code_request_sends_nothing_to_a_never_verified_staff_account) ... Free trial plan not found: no trial activated for user 4abbcc15-acc2-4cd2-b6a1-4d1d0ecf3cfb.
Cannot activate automatic trial for user 4abbcc15-acc2-4cd2-b6a1-4d1d0ecf3cfb (validation): ValueError
ok
test_the_code_request_sends_nothing_to_a_never_verified_super_admin_type (users.tests_reset_for_an_invited_student.VerifyEmailAdminPowerTests.test_the_code_request_sends_nothing_to_a_never_verified_super_admin_type) ... ok
test_the_code_request_sends_nothing_to_a_never_verified_superuser_flag (users.tests_reset_for_an_invited_student.VerifyEmailAdminPowerTests.test_the_code_request_sends_nothing_to_a_never_verified_superuser_flag) ... Free trial plan not found: no trial activated for user 298587c5-c962-488c-83b9-5fdcfad162cf.
Cannot activate automatic trial for user 298587c5-c962-488c-83b9-5fdcfad162cf (validation): ValueError
ok
test_verify_refuses_a_command_line_superuser (users.tests_reset_for_an_invited_student.VerifyEmailAdminPowerTests.test_verify_refuses_a_command_line_superuser) ... Free trial plan not found: no trial activated for user bd6d190f-4e2b-4a23-aa40-ad6e53c5d5b1.
Cannot activate automatic trial for user bd6d190f-4e2b-4a23-aa40-ad6e53c5d5b1 (validation): ValueError
API Exception
Traceback (most recent call last):
  File "/home/bond-servant-in-training/Documents/Virtualenvs/AutoGrader_env/lib/python3.12/site-packages/rest_framework/views.py", line 512, in dispatch
    response = handler(request, *args, **kwargs)
               ^^^^^^^^^^^^^^^^^^^^^^^^^^^^^^^^^
  File "/home/bond-servant-in-training/Documents/Projects/Grade-Automator-Plus-epic-a-merge-down-b14/users/views.py", line 1076, in verify
    refuse("Invalid email or token.")
TypeError: AuthViewSet.verify.<locals>.refuse() missing 2 required positional arguments: 'account' and 'reason_code'


django.request ERROR 2026-10-09 10:06:58,526 log 943507 125293898517440 [request_id=- client_request_id=-] Internal Server Error: /api/v1/auth/verify


FAIL
test_verify_refuses_a_never_verified_staff_account (users.tests_reset_for_an_invited_student.VerifyEmailAdminPowerTests.test_verify_refuses_a_never_verified_staff_account) ... Free trial plan not found: no trial activated for user 8432376b-a87b-4e37-aa6f-a0782fa8484f.
Cannot activate automatic trial for user 8432376b-a87b-4e37-aa6f-a0782fa8484f (validation): ValueError
API Exception
Traceback (most recent call last):
  File "/home/bond-servant-in-training/Documents/Virtualenvs/AutoGrader_env/lib/python3.12/site-packages/rest_framework/views.py", line 512, in dispatch
    response = handler(request, *args, **kwargs)
               ^^^^^^^^^^^^^^^^^^^^^^^^^^^^^^^^^
  File "/home/bond-servant-in-training/Documents/Projects/Grade-Automator-Plus-epic-a-merge-down-b14/users/views.py", line 1076, in verify
    refuse("Invalid email or token.")
TypeError: AuthViewSet.verify.<locals>.refuse() missing 2 required positional arguments: 'account' and 'reason_code'


django.request ERROR 2026-10-09 10:06:58,559 log 943507 125293898517440 [request_id=- client_request_id=-] Internal Server Error: /api/v1/auth/verify


FAIL
test_verify_refuses_a_never_verified_super_admin_type (users.tests_reset_for_an_invited_student.VerifyEmailAdminPowerTests.test_verify_refuses_a_never_verified_super_admin_type) ... API Exception
Traceback (most recent call last):
  File "/home/bond-servant-in-training/Documents/Virtualenvs/AutoGrader_env/lib/python3.12/site-packages/rest_framework/views.py", line 512, in dispatch
    response = handler(request, *args, **kwargs)
               ^^^^^^^^^^^^^^^^^^^^^^^^^^^^^^^^^
  File "/home/bond-servant-in-training/Documents/Projects/Grade-Automator-Plus-epic-a-merge-down-b14/users/views.py", line 1076, in verify
    refuse("Invalid email or token.")
TypeError: AuthViewSet.verify.<locals>.refuse() missing 2 required positional arguments: 'account' and 'reason_code'


django.request ERROR 2026-10-09 10:06:58,583 log 943507 125293898517440 [request_id=- client_request_id=-] Internal Server Error: /api/v1/auth/verify


FAIL
test_verify_refuses_a_never_verified_superuser_flag (users.tests_reset_for_an_invited_student.VerifyEmailAdminPowerTests.test_verify_refuses_a_never_verified_superuser_flag) ... Free trial plan not found: no trial activated for user 917e4fb4-c812-4d05-a7ce-ebe015988096.
Cannot activate automatic trial for user 917e4fb4-c812-4d05-a7ce-ebe015988096 (validation): ValueError
API Exception
Traceback (most recent call last):
  File "/home/bond-servant-in-training/Documents/Virtualenvs/AutoGrader_env/lib/python3.12/site-packages/rest_framework/views.py", line 512, in dispatch
    response = handler(request, *args, **kwargs)
               ^^^^^^^^^^^^^^^^^^^^^^^^^^^^^^^^^
  File "/home/bond-servant-in-training/Documents/Projects/Grade-Automator-Plus-epic-a-merge-down-b14/users/views.py", line 1076, in verify
    refuse("Invalid email or token.")
TypeError: AuthViewSet.verify.<locals>.refuse() missing 2 required positional arguments: 'account' and 'reason_code'


django.request ERROR 2026-10-09 10:06:58,631 log 943507 125293898517440 [request_id=- client_request_id=-] Internal Server Error: /api/v1/auth/verify


FAIL
test_roster_import_skips_a_deactivated_student_who_signed_in (classrooms.tests_roster_ready_to_use.DeactivatedAccountIsNeverReenabledTests.test_roster_import_skips_a_deactivated_student_who_signed_in) ... Free trial plan not found: no trial activated for user 684007a8-47d0-48a9-a8e0-67baad51f666.
Cannot activate automatic trial for user 684007a8-47d0-48a9-a8e0-67baad51f666 (validation): ValueError
Refused to enroll student c6d84210-2336-4c53-a58c-833bcde7d6e8 into course 30a60ff3-2f9b-4c3e-9e52-409aa68943c0: the account is deactivated.
ok
test_roster_import_skips_a_deactivated_student_who_was_verified (classrooms.tests_roster_ready_to_use.DeactivatedAccountIsNeverReenabledTests.test_roster_import_skips_a_deactivated_student_who_was_verified)
Verified (e.g. through the old code sign-up) but never signed in ... Free trial plan not found: no trial activated for user 318d543d-0a48-45f0-99f6-f216d4339861.
Cannot activate automatic trial for user 318d543d-0a48-45f0-99f6-f216d4339861 (validation): ValueError
Refused to enroll student 806665f2-63bb-4553-8078-1f158c0e91d1 into course 84c922ba-0e30-4caa-9a4a-0531ee98dbd4: the account is deactivated.
ok
test_roster_import_skips_a_deactivated_student_with_only_activity (classrooms.tests_roster_ready_to_use.DeactivatedAccountIsNeverReenabledTests.test_roster_import_skips_a_deactivated_student_with_only_activity)
Sign-ins from before last_login was stamped show only as activity. ... Free trial plan not found: no trial activated for user f57cb1d9-d342-4563-ad1a-866af826a4fe.
Cannot activate automatic trial for user f57cb1d9-d342-4563-ad1a-866af826a4fe (validation): ValueError
Refused to enroll student 97e5fc81-54d8-4e17-b5ca-09c50fdfaa9d into course afee2563-e44d-44e3-a428-9b687bb9c9a8: the account is deactivated.
ok
test_single_add_refuses_a_deactivated_student (classrooms.tests_roster_ready_to_use.DeactivatedAccountIsNeverReenabledTests.test_single_add_refuses_a_deactivated_student)
The same rule on the single-add path, where it was a pre-existing ... Free trial plan not found: no trial activated for user 6041b4cb-995e-4c45-8201-34387902d4ef.
Cannot activate automatic trial for user 6041b4cb-995e-4c45-8201-34387902d4ef (validation): ValueError
Refused to enroll student 1c168737-5c2a-4c09-a7fa-08f9c4961eea into course 45116564-ef2e-403c-a6fb-1d42c1ddc77c: the account is deactivated.
ok
test_single_add_still_invites_a_never_activated_legacy_row (classrooms.tests_roster_ready_to_use.DeactivatedAccountIsNeverReenabledTests.test_single_add_still_invites_a_never_activated_legacy_row) ... Free trial plan not found: no trial activated for user ac0fa91b-096d-4449-a32b-bcb5ea83e3f2.
Cannot activate automatic trial for user ac0fa91b-096d-4449-a32b-bcb5ea83e3f2 (validation): ValueError
ok
test_a_legacy_inactive_row_with_a_code_is_promoted_and_its_code_cleared (classrooms.tests_roster_ready_to_use.RosterEmailRowsAreReadyToUseTests.test_a_legacy_inactive_row_with_a_code_is_promoted_and_its_code_cleared) ... Free trial plan not found: no trial activated for user 3de3b59f-9366-41d7-b976-dee22b8a7a57.
Cannot activate automatic trial for user 3de3b59f-9366-41d7-b976-dee22b8a7a57 (validation): ValueError
ok
test_a_login_stamps_last_login (classrooms.tests_roster_ready_to_use.RosterEmailRowsAreReadyToUseTests.test_a_login_stamps_last_login) ... Free trial plan not found: no trial activated for user 5918f432-2ced-4320-be58-14a87e2dbd47.
Cannot activate automatic trial for user 5918f432-2ced-4320-be58-14a87e2dbd47 (validation): ValueError
ok
test_a_new_student_is_active_with_a_temporary_password_and_no_code (classrooms.tests_roster_ready_to_use.RosterEmailRowsAreReadyToUseTests.test_a_new_student_is_active_with_a_temporary_password_and_no_code) ... Free trial plan not found: no trial activated for user 101f9b3e-94b2-437c-95c1-46fe3bb3ec29.
Cannot activate automatic trial for user 101f9b3e-94b2-437c-95c1-46fe3bb3ec29 (validation): ValueError
ok
test_a_staff_email_is_refused (classrooms.tests_roster_ready_to_use.RosterEmailRowsAreReadyToUseTests.test_a_staff_email_is_refused) ... Free trial plan not found: no trial activated for user 49287cc6-5f62-4270-b119-afc5973f07c3.
Cannot activate automatic trial for user 49287cc6-5f62-4270-b119-afc5973f07c3 (validation): ValueError
Free trial plan not found: no trial activated for user f9c72a1d-338a-43a6-ab0a-67003b5526a8.
Cannot activate automatic trial for user f9c72a1d-338a-43a6-ab0a-67003b5526a8 (validation): ValueError
ok
test_a_student_who_has_signed_in_is_enrolled_and_keeps_their_password (classrooms.tests_roster_ready_to_use.RosterEmailRowsAreReadyToUseTests.test_a_student_who_has_signed_in_is_enrolled_and_keeps_their_password) ... Free trial plan not found: no trial activated for user 11a4fa27-3f06-48be-a02f-d851ba54bee0.
Cannot activate automatic trial for user 11a4fa27-3f06-48be-a02f-d851ba54bee0 (validation): ValueError
ok
test_a_student_who_never_signed_in_gets_a_fresh_password (classrooms.tests_roster_ready_to_use.RosterEmailRowsAreReadyToUseTests.test_a_student_who_never_signed_in_gets_a_fresh_password)
The reverse case: invited before, never signed in (no last_login, ... Free trial plan not found: no trial activated for user a6755060-610a-4293-9d84-b7de7e4631eb.
Cannot activate automatic trial for user a6755060-610a-4293-9d84-b7de7e4631eb (validation): ValueError
ok
test_an_already_enrolled_row_is_skipped_and_nothing_is_sent (classrooms.tests_roster_ready_to_use.RosterEmailRowsAreReadyToUseTests.test_an_already_enrolled_row_is_skipped_and_nothing_is_sent) ... Free trial plan not found: no trial activated for user e9f2d9df-4251-4b21-b08c-73337498a6ff.
Cannot activate automatic trial for user e9f2d9df-4251-4b21-b08c-73337498a6ff (validation): ValueError
ok
test_another_schools_student_is_refused_and_untouched (classrooms.tests_roster_ready_to_use.RosterEmailRowsAreReadyToUseTests.test_another_schools_student_is_refused_and_untouched) ... Free trial plan not found: no trial activated for user a070a3ca-b2c3-444a-997b-2c03bc2a4fd3.
Cannot activate automatic trial for user a070a3ca-b2c3-444a-997b-2c03bc2a4fd3 (validation): ValueError
Refused to enroll student 2e002271-4244-4a99-a312-9985136d3e36 into course 6e7ada94-2149-4b40-88b5-797bd7c821d9: account is associated with school(s) ['ec4e332d-bd7a-4168-9186-b57a9591017c'] but the course belongs to school None.
ok
test_no_row_of_a_mixed_import_leaves_a_student_with_a_code (classrooms.tests_roster_ready_to_use.RosterEmailRowsAreReadyToUseTests.test_no_row_of_a_mixed_import_leaves_a_student_with_a_code) ... Free trial plan not found: no trial activated for user fcae21f8-4a8a-4767-b42d-6bc071241dde.
Cannot activate automatic trial for user fcae21f8-4a8a-4767-b42d-6bc071241dde (validation): ValueError
ok
test_reimporting_a_signed_in_student_with_the_flag_set_keeps_their_password (classrooms.tests_roster_ready_to_use.RosterEmailRowsAreReadyToUseTests.test_reimporting_a_signed_in_student_with_the_flag_set_keeps_their_password)
The Verification Engineer's scenario: must_change_password is ... Free trial plan not found: no trial activated for user 75cb3f96-ef8b-42f5-acfe-697e35d756df.
Cannot activate automatic trial for user 75cb3f96-ef8b-42f5-acfe-697e35d756df (validation): ValueError
ok
test_the_emailed_password_logs_in_and_activates_the_enrollment (classrooms.tests_roster_ready_to_use.RosterEmailRowsAreReadyToUseTests.test_the_emailed_password_logs_in_and_activates_the_enrollment) ... Free trial plan not found: no trial activated for user 582a5101-5748-41da-b02d-e58e4826f3f6.
Cannot activate automatic trial for user 582a5101-5748-41da-b02d-e58e4826f3f6 (validation): ValueError
ok
test_a_signed_in_student_is_enrolled_and_keeps_their_password (classrooms.tests_roster_ready_to_use.SingleAddExistingStudentTests.test_a_signed_in_student_is_enrolled_and_keeps_their_password) ... Free trial plan not found: no trial activated for user 796ea79c-c17a-4586-9d54-2c8a70952514.
Cannot activate automatic trial for user 796ea79c-c17a-4586-9d54-2c8a70952514 (validation): ValueError
ok
test_a_student_who_never_signed_in_is_re_sent_credentials (classrooms.tests_roster_ready_to_use.SingleAddExistingStudentTests.test_a_student_who_never_signed_in_is_re_sent_credentials) ... Free trial plan not found: no trial activated for user 4c8c1ded-f1a7-401b-87c2-bbb763fe01c7.
Cannot activate automatic trial for user 4c8c1ded-f1a7-401b-87c2-bbb763fe01c7 (validation): ValueError
ok
test_a_bulk_row_answers_as_for_a_staff_address (classrooms.tests_h99_placeholder_email.ACallerSuppliedPlaceholderAddressIsRefusedTests.test_a_bulk_row_answers_as_for_a_staff_address) ... Free trial plan not found: no trial activated for user cfa5905a-95b1-488d-a1dc-0fa4923cd29b.
Cannot activate automatic trial for user cfa5905a-95b1-488d-a1dc-0fa4923cd29b (validation): ValueError
Free trial plan not found: no trial activated for user db84468c-935c-4fe7-b1aa-bc7cf78d9562.
Cannot activate automatic trial for user db84468c-935c-4fe7-b1aa-bc7cf78d9562 (validation): ValueError
ok
test_a_bulk_row_refuses_it (classrooms.tests_h99_placeholder_email.ACallerSuppliedPlaceholderAddressIsRefusedTests.test_a_bulk_row_refuses_it) ... Free trial plan not found: no trial activated for user 1ffe6958-4b48-406a-98f5-fcf75dd96b8f.
Cannot activate automatic trial for user 1ffe6958-4b48-406a-98f5-fcf75dd96b8f (validation): ValueError
Free trial plan not found: no trial activated for user 0d8d40fa-57b5-46ee-b4dd-30f54ed823b6.
Cannot activate automatic trial for user 0d8d40fa-57b5-46ee-b4dd-30f54ed823b6 (validation): ValueError
ok
test_a_real_students_address_is_still_added (classrooms.tests_h99_placeholder_email.ACallerSuppliedPlaceholderAddressIsRefusedTests.test_a_real_students_address_is_still_added)
Control: the refusal is for the placeholder domain only. ... Free trial plan not found: no trial activated for user 06502779-ae2a-49c9-8db1-2ae000d0c84e.
Cannot activate automatic trial for user 06502779-ae2a-49c9-8db1-2ae000d0c84e (validation): ValueError
Free trial plan not found: no trial activated for user 8032acf7-81e8-4ad0-95e7-2e2d37c68b98.
Cannot activate automatic trial for user 8032acf7-81e8-4ad0-95e7-2e2d37c68b98 (validation): ValueError
Free trial plan not found: no trial activated for user d8b28458-fc46-4703-a675-0702e3e4d5a5.
Cannot activate automatic trial for user d8b28458-fc46-4703-a675-0702e3e4d5a5 (validation): ValueError
ok
test_direct_add_answers_as_for_a_staff_address (classrooms.tests_h99_placeholder_email.ACallerSuppliedPlaceholderAddressIsRefusedTests.test_direct_add_answers_as_for_a_staff_address) ... Free trial plan not found: no trial activated for user 7c6fb3f7-df70-41d1-9d95-ae91031725eb.
Cannot activate automatic trial for user 7c6fb3f7-df70-41d1-9d95-ae91031725eb (validation): ValueError
Free trial plan not found: no trial activated for user a65abdd7-fdee-4fff-9c0d-7e42f60bcb7a.
Cannot activate automatic trial for user a65abdd7-fdee-4fff-9c0d-7e42f60bcb7a (validation): ValueError
API Exception
Traceback (most recent call last):
  File "/home/bond-servant-in-training/Documents/Virtualenvs/AutoGrader_env/lib/python3.12/site-packages/rest_framework/views.py", line 512, in dispatch
    response = handler(request, *args, **kwargs)
               ^^^^^^^^^^^^^^^^^^^^^^^^^^^^^^^^^
  File "/home/bond-servant-in-training/Documents/Projects/Grade-Automator-Plus-epic-a-merge-down-b14/classrooms/views.py", line 1418, in direct_add_student
    raise ValidationError(serializer.errors)
rest_framework.exceptions.ValidationError: {'email': [ErrorDetail(string="This email can't be added as a student.", code='invalid')]}
API Exception
Traceback (most recent call last):
  File "/home/bond-servant-in-training/Documents/Virtualenvs/AutoGrader_env/lib/python3.12/site-packages/rest_framework/views.py", line 512, in dispatch
    response = handler(request, *args, **kwargs)
               ^^^^^^^^^^^^^^^^^^^^^^^^^^^^^^^^^
  File "/home/bond-servant-in-training/Documents/Projects/Grade-Automator-Plus-epic-a-merge-down-b14/classrooms/views.py", line 1418, in direct_add_student
    raise ValidationError(serializer.errors)
rest_framework.exceptions.ValidationError: {'email': [ErrorDetail(string="This email can't be added as a student.", code='invalid')]}
API Exception
Traceback (most recent call last):
  File "/home/bond-servant-in-training/Documents/Virtualenvs/AutoGrader_env/lib/python3.12/site-packages/rest_framework/views.py", line 512, in dispatch
    response = handler(request, *args, **kwargs)
               ^^^^^^^^^^^^^^^^^^^^^^^^^^^^^^^^^
  File "/home/bond-servant-in-training/Documents/Projects/Grade-Automator-Plus-epic-a-merge-down-b14/classrooms/views.py", line 1418, in direct_add_student
    raise ValidationError(serializer.errors)
rest_framework.exceptions.ValidationError: {'email': [ErrorDetail(string="This email can't be added as a student.", code='invalid')]}
ok
test_direct_add_refuses_it (classrooms.tests_h99_placeholder_email.ACallerSuppliedPlaceholderAddressIsRefusedTests.test_direct_add_refuses_it) ... Free trial plan not found: no trial activated for user 858c1cef-b169-482e-9db9-f53c382a4302.
Cannot activate automatic trial for user 858c1cef-b169-482e-9db9-f53c382a4302 (validation): ValueError
Free trial plan not found: no trial activated for user abad3c86-0a66-4c36-90c9-de0df98e0d7e.
Cannot activate automatic trial for user abad3c86-0a66-4c36-90c9-de0df98e0d7e (validation): ValueError
API Exception
Traceback (most recent call last):
  File "/home/bond-servant-in-training/Documents/Virtualenvs/AutoGrader_env/lib/python3.12/site-packages/rest_framework/views.py", line 512, in dispatch
    response = handler(request, *args, **kwargs)
               ^^^^^^^^^^^^^^^^^^^^^^^^^^^^^^^^^
  File "/home/bond-servant-in-training/Documents/Projects/Grade-Automator-Plus-epic-a-merge-down-b14/classrooms/views.py", line 1418, in direct_add_student
    raise ValidationError(serializer.errors)
rest_framework.exceptions.ValidationError: {'email': [ErrorDetail(string="This email can't be added as a student.", code='invalid')]}
API Exception
Traceback (most recent call last):
  File "/home/bond-servant-in-training/Documents/Virtualenvs/AutoGrader_env/lib/python3.12/site-packages/rest_framework/views.py", line 512, in dispatch
    response = handler(request, *args, **kwargs)
               ^^^^^^^^^^^^^^^^^^^^^^^^^^^^^^^^^
  File "/home/bond-servant-in-training/Documents/Projects/Grade-Automator-Plus-epic-a-merge-down-b14/classrooms/views.py", line 1418, in direct_add_student
    raise ValidationError(serializer.errors)
rest_framework.exceptions.ValidationError: {'email': [ErrorDetail(string="This email can't be added as a student.", code='invalid')]}
API Exception
Traceback (most recent call last):
  File "/home/bond-servant-in-training/Documents/Virtualenvs/AutoGrader_env/lib/python3.12/site-packages/rest_framework/views.py", line 512, in dispatch
    response = handler(request, *args, **kwargs)
               ^^^^^^^^^^^^^^^^^^^^^^^^^^^^^^^^^
  File "/home/bond-servant-in-training/Documents/Projects/Grade-Automator-Plus-epic-a-merge-down-b14/classrooms/views.py", line 1418, in direct_add_student
    raise ValidationError(serializer.errors)
rest_framework.exceptions.ValidationError: {'email': [ErrorDetail(string="This email can't be added as a student.", code='invalid')]}
API Exception
Traceback (most recent call last):
  File "/home/bond-servant-in-training/Documents/Virtualenvs/AutoGrader_env/lib/python3.12/site-packages/rest_framework/views.py", line 512, in dispatch
    response = handler(request, *args, **kwargs)
               ^^^^^^^^^^^^^^^^^^^^^^^^^^^^^^^^^
  File "/home/bond-servant-in-training/Documents/Projects/Grade-Automator-Plus-epic-a-merge-down-b14/classrooms/views.py", line 1418, in direct_add_student
    raise ValidationError(serializer.errors)
rest_framework.exceptions.ValidationError: {'email': [ErrorDetail(string="This email can't be added as a student.", code='invalid')]}
ok
test_each_form_refuses_it_before_any_lookup_or_save (classrooms.tests_h99_placeholder_email.ACallerSuppliedPlaceholderAddressIsRefusedTests.test_each_form_refuses_it_before_any_lookup_or_save)
Isolates the two serializers' own check from the shared service's ... Free trial plan not found: no trial activated for user 4185cd67-a57e-4491-923a-870c1a725dea.
Cannot activate automatic trial for user 4185cd67-a57e-4491-923a-870c1a725dea (validation): ValueError
Free trial plan not found: no trial activated for user dbb2f5e0-3e5a-4666-b45b-f12b1ab9cd30.
Cannot activate automatic trial for user dbb2f5e0-3e5a-4666-b45b-f12b1ab9cd30 (validation): ValueError
ok
test_single_add_answers_as_for_a_staff_address (classrooms.tests_h99_placeholder_email.ACallerSuppliedPlaceholderAddressIsRefusedTests.test_single_add_answers_as_for_a_staff_address) ... Free trial plan not found: no trial activated for user 8f90185d-f011-4ae0-b589-1b348943e728.
Cannot activate automatic trial for user 8f90185d-f011-4ae0-b589-1b348943e728 (validation): ValueError
Free trial plan not found: no trial activated for user 4f1e7756-2fc8-4e48-9a04-2a1593dcb806.
Cannot activate automatic trial for user 4f1e7756-2fc8-4e48-9a04-2a1593dcb806 (validation): ValueError
API Exception
Traceback (most recent call last):
  File "/home/bond-servant-in-training/Documents/Virtualenvs/AutoGrader_env/lib/python3.12/site-packages/rest_framework/views.py", line 512, in dispatch
    response = handler(request, *args, **kwargs)
               ^^^^^^^^^^^^^^^^^^^^^^^^^^^^^^^^^
  File "/home/bond-servant-in-training/Documents/Projects/Grade-Automator-Plus-epic-a-merge-down-b14/classrooms/views.py", line 1339, in students
    raise ValidationError(serializer.errors)
rest_framework.exceptions.ValidationError: {'email': [ErrorDetail(string="This email can't be added as a student.", code='invalid')], 'first_name': [ErrorDetail(string='This field is required.', code='required')], 'last_name': [ErrorDetail(string='This field is required.', code='required')]}
API Exception
Traceback (most recent call last):
  File "/home/bond-servant-in-training/Documents/Virtualenvs/AutoGrader_env/lib/python3.12/site-packages/rest_framework/views.py", line 512, in dispatch
    response = handler(request, *args, **kwargs)
               ^^^^^^^^^^^^^^^^^^^^^^^^^^^^^^^^^
  File "/home/bond-servant-in-training/Documents/Projects/Grade-Automator-Plus-epic-a-merge-down-b14/classrooms/views.py", line 1339, in students
    raise ValidationError(serializer.errors)
rest_framework.exceptions.ValidationError: {'email': [ErrorDetail(string="This email can't be added as a student.", code='invalid')], 'first_name': [ErrorDetail(string='This field is required.', code='required')], 'last_name': [ErrorDetail(string='This field is required.', code='required')]}
API Exception
Traceback (most recent call last):
  File "/home/bond-servant-in-training/Documents/Virtualenvs/AutoGrader_env/lib/python3.12/site-packages/rest_framework/views.py", line 512, in dispatch
    response = handler(request, *args, **kwargs)
               ^^^^^^^^^^^^^^^^^^^^^^^^^^^^^^^^^
  File "/home/bond-servant-in-training/Documents/Projects/Grade-Automator-Plus-epic-a-merge-down-b14/classrooms/views.py", line 1339, in students
    raise ValidationError(serializer.errors)
rest_framework.exceptions.ValidationError: {'email': [ErrorDetail(string="This email can't be added as a student.", code='invalid')], 'first_name': [ErrorDetail(string='This field is required.', code='required')], 'last_name': [ErrorDetail(string='This field is required.', code='required')]}
ok
test_single_add_refuses_it (classrooms.tests_h99_placeholder_email.ACallerSuppliedPlaceholderAddressIsRefusedTests.test_single_add_refuses_it) ... Free trial plan not found: no trial activated for user 2b477c1d-2cdf-49b6-9fa3-5ad71666cf0d.
Cannot activate automatic trial for user 2b477c1d-2cdf-49b6-9fa3-5ad71666cf0d (validation): ValueError
Free trial plan not found: no trial activated for user 6b48d3ba-aac0-4910-adab-2f09177cd646.
Cannot activate automatic trial for user 6b48d3ba-aac0-4910-adab-2f09177cd646 (validation): ValueError
API Exception
Traceback (most recent call last):
  File "/home/bond-servant-in-training/Documents/Virtualenvs/AutoGrader_env/lib/python3.12/site-packages/rest_framework/views.py", line 512, in dispatch
    response = handler(request, *args, **kwargs)
               ^^^^^^^^^^^^^^^^^^^^^^^^^^^^^^^^^
  File "/home/bond-servant-in-training/Documents/Projects/Grade-Automator-Plus-epic-a-merge-down-b14/classrooms/views.py", line 1339, in students
    raise ValidationError(serializer.errors)
rest_framework.exceptions.ValidationError: {'email': [ErrorDetail(string="This email can't be added as a student.", code='invalid')]}
API Exception
Traceback (most recent call last):
  File "/home/bond-servant-in-training/Documents/Virtualenvs/AutoGrader_env/lib/python3.12/site-packages/rest_framework/views.py", line 512, in dispatch
    response = handler(request, *args, **kwargs)
               ^^^^^^^^^^^^^^^^^^^^^^^^^^^^^^^^^
  File "/home/bond-servant-in-training/Documents/Projects/Grade-Automator-Plus-epic-a-merge-down-b14/classrooms/views.py", line 1339, in students
    raise ValidationError(serializer.errors)
rest_framework.exceptions.ValidationError: {'email': [ErrorDetail(string="This email can't be added as a student.", code='invalid')]}
API Exception
Traceback (most recent call last):
  File "/home/bond-servant-in-training/Documents/Virtualenvs/AutoGrader_env/lib/python3.12/site-packages/rest_framework/views.py", line 512, in dispatch
    response = handler(request, *args, **kwargs)
               ^^^^^^^^^^^^^^^^^^^^^^^^^^^^^^^^^
  File "/home/bond-servant-in-training/Documents/Projects/Grade-Automator-Plus-epic-a-merge-down-b14/classrooms/views.py", line 1339, in students
    raise ValidationError(serializer.errors)
rest_framework.exceptions.ValidationError: {'email': [ErrorDetail(string="This email can't be added as a student.", code='invalid')]}
API Exception
Traceback (most recent call last):
  File "/home/bond-servant-in-training/Documents/Virtualenvs/AutoGrader_env/lib/python3.12/site-packages/rest_framework/views.py", line 512, in dispatch
    response = handler(request, *args, **kwargs)
               ^^^^^^^^^^^^^^^^^^^^^^^^^^^^^^^^^
  File "/home/bond-servant-in-training/Documents/Projects/Grade-Automator-Plus-epic-a-merge-down-b14/classrooms/views.py", line 1339, in students
    raise ValidationError(serializer.errors)
rest_framework.exceptions.ValidationError: {'email': [ErrorDetail(string="This email can't be added as a student.", code='invalid')]}
ok
test_the_owner_cannot_use_it_either (classrooms.tests_h99_placeholder_email.ACallerSuppliedPlaceholderAddressIsRefusedTests.test_the_owner_cannot_use_it_either)
The rule is about the domain, not about whose student it is: the ... Free trial plan not found: no trial activated for user 06f6bd99-3d43-45f9-8782-bee95e84b519.
Cannot activate automatic trial for user 06f6bd99-3d43-45f9-8782-bee95e84b519 (validation): ValueError
Free trial plan not found: no trial activated for user c15c95b7-6d95-4d86-a7a1-22163aff5bce.
Cannot activate automatic trial for user c15c95b7-6d95-4d86-a7a1-22163aff5bce (validation): ValueError
API Exception
Traceback (most recent call last):
  File "/home/bond-servant-in-training/Documents/Virtualenvs/AutoGrader_env/lib/python3.12/site-packages/rest_framework/views.py", line 512, in dispatch
    response = handler(request, *args, **kwargs)
               ^^^^^^^^^^^^^^^^^^^^^^^^^^^^^^^^^
  File "/home/bond-servant-in-training/Documents/Projects/Grade-Automator-Plus-epic-a-merge-down-b14/classrooms/views.py", line 1339, in students
    raise ValidationError(serializer.errors)
rest_framework.exceptions.ValidationError: {'email': [ErrorDetail(string="This email can't be added as a student.", code='invalid')]}
ok
test_the_shared_service_refuses_it_and_logs_ids_only (classrooms.tests_h99_placeholder_email.ACallerSuppliedPlaceholderAddressIsRefusedTests.test_the_shared_service_refuses_it_and_logs_ids_only) ... Free trial plan not found: no trial activated for user b6f15c29-6a84-4b39-a296-3bae8727b897.
Cannot activate automatic trial for user b6f15c29-6a84-4b39-a296-3bae8727b897 (validation): ValueError
Free trial plan not found: no trial activated for user 4f7b4517-fc6e-43be-b784-17691991780f.
Cannot activate automatic trial for user 4f7b4517-fc6e-43be-b784-17691991780f (validation): ValueError
ok
test_a_bulk_row_makes_a_new_student (classrooms.tests_h99_placeholder_email.AGeneratedAddressNeverAttachesTests.test_a_bulk_row_makes_a_new_student) ... Free trial plan not found: no trial activated for user ea0eaa1c-236c-40b3-9a42-f1390f137224.
Cannot activate automatic trial for user ea0eaa1c-236c-40b3-9a42-f1390f137224 (validation): ValueError
Free trial plan not found: no trial activated for user a4950de0-54d8-4cb0-a24c-685bda2a4b61.
Cannot activate automatic trial for user a4950de0-54d8-4cb0-a24c-685bda2a4b61 (validation): ValueError
ok
test_direct_add_makes_a_new_student (classrooms.tests_h99_placeholder_email.AGeneratedAddressNeverAttachesTests.test_direct_add_makes_a_new_student) ... Free trial plan not found: no trial activated for user d7cc9907-e376-4a91-94ec-cb0aefcb2119.
Cannot activate automatic trial for user d7cc9907-e376-4a91-94ec-cb0aefcb2119 (validation): ValueError
Free trial plan not found: no trial activated for user d1d674af-5ed1-4211-9851-1c9b40d75dcf.
Cannot activate automatic trial for user d1d674af-5ed1-4211-9851-1c9b40d75dcf (validation): ValueError
ok
test_the_same_teachers_other_course_gets_a_new_student_by_direct_add (classrooms.tests_h99_placeholder_email.AGeneratedAddressNeverAttachesTests.test_the_same_teachers_other_course_gets_a_new_student_by_direct_add)
Direct add never reuses an account, even the teacher's own. ... Free trial plan not found: no trial activated for user 8bf6fb99-89ec-42c5-af7d-ccff01308ae1.
Cannot activate automatic trial for user 8bf6fb99-89ec-42c5-af7d-ccff01308ae1 (validation): ValueError
Free trial plan not found: no trial activated for user 8ac6f273-3117-4cfb-9a3f-886270a607f5.
Cannot activate automatic trial for user 8ac6f273-3117-4cfb-9a3f-886270a607f5 (validation): ValueError
ok
test_two_requests_picking_one_token_end_as_two_students (classrooms.tests_h99_placeholder_email.AGeneratedAddressNeverAttachesTests.test_two_requests_picking_one_token_end_as_two_students)
The concurrent double-add: the address looked free to this ... Free trial plan not found: no trial activated for user 493cf143-bb8e-489e-9938-fbb977e8b2eb.
Cannot activate automatic trial for user 493cf143-bb8e-489e-9938-fbb977e8b2eb (validation): ValueError
Free trial plan not found: no trial activated for user fdd95caf-4e44-4e1f-bfc6-0087cd4b290c.
Cannot activate automatic trial for user fdd95caf-4e44-4e1f-bfc6-0087cd4b290c (validation): ValueError
ok
test_when_every_attempt_collides_nothing_is_attached (classrooms.tests_h99_placeholder_email.AGeneratedAddressNeverAttachesTests.test_when_every_attempt_collides_nothing_is_attached) ... Free trial plan not found: no trial activated for user 5738a10d-94cf-4bd9-bda7-0e2d0bc8d4c3.
Cannot activate automatic trial for user 5738a10d-94cf-4bd9-bda7-0e2d0bc8d4c3 (validation): ValueError
Free trial plan not found: no trial activated for user 2964e0fb-d5c3-44b5-b5bb-5bfd5e0f1052.
Cannot activate automatic trial for user 2964e0fb-d5c3-44b5-b5bb-5bfd5e0f1052 (validation): ValueError
Failed to direct-add student to course
Traceback (most recent call last):
  File "/home/bond-servant-in-training/Documents/Projects/Grade-Automator-Plus-epic-a-merge-down-b14/classrooms/views.py", line 1421, in direct_add_student
    student = serializer.save()
              ^^^^^^^^^^^^^^^^^
  File "/home/bond-servant-in-training/Documents/Virtualenvs/AutoGrader_env/lib/python3.12/site-packages/rest_framework/serializers.py", line 210, in save
    self.instance = self.create(validated_data)
                    ^^^^^^^^^^^^^^^^^^^^^^^^^^^
  File "/home/bond-servant-in-training/Documents/Projects/Grade-Automator-Plus-epic-a-merge-down-b14/classrooms/serializers.py", line 765, in create
    student = _create_placeholder_student(**fields)
              ^^^^^^^^^^^^^^^^^^^^^^^^^^^^^^^^^^^^^
  File "/home/bond-servant-in-training/Documents/Projects/Grade-Automator-Plus-epic-a-merge-down-b14/classrooms/serializers.py", line 630, in _create_placeholder_student
    raise serializers.ValidationError(
rest_framework.exceptions.ValidationError: [ErrorDetail(string="We couldn't add this student to the course. Please try again.", code='invalid')]


django.request ERROR 2026-10-09 10:07:03,394 log 943507 125293898517440 [request_id=- client_request_id=-] Internal Server Error: /api/v1/course/2eb8be99-a321-403e-ba7e-dd023626ff37/direct-add-student


Failed to bulk-add student at row 1 of course 2eb8be99-a321-403e-ba7e-dd023626ff37
Traceback (most recent call last):
  File "/home/bond-servant-in-training/Documents/Projects/Grade-Automator-Plus-epic-a-merge-down-b14/classrooms/services/roster_import.py", line 576, in _import_one
    return _import_row_without_email(course=course, row=row)
           ^^^^^^^^^^^^^^^^^^^^^^^^^^^^^^^^^^^^^^^^^^^^^^^^^
  File "/home/bond-servant-in-training/Documents/Projects/Grade-Automator-Plus-epic-a-merge-down-b14/classrooms/services/roster_import.py", line 503, in _import_row_without_email
    student = serializer.save()
              ^^^^^^^^^^^^^^^^^
  File "/home/bond-servant-in-training/Documents/Virtualenvs/AutoGrader_env/lib/python3.12/site-packages/rest_framework/serializers.py", line 210, in save
    self.instance = self.create(validated_data)
                    ^^^^^^^^^^^^^^^^^^^^^^^^^^^
  File "/home/bond-servant-in-training/Documents/Projects/Grade-Automator-Plus-epic-a-merge-down-b14/classrooms/serializers.py", line 765, in create
    student = _create_placeholder_student(**fields)
              ^^^^^^^^^^^^^^^^^^^^^^^^^^^^^^^^^^^^^
  File "/home/bond-servant-in-training/Documents/Projects/Grade-Automator-Plus-epic-a-merge-down-b14/classrooms/serializers.py", line 630, in _create_placeholder_student
    raise serializers.ValidationError(
rest_framework.exceptions.ValidationError: [ErrorDetail(string="We couldn't add this student to the course. Please try again.", code='invalid')]
ok
test_is_placeholder_email_ignores_case_and_surrounding_spaces (classrooms.tests_h99_placeholder_email.TheGeneratedAddressTests.test_is_placeholder_email_ignores_case_and_surrounding_spaces) ... Free trial plan not found: no trial activated for user 94dff08c-0139-41bf-a6fd-6ecf91ae3b2c.
Cannot activate automatic trial for user 94dff08c-0139-41bf-a6fd-6ecf91ae3b2c (validation): ValueError
Free trial plan not found: no trial activated for user b0a48614-f2cb-4e5b-bbbb-ebaef7a1da72.
Cannot activate automatic trial for user b0a48614-f2cb-4e5b-bbbb-ebaef7a1da72 (validation): ValueError
ok
test_it_is_in_the_placeholder_domain_with_a_long_random_token (classrooms.tests_h99_placeholder_email.TheGeneratedAddressTests.test_it_is_in_the_placeholder_domain_with_a_long_random_token) ... Free trial plan not found: no trial activated for user 3716623a-5dce-4c8d-998d-9780dad32edb.
Cannot activate automatic trial for user 3716623a-5dce-4c8d-998d-9780dad32edb (validation): ValueError
Free trial plan not found: no trial activated for user 75039882-18b1-4441-9716-19d2a79170d1.
Cannot activate automatic trial for user 75039882-18b1-4441-9716-19d2a79170d1 (validation): ValueError
ok
test_the_name_parts_are_folded_and_kept_short (classrooms.tests_h99_placeholder_email.TheGeneratedAddressTests.test_the_name_parts_are_folded_and_kept_short) ... Free trial plan not found: no trial activated for user a054b3e3-50f2-4951-b15c-3a545c54f3fa.
Cannot activate automatic trial for user a054b3e3-50f2-4951-b15c-3a545c54f3fa (validation): ValueError
Free trial plan not found: no trial activated for user dfe1b2c8-36cf-4995-bb57-84ba4bff113d.
Cannot activate automatic trial for user dfe1b2c8-36cf-4995-bb57-84ba4bff113d (validation): ValueError
ok
test_two_addresses_for_one_name_differ (classrooms.tests_h99_placeholder_email.TheGeneratedAddressTests.test_two_addresses_for_one_name_differ) ... Free trial plan not found: no trial activated for user ba4975fa-9bf9-49c3-88e0-9ca7f6f95c56.
Cannot activate automatic trial for user ba4975fa-9bf9-49c3-88e0-9ca7f6f95c56 (validation): ValueError
Free trial plan not found: no trial activated for user 7065de17-3689-4a55-8072-ec7f7882fa8e.
Cannot activate automatic trial for user 7065de17-3689-4a55-8072-ec7f7882fa8e (validation): ValueError
ok
test_a_publish_and_a_score_save_each_record_their_own_change (audit.tests_history.ConcurrentGradeWritesTests.test_a_publish_and_a_score_save_each_record_their_own_change) ... Free trial plan not found: no trial activated for user d6b5f7dd-5a95-4550-af43-a386a2365834.
Cannot activate automatic trial for user d6b5f7dd-5a95-4550-af43-a386a2365834 (validation): ValueError
ok
test_every_allow_list_entry_has_a_reason (audit.tests_history_guard.BulkWritesKeepHistoryTests.test_every_allow_list_entry_has_a_reason) ... ok
test_no_unlisted_bulk_write_of_a_tracked_field (audit.tests_history_guard.BulkWritesKeepHistoryTests.test_no_unlisted_bulk_write_of_a_tracked_field) ... ok
test_the_allow_list_has_no_stale_entries (audit.tests_history_guard.BulkWritesKeepHistoryTests.test_the_allow_list_has_no_stale_entries) ... ok
test_the_tracked_names_cover_every_registered_field (audit.tests_history_guard.BulkWritesKeepHistoryTests.test_the_tracked_names_cover_every_registered_field) ... ok
test_no_unlisted_production_use_of_suppressed (audit.tests_history_guard.HistorySuppressionIsNamedTests.test_no_unlisted_production_use_of_suppressed) ... ok
test_the_scanner_finds_both_spellings (audit.tests_history_guard.HistorySuppressionIsNamedTests.test_the_scanner_finds_both_spellings) ... ok
test_the_suppression_allow_list_has_no_stale_entries (audit.tests_history_guard.HistorySuppressionIsNamedTests.test_the_suppression_allow_list_has_no_stale_entries) ... ok
test_a_multi_line_update_and_an_fk_name_are_flagged (audit.tests_history_guard.ScannerSelfTests.test_a_multi_line_update_and_an_fk_name_are_flagged) ... ok
test_a_tracked_bulk_update_is_flagged (audit.tests_history_guard.ScannerSelfTests.test_a_tracked_bulk_update_is_flagged) ... ok
test_a_tracked_update_is_flagged (audit.tests_history_guard.ScannerSelfTests.test_a_tracked_update_is_flagged) ... ok
test_an_untracked_update_and_record_bulk_are_not_flagged (audit.tests_history_guard.ScannerSelfTests.test_an_untracked_update_and_record_bulk_are_not_flagged) ... ok
test_the_enclosing_function_is_reported (audit.tests_history_guard.ScannerSelfTests.test_the_enclosing_function_is_reported) ... ok
test_unreadable_fields_are_flagged (audit.tests_history_guard.ScannerSelfTests.test_unreadable_fields_are_flagged) ... ok
test_the_emailed_row_clash_remediation (AutoGrader.tests_reason_codes.ApprovedAlternativesTests.test_the_emailed_row_clash_remediation) ... ok
test_the_nothing_finished_mid_batch_message (AutoGrader.tests_reason_codes.ApprovedAlternativesTests.test_the_nothing_finished_mid_batch_message) ... ok
test_every_code_is_user_facing_or_audit_only_and_not_both (AutoGrader.tests_reason_codes.CatalogueCompletenessTests.test_every_code_is_user_facing_or_audit_only_and_not_both) ... ok
test_every_reason_code_the_code_emits_is_in_the_catalogue (AutoGrader.tests_reason_codes.CatalogueCompletenessTests.test_every_reason_code_the_code_emits_is_in_the_catalogue) ... ok
test_every_spec_is_consistent (AutoGrader.tests_reason_codes.CatalogueCompletenessTests.test_every_spec_is_consistent) ... ok
test_every_value_is_upper_snake_and_stable (AutoGrader.tests_reason_codes.CatalogueCompletenessTests.test_every_value_is_upper_snake_and_stable) ... ok
test_only_the_two_old_refusals_keep_a_lowercase_code (AutoGrader.tests_reason_codes.CatalogueCompletenessTests.test_only_the_two_old_refusals_keep_a_lowercase_code)
F8: kept for one release beside reason_code. ... ok
test_the_scan_finds_the_codes_it_is_meant_to (AutoGrader.tests_reason_codes.CatalogueCompletenessTests.test_the_scan_finds_the_codes_it_is_meant_to)
Guard on the guard: one example per pattern the scan covers. ... ok
test_the_ten_fr_a_06_codes_are_present_and_user_facing (AutoGrader.tests_reason_codes.CatalogueCompletenessTests.test_the_ten_fr_a_06_codes_are_present_and_user_facing) ... ok
test_an_entry_keeps_the_routes_keys_and_adds_the_coded_ones (AutoGrader.tests_reason_codes.CodedEntryTests.test_an_entry_keeps_the_routes_keys_and_adds_the_coded_ones) ... ok
test_a_plain_serializer_error_is_not_mistaken_for_an_envelope (AutoGrader.tests_reason_codes.CodedEnvelopeThroughTheAPITests.test_a_plain_serializer_error_is_not_mistaken_for_an_envelope)
A field named like an envelope key (`params`) still shows its ... ok
test_a_view_that_catches_and_answers_itself_gets_the_same_envelope (AutoGrader.tests_reason_codes.CodedEnvelopeThroughTheAPITests.test_a_view_that_catches_and_answers_itself_gets_the_same_envelope) ... ok
test_every_user_facing_code_answers_its_own_envelope (AutoGrader.tests_reason_codes.CodedEnvelopeThroughTheAPITests.test_every_user_facing_code_answers_its_own_envelope) ... API request failed with MISSING_STUDENT_NAME: SENTINEL-4f1c balance=12.5 at /srv/app/secret.py
API request failed with STUDENT_NOT_ON_ROSTER: SENTINEL-4f1c balance=12.5 at /srv/app/secret.py
API request failed with FILE_UNREADABLE: SENTINEL-4f1c balance=12.5 at /srv/app/secret.py
API request failed with FILE_TYPE_UNSUPPORTED: SENTINEL-4f1c balance=12.5 at /srv/app/secret.py
API request failed with FILE_TOO_LARGE: SENTINEL-4f1c balance=12.5 at /srv/app/secret.py
API request failed with SUBMISSION_EMPTY: SENTINEL-4f1c balance=12.5 at /srv/app/secret.py
API request failed with RUBRIC_MISSING: SENTINEL-4f1c balance=12.5 at /srv/app/secret.py
API request failed with DUPLICATE_SUBMISSION: SENTINEL-4f1c balance=12.5 at /srv/app/secret.py
API request failed with PROVIDER_FAILURE: SENTINEL-4f1c balance=12.5 at /srv/app/secret.py


django.request ERROR 2026-10-09 10:07:15,678 log 943507 125293898517440 [request_id=- client_request_id=-] Service Unavailable: /coded/PROVIDER_FAILURE


API request failed with INSUFFICIENT_CREDITS_MID_BATCH: SENTINEL-4f1c balance=12.5 at /srv/app/secret.py
API request failed with INSUFFICIENT_CREDITS: SENTINEL-4f1c balance=12.5 at /srv/app/secret.py
API request failed with AI_FEATURE_NOT_AVAILABLE: SENTINEL-4f1c balance=12.5 at /srv/app/secret.py
API request failed with NOT_RETRYABLE: SENTINEL-4f1c balance=12.5 at /srv/app/secret.py
API request failed with RESET_LOCKED: SENTINEL-4f1c balance=12.5 at /srv/app/secret.py
API request failed with VERIFY_LOCKED: SENTINEL-4f1c balance=12.5 at /srv/app/secret.py
API request failed with ACCOUNT_LOCKED: SENTINEL-4f1c balance=12.5 at /srv/app/secret.py
API request failed with REGISTRATION_PAUSED: SENTINEL-4f1c balance=12.5 at /srv/app/secret.py
API request failed with FILE_NOT_A_PDF: SENTINEL-4f1c balance=12.5 at /srv/app/secret.py
API request failed with ROSTER_NO_INPUT: SENTINEL-4f1c balance=12.5 at /srv/app/secret.py
API request failed with ROSTER_EMPTY: SENTINEL-4f1c balance=12.5 at /srv/app/secret.py
API request failed with ROSTER_FILE_UNREADABLE: SENTINEL-4f1c balance=12.5 at /srv/app/secret.py
API request failed with ROSTER_TOO_MANY_ROWS: SENTINEL-4f1c balance=12.5 at /srv/app/secret.py
API request failed with ROW_NAME_MISSING: SENTINEL-4f1c balance=12.5 at /srv/app/secret.py
API request failed with ROW_NAME_INVALID: SENTINEL-4f1c balance=12.5 at /srv/app/secret.py
API request failed with ROW_ALREADY_ENROLLED: SENTINEL-4f1c balance=12.5 at /srv/app/secret.py
API request failed with ROW_NAME_CLASH: SENTINEL-4f1c balance=12.5 at /srv/app/secret.py
API request failed with ROW_STAFF_EMAIL: SENTINEL-4f1c balance=12.5 at /srv/app/secret.py
API request failed with ROW_OTHER_SCHOOL: SENTINEL-4f1c balance=12.5 at /srv/app/secret.py
API request failed with ROW_ACCOUNT_DISABLED: SENTINEL-4f1c balance=12.5 at /srv/app/secret.py
API request failed with ROW_EMAIL_INVALID: SENTINEL-4f1c balance=12.5 at /srv/app/secret.py
API request failed with ROW_DUPLICATE: SENTINEL-4f1c balance=12.5 at /srv/app/secret.py
API request failed with ROW_FAILED: SENTINEL-4f1c balance=12.5 at /srv/app/secret.py
API request failed with TEACHER_LIST_EMPTY: SENTINEL-4f1c balance=12.5 at /srv/app/secret.py
API request failed with LICENCE_INACTIVE: SENTINEL-4f1c balance=12.5 at /srv/app/secret.py
API request failed with LICENCE_SEATS_EXCEEDED: SENTINEL-4f1c balance=12.5 at /srv/app/secret.py
API request failed with TEACHER_EMAIL_NOT_BUSINESS: SENTINEL-4f1c balance=12.5 at /srv/app/secret.py
API request failed with TEACHER_EMAIL_OTHER_ROLE: SENTINEL-4f1c balance=12.5 at /srv/app/secret.py
API request failed with TEACHER_CANNOT_JOIN_YET: SENTINEL-4f1c balance=12.5 at /srv/app/secret.py
API request failed with TEACHER_IN_OTHER_SCHOOL: SENTINEL-4f1c balance=12.5 at /srv/app/secret.py
API request failed with TEACHER_ALREADY_ON_LICENCE: SENTINEL-4f1c balance=12.5 at /srv/app/secret.py
API request failed with TEACHER_NOT_ON_LICENCE: SENTINEL-4f1c balance=12.5 at /srv/app/secret.py
API request failed with TEACHER_ADD_FAILED: SENTINEL-4f1c balance=12.5 at /srv/app/secret.py
API request failed with TEACHER_REMOVE_FAILED: SENTINEL-4f1c balance=12.5 at /srv/app/secret.py
API request failed with SUBMISSION_NOT_GRADED: SENTINEL-4f1c balance=12.5 at /srv/app/secret.py
ok
test_qa_err_03_no_exception_text_reaches_any_body (AutoGrader.tests_reason_codes.CodedEnvelopeThroughTheAPITests.test_qa_err_03_no_exception_text_reaches_any_body) ... API request failed with MISSING_STUDENT_NAME: SENTINEL-4f1c balance=12.5 at /srv/app/secret.py
API request failed with STUDENT_NOT_ON_ROSTER: SENTINEL-4f1c balance=12.5 at /srv/app/secret.py
API request failed with FILE_UNREADABLE: SENTINEL-4f1c balance=12.5 at /srv/app/secret.py
API request failed with FILE_TYPE_UNSUPPORTED: SENTINEL-4f1c balance=12.5 at /srv/app/secret.py
API request failed with FILE_TOO_LARGE: SENTINEL-4f1c balance=12.5 at /srv/app/secret.py
API request failed with SUBMISSION_EMPTY: SENTINEL-4f1c balance=12.5 at /srv/app/secret.py
API request failed with RUBRIC_MISSING: SENTINEL-4f1c balance=12.5 at /srv/app/secret.py
API request failed with DUPLICATE_SUBMISSION: SENTINEL-4f1c balance=12.5 at /srv/app/secret.py
API request failed with PROVIDER_FAILURE: SENTINEL-4f1c balance=12.5 at /srv/app/secret.py


django.request ERROR 2026-10-09 10:07:15,737 log 943507 125293898517440 [request_id=- client_request_id=-] Service Unavailable: /coded/PROVIDER_FAILURE


API request failed with INSUFFICIENT_CREDITS_MID_BATCH: SENTINEL-4f1c balance=12.5 at /srv/app/secret.py
API request failed with INSUFFICIENT_CREDITS: SENTINEL-4f1c balance=12.5 at /srv/app/secret.py
API request failed with AI_FEATURE_NOT_AVAILABLE: SENTINEL-4f1c balance=12.5 at /srv/app/secret.py
API request failed with NOT_RETRYABLE: SENTINEL-4f1c balance=12.5 at /srv/app/secret.py
API request failed with RESET_LOCKED: SENTINEL-4f1c balance=12.5 at /srv/app/secret.py
API request failed with VERIFY_LOCKED: SENTINEL-4f1c balance=12.5 at /srv/app/secret.py
API request failed with ACCOUNT_LOCKED: SENTINEL-4f1c balance=12.5 at /srv/app/secret.py
API request failed with REGISTRATION_PAUSED: SENTINEL-4f1c balance=12.5 at /srv/app/secret.py
API request failed with FILE_NOT_A_PDF: SENTINEL-4f1c balance=12.5 at /srv/app/secret.py
API request failed with ROSTER_NO_INPUT: SENTINEL-4f1c balance=12.5 at /srv/app/secret.py
API request failed with ROSTER_EMPTY: SENTINEL-4f1c balance=12.5 at /srv/app/secret.py
API request failed with ROSTER_FILE_UNREADABLE: SENTINEL-4f1c balance=12.5 at /srv/app/secret.py
API request failed with ROSTER_TOO_MANY_ROWS: SENTINEL-4f1c balance=12.5 at /srv/app/secret.py
API request failed with ROW_NAME_MISSING: SENTINEL-4f1c balance=12.5 at /srv/app/secret.py
API request failed with ROW_NAME_INVALID: SENTINEL-4f1c balance=12.5 at /srv/app/secret.py
API request failed with ROW_ALREADY_ENROLLED: SENTINEL-4f1c balance=12.5 at /srv/app/secret.py
API request failed with ROW_NAME_CLASH: SENTINEL-4f1c balance=12.5 at /srv/app/secret.py
API request failed with ROW_STAFF_EMAIL: SENTINEL-4f1c balance=12.5 at /srv/app/secret.py
API request failed with ROW_OTHER_SCHOOL: SENTINEL-4f1c balance=12.5 at /srv/app/secret.py
API request failed with ROW_ACCOUNT_DISABLED: SENTINEL-4f1c balance=12.5 at /srv/app/secret.py
API request failed with ROW_EMAIL_INVALID: SENTINEL-4f1c balance=12.5 at /srv/app/secret.py
API request failed with ROW_DUPLICATE: SENTINEL-4f1c balance=12.5 at /srv/app/secret.py
API request failed with ROW_FAILED: SENTINEL-4f1c balance=12.5 at /srv/app/secret.py
API request failed with TEACHER_LIST_EMPTY: SENTINEL-4f1c balance=12.5 at /srv/app/secret.py
API request failed with LICENCE_INACTIVE: SENTINEL-4f1c balance=12.5 at /srv/app/secret.py
API request failed with LICENCE_SEATS_EXCEEDED: SENTINEL-4f1c balance=12.5 at /srv/app/secret.py
API request failed with TEACHER_EMAIL_NOT_BUSINESS: SENTINEL-4f1c balance=12.5 at /srv/app/secret.py
API request failed with TEACHER_EMAIL_OTHER_ROLE: SENTINEL-4f1c balance=12.5 at /srv/app/secret.py
API request failed with TEACHER_CANNOT_JOIN_YET: SENTINEL-4f1c balance=12.5 at /srv/app/secret.py
API request failed with TEACHER_IN_OTHER_SCHOOL: SENTINEL-4f1c balance=12.5 at /srv/app/secret.py
API request failed with TEACHER_ALREADY_ON_LICENCE: SENTINEL-4f1c balance=12.5 at /srv/app/secret.py
API request failed with TEACHER_NOT_ON_LICENCE: SENTINEL-4f1c balance=12.5 at /srv/app/secret.py
API request failed with TEACHER_ADD_FAILED: SENTINEL-4f1c balance=12.5 at /srv/app/secret.py
API request failed with TEACHER_REMOVE_FAILED: SENTINEL-4f1c balance=12.5 at /srv/app/secret.py
API request failed with SUBMISSION_NOT_GRADED: SENTINEL-4f1c balance=12.5 at /srv/app/secret.py
API request refused: InsufficientCreditsError: SENTINEL-4f1c balance=12.5 at /srv/app/secret.py
API request refused: EmptyWalletError: SENTINEL-4f1c balance=12.5 at /srv/app/secret.py
API request refused: AIFeatureNotAvailableError: AI grading isn't included in your plan.
ok
test_qa_err_04_an_inbound_request_id_is_never_the_reference (AutoGrader.tests_reason_codes.CodedEnvelopeThroughTheAPITests.test_qa_err_04_an_inbound_request_id_is_never_the_reference)
X-5 wins over the first QA-ERR-04 reading (SM ruling): echoing a ... API request failed with PROVIDER_FAILURE: SENTINEL-4f1c balance=12.5 at /srv/app/secret.py


django.request ERROR 2026-10-09 10:07:15,777 log 943507 125293898517440 [request_id=- client_request_id=-] Service Unavailable: /coded-client-id


ok
test_qa_err_04_reference_is_the_request_id (AutoGrader.tests_reason_codes.CodedEnvelopeThroughTheAPITests.test_qa_err_04_reference_is_the_request_id) ... API request failed with RUBRIC_MISSING: SENTINEL-4f1c balance=12.5 at /srv/app/secret.py
API request refused: InsufficientCreditsError: SENTINEL-4f1c balance=12.5 at /srv/app/secret.py
ok
test_the_old_refusals_keep_their_message_and_legacy_code (AutoGrader.tests_reason_codes.CodedEnvelopeThroughTheAPITests.test_the_old_refusals_keep_their_message_and_legacy_code) ... API request refused: InsufficientCreditsError: SENTINEL-4f1c balance=12.5 at /srv/app/secret.py
API request refused: EmptyWalletError: SENTINEL-4f1c balance=12.5 at /srv/app/secret.py
API request refused: AIFeatureNotAvailableError: AI grading isn't included in your plan.
ok
test_a_missing_param_is_refused (AutoGrader.tests_reason_codes.CodedErrorTests.test_a_missing_param_is_refused) ... ok
test_a_non_scalar_param_is_refused (AutoGrader.tests_reason_codes.CodedErrorTests.test_a_non_scalar_param_is_refused) ... ok
test_a_param_outside_the_spec_is_refused (AutoGrader.tests_reason_codes.CodedErrorTests.test_a_param_outside_the_spec_is_refused) ... ok
test_a_subclass_fixes_its_code (AutoGrader.tests_reason_codes.CodedErrorTests.test_a_subclass_fixes_its_code) ... ok
test_an_audit_only_code_has_no_error_body (AutoGrader.tests_reason_codes.CodedErrorTests.test_an_audit_only_code_has_no_error_body) ... ok
test_defaults_fill_a_param_the_raiser_left_out (AutoGrader.tests_reason_codes.CodedErrorTests.test_defaults_fill_a_param_the_raiser_left_out) ... ok
test_detail_stays_out_of_the_message (AutoGrader.tests_reason_codes.CodedErrorTests.test_detail_stays_out_of_the_message) ... ok
test_display_for_no_placeholder_is_refused (AutoGrader.tests_reason_codes.CodedErrorTests.test_display_for_no_placeholder_is_refused) ... ok
test_display_may_stand_in_for_an_unknown_param (AutoGrader.tests_reason_codes.CodedErrorTests.test_display_may_stand_in_for_an_unknown_param) ... ok
test_display_shapes_the_message_but_never_the_params (AutoGrader.tests_reason_codes.CodedErrorTests.test_display_shapes_the_message_but_never_the_params) ... ok
test_display_values_must_be_text (AutoGrader.tests_reason_codes.CodedErrorTests.test_display_values_must_be_text) ... ok
test_only_user_and_validation_classes_are_user_facing (AutoGrader.tests_reason_codes.CodedErrorTests.test_only_user_and_validation_classes_are_user_facing) ... ok
test_refusal_response_still_answers_refusals_only (AutoGrader.tests_reason_codes.CodedErrorTests.test_refusal_response_still_answers_refusals_only) ... ok
test_the_message_is_rendered_from_the_spec (AutoGrader.tests_reason_codes.CodedErrorTests.test_the_message_is_rendered_from_the_spec) ... ok
test_the_message_layer_shows_the_message_and_never_the_detail (AutoGrader.tests_reason_codes.CodedErrorTests.test_the_message_layer_shows_the_message_and_never_the_detail)
The path background-task item text and _failure_response's ... ok
test_a_variant_survives_being_rebuilt_from_its_args (AutoGrader.tests_reason_codes.MessageVariantTests.test_a_variant_survives_being_rebuilt_from_its_args) ... ok
test_an_unapproved_variant_is_refused (AutoGrader.tests_reason_codes.MessageVariantTests.test_an_unapproved_variant_is_refused) ... ok
test_the_variant_renders_its_own_template (AutoGrader.tests_reason_codes.MessageVariantTests.test_the_variant_renders_its_own_template) ... ok
test_a_row_code_always_carries_its_row (AutoGrader.tests_reason_codes.QaCatalogueAdditionsTests.test_a_row_code_always_carries_its_row) ... ok
test_every_approved_code_is_user_facing_with_its_approved_text (AutoGrader.tests_reason_codes.QaCatalogueAdditionsTests.test_every_approved_code_is_user_facing_with_its_approved_text) ... ok
test_no_code_says_a_teacher_has_a_subscription (AutoGrader.tests_reason_codes.QaCatalogueAdditionsTests.test_no_code_says_a_teacher_has_a_subscription)
The retired TEACHER_HAS_INDIVIDUAL_SUBSCRIPTION must not come back ... ok
test_no_neutral_code_names_a_role_or_a_school (AutoGrader.tests_reason_codes.QaCatalogueAdditionsTests.test_no_neutral_code_names_a_role_or_a_school) ... ok
test_the_cannot_join_yet_entry_is_h85s_sentence_and_nothing_more (AutoGrader.tests_reason_codes.QaCatalogueAdditionsTests.test_the_cannot_join_yet_entry_is_h85s_sentence_and_nothing_more)
H-85 on Epic A: the entry says what beta's refusal says, takes no ... ok
test_the_seat_message_reads_as_both_approved_forms (AutoGrader.tests_reason_codes.QaCatalogueAdditionsTests.test_the_seat_message_reads_as_both_approved_forms) ... ok
test_a_chosen_remediation_survives_being_rebuilt_from_its_args (AutoGrader.tests_reason_codes.RemediationChoiceTests.test_a_chosen_remediation_survives_being_rebuilt_from_its_args)
Celery's json backend rebuilds an error as cls(*args). ... ok
test_an_approved_alternative_is_carried_to_the_body (AutoGrader.tests_reason_codes.RemediationChoiceTests.test_an_approved_alternative_is_carried_to_the_body) ... ok
test_an_unapproved_remediation_is_refused (AutoGrader.tests_reason_codes.RemediationChoiceTests.test_an_unapproved_remediation_is_refused) ... ok
test_nothing_to_do_is_null (AutoGrader.tests_reason_codes.RemediationChoiceTests.test_nothing_to_do_is_null) ... ok
test_the_default_is_the_specs (AutoGrader.tests_reason_codes.RemediationChoiceTests.test_the_default_is_the_specs) ... ok
test_a_coded_body_flattens_to_its_display_sentence_alone (AutoGrader.tests_reason_codes.RendererMessageTests.test_a_coded_body_flattens_to_its_display_sentence_alone) ... ok
test_a_balance_reason_gets_the_credits_refusal (AutoGrader.tests_reason_codes.RequireAiAccessTests.test_a_balance_reason_gets_the_credits_refusal) ... AI access denied for user ANON (feature=None): No credits remaining. Please purchase more credits to continue using AI features.
AI access denied for user ANON (feature=None): Out of trial credits. Please subscribe to continue using AI features.
ok
test_a_refused_request_gets_the_plan_refusal_without_the_reason (AutoGrader.tests_reason_codes.RequireAiAccessTests.test_a_refused_request_gets_the_plan_refusal_without_the_reason) ... AI access denied for user ANON (feature=None): User not authenticated
ok
test_another_entitys_bump_leaves_the_entry_reachable (AutoGrader.tests_cache_invalidation_coverage.EveryFamilyIsReachableByItsScopeTests.test_another_entitys_bump_leaves_the_entry_reachable)
The over-invalidation half, stated as a property. Under the ... ok
test_bumping_any_scope_of_a_family_makes_its_entry_unreachable (AutoGrader.tests_cache_invalidation_coverage.EveryFamilyIsReachableByItsScopeTests.test_bumping_any_scope_of_a_family_makes_its_entry_unreachable) ... ok
test_the_pdf_and_grading_caches_have_their_own_invalidation (AutoGrader.tests_cache_invalidation_coverage.EveryFamilyIsReachableByItsScopeTests.test_the_pdf_and_grading_caches_have_their_own_invalidation)
Not response caches in the generation scheme, deliberately. ... ok
test_every_extra_cache_scopes_override_is_listed (AutoGrader.tests_cache_invalidation_coverage.KeyMapIsTheCodeTests.test_every_extra_cache_scopes_override_is_listed) ... ok
test_every_family_embeds_at_least_one_generation (AutoGrader.tests_cache_invalidation_coverage.KeyMapIsTheCodeTests.test_every_family_embeds_at_least_one_generation) ... ok
test_every_mixin_viewset_is_listed (AutoGrader.tests_cache_invalidation_coverage.KeyMapIsTheCodeTests.test_every_mixin_viewset_is_listed) ... ok
test_nothing_is_cached_under_a_raw_key (AutoGrader.tests_cache_invalidation_coverage.KeyMapIsTheCodeTests.test_nothing_is_cached_under_a_raw_key) ... ok
test_the_key_map_matches_every_versioned_key_call (AutoGrader.tests_cache_invalidation_coverage.KeyMapIsTheCodeTests.test_the_key_map_matches_every_versioned_key_call) ... ok
test_the_mixin_appends_the_extra_scopes_to_its_key (AutoGrader.tests_cache_invalidation_coverage.KeyMapIsTheCodeTests.test_the_mixin_appends_the_extra_scopes_to_its_key)
Otherwise MIXIN_EXTRA_SCOPES would describe keys nobody builds. ... ok
test_the_status_summary_family_is_versioned_on_the_student (AutoGrader.tests_cache_invalidation_coverage.KeyMapIsTheCodeTests.test_the_status_summary_family_is_versioned_on_the_student)
H-1 step 4: the one family that was still raw is on generations. ... ok
test_a_factory_imported_from_another_module_is_found_across_modules (AutoGrader.tests_cache_invalidation_coverage.RawRedisClientTests.test_a_factory_imported_from_another_module_is_found_across_modules)
raw_client_uses resolves a factory imported from another module: ... ok
test_a_listed_module_gaining_raw_writes_changes_its_count (AutoGrader.tests_cache_invalidation_coverage.RawRedisClientTests.test_a_listed_module_gaining_raw_writes_changes_its_count)
v2's F1 on the real beat_locks: two new writes, two more. ... ok
test_a_write_name_counts_whatever_it_is_called_on (AutoGrader.tests_cache_invalidation_coverage.RawRedisClientTests.test_a_write_name_counts_whatever_it_is_called_on)
Rule 1 (v2 F1): in a module that obtains a raw client, a write ... ok
test_an_imported_factory_counts_in_the_importing_module (AutoGrader.tests_cache_invalidation_coverage.RawRedisClientTests.test_an_imported_factory_counts_in_the_importing_module) ... ok
test_any_non_read_call_on_a_client_is_a_write (AutoGrader.tests_cache_invalidation_coverage.RawRedisClientTests.test_any_non_read_call_on_a_client_is_a_write)
Rule 2 (v2 F1): the read allow-list. `vf_cmd` is in no list, so ... ok
test_every_entry_gives_a_reason (AutoGrader.tests_cache_invalidation_coverage.RawRedisClientTests.test_every_entry_gives_a_reason) ... ok
test_every_raw_client_user_is_listed (AutoGrader.tests_cache_invalidation_coverage.RawRedisClientTests.test_every_raw_client_user_is_listed) ... ok
test_the_live_modules_are_found_by_the_scan (AutoGrader.tests_cache_invalidation_coverage.RawRedisClientTests.test_the_live_modules_are_found_by_the_scan)
The table is not vacuous: each listed module really is found. ... ok
test_the_scanner_finds_every_shape_it_exists_to_catch (AutoGrader.tests_cache_invalidation_coverage.RawRedisClientTests.test_the_scanner_finds_every_shape_it_exists_to_catch) ... ok
test_the_scanner_ignores_what_is_not_a_raw_write (AutoGrader.tests_cache_invalidation_coverage.RawRedisClientTests.test_the_scanner_ignores_what_is_not_a_raw_write) ... ok
test_bulk_action_is_precise_and_costs_one_teacher_query (AutoGrader.tests_cache_user_fanout.AdminBulkActionTests.test_bulk_action_is_precise_and_costs_one_teacher_query) ... Free trial plan not found: no trial activated for user a6fb20d5-3a64-40db-b709-efe9ef37fba4.
Cannot activate automatic trial for user a6fb20d5-3a64-40db-b709-efe9ef37fba4 (validation): ValueError
Free trial plan not found: no trial activated for user b7e50794-5403-4c8b-953e-4529cbbad1ca.
Cannot activate automatic trial for user b7e50794-5403-4c8b-953e-4529cbbad1ca (validation): ValueError
Free trial plan not found: no trial activated for user eac94221-f258-4a29-8665-f20e0c6058c5.
Cannot activate automatic trial for user eac94221-f258-4a29-8665-f20e0c6058c5 (validation): ValueError
Free trial plan not found: no trial activated for user 3616139a-f039-4a05-84b5-141cc9e81eb9.
Cannot activate automatic trial for user 3616139a-f039-4a05-84b5-141cc9e81eb9 (validation): ValueError
Free trial plan not found: no trial activated for user 6fc71030-ba23-40de-97fb-242d0f240125.
Cannot activate automatic trial for user 6fc71030-ba23-40de-97fb-242d0f240125 (validation): ValueError
Free trial plan not found: no trial activated for user 74a8d021-895c-49e4-a03d-555a3df4cfb2.
Cannot activate automatic trial for user 74a8d021-895c-49e4-a03d-555a3df4cfb2 (validation): ValueError
Free trial plan not found: no trial activated for user e8e8ddf5-afb8-497f-a1ff-57ae572307b1.
Cannot activate automatic trial for user e8e8ddf5-afb8-497f-a1ff-57ae572307b1 (validation): ValueError
ok
test_bulk_deactivation_reaches_the_teachers_roster (AutoGrader.tests_cache_user_fanout.AdminBulkActionTests.test_bulk_deactivation_reaches_the_teachers_roster) ... Free trial plan not found: no trial activated for user 32ee3366-f009-456b-b3e5-a3f8d53d3623.
Cannot activate automatic trial for user 32ee3366-f009-456b-b3e5-a3f8d53d3623 (validation): ValueError
Free trial plan not found: no trial activated for user dcbba4e3-07ec-4ea5-b31f-df1a1cd3381d.
Cannot activate automatic trial for user dcbba4e3-07ec-4ea5-b31f-df1a1cd3381d (validation): ValueError
Free trial plan not found: no trial activated for user 247aead5-889b-4ed0-b92a-7935f3b81485.
Cannot activate automatic trial for user 247aead5-889b-4ed0-b92a-7935f3b81485 (validation): ValueError
Free trial plan not found: no trial activated for user b13b8861-108c-4674-a9e2-579b8b69c9ca.
Cannot activate automatic trial for user b13b8861-108c-4674-a9e2-579b8b69c9ca (validation): ValueError
Free trial plan not found: no trial activated for user eb83491c-b048-4798-810a-a2e1cce46200.
Cannot activate automatic trial for user eb83491c-b048-4798-810a-a2e1cce46200 (validation): ValueError
Free trial plan not found: no trial activated for user 05415588-1cf1-4958-a2f3-f96a1e3bf763.
Cannot activate automatic trial for user 05415588-1cf1-4958-a2f3-f96a1e3bf763 (validation): ValueError
Free trial plan not found: no trial activated for user eae4195b-540f-4897-bd3b-42bf3f7cafef.
Cannot activate automatic trial for user eae4195b-540f-4897-bd3b-42bf3f7cafef (validation): ValueError
ok
test_no_wildcard_sweep_runs_on_a_mutation (AutoGrader.tests_cache_user_fanout.RealBackendNoSweepTests.test_no_wildcard_sweep_runs_on_a_mutation) ... Free trial plan not found: no trial activated for user 4ee12c21-d206-479b-9c11-e381086a85a2.
Cannot activate automatic trial for user 4ee12c21-d206-479b-9c11-e381086a85a2 (validation): ValueError
Free trial plan not found: no trial activated for user bba07a39-8ff3-4ba2-b1bd-a2371513c4ff.
Cannot activate automatic trial for user bba07a39-8ff3-4ba2-b1bd-a2371513c4ff (validation): ValueError
Free trial plan not found: no trial activated for user d7f9f9bf-04d0-467a-a074-5962251395b8.
Cannot activate automatic trial for user d7f9f9bf-04d0-467a-a074-5962251395b8 (validation): ValueError
Free trial plan not found: no trial activated for user 95474a27-10f7-484f-8f4b-50a54ab36766.
Cannot activate automatic trial for user 95474a27-10f7-484f-8f4b-50a54ab36766 (validation): ValueError
Free trial plan not found: no trial activated for user d2dfcdca-7569-4be4-b508-e7480754791f.
Cannot activate automatic trial for user d2dfcdca-7569-4be4-b508-e7480754791f (validation): ValueError
Free trial plan not found: no trial activated for user ce61eafb-ac18-4260-b1e5-93be743220a1.
Cannot activate automatic trial for user ce61eafb-ac18-4260-b1e5-93be743220a1 (validation): ValueError
Free trial plan not found: no trial activated for user 42c4d546-ac87-402b-8d5e-1ec65b7f35c3.
Cannot activate automatic trial for user 42c4d546-ac87-402b-8d5e-1ec65b7f35c3 (validation): ValueError
ok
test_the_backend_is_real_redis (AutoGrader.tests_cache_user_fanout.RealBackendNoSweepTests.test_the_backend_is_real_redis) ... Free trial plan not found: no trial activated for user 2f301bed-f35b-466d-bb55-6675b79032fb.
Cannot activate automatic trial for user 2f301bed-f35b-466d-bb55-6675b79032fb (validation): ValueError
Free trial plan not found: no trial activated for user a228de41-bdb4-4066-b278-f28d35a4ff03.
Cannot activate automatic trial for user a228de41-bdb4-4066-b278-f28d35a4ff03 (validation): ValueError
Free trial plan not found: no trial activated for user bfe876af-7549-434d-ad5f-caa4852a4325.
Cannot activate automatic trial for user bfe876af-7549-434d-ad5f-caa4852a4325 (validation): ValueError
Free trial plan not found: no trial activated for user 01efbf04-b8f2-4edc-b3e6-c05375012bfc.
Cannot activate automatic trial for user 01efbf04-b8f2-4edc-b3e6-c05375012bfc (validation): ValueError
Free trial plan not found: no trial activated for user a2341ef6-575c-4dba-9711-63347c6ba475.
Cannot activate automatic trial for user a2341ef6-575c-4dba-9711-63347c6ba475 (validation): ValueError
Free trial plan not found: no trial activated for user 5b8549c0-4405-4306-b294-1be1fe6ba469.
Cannot activate automatic trial for user 5b8549c0-4405-4306-b294-1be1fe6ba469 (validation): ValueError
Free trial plan not found: no trial activated for user 1e525887-6373-4295-a28b-0e617bd272d9.
Cannot activate automatic trial for user 1e525887-6373-4295-a28b-0e617bd272d9 (validation): ValueError
ok
test_concurrent_student_renames_each_bump_the_shared_teacher (AutoGrader.tests_cache_user_fanout.UserRowConcurrencyTests.test_concurrent_student_renames_each_bump_the_shared_teacher) ... Free trial plan not found: no trial activated for user e0b1e56d-f0db-447a-8932-a4ea1d5a03cc.
Cannot activate automatic trial for user e0b1e56d-f0db-447a-8932-a4ea1d5a03cc (validation): ValueError
Free trial plan not found: no trial activated for user cc8a4c20-e897-4d34-9204-e4609d60fdc8.
Cannot activate automatic trial for user cc8a4c20-e897-4d34-9204-e4609d60fdc8 (validation): ValueError
Free trial plan not found: no trial activated for user fac73869-ce42-44f3-93d6-19d7ff61d38b.
Cannot activate automatic trial for user fac73869-ce42-44f3-93d6-19d7ff61d38b (validation): ValueError
Free trial plan not found: no trial activated for user d8510842-948e-409e-86fb-998d82d87443.
Cannot activate automatic trial for user d8510842-948e-409e-86fb-998d82d87443 (validation): ValueError
Free trial plan not found: no trial activated for user e825fb44-5e32-4fdd-ae6e-d3a19205a45d.
Cannot activate automatic trial for user e825fb44-5e32-4fdd-ae6e-d3a19205a45d (validation): ValueError
Free trial plan not found: no trial activated for user 9d499b01-12be-4cf9-87db-195f94f0a5b6.
Cannot activate automatic trial for user 9d499b01-12be-4cf9-87db-195f94f0a5b6 (validation): ValueError
Free trial plan not found: no trial activated for user 1a1bf28a-a189-41c5-9f33-a64f3da6a78d.
Cannot activate automatic trial for user 1a1bf28a-a189-41c5-9f33-a64f3da6a78d (validation): ValueError
Free trial plan not found: no trial activated for user 57df26d4-c345-40a2-8bd1-fd83122236cc.
Cannot activate automatic trial for user 57df26d4-c345-40a2-8bd1-fd83122236cc (validation): ValueError
Free trial plan not found: no trial activated for user 23176428-92b3-4f3d-808b-372076519fa7.
Cannot activate automatic trial for user 23176428-92b3-4f3d-808b-372076519fa7 (validation): ValueError
Free trial plan not found: no trial activated for user f5a4e776-ab96-447e-a68d-33e0e2fdca69.
Cannot activate automatic trial for user f5a4e776-ab96-447e-a68d-33e0e2fdca69 (validation): ValueError
Free trial plan not found: no trial activated for user 0f914013-338a-4a37-9b5d-1b0c858a2a89.
Cannot activate automatic trial for user 0f914013-338a-4a37-9b5d-1b0c858a2a89 (validation): ValueError
Free trial plan not found: no trial activated for user 3f9bb40f-2dbb-4005-b883-798e722d5181.
Cannot activate automatic trial for user 3f9bb40f-2dbb-4005-b883-798e722d5181 (validation): ValueError
Free trial plan not found: no trial activated for user be882a8e-cba6-446e-9ef8-fb7c48ab8b53.
Cannot activate automatic trial for user be882a8e-cba6-446e-9ef8-fb7c48ab8b53 (validation): ValueError
Free trial plan not found: no trial activated for user 112d185a-6ba6-4cf7-a5ee-e8fdc27f56ff.
Cannot activate automatic trial for user 112d185a-6ba6-4cf7-a5ee-e8fdc27f56ff (validation): ValueError
Free trial plan not found: no trial activated for user 4644691a-80a3-42fd-8db8-a1edfee6556d.
Cannot activate automatic trial for user 4644691a-80a3-42fd-8db8-a1edfee6556d (validation): ValueError
ok
test_an_invisible_change_costs_no_extra_queries (AutoGrader.tests_cache_user_fanout.UserRowCostTests.test_an_invisible_change_costs_no_extra_queries) ... Free trial plan not found: no trial activated for user 9d5846f1-f4c5-4405-98ee-242daba0c45a.
Cannot activate automatic trial for user 9d5846f1-f4c5-4405-98ee-242daba0c45a (validation): ValueError
Free trial plan not found: no trial activated for user 91afbb54-b0dd-4372-95fe-7bfd293d0754.
Cannot activate automatic trial for user 91afbb54-b0dd-4372-95fe-7bfd293d0754 (validation): ValueError
Free trial plan not found: no trial activated for user 6277d1a7-8776-4828-a517-65a450739e85.
Cannot activate automatic trial for user 6277d1a7-8776-4828-a517-65a450739e85 (validation): ValueError
Free trial plan not found: no trial activated for user c9847732-d2dc-4465-a0ac-74dfb651dc95.
Cannot activate automatic trial for user c9847732-d2dc-4465-a0ac-74dfb651dc95 (validation): ValueError
Free trial plan not found: no trial activated for user cfe1956d-4a15-4e08-941c-e5ea43c9bc3b.
Cannot activate automatic trial for user cfe1956d-4a15-4e08-941c-e5ea43c9bc3b (validation): ValueError
Free trial plan not found: no trial activated for user 36b29712-d3b9-439d-8786-2a4785d3b980.
Cannot activate automatic trial for user 36b29712-d3b9-439d-8786-2a4785d3b980 (validation): ValueError
Free trial plan not found: no trial activated for user 73a3ceab-df82-4640-b082-7327baa8cd20.
Cannot activate automatic trial for user 73a3ceab-df82-4640-b082-7327baa8cd20 (validation): ValueError
ok
test_one_redis_round_trip_per_save (AutoGrader.tests_cache_user_fanout.UserRowCostTests.test_one_redis_round_trip_per_save) ... Free trial plan not found: no trial activated for user 76968dd7-a693-4262-986a-7349fcee3b1c.
Cannot activate automatic trial for user 76968dd7-a693-4262-986a-7349fcee3b1c (validation): ValueError
Free trial plan not found: no trial activated for user bdb0c957-80e3-4d92-9322-f1c994bc3798.
Cannot activate automatic trial for user bdb0c957-80e3-4d92-9322-f1c994bc3798 (validation): ValueError
Free trial plan not found: no trial activated for user 93a9fd63-f2dc-49b3-9f33-e72b1bb26e53.
Cannot activate automatic trial for user 93a9fd63-f2dc-49b3-9f33-e72b1bb26e53 (validation): ValueError
Free trial plan not found: no trial activated for user 884849f8-da19-406c-88fa-c17f7fb57095.
Cannot activate automatic trial for user 884849f8-da19-406c-88fa-c17f7fb57095 (validation): ValueError
Free trial plan not found: no trial activated for user ade909cd-a7d3-46e5-aece-29c4f4375e25.
Cannot activate automatic trial for user ade909cd-a7d3-46e5-aece-29c4f4375e25 (validation): ValueError
Free trial plan not found: no trial activated for user 3cc88dab-e90a-41ab-b12b-850bccee56cb.
Cannot activate automatic trial for user 3cc88dab-e90a-41ab-b12b-850bccee56cb (validation): ValueError
Free trial plan not found: no trial activated for user 1f8a57e7-bf1f-4c7f-8528-d39f0cdd5c82.
Cannot activate automatic trial for user 1f8a57e7-bf1f-4c7f-8528-d39f0cdd5c82 (validation): ValueError
ok
test_the_fanout_query_count_is_flat_in_the_number_of_courses (AutoGrader.tests_cache_user_fanout.UserRowCostTests.test_the_fanout_query_count_is_flat_in_the_number_of_courses) ... Free trial plan not found: no trial activated for user 0a42dc67-56b7-4239-8432-00bbfb5720df.
Cannot activate automatic trial for user 0a42dc67-56b7-4239-8432-00bbfb5720df (validation): ValueError
Free trial plan not found: no trial activated for user 5e742cbc-acd6-4e7e-be03-6d92cd8b6815.
Cannot activate automatic trial for user 5e742cbc-acd6-4e7e-be03-6d92cd8b6815 (validation): ValueError
Free trial plan not found: no trial activated for user d7597fc7-5fcb-476c-9b2b-e9a798e08272.
Cannot activate automatic trial for user d7597fc7-5fcb-476c-9b2b-e9a798e08272 (validation): ValueError
Free trial plan not found: no trial activated for user 779b0bf2-abab-4a93-a3a1-572dd5649d13.
Cannot activate automatic trial for user 779b0bf2-abab-4a93-a3a1-572dd5649d13 (validation): ValueError
Free trial plan not found: no trial activated for user 5cd5706c-1129-46e9-bf15-881b6a15509f.
Cannot activate automatic trial for user 5cd5706c-1129-46e9-bf15-881b6a15509f (validation): ValueError
Free trial plan not found: no trial activated for user 606a7e18-0950-419c-b478-ebee7c941dec.
Cannot activate automatic trial for user 606a7e18-0950-419c-b478-ebee7c941dec (validation): ValueError
Free trial plan not found: no trial activated for user 514ac7d8-1b2c-43cf-ad04-f5aee65ff99b.
Cannot activate automatic trial for user 514ac7d8-1b2c-43cf-ad04-f5aee65ff99b (validation): ValueError
Free trial plan not found: no trial activated for user fd9b67ee-3a38-4efd-8cd5-bdfc367a9539.
Cannot activate automatic trial for user fd9b67ee-3a38-4efd-8cd5-bdfc367a9539 (validation): ValueError
Free trial plan not found: no trial activated for user f96cc3da-284a-407a-b547-4d6a9b56b2a8.
Cannot activate automatic trial for user f96cc3da-284a-407a-b547-4d6a9b56b2a8 (validation): ValueError
Free trial plan not found: no trial activated for user e08498ec-67f7-4383-b726-f60686b7565b.
Cannot activate automatic trial for user e08498ec-67f7-4383-b726-f60686b7565b (validation): ValueError
Free trial plan not found: no trial activated for user 0dec92d0-e94f-4c67-9ba0-5b49c1aab386.
Cannot activate automatic trial for user 0dec92d0-e94f-4c67-9ba0-5b49c1aab386 (validation): ValueError
Free trial plan not found: no trial activated for user 145bc21f-e907-46b5-89f1-e625f153d0d9.
Cannot activate automatic trial for user 145bc21f-e907-46b5-89f1-e625f153d0d9 (validation): ValueError
Free trial plan not found: no trial activated for user 43024d10-cd43-4a0a-8c66-fd4da6ea6140.
Cannot activate automatic trial for user 43024d10-cd43-4a0a-8c66-fd4da6ea6140 (validation): ValueError
Free trial plan not found: no trial activated for user d3f07842-4900-47d0-b61c-fec759fc6018.
Cannot activate automatic trial for user d3f07842-4900-47d0-b61c-fec759fc6018 (validation): ValueError
Free trial plan not found: no trial activated for user 2802afd5-9975-4f3f-a7da-afb2515069d7.
Cannot activate automatic trial for user 2802afd5-9975-4f3f-a7da-afb2515069d7 (validation): ValueError
Free trial plan not found: no trial activated for user ce8ea8bc-a9f6-42f3-8e29-e91fa60dc878.
Cannot activate automatic trial for user ce8ea8bc-a9f6-42f3-8e29-e91fa60dc878 (validation): ValueError
Free trial plan not found: no trial activated for user 7e68828d-c47a-4f5a-a659-e3e886688fe1.
Cannot activate automatic trial for user 7e68828d-c47a-4f5a-a659-e3e886688fe1 (validation): ValueError
Free trial plan not found: no trial activated for user 2f682fe4-21ad-472a-a1fe-be8e9e2543fc.
Cannot activate automatic trial for user 2f682fe4-21ad-472a-a1fe-be8e9e2543fc (validation): ValueError
Free trial plan not found: no trial activated for user 45fd542f-985c-4cd6-985d-11711e1d4d15.
Cannot activate automatic trial for user 45fd542f-985c-4cd6-985d-11711e1d4d15 (validation): ValueError
Free trial plan not found: no trial activated for user ccd1f102-c690-43a3-9076-b97b5583194d.
Cannot activate automatic trial for user ccd1f102-c690-43a3-9076-b97b5583194d (validation): ValueError
Free trial plan not found: no trial activated for user 3e884d00-c2a5-4cd2-8344-c62ff644043a.
Cannot activate automatic trial for user 3e884d00-c2a5-4cd2-8344-c62ff644043a (validation): ValueError
Free trial plan not found: no trial activated for user c3fc899f-b244-4a76-abab-e73cd5418d49.
Cannot activate automatic trial for user c3fc899f-b244-4a76-abab-e73cd5418d49 (validation): ValueError
Free trial plan not found: no trial activated for user 46bec552-112b-4ef1-9144-9a12d1de06ae.
Cannot activate automatic trial for user 46bec552-112b-4ef1-9144-9a12d1de06ae (validation): ValueError
Free trial plan not found: no trial activated for user 6454719a-762a-44ad-8163-c7c545a31eb4.
Cannot activate automatic trial for user 6454719a-762a-44ad-8163-c7c545a31eb4 (validation): ValueError
Free trial plan not found: no trial activated for user 9126fe8e-870e-4091-ba7f-172cf37d58a9.
Cannot activate automatic trial for user 9126fe8e-870e-4091-ba7f-172cf37d58a9 (validation): ValueError
Free trial plan not found: no trial activated for user 9f1f325c-ac71-4805-92be-ae80c01a4694.
Cannot activate automatic trial for user 9f1f325c-ac71-4805-92be-ae80c01a4694 (validation): ValueError
Free trial plan not found: no trial activated for user 2759796e-ae41-457a-b701-8e56db427924.
Cannot activate automatic trial for user 2759796e-ae41-457a-b701-8e56db427924 (validation): ValueError
Free trial plan not found: no trial activated for user e68a7b4a-b5c1-43bb-8b83-1ca78f5e76b8.
Cannot activate automatic trial for user e68a7b4a-b5c1-43bb-8b83-1ca78f5e76b8 (validation): ValueError
Free trial plan not found: no trial activated for user cb78c434-75a1-4da4-b65e-5ef1995dcf69.
Cannot activate automatic trial for user cb78c434-75a1-4da4-b65e-5ef1995dcf69 (validation): ValueError
Free trial plan not found: no trial activated for user 5f66cd77-3401-415f-be36-f0f16ff4260c.
Cannot activate automatic trial for user 5f66cd77-3401-415f-be36-f0f16ff4260c (validation): ValueError
Free trial plan not found: no trial activated for user eee4f5bc-8ad6-4c2d-8a6c-df10aecdabed.
Cannot activate automatic trial for user eee4f5bc-8ad6-4c2d-8a6c-df10aecdabed (validation): ValueError
Free trial plan not found: no trial activated for user e384ce9c-0772-41df-9346-7af129a779a1.
Cannot activate automatic trial for user e384ce9c-0772-41df-9346-7af129a779a1 (validation): ValueError
Free trial plan not found: no trial activated for user 755e9664-0cea-44d6-94ad-bdc4d9fc1164.
Cannot activate automatic trial for user 755e9664-0cea-44d6-94ad-bdc4d9fc1164 (validation): ValueError
Free trial plan not found: no trial activated for user 34bb8df4-ff70-4849-ac58-87fc5ec13d7f.
Cannot activate automatic trial for user 34bb8df4-ff70-4849-ac58-87fc5ec13d7f (validation): ValueError
Free trial plan not found: no trial activated for user 425817ac-2876-47c4-8669-d9a165b14e9b.
Cannot activate automatic trial for user 425817ac-2876-47c4-8669-d9a165b14e9b (validation): ValueError
Free trial plan not found: no trial activated for user bf2a3be3-978e-43f5-833f-a11a18aa1006.
Cannot activate automatic trial for user bf2a3be3-978e-43f5-833f-a11a18aa1006 (validation): ValueError
Free trial plan not found: no trial activated for user 94838f60-ca81-46fd-b2b5-8c17c57cc37d.
Cannot activate automatic trial for user 94838f60-ca81-46fd-b2b5-8c17c57cc37d (validation): ValueError
ok
test_a_redis_outage_never_fails_the_user_save (AutoGrader.tests_cache_user_fanout.UserRowFailureTests.test_a_redis_outage_never_fails_the_user_save) ... Free trial plan not found: no trial activated for user d3223bbf-e8c2-416b-b6bb-f2756210c761.
Cannot activate automatic trial for user d3223bbf-e8c2-416b-b6bb-f2756210c761 (validation): ValueError
Free trial plan not found: no trial activated for user 237ca350-28bc-46c8-9cb4-c5cbcc269f59.
Cannot activate automatic trial for user 237ca350-28bc-46c8-9cb4-c5cbcc269f59 (validation): ValueError
Free trial plan not found: no trial activated for user 36339412-fd1e-4dae-a8a4-0552780e7993.
Cannot activate automatic trial for user 36339412-fd1e-4dae-a8a4-0552780e7993 (validation): ValueError
Free trial plan not found: no trial activated for user 400a7366-8be8-4543-b25d-a7de9bbb2311.
Cannot activate automatic trial for user 400a7366-8be8-4543-b25d-a7de9bbb2311 (validation): ValueError
Free trial plan not found: no trial activated for user f320aaf3-6b27-4479-bb60-f7ba9aa98f67.
Cannot activate automatic trial for user f320aaf3-6b27-4479-bb60-f7ba9aa98f67 (validation): ValueError
Free trial plan not found: no trial activated for user 70ac0aa3-8db0-4663-9d06-88e178df8776.
Cannot activate automatic trial for user 70ac0aa3-8db0-4663-9d06-88e178df8776 (validation): ValueError
Free trial plan not found: no trial activated for user 4f5ecdb4-e312-4385-a334-64177435b53d.
Cannot activate automatic trial for user 4f5ecdb4-e312-4385-a334-64177435b53d (validation): ValueError
Cache generation bump failed for cachegen:global; entries keyed on it will serve stale data until their TTL expires.
Traceback (most recent call last):
  File "/home/bond-servant-in-training/Documents/Projects/Grade-Automator-Plus-epic-a-merge-down-b14/AutoGrader/cache_generation.py", line 171, in bump_generation
    return _incr_or_create(key)
           ^^^^^^^^^^^^^^^^^^^^
  File "/home/bond-servant-in-training/Documents/Projects/Grade-Automator-Plus-epic-a-merge-down-b14/AutoGrader/cache_generation.py", line 201, in _incr_or_create
    return cache.incr(key)
           ^^^^^^^^^^^^^^^
  File "/home/bond-servant-in-training/Documents/Virtualenvs/AutoGrader_env/lib/python3.12/site-packages/django_redis/cache.py", line 29, in _decorator
    return method(self, *args, **kwargs)
           ^^^^^^^^^^^^^^^^^^^^^^^^^^^^^
  File "/home/bond-servant-in-training/Documents/Virtualenvs/AutoGrader_env/lib/python3.12/site-packages/django_redis/cache.py", line 130, in incr
    return self.client.incr(*args, **kwargs)
           ^^^^^^^^^^^^^^^^^^^^^^^^^^^^^^^^^
  File "/home/bond-servant-in-training/Documents/Virtualenvs/AutoGrader_env/lib/python3.12/site-packages/django_redis/client/default.py", line 653, in incr
    return self._incr(
           ^^^^^^^^^^^
  File "/home/bond-servant-in-training/Documents/Virtualenvs/AutoGrader_env/lib/python3.12/site-packages/django_redis/client/default.py", line 595, in _incr
    client = self.get_client(write=True)
             ^^^^^^^^^^^^^^^^^^^^^^^^^^^
  File "/home/bond-servant-in-training/.pyenv/versions/3.12.10/lib/python3.12/unittest/mock.py", line 1139, in __call__
    return self._mock_call(*args, **kwargs)
           ^^^^^^^^^^^^^^^^^^^^^^^^^^^^^^^^
  File "/home/bond-servant-in-training/.pyenv/versions/3.12.10/lib/python3.12/unittest/mock.py", line 1143, in _mock_call
    return self._execute_mock_call(*args, **kwargs)
           ^^^^^^^^^^^^^^^^^^^^^^^^^^^^^^^^^^^^^^^^
  File "/home/bond-servant-in-training/.pyenv/versions/3.12.10/lib/python3.12/unittest/mock.py", line 1198, in _execute_mock_call
    raise effect
  File "/home/bond-servant-in-training/Documents/Projects/Grade-Automator-Plus-epic-a-merge-down-b14/AutoGrader/cache_generation.py", line 277, in _bump_pipelined
    client = cache.client.get_client(write=True)
             ^^^^^^^^^^^^^^^^^^^^^^^^^^^^^^^^^^^
  File "/home/bond-servant-in-training/.pyenv/versions/3.12.10/lib/python3.12/unittest/mock.py", line 1139, in __call__
    return self._mock_call(*args, **kwargs)
           ^^^^^^^^^^^^^^^^^^^^^^^^^^^^^^^^
  File "/home/bond-servant-in-training/.pyenv/versions/3.12.10/lib/python3.12/unittest/mock.py", line 1143, in _mock_call
    return self._execute_mock_call(*args, **kwargs)
           ^^^^^^^^^^^^^^^^^^^^^^^^^^^^^^^^^^^^^^^^
  File "/home/bond-servant-in-training/.pyenv/versions/3.12.10/lib/python3.12/unittest/mock.py", line 1198, in _execute_mock_call
    raise effect
redis.exceptions.ConnectionError: redis unreachable
Cache generation bump failed for cachegen:sch:fef36cf8-04b3-4897-8334-43f7e52a395a; entries keyed on it will serve stale data until their TTL expires.
Traceback (most recent call last):
  File "/home/bond-servant-in-training/Documents/Projects/Grade-Automator-Plus-epic-a-merge-down-b14/AutoGrader/cache_generation.py", line 171, in bump_generation
    return _incr_or_create(key)
           ^^^^^^^^^^^^^^^^^^^^
  File "/home/bond-servant-in-training/Documents/Projects/Grade-Automator-Plus-epic-a-merge-down-b14/AutoGrader/cache_generation.py", line 201, in _incr_or_create
    return cache.incr(key)
           ^^^^^^^^^^^^^^^
  File "/home/bond-servant-in-training/Documents/Virtualenvs/AutoGrader_env/lib/python3.12/site-packages/django_redis/cache.py", line 29, in _decorator
    return method(self, *args, **kwargs)
           ^^^^^^^^^^^^^^^^^^^^^^^^^^^^^
  File "/home/bond-servant-in-training/Documents/Virtualenvs/AutoGrader_env/lib/python3.12/site-packages/django_redis/cache.py", line 130, in incr
    return self.client.incr(*args, **kwargs)
           ^^^^^^^^^^^^^^^^^^^^^^^^^^^^^^^^^
  File "/home/bond-servant-in-training/Documents/Virtualenvs/AutoGrader_env/lib/python3.12/site-packages/django_redis/client/default.py", line 653, in incr
    return self._incr(
           ^^^^^^^^^^^
  File "/home/bond-servant-in-training/Documents/Virtualenvs/AutoGrader_env/lib/python3.12/site-packages/django_redis/client/default.py", line 595, in _incr
    client = self.get_client(write=True)
             ^^^^^^^^^^^^^^^^^^^^^^^^^^^
  File "/home/bond-servant-in-training/.pyenv/versions/3.12.10/lib/python3.12/unittest/mock.py", line 1139, in __call__
    return self._mock_call(*args, **kwargs)
           ^^^^^^^^^^^^^^^^^^^^^^^^^^^^^^^^
  File "/home/bond-servant-in-training/.pyenv/versions/3.12.10/lib/python3.12/unittest/mock.py", line 1143, in _mock_call
    return self._execute_mock_call(*args, **kwargs)
           ^^^^^^^^^^^^^^^^^^^^^^^^^^^^^^^^^^^^^^^^
  File "/home/bond-servant-in-training/.pyenv/versions/3.12.10/lib/python3.12/unittest/mock.py", line 1198, in _execute_mock_call
    raise effect
  File "/home/bond-servant-in-training/Documents/Projects/Grade-Automator-Plus-epic-a-merge-down-b14/AutoGrader/cache_generation.py", line 171, in bump_generation
    return _incr_or_create(key)
           ^^^^^^^^^^^^^^^^^^^^
  File "/home/bond-servant-in-training/Documents/Projects/Grade-Automator-Plus-epic-a-merge-down-b14/AutoGrader/cache_generation.py", line 201, in _incr_or_create
    return cache.incr(key)
           ^^^^^^^^^^^^^^^
  File "/home/bond-servant-in-training/Documents/Virtualenvs/AutoGrader_env/lib/python3.12/site-packages/django_redis/cache.py", line 29, in _decorator
    return method(self, *args, **kwargs)
           ^^^^^^^^^^^^^^^^^^^^^^^^^^^^^
  File "/home/bond-servant-in-training/Documents/Virtualenvs/AutoGrader_env/lib/python3.12/site-packages/django_redis/cache.py", line 130, in incr
    return self.client.incr(*args, **kwargs)
           ^^^^^^^^^^^^^^^^^^^^^^^^^^^^^^^^^
  File "/home/bond-servant-in-training/Documents/Virtualenvs/AutoGrader_env/lib/python3.12/site-packages/django_redis/client/default.py", line 653, in incr
    return self._incr(
           ^^^^^^^^^^^
  File "/home/bond-servant-in-training/Documents/Virtualenvs/AutoGrader_env/lib/python3.12/site-packages/django_redis/client/default.py", line 595, in _incr
    client = self.get_client(write=True)
             ^^^^^^^^^^^^^^^^^^^^^^^^^^^
  File "/home/bond-servant-in-training/.pyenv/versions/3.12.10/lib/python3.12/unittest/mock.py", line 1139, in __call__
    return self._mock_call(*args, **kwargs)
           ^^^^^^^^^^^^^^^^^^^^^^^^^^^^^^^^
  File "/home/bond-servant-in-training/.pyenv/versions/3.12.10/lib/python3.12/unittest/mock.py", line 1143, in _mock_call
    return self._execute_mock_call(*args, **kwargs)
           ^^^^^^^^^^^^^^^^^^^^^^^^^^^^^^^^^^^^^^^^
  File "/home/bond-servant-in-training/.pyenv/versions/3.12.10/lib/python3.12/unittest/mock.py", line 1198, in _execute_mock_call
    raise effect
  File "/home/bond-servant-in-training/Documents/Projects/Grade-Automator-Plus-epic-a-merge-down-b14/AutoGrader/cache_generation.py", line 277, in _bump_pipelined
    client = cache.client.get_client(write=True)
             ^^^^^^^^^^^^^^^^^^^^^^^^^^^^^^^^^^^
  File "/home/bond-servant-in-training/.pyenv/versions/3.12.10/lib/python3.12/unittest/mock.py", line 1139, in __call__
    return self._mock_call(*args, **kwargs)
           ^^^^^^^^^^^^^^^^^^^^^^^^^^^^^^^^
  File "/home/bond-servant-in-training/.pyenv/versions/3.12.10/lib/python3.12/unittest/mock.py", line 1143, in _mock_call
    return self._execute_mock_call(*args, **kwargs)
           ^^^^^^^^^^^^^^^^^^^^^^^^^^^^^^^^^^^^^^^^
  File "/home/bond-servant-in-training/.pyenv/versions/3.12.10/lib/python3.12/unittest/mock.py", line 1198, in _execute_mock_call
    raise effect
redis.exceptions.ConnectionError: redis unreachable
Cache generation bump failed for cachegen:anyusr; entries keyed on it will serve stale data until their TTL expires.
Traceback (most recent call last):
  File "/home/bond-servant-in-training/Documents/Projects/Grade-Automator-Plus-epic-a-merge-down-b14/AutoGrader/cache_generation.py", line 171, in bump_generation
    return _incr_or_create(key)
           ^^^^^^^^^^^^^^^^^^^^
  File "/home/bond-servant-in-training/Documents/Projects/Grade-Automator-Plus-epic-a-merge-down-b14/AutoGrader/cache_generation.py", line 201, in _incr_or_create
    return cache.incr(key)
           ^^^^^^^^^^^^^^^
  File "/home/bond-servant-in-training/Documents/Virtualenvs/AutoGrader_env/lib/python3.12/site-packages/django_redis/cache.py", line 29, in _decorator
    return method(self, *args, **kwargs)
           ^^^^^^^^^^^^^^^^^^^^^^^^^^^^^
  File "/home/bond-servant-in-training/Documents/Virtualenvs/AutoGrader_env/lib/python3.12/site-packages/django_redis/cache.py", line 130, in incr
    return self.client.incr(*args, **kwargs)
           ^^^^^^^^^^^^^^^^^^^^^^^^^^^^^^^^^
  File "/home/bond-servant-in-training/Documents/Virtualenvs/AutoGrader_env/lib/python3.12/site-packages/django_redis/client/default.py", line 653, in incr
    return self._incr(
           ^^^^^^^^^^^
  File "/home/bond-servant-in-training/Documents/Virtualenvs/AutoGrader_env/lib/python3.12/site-packages/django_redis/client/default.py", line 595, in _incr
    client = self.get_client(write=True)
             ^^^^^^^^^^^^^^^^^^^^^^^^^^^
  File "/home/bond-servant-in-training/.pyenv/versions/3.12.10/lib/python3.12/unittest/mock.py", line 1139, in __call__
    return self._mock_call(*args, **kwargs)
           ^^^^^^^^^^^^^^^^^^^^^^^^^^^^^^^^
  File "/home/bond-servant-in-training/.pyenv/versions/3.12.10/lib/python3.12/unittest/mock.py", line 1143, in _mock_call
    return self._execute_mock_call(*args, **kwargs)
           ^^^^^^^^^^^^^^^^^^^^^^^^^^^^^^^^^^^^^^^^
  File "/home/bond-servant-in-training/.pyenv/versions/3.12.10/lib/python3.12/unittest/mock.py", line 1198, in _execute_mock_call
    raise effect
  File "/home/bond-servant-in-training/Documents/Projects/Grade-Automator-Plus-epic-a-merge-down-b14/AutoGrader/cache_generation.py", line 171, in bump_generation
    return _incr_or_create(key)
           ^^^^^^^^^^^^^^^^^^^^
  File "/home/bond-servant-in-training/Documents/Projects/Grade-Automator-Plus-epic-a-merge-down-b14/AutoGrader/cache_generation.py", line 201, in _incr_or_create
    return cache.incr(key)
           ^^^^^^^^^^^^^^^
  File "/home/bond-servant-in-training/Documents/Virtualenvs/AutoGrader_env/lib/python3.12/site-packages/django_redis/cache.py", line 29, in _decorator
    return method(self, *args, **kwargs)
           ^^^^^^^^^^^^^^^^^^^^^^^^^^^^^
  File "/home/bond-servant-in-training/Documents/Virtualenvs/AutoGrader_env/lib/python3.12/site-packages/django_redis/cache.py", line 130, in incr
    return self.client.incr(*args, **kwargs)
           ^^^^^^^^^^^^^^^^^^^^^^^^^^^^^^^^^
  File "/home/bond-servant-in-training/Documents/Virtualenvs/AutoGrader_env/lib/python3.12/site-packages/django_redis/client/default.py", line 653, in incr
    return self._incr(
           ^^^^^^^^^^^
  File "/home/bond-servant-in-training/Documents/Virtualenvs/AutoGrader_env/lib/python3.12/site-packages/django_redis/client/default.py", line 595, in _incr
    client = self.get_client(write=True)
             ^^^^^^^^^^^^^^^^^^^^^^^^^^^
  File "/home/bond-servant-in-training/.pyenv/versions/3.12.10/lib/python3.12/unittest/mock.py", line 1139, in __call__
    return self._mock_call(*args, **kwargs)
           ^^^^^^^^^^^^^^^^^^^^^^^^^^^^^^^^
  File "/home/bond-servant-in-training/.pyenv/versions/3.12.10/lib/python3.12/unittest/mock.py", line 1143, in _mock_call
    return self._execute_mock_call(*args, **kwargs)
           ^^^^^^^^^^^^^^^^^^^^^^^^^^^^^^^^^^^^^^^^
  File "/home/bond-servant-in-training/.pyenv/versions/3.12.10/lib/python3.12/unittest/mock.py", line 1198, in _execute_mock_call
    raise effect
  File "/home/bond-servant-in-training/Documents/Projects/Grade-Automator-Plus-epic-a-merge-down-b14/AutoGrader/cache_generation.py", line 171, in bump_generation
    return _incr_or_create(key)
           ^^^^^^^^^^^^^^^^^^^^
  File "/home/bond-servant-in-training/Documents/Projects/Grade-Automator-Plus-epic-a-merge-down-b14/AutoGrader/cache_generation.py", line 201, in _incr_or_create
    return cache.incr(key)
           ^^^^^^^^^^^^^^^
  File "/home/bond-servant-in-training/Documents/Virtualenvs/AutoGrader_env/lib/python3.12/site-packages/django_redis/cache.py", line 29, in _decorator
    return method(self, *args, **kwargs)
           ^^^^^^^^^^^^^^^^^^^^^^^^^^^^^
  File "/home/bond-servant-in-training/Documents/Virtualenvs/AutoGrader_env/lib/python3.12/site-packages/django_redis/cache.py", line 130, in incr
    return self.client.incr(*args, **kwargs)
           ^^^^^^^^^^^^^^^^^^^^^^^^^^^^^^^^^
  File "/home/bond-servant-in-training/Documents/Virtualenvs/AutoGrader_env/lib/python3.12/site-packages/django_redis/client/default.py", line 653, in incr
    return self._incr(
           ^^^^^^^^^^^
  File "/home/bond-servant-in-training/Documents/Virtualenvs/AutoGrader_env/lib/python3.12/site-packages/django_redis/client/default.py", line 595, in _incr
    client = self.get_client(write=True)
             ^^^^^^^^^^^^^^^^^^^^^^^^^^^
  File "/home/bond-servant-in-training/.pyenv/versions/3.12.10/lib/python3.12/unittest/mock.py", line 1139, in __call__
    return self._mock_call(*args, **kwargs)
           ^^^^^^^^^^^^^^^^^^^^^^^^^^^^^^^^
  File "/home/bond-servant-in-training/.pyenv/versions/3.12.10/lib/python3.12/unittest/mock.py", line 1143, in _mock_call
    return self._execute_mock_call(*args, **kwargs)
           ^^^^^^^^^^^^^^^^^^^^^^^^^^^^^^^^^^^^^^^^
  File "/home/bond-servant-in-training/.pyenv/versions/3.12.10/lib/python3.12/unittest/mock.py", line 1198, in _execute_mock_call
    raise effect
  File "/home/bond-servant-in-training/Documents/Projects/Grade-Automator-Plus-epic-a-merge-down-b14/AutoGrader/cache_generation.py", line 277, in _bump_pipelined
    client = cache.client.get_client(write=True)
             ^^^^^^^^^^^^^^^^^^^^^^^^^^^^^^^^^^^
  File "/home/bond-servant-in-training/.pyenv/versions/3.12.10/lib/python3.12/unittest/mock.py", line 1139, in __call__
    return self._mock_call(*args, **kwargs)
           ^^^^^^^^^^^^^^^^^^^^^^^^^^^^^^^^
  File "/home/bond-servant-in-training/.pyenv/versions/3.12.10/lib/python3.12/unittest/mock.py", line 1143, in _mock_call
    return self._execute_mock_call(*args, **kwargs)
           ^^^^^^^^^^^^^^^^^^^^^^^^^^^^^^^^^^^^^^^^
  File "/home/bond-servant-in-training/.pyenv/versions/3.12.10/lib/python3.12/unittest/mock.py", line 1198, in _execute_mock_call
    raise effect
redis.exceptions.ConnectionError: redis unreachable
Cache generation bump failed for cachegen:usr:d3223bbf-e8c2-416b-b6bb-f2756210c761; entries keyed on it will serve stale data until their TTL expires.
Traceback (most recent call last):
  File "/home/bond-servant-in-training/Documents/Projects/Grade-Automator-Plus-epic-a-merge-down-b14/AutoGrader/cache_generation.py", line 171, in bump_generation
    return _incr_or_create(key)
           ^^^^^^^^^^^^^^^^^^^^
  File "/home/bond-servant-in-training/Documents/Projects/Grade-Automator-Plus-epic-a-merge-down-b14/AutoGrader/cache_generation.py", line 201, in _incr_or_create
    return cache.incr(key)
           ^^^^^^^^^^^^^^^
  File "/home/bond-servant-in-training/Documents/Virtualenvs/AutoGrader_env/lib/python3.12/site-packages/django_redis/cache.py", line 29, in _decorator
    return method(self, *args, **kwargs)
           ^^^^^^^^^^^^^^^^^^^^^^^^^^^^^
  File "/home/bond-servant-in-training/Documents/Virtualenvs/AutoGrader_env/lib/python3.12/site-packages/django_redis/cache.py", line 130, in incr
    return self.client.incr(*args, **kwargs)
           ^^^^^^^^^^^^^^^^^^^^^^^^^^^^^^^^^
  File "/home/bond-servant-in-training/Documents/Virtualenvs/AutoGrader_env/lib/python3.12/site-packages/django_redis/client/default.py", line 653, in incr
    return self._incr(
           ^^^^^^^^^^^
  File "/home/bond-servant-in-training/Documents/Virtualenvs/AutoGrader_env/lib/python3.12/site-packages/django_redis/client/default.py", line 595, in _incr
    client = self.get_client(write=True)
             ^^^^^^^^^^^^^^^^^^^^^^^^^^^
  File "/home/bond-servant-in-training/.pyenv/versions/3.12.10/lib/python3.12/unittest/mock.py", line 1139, in __call__
    return self._mock_call(*args, **kwargs)
           ^^^^^^^^^^^^^^^^^^^^^^^^^^^^^^^^
  File "/home/bond-servant-in-training/.pyenv/versions/3.12.10/lib/python3.12/unittest/mock.py", line 1143, in _mock_call
    return self._execute_mock_call(*args, **kwargs)
           ^^^^^^^^^^^^^^^^^^^^^^^^^^^^^^^^^^^^^^^^
  File "/home/bond-servant-in-training/.pyenv/versions/3.12.10/lib/python3.12/unittest/mock.py", line 1198, in _execute_mock_call
    raise effect
  File "/home/bond-servant-in-training/Documents/Projects/Grade-Automator-Plus-epic-a-merge-down-b14/AutoGrader/cache_generation.py", line 171, in bump_generation
    return _incr_or_create(key)
           ^^^^^^^^^^^^^^^^^^^^
  File "/home/bond-servant-in-training/Documents/Projects/Grade-Automator-Plus-epic-a-merge-down-b14/AutoGrader/cache_generation.py", line 201, in _incr_or_create
    return cache.incr(key)
           ^^^^^^^^^^^^^^^
  File "/home/bond-servant-in-training/Documents/Virtualenvs/AutoGrader_env/lib/python3.12/site-packages/django_redis/cache.py", line 29, in _decorator
    return method(self, *args, **kwargs)
           ^^^^^^^^^^^^^^^^^^^^^^^^^^^^^
  File "/home/bond-servant-in-training/Documents/Virtualenvs/AutoGrader_env/lib/python3.12/site-packages/django_redis/cache.py", line 130, in incr
    return self.client.incr(*args, **kwargs)
           ^^^^^^^^^^^^^^^^^^^^^^^^^^^^^^^^^
  File "/home/bond-servant-in-training/Documents/Virtualenvs/AutoGrader_env/lib/python3.12/site-packages/django_redis/client/default.py", line 653, in incr
    return self._incr(
           ^^^^^^^^^^^
  File "/home/bond-servant-in-training/Documents/Virtualenvs/AutoGrader_env/lib/python3.12/site-packages/django_redis/client/default.py", line 595, in _incr
    client = self.get_client(write=True)
             ^^^^^^^^^^^^^^^^^^^^^^^^^^^
  File "/home/bond-servant-in-training/.pyenv/versions/3.12.10/lib/python3.12/unittest/mock.py", line 1139, in __call__
    return self._mock_call(*args, **kwargs)
           ^^^^^^^^^^^^^^^^^^^^^^^^^^^^^^^^
  File "/home/bond-servant-in-training/.pyenv/versions/3.12.10/lib/python3.12/unittest/mock.py", line 1143, in _mock_call
    return self._execute_mock_call(*args, **kwargs)
           ^^^^^^^^^^^^^^^^^^^^^^^^^^^^^^^^^^^^^^^^
  File "/home/bond-servant-in-training/.pyenv/versions/3.12.10/lib/python3.12/unittest/mock.py", line 1198, in _execute_mock_call
    raise effect
  File "/home/bond-servant-in-training/Documents/Projects/Grade-Automator-Plus-epic-a-merge-down-b14/AutoGrader/cache_generation.py", line 171, in bump_generation
    return _incr_or_create(key)
           ^^^^^^^^^^^^^^^^^^^^
  File "/home/bond-servant-in-training/Documents/Projects/Grade-Automator-Plus-epic-a-merge-down-b14/AutoGrader/cache_generation.py", line 201, in _incr_or_create
    return cache.incr(key)
           ^^^^^^^^^^^^^^^
  File "/home/bond-servant-in-training/Documents/Virtualenvs/AutoGrader_env/lib/python3.12/site-packages/django_redis/cache.py", line 29, in _decorator
    return method(self, *args, **kwargs)
           ^^^^^^^^^^^^^^^^^^^^^^^^^^^^^
  File "/home/bond-servant-in-training/Documents/Virtualenvs/AutoGrader_env/lib/python3.12/site-packages/django_redis/cache.py", line 130, in incr
    return self.client.incr(*args, **kwargs)
           ^^^^^^^^^^^^^^^^^^^^^^^^^^^^^^^^^
  File "/home/bond-servant-in-training/Documents/Virtualenvs/AutoGrader_env/lib/python3.12/site-packages/django_redis/client/default.py", line 653, in incr
    return self._incr(
           ^^^^^^^^^^^
  File "/home/bond-servant-in-training/Documents/Virtualenvs/AutoGrader_env/lib/python3.12/site-packages/django_redis/client/default.py", line 595, in _incr
    client = self.get_client(write=True)
             ^^^^^^^^^^^^^^^^^^^^^^^^^^^
  File "/home/bond-servant-in-training/.pyenv/versions/3.12.10/lib/python3.12/unittest/mock.py", line 1139, in __call__
    return self._mock_call(*args, **kwargs)
           ^^^^^^^^^^^^^^^^^^^^^^^^^^^^^^^^
  File "/home/bond-servant-in-training/.pyenv/versions/3.12.10/lib/python3.12/unittest/mock.py", line 1143, in _mock_call
    return self._execute_mock_call(*args, **kwargs)
           ^^^^^^^^^^^^^^^^^^^^^^^^^^^^^^^^^^^^^^^^
  File "/home/bond-servant-in-training/.pyenv/versions/3.12.10/lib/python3.12/unittest/mock.py", line 1198, in _execute_mock_call
    raise effect
  File "/home/bond-servant-in-training/Documents/Projects/Grade-Automator-Plus-epic-a-merge-down-b14/AutoGrader/cache_generation.py", line 171, in bump_generation
    return _incr_or_create(key)
           ^^^^^^^^^^^^^^^^^^^^
  File "/home/bond-servant-in-training/Documents/Projects/Grade-Automator-Plus-epic-a-merge-down-b14/AutoGrader/cache_generation.py", line 201, in _incr_or_create
    return cache.incr(key)
           ^^^^^^^^^^^^^^^
  File "/home/bond-servant-in-training/Documents/Virtualenvs/AutoGrader_env/lib/python3.12/site-packages/django_redis/cache.py", line 29, in _decorator
    return method(self, *args, **kwargs)
           ^^^^^^^^^^^^^^^^^^^^^^^^^^^^^
  File "/home/bond-servant-in-training/Documents/Virtualenvs/AutoGrader_env/lib/python3.12/site-packages/django_redis/cache.py", line 130, in incr
    return self.client.incr(*args, **kwargs)
           ^^^^^^^^^^^^^^^^^^^^^^^^^^^^^^^^^
  File "/home/bond-servant-in-training/Documents/Virtualenvs/AutoGrader_env/lib/python3.12/site-packages/django_redis/client/default.py", line 653, in incr
    return self._incr(
           ^^^^^^^^^^^
  File "/home/bond-servant-in-training/Documents/Virtualenvs/AutoGrader_env/lib/python3.12/site-packages/django_redis/client/default.py", line 595, in _incr
    client = self.get_client(write=True)
             ^^^^^^^^^^^^^^^^^^^^^^^^^^^
  File "/home/bond-servant-in-training/.pyenv/versions/3.12.10/lib/python3.12/unittest/mock.py", line 1139, in __call__
    return self._mock_call(*args, **kwargs)
           ^^^^^^^^^^^^^^^^^^^^^^^^^^^^^^^^
  File "/home/bond-servant-in-training/.pyenv/versions/3.12.10/lib/python3.12/unittest/mock.py", line 1143, in _mock_call
    return self._execute_mock_call(*args, **kwargs)
           ^^^^^^^^^^^^^^^^^^^^^^^^^^^^^^^^^^^^^^^^
  File "/home/bond-servant-in-training/.pyenv/versions/3.12.10/lib/python3.12/unittest/mock.py", line 1198, in _execute_mock_call
    raise effect
  File "/home/bond-servant-in-training/Documents/Projects/Grade-Automator-Plus-epic-a-merge-down-b14/AutoGrader/cache_generation.py", line 277, in _bump_pipelined
    client = cache.client.get_client(write=True)
             ^^^^^^^^^^^^^^^^^^^^^^^^^^^^^^^^^^^
  File "/home/bond-servant-in-training/.pyenv/versions/3.12.10/lib/python3.12/unittest/mock.py", line 1139, in __call__
    return self._mock_call(*args, **kwargs)
           ^^^^^^^^^^^^^^^^^^^^^^^^^^^^^^^^
  File "/home/bond-servant-in-training/.pyenv/versions/3.12.10/lib/python3.12/unittest/mock.py", line 1143, in _mock_call
    return self._execute_mock_call(*args, **kwargs)
           ^^^^^^^^^^^^^^^^^^^^^^^^^^^^^^^^^^^^^^^^
  File "/home/bond-servant-in-training/.pyenv/versions/3.12.10/lib/python3.12/unittest/mock.py", line 1198, in _execute_mock_call
    raise effect
redis.exceptions.ConnectionError: redis unreachable
Cache generation bump failed for cachegen:usr:237ca350-28bc-46c8-9cb4-c5cbcc269f59; entries keyed on it will serve stale data until their TTL expires.
Traceback (most recent call last):
  File "/home/bond-servant-in-training/Documents/Projects/Grade-Automator-Plus-epic-a-merge-down-b14/AutoGrader/cache_generation.py", line 171, in bump_generation
    return _incr_or_create(key)
           ^^^^^^^^^^^^^^^^^^^^
  File "/home/bond-servant-in-training/Documents/Projects/Grade-Automator-Plus-epic-a-merge-down-b14/AutoGrader/cache_generation.py", line 201, in _incr_or_create
    return cache.incr(key)
           ^^^^^^^^^^^^^^^
  File "/home/bond-servant-in-training/Documents/Virtualenvs/AutoGrader_env/lib/python3.12/site-packages/django_redis/cache.py", line 29, in _decorator
    return method(self, *args, **kwargs)
           ^^^^^^^^^^^^^^^^^^^^^^^^^^^^^
  File "/home/bond-servant-in-training/Documents/Virtualenvs/AutoGrader_env/lib/python3.12/site-packages/django_redis/cache.py", line 130, in incr
    return self.client.incr(*args, **kwargs)
           ^^^^^^^^^^^^^^^^^^^^^^^^^^^^^^^^^
  File "/home/bond-servant-in-training/Documents/Virtualenvs/AutoGrader_env/lib/python3.12/site-packages/django_redis/client/default.py", line 653, in incr
    return self._incr(
           ^^^^^^^^^^^
  File "/home/bond-servant-in-training/Documents/Virtualenvs/AutoGrader_env/lib/python3.12/site-packages/django_redis/client/default.py", line 595, in _incr
    client = self.get_client(write=True)
             ^^^^^^^^^^^^^^^^^^^^^^^^^^^
  File "/home/bond-servant-in-training/.pyenv/versions/3.12.10/lib/python3.12/unittest/mock.py", line 1139, in __call__
    return self._mock_call(*args, **kwargs)
           ^^^^^^^^^^^^^^^^^^^^^^^^^^^^^^^^
  File "/home/bond-servant-in-training/.pyenv/versions/3.12.10/lib/python3.12/unittest/mock.py", line 1143, in _mock_call
    return self._execute_mock_call(*args, **kwargs)
           ^^^^^^^^^^^^^^^^^^^^^^^^^^^^^^^^^^^^^^^^
  File "/home/bond-servant-in-training/.pyenv/versions/3.12.10/lib/python3.12/unittest/mock.py", line 1198, in _execute_mock_call
    raise effect
  File "/home/bond-servant-in-training/Documents/Projects/Grade-Automator-Plus-epic-a-merge-down-b14/AutoGrader/cache_generation.py", line 171, in bump_generation
    return _incr_or_create(key)
           ^^^^^^^^^^^^^^^^^^^^
  File "/home/bond-servant-in-training/Documents/Projects/Grade-Automator-Plus-epic-a-merge-down-b14/AutoGrader/cache_generation.py", line 201, in _incr_or_create
    return cache.incr(key)
           ^^^^^^^^^^^^^^^
  File "/home/bond-servant-in-training/Documents/Virtualenvs/AutoGrader_env/lib/python3.12/site-packages/django_redis/cache.py", line 29, in _decorator
    return method(self, *args, **kwargs)
           ^^^^^^^^^^^^^^^^^^^^^^^^^^^^^
  File "/home/bond-servant-in-training/Documents/Virtualenvs/AutoGrader_env/lib/python3.12/site-packages/django_redis/cache.py", line 130, in incr
    return self.client.incr(*args, **kwargs)
           ^^^^^^^^^^^^^^^^^^^^^^^^^^^^^^^^^
  File "/home/bond-servant-in-training/Documents/Virtualenvs/AutoGrader_env/lib/python3.12/site-packages/django_redis/client/default.py", line 653, in incr
    return self._incr(
           ^^^^^^^^^^^
  File "/home/bond-servant-in-training/Documents/Virtualenvs/AutoGrader_env/lib/python3.12/site-packages/django_redis/client/default.py", line 595, in _incr
    client = self.get_client(write=True)
             ^^^^^^^^^^^^^^^^^^^^^^^^^^^
  File "/home/bond-servant-in-training/.pyenv/versions/3.12.10/lib/python3.12/unittest/mock.py", line 1139, in __call__
    return self._mock_call(*args, **kwargs)
           ^^^^^^^^^^^^^^^^^^^^^^^^^^^^^^^^
  File "/home/bond-servant-in-training/.pyenv/versions/3.12.10/lib/python3.12/unittest/mock.py", line 1143, in _mock_call
    return self._execute_mock_call(*args, **kwargs)
           ^^^^^^^^^^^^^^^^^^^^^^^^^^^^^^^^^^^^^^^^
  File "/home/bond-servant-in-training/.pyenv/versions/3.12.10/lib/python3.12/unittest/mock.py", line 1198, in _execute_mock_call
    raise effect
  File "/home/bond-servant-in-training/Documents/Projects/Grade-Automator-Plus-epic-a-merge-down-b14/AutoGrader/cache_generation.py", line 171, in bump_generation
    return _incr_or_create(key)
           ^^^^^^^^^^^^^^^^^^^^
  File "/home/bond-servant-in-training/Documents/Projects/Grade-Automator-Plus-epic-a-merge-down-b14/AutoGrader/cache_generation.py", line 201, in _incr_or_create
    return cache.incr(key)
           ^^^^^^^^^^^^^^^
  File "/home/bond-servant-in-training/Documents/Virtualenvs/AutoGrader_env/lib/python3.12/site-packages/django_redis/cache.py", line 29, in _decorator
    return method(self, *args, **kwargs)
           ^^^^^^^^^^^^^^^^^^^^^^^^^^^^^
  File "/home/bond-servant-in-training/Documents/Virtualenvs/AutoGrader_env/lib/python3.12/site-packages/django_redis/cache.py", line 130, in incr
    return self.client.incr(*args, **kwargs)
           ^^^^^^^^^^^^^^^^^^^^^^^^^^^^^^^^^
  File "/home/bond-servant-in-training/Documents/Virtualenvs/AutoGrader_env/lib/python3.12/site-packages/django_redis/client/default.py", line 653, in incr
    return self._incr(
           ^^^^^^^^^^^
  File "/home/bond-servant-in-training/Documents/Virtualenvs/AutoGrader_env/lib/python3.12/site-packages/django_redis/client/default.py", line 595, in _incr
    client = self.get_client(write=True)
             ^^^^^^^^^^^^^^^^^^^^^^^^^^^
  File "/home/bond-servant-in-training/.pyenv/versions/3.12.10/lib/python3.12/unittest/mock.py", line 1139, in __call__
    return self._mock_call(*args, **kwargs)
           ^^^^^^^^^^^^^^^^^^^^^^^^^^^^^^^^
  File "/home/bond-servant-in-training/.pyenv/versions/3.12.10/lib/python3.12/unittest/mock.py", line 1143, in _mock_call
    return self._execute_mock_call(*args, **kwargs)
           ^^^^^^^^^^^^^^^^^^^^^^^^^^^^^^^^^^^^^^^^
  File "/home/bond-servant-in-training/.pyenv/versions/3.12.10/lib/python3.12/unittest/mock.py", line 1198, in _execute_mock_call
    raise effect
  File "/home/bond-servant-in-training/Documents/Projects/Grade-Automator-Plus-epic-a-merge-down-b14/AutoGrader/cache_generation.py", line 171, in bump_generation
    return _incr_or_create(key)
           ^^^^^^^^^^^^^^^^^^^^
  File "/home/bond-servant-in-training/Documents/Projects/Grade-Automator-Plus-epic-a-merge-down-b14/AutoGrader/cache_generation.py", line 201, in _incr_or_create
    return cache.incr(key)
           ^^^^^^^^^^^^^^^
  File "/home/bond-servant-in-training/Documents/Virtualenvs/AutoGrader_env/lib/python3.12/site-packages/django_redis/cache.py", line 29, in _decorator
    return method(self, *args, **kwargs)
           ^^^^^^^^^^^^^^^^^^^^^^^^^^^^^
  File "/home/bond-servant-in-training/Documents/Virtualenvs/AutoGrader_env/lib/python3.12/site-packages/django_redis/cache.py", line 130, in incr
    return self.client.incr(*args, **kwargs)
           ^^^^^^^^^^^^^^^^^^^^^^^^^^^^^^^^^
  File "/home/bond-servant-in-training/Documents/Virtualenvs/AutoGrader_env/lib/python3.12/site-packages/django_redis/client/default.py", line 653, in incr
    return self._incr(
           ^^^^^^^^^^^
  File "/home/bond-servant-in-training/Documents/Virtualenvs/AutoGrader_env/lib/python3.12/site-packages/django_redis/client/default.py", line 595, in _incr
    client = self.get_client(write=True)
             ^^^^^^^^^^^^^^^^^^^^^^^^^^^
  File "/home/bond-servant-in-training/.pyenv/versions/3.12.10/lib/python3.12/unittest/mock.py", line 1139, in __call__
    return self._mock_call(*args, **kwargs)
           ^^^^^^^^^^^^^^^^^^^^^^^^^^^^^^^^
  File "/home/bond-servant-in-training/.pyenv/versions/3.12.10/lib/python3.12/unittest/mock.py", line 1143, in _mock_call
    return self._execute_mock_call(*args, **kwargs)
           ^^^^^^^^^^^^^^^^^^^^^^^^^^^^^^^^^^^^^^^^
  File "/home/bond-servant-in-training/.pyenv/versions/3.12.10/lib/python3.12/unittest/mock.py", line 1198, in _execute_mock_call
    raise effect
  File "/home/bond-servant-in-training/Documents/Projects/Grade-Automator-Plus-epic-a-merge-down-b14/AutoGrader/cache_generation.py", line 171, in bump_generation
    return _incr_or_create(key)
           ^^^^^^^^^^^^^^^^^^^^
  File "/home/bond-servant-in-training/Documents/Projects/Grade-Automator-Plus-epic-a-merge-down-b14/AutoGrader/cache_generation.py", line 201, in _incr_or_create
    return cache.incr(key)
           ^^^^^^^^^^^^^^^
  File "/home/bond-servant-in-training/Documents/Virtualenvs/AutoGrader_env/lib/python3.12/site-packages/django_redis/cache.py", line 29, in _decorator
    return method(self, *args, **kwargs)
           ^^^^^^^^^^^^^^^^^^^^^^^^^^^^^
  File "/home/bond-servant-in-training/Documents/Virtualenvs/AutoGrader_env/lib/python3.12/site-packages/django_redis/cache.py", line 130, in incr
    return self.client.incr(*args, **kwargs)
           ^^^^^^^^^^^^^^^^^^^^^^^^^^^^^^^^^
  File "/home/bond-servant-in-training/Documents/Virtualenvs/AutoGrader_env/lib/python3.12/site-packages/django_redis/client/default.py", line 653, in incr
    return self._incr(
           ^^^^^^^^^^^
  File "/home/bond-servant-in-training/Documents/Virtualenvs/AutoGrader_env/lib/python3.12/site-packages/django_redis/client/default.py", line 595, in _incr
    client = self.get_client(write=True)
             ^^^^^^^^^^^^^^^^^^^^^^^^^^^
  File "/home/bond-servant-in-training/.pyenv/versions/3.12.10/lib/python3.12/unittest/mock.py", line 1139, in __call__
    return self._mock_call(*args, **kwargs)
           ^^^^^^^^^^^^^^^^^^^^^^^^^^^^^^^^
  File "/home/bond-servant-in-training/.pyenv/versions/3.12.10/lib/python3.12/unittest/mock.py", line 1143, in _mock_call
    return self._execute_mock_call(*args, **kwargs)
           ^^^^^^^^^^^^^^^^^^^^^^^^^^^^^^^^^^^^^^^^
  File "/home/bond-servant-in-training/.pyenv/versions/3.12.10/lib/python3.12/unittest/mock.py", line 1198, in _execute_mock_call
    raise effect
  File "/home/bond-servant-in-training/Documents/Projects/Grade-Automator-Plus-epic-a-merge-down-b14/AutoGrader/cache_generation.py", line 277, in _bump_pipelined
    client = cache.client.get_client(write=True)
             ^^^^^^^^^^^^^^^^^^^^^^^^^^^^^^^^^^^
  File "/home/bond-servant-in-training/.pyenv/versions/3.12.10/lib/python3.12/unittest/mock.py", line 1139, in __call__
    return self._mock_call(*args, **kwargs)
           ^^^^^^^^^^^^^^^^^^^^^^^^^^^^^^^^
  File "/home/bond-servant-in-training/.pyenv/versions/3.12.10/lib/python3.12/unittest/mock.py", line 1143, in _mock_call
    return self._execute_mock_call(*args, **kwargs)
           ^^^^^^^^^^^^^^^^^^^^^^^^^^^^^^^^^^^^^^^^
  File "/home/bond-servant-in-training/.pyenv/versions/3.12.10/lib/python3.12/unittest/mock.py", line 1198, in _execute_mock_call
    raise effect
redis.exceptions.ConnectionError: redis unreachable
Cache generation bump failed for cachegen:usr:70ac0aa3-8db0-4663-9d06-88e178df8776; entries keyed on it will serve stale data until their TTL expires.
Traceback (most recent call last):
  File "/home/bond-servant-in-training/Documents/Projects/Grade-Automator-Plus-epic-a-merge-down-b14/AutoGrader/cache_generation.py", line 171, in bump_generation
    return _incr_or_create(key)
           ^^^^^^^^^^^^^^^^^^^^
  File "/home/bond-servant-in-training/Documents/Projects/Grade-Automator-Plus-epic-a-merge-down-b14/AutoGrader/cache_generation.py", line 201, in _incr_or_create
    return cache.incr(key)
           ^^^^^^^^^^^^^^^
  File "/home/bond-servant-in-training/Documents/Virtualenvs/AutoGrader_env/lib/python3.12/site-packages/django_redis/cache.py", line 29, in _decorator
    return method(self, *args, **kwargs)
           ^^^^^^^^^^^^^^^^^^^^^^^^^^^^^
  File "/home/bond-servant-in-training/Documents/Virtualenvs/AutoGrader_env/lib/python3.12/site-packages/django_redis/cache.py", line 130, in incr
    return self.client.incr(*args, **kwargs)
           ^^^^^^^^^^^^^^^^^^^^^^^^^^^^^^^^^
  File "/home/bond-servant-in-training/Documents/Virtualenvs/AutoGrader_env/lib/python3.12/site-packages/django_redis/client/default.py", line 653, in incr
    return self._incr(
           ^^^^^^^^^^^
  File "/home/bond-servant-in-training/Documents/Virtualenvs/AutoGrader_env/lib/python3.12/site-packages/django_redis/client/default.py", line 595, in _incr
    client = self.get_client(write=True)
             ^^^^^^^^^^^^^^^^^^^^^^^^^^^
  File "/home/bond-servant-in-training/.pyenv/versions/3.12.10/lib/python3.12/unittest/mock.py", line 1139, in __call__
    return self._mock_call(*args, **kwargs)
           ^^^^^^^^^^^^^^^^^^^^^^^^^^^^^^^^
  File "/home/bond-servant-in-training/.pyenv/versions/3.12.10/lib/python3.12/unittest/mock.py", line 1143, in _mock_call
    return self._execute_mock_call(*args, **kwargs)
           ^^^^^^^^^^^^^^^^^^^^^^^^^^^^^^^^^^^^^^^^
  File "/home/bond-servant-in-training/.pyenv/versions/3.12.10/lib/python3.12/unittest/mock.py", line 1198, in _execute_mock_call
    raise effect
  File "/home/bond-servant-in-training/Documents/Projects/Grade-Automator-Plus-epic-a-merge-down-b14/AutoGrader/cache_generation.py", line 171, in bump_generation
    return _incr_or_create(key)
           ^^^^^^^^^^^^^^^^^^^^
  File "/home/bond-servant-in-training/Documents/Projects/Grade-Automator-Plus-epic-a-merge-down-b14/AutoGrader/cache_generation.py", line 201, in _incr_or_create
    return cache.incr(key)
           ^^^^^^^^^^^^^^^
  File "/home/bond-servant-in-training/Documents/Virtualenvs/AutoGrader_env/lib/python3.12/site-packages/django_redis/cache.py", line 29, in _decorator
    return method(self, *args, **kwargs)
           ^^^^^^^^^^^^^^^^^^^^^^^^^^^^^
  File "/home/bond-servant-in-training/Documents/Virtualenvs/AutoGrader_env/lib/python3.12/site-packages/django_redis/cache.py", line 130, in incr
    return self.client.incr(*args, **kwargs)
           ^^^^^^^^^^^^^^^^^^^^^^^^^^^^^^^^^
  File "/home/bond-servant-in-training/Documents/Virtualenvs/AutoGrader_env/lib/python3.12/site-packages/django_redis/client/default.py", line 653, in incr
    return self._incr(
           ^^^^^^^^^^^
  File "/home/bond-servant-in-training/Documents/Virtualenvs/AutoGrader_env/lib/python3.12/site-packages/django_redis/client/default.py", line 595, in _incr
    client = self.get_client(write=True)
             ^^^^^^^^^^^^^^^^^^^^^^^^^^^
  File "/home/bond-servant-in-training/.pyenv/versions/3.12.10/lib/python3.12/unittest/mock.py", line 1139, in __call__
    return self._mock_call(*args, **kwargs)
           ^^^^^^^^^^^^^^^^^^^^^^^^^^^^^^^^
  File "/home/bond-servant-in-training/.pyenv/versions/3.12.10/lib/python3.12/unittest/mock.py", line 1143, in _mock_call
    return self._execute_mock_call(*args, **kwargs)
           ^^^^^^^^^^^^^^^^^^^^^^^^^^^^^^^^^^^^^^^^
  File "/home/bond-servant-in-training/.pyenv/versions/3.12.10/lib/python3.12/unittest/mock.py", line 1198, in _execute_mock_call
    raise effect
  File "/home/bond-servant-in-training/Documents/Projects/Grade-Automator-Plus-epic-a-merge-down-b14/AutoGrader/cache_generation.py", line 171, in bump_generation
    return _incr_or_create(key)
           ^^^^^^^^^^^^^^^^^^^^
  File "/home/bond-servant-in-training/Documents/Projects/Grade-Automator-Plus-epic-a-merge-down-b14/AutoGrader/cache_generation.py", line 201, in _incr_or_create
    return cache.incr(key)
           ^^^^^^^^^^^^^^^
  File "/home/bond-servant-in-training/Documents/Virtualenvs/AutoGrader_env/lib/python3.12/site-packages/django_redis/cache.py", line 29, in _decorator
    return method(self, *args, **kwargs)
           ^^^^^^^^^^^^^^^^^^^^^^^^^^^^^
  File "/home/bond-servant-in-training/Documents/Virtualenvs/AutoGrader_env/lib/python3.12/site-packages/django_redis/cache.py", line 130, in incr
    return self.client.incr(*args, **kwargs)
           ^^^^^^^^^^^^^^^^^^^^^^^^^^^^^^^^^
  File "/home/bond-servant-in-training/Documents/Virtualenvs/AutoGrader_env/lib/python3.12/site-packages/django_redis/client/default.py", line 653, in incr
    return self._incr(
           ^^^^^^^^^^^
  File "/home/bond-servant-in-training/Documents/Virtualenvs/AutoGrader_env/lib/python3.12/site-packages/django_redis/client/default.py", line 595, in _incr
    client = self.get_client(write=True)
             ^^^^^^^^^^^^^^^^^^^^^^^^^^^
  File "/home/bond-servant-in-training/.pyenv/versions/3.12.10/lib/python3.12/unittest/mock.py", line 1139, in __call__
    return self._mock_call(*args, **kwargs)
           ^^^^^^^^^^^^^^^^^^^^^^^^^^^^^^^^
  File "/home/bond-servant-in-training/.pyenv/versions/3.12.10/lib/python3.12/unittest/mock.py", line 1143, in _mock_call
    return self._execute_mock_call(*args, **kwargs)
           ^^^^^^^^^^^^^^^^^^^^^^^^^^^^^^^^^^^^^^^^
  File "/home/bond-servant-in-training/.pyenv/versions/3.12.10/lib/python3.12/unittest/mock.py", line 1198, in _execute_mock_call
    raise effect
  File "/home/bond-servant-in-training/Documents/Projects/Grade-Automator-Plus-epic-a-merge-down-b14/AutoGrader/cache_generation.py", line 171, in bump_generation
    return _incr_or_create(key)
           ^^^^^^^^^^^^^^^^^^^^
  File "/home/bond-servant-in-training/Documents/Projects/Grade-Automator-Plus-epic-a-merge-down-b14/AutoGrader/cache_generation.py", line 201, in _incr_or_create
    return cache.incr(key)
           ^^^^^^^^^^^^^^^
  File "/home/bond-servant-in-training/Documents/Virtualenvs/AutoGrader_env/lib/python3.12/site-packages/django_redis/cache.py", line 29, in _decorator
    return method(self, *args, **kwargs)
           ^^^^^^^^^^^^^^^^^^^^^^^^^^^^^
  File "/home/bond-servant-in-training/Documents/Virtualenvs/AutoGrader_env/lib/python3.12/site-packages/django_redis/cache.py", line 130, in incr
    return self.client.incr(*args, **kwargs)
           ^^^^^^^^^^^^^^^^^^^^^^^^^^^^^^^^^
  File "/home/bond-servant-in-training/Documents/Virtualenvs/AutoGrader_env/lib/python3.12/site-packages/django_redis/client/default.py", line 653, in incr
    return self._incr(
           ^^^^^^^^^^^
  File "/home/bond-servant-in-training/Documents/Virtualenvs/AutoGrader_env/lib/python3.12/site-packages/django_redis/client/default.py", line 595, in _incr
    client = self.get_client(write=True)
             ^^^^^^^^^^^^^^^^^^^^^^^^^^^
  File "/home/bond-servant-in-training/.pyenv/versions/3.12.10/lib/python3.12/unittest/mock.py", line 1139, in __call__
    return self._mock_call(*args, **kwargs)
           ^^^^^^^^^^^^^^^^^^^^^^^^^^^^^^^^
  File "/home/bond-servant-in-training/.pyenv/versions/3.12.10/lib/python3.12/unittest/mock.py", line 1143, in _mock_call
    return self._execute_mock_call(*args, **kwargs)
           ^^^^^^^^^^^^^^^^^^^^^^^^^^^^^^^^^^^^^^^^
  File "/home/bond-servant-in-training/.pyenv/versions/3.12.10/lib/python3.12/unittest/mock.py", line 1198, in _execute_mock_call
    raise effect
  File "/home/bond-servant-in-training/Documents/Projects/Grade-Automator-Plus-epic-a-merge-down-b14/AutoGrader/cache_generation.py", line 171, in bump_generation
    return _incr_or_create(key)
           ^^^^^^^^^^^^^^^^^^^^
  File "/home/bond-servant-in-training/Documents/Projects/Grade-Automator-Plus-epic-a-merge-down-b14/AutoGrader/cache_generation.py", line 201, in _incr_or_create
    return cache.incr(key)
           ^^^^^^^^^^^^^^^
  File "/home/bond-servant-in-training/Documents/Virtualenvs/AutoGrader_env/lib/python3.12/site-packages/django_redis/cache.py", line 29, in _decorator
    return method(self, *args, **kwargs)
           ^^^^^^^^^^^^^^^^^^^^^^^^^^^^^
  File "/home/bond-servant-in-training/Documents/Virtualenvs/AutoGrader_env/lib/python3.12/site-packages/django_redis/cache.py", line 130, in incr
    return self.client.incr(*args, **kwargs)
           ^^^^^^^^^^^^^^^^^^^^^^^^^^^^^^^^^
  File "/home/bond-servant-in-training/Documents/Virtualenvs/AutoGrader_env/lib/python3.12/site-packages/django_redis/client/default.py", line 653, in incr
    return self._incr(
           ^^^^^^^^^^^
  File "/home/bond-servant-in-training/Documents/Virtualenvs/AutoGrader_env/lib/python3.12/site-packages/django_redis/client/default.py", line 595, in _incr
    client = self.get_client(write=True)
             ^^^^^^^^^^^^^^^^^^^^^^^^^^^
  File "/home/bond-servant-in-training/.pyenv/versions/3.12.10/lib/python3.12/unittest/mock.py", line 1139, in __call__
    return self._mock_call(*args, **kwargs)
           ^^^^^^^^^^^^^^^^^^^^^^^^^^^^^^^^
  File "/home/bond-servant-in-training/.pyenv/versions/3.12.10/lib/python3.12/unittest/mock.py", line 1143, in _mock_call
    return self._execute_mock_call(*args, **kwargs)
           ^^^^^^^^^^^^^^^^^^^^^^^^^^^^^^^^^^^^^^^^
  File "/home/bond-servant-in-training/.pyenv/versions/3.12.10/lib/python3.12/unittest/mock.py", line 1198, in _execute_mock_call
    raise effect
  File "/home/bond-servant-in-training/Documents/Projects/Grade-Automator-Plus-epic-a-merge-down-b14/AutoGrader/cache_generation.py", line 171, in bump_generation
    return _incr_or_create(key)
           ^^^^^^^^^^^^^^^^^^^^
  File "/home/bond-servant-in-training/Documents/Projects/Grade-Automator-Plus-epic-a-merge-down-b14/AutoGrader/cache_generation.py", line 201, in _incr_or_create
    return cache.incr(key)
           ^^^^^^^^^^^^^^^
  File "/home/bond-servant-in-training/Documents/Virtualenvs/AutoGrader_env/lib/python3.12/site-packages/django_redis/cache.py", line 29, in _decorator
    return method(self, *args, **kwargs)
           ^^^^^^^^^^^^^^^^^^^^^^^^^^^^^
  File "/home/bond-servant-in-training/Documents/Virtualenvs/AutoGrader_env/lib/python3.12/site-packages/django_redis/cache.py", line 130, in incr
    return self.client.incr(*args, **kwargs)
           ^^^^^^^^^^^^^^^^^^^^^^^^^^^^^^^^^
  File "/home/bond-servant-in-training/Documents/Virtualenvs/AutoGrader_env/lib/python3.12/site-packages/django_redis/client/default.py", line 653, in incr
    return self._incr(
           ^^^^^^^^^^^
  File "/home/bond-servant-in-training/Documents/Virtualenvs/AutoGrader_env/lib/python3.12/site-packages/django_redis/client/default.py", line 595, in _incr
    client = self.get_client(write=True)
             ^^^^^^^^^^^^^^^^^^^^^^^^^^^
  File "/home/bond-servant-in-training/.pyenv/versions/3.12.10/lib/python3.12/unittest/mock.py", line 1139, in __call__
    return self._mock_call(*args, **kwargs)
           ^^^^^^^^^^^^^^^^^^^^^^^^^^^^^^^^
  File "/home/bond-servant-in-training/.pyenv/versions/3.12.10/lib/python3.12/unittest/mock.py", line 1143, in _mock_call
    return self._execute_mock_call(*args, **kwargs)
           ^^^^^^^^^^^^^^^^^^^^^^^^^^^^^^^^^^^^^^^^
  File "/home/bond-servant-in-training/.pyenv/versions/3.12.10/lib/python3.12/unittest/mock.py", line 1198, in _execute_mock_call
    raise effect
  File "/home/bond-servant-in-training/Documents/Projects/Grade-Automator-Plus-epic-a-merge-down-b14/AutoGrader/cache_generation.py", line 277, in _bump_pipelined
    client = cache.client.get_client(write=True)
             ^^^^^^^^^^^^^^^^^^^^^^^^^^^^^^^^^^^
  File "/home/bond-servant-in-training/.pyenv/versions/3.12.10/lib/python3.12/unittest/mock.py", line 1139, in __call__
    return self._mock_call(*args, **kwargs)
           ^^^^^^^^^^^^^^^^^^^^^^^^^^^^^^^^
  File "/home/bond-servant-in-training/.pyenv/versions/3.12.10/lib/python3.12/unittest/mock.py", line 1143, in _mock_call
    return self._execute_mock_call(*args, **kwargs)
           ^^^^^^^^^^^^^^^^^^^^^^^^^^^^^^^^^^^^^^^^
  File "/home/bond-servant-in-training/.pyenv/versions/3.12.10/lib/python3.12/unittest/mock.py", line 1198, in _execute_mock_call
    raise effect
redis.exceptions.ConnectionError: redis unreachable
ok
test_m1_teacher_rename (AutoGrader.tests_cache_user_fanout.UserRowFreshnessTests.test_m1_teacher_rename) ... Free trial plan not found: no trial activated for user 99a5db92-23e1-40d6-bb82-3d8f195075d6.
Cannot activate automatic trial for user 99a5db92-23e1-40d6-bb82-3d8f195075d6 (validation): ValueError
Free trial plan not found: no trial activated for user 5091deeb-a06c-4165-a002-b80f5451b658.
Cannot activate automatic trial for user 5091deeb-a06c-4165-a002-b80f5451b658 (validation): ValueError
Free trial plan not found: no trial activated for user 283d30c7-e618-411c-bfe4-95a6da4a2b23.
Cannot activate automatic trial for user 283d30c7-e618-411c-bfe4-95a6da4a2b23 (validation): ValueError
Free trial plan not found: no trial activated for user 868bf8c2-09f1-4735-8431-fa1eadcde2d6.
Cannot activate automatic trial for user 868bf8c2-09f1-4735-8431-fa1eadcde2d6 (validation): ValueError
Free trial plan not found: no trial activated for user 910f9f2c-a9bc-4e76-b975-d80f8f8e1ec7.
Cannot activate automatic trial for user 910f9f2c-a9bc-4e76-b975-d80f8f8e1ec7 (validation): ValueError
Free trial plan not found: no trial activated for user aa20b6ac-3561-46ed-8da3-f0f4dc6381fc.
Cannot activate automatic trial for user aa20b6ac-3561-46ed-8da3-f0f4dc6381fc (validation): ValueError
Free trial plan not found: no trial activated for user 84f0c523-58fd-452d-ae79-6b7ae8cbecb7.
Cannot activate automatic trial for user 84f0c523-58fd-452d-ae79-6b7ae8cbecb7 (validation): ValueError
ok
test_m2_student_rename (AutoGrader.tests_cache_user_fanout.UserRowFreshnessTests.test_m2_student_rename) ... Free trial plan not found: no trial activated for user bcc14cce-90b9-41ee-ab1e-9ada1fb2a65e.
Cannot activate automatic trial for user bcc14cce-90b9-41ee-ab1e-9ada1fb2a65e (validation): ValueError
Free trial plan not found: no trial activated for user c895ca52-dfeb-4579-be19-4a4b48c39b25.
Cannot activate automatic trial for user c895ca52-dfeb-4579-be19-4a4b48c39b25 (validation): ValueError
Free trial plan not found: no trial activated for user d782407e-ccc1-4cc8-bd70-978d1786bd46.
Cannot activate automatic trial for user d782407e-ccc1-4cc8-bd70-978d1786bd46 (validation): ValueError
Free trial plan not found: no trial activated for user bea17371-9dc2-46ae-bdaa-b498e3dc3002.
Cannot activate automatic trial for user bea17371-9dc2-46ae-bdaa-b498e3dc3002 (validation): ValueError
Free trial plan not found: no trial activated for user 9c213f00-b6fb-4154-b896-306b2925e0ce.
Cannot activate automatic trial for user 9c213f00-b6fb-4154-b896-306b2925e0ce (validation): ValueError
Free trial plan not found: no trial activated for user 833a4fe4-eaca-4b12-a4df-3c6fbfa67fe1.
Cannot activate automatic trial for user 833a4fe4-eaca-4b12-a4df-3c6fbfa67fe1 (validation): ValueError
Free trial plan not found: no trial activated for user 0d61282f-8bca-462f-9371-5b595ccfe32d.
Cannot activate automatic trial for user 0d61282f-8bca-462f-9371-5b595ccfe32d (validation): ValueError
ok
test_m2_through_a_full_save_without_update_fields (AutoGrader.tests_cache_user_fanout.UserRowFreshnessTests.test_m2_through_a_full_save_without_update_fields)
`save()` with no update_fields is the admin/serializer path: the ... Free trial plan not found: no trial activated for user 917aad2f-b3d6-4c4a-849b-8299ced4e3bd.
Cannot activate automatic trial for user 917aad2f-b3d6-4c4a-849b-8299ced4e3bd (validation): ValueError
Free trial plan not found: no trial activated for user bd38c9d8-df86-4f39-8753-ec44e19dc7f9.
Cannot activate automatic trial for user bd38c9d8-df86-4f39-8753-ec44e19dc7f9 (validation): ValueError
Free trial plan not found: no trial activated for user d327533e-0d10-49aa-a86b-e83919a26577.
Cannot activate automatic trial for user d327533e-0d10-49aa-a86b-e83919a26577 (validation): ValueError
Free trial plan not found: no trial activated for user 4c066e6c-97ed-4956-ab9c-f6e5807495a7.
Cannot activate automatic trial for user 4c066e6c-97ed-4956-ab9c-f6e5807495a7 (validation): ValueError
Free trial plan not found: no trial activated for user 841f1aa2-aa89-4bbd-8b14-42a16aea7a76.
Cannot activate automatic trial for user 841f1aa2-aa89-4bbd-8b14-42a16aea7a76 (validation): ValueError
Free trial plan not found: no trial activated for user 0aa1ee7f-9d58-4416-b922-cf4318c1e34f.
Cannot activate automatic trial for user 0aa1ee7f-9d58-4416-b922-cf4318c1e34f (validation): ValueError
Free trial plan not found: no trial activated for user 4d91cc95-e80c-4357-9a11-a4dd973f7f5b.
Cannot activate automatic trial for user 4d91cc95-e80c-4357-9a11-a4dd973f7f5b (validation): ValueError
ok
test_m3_new_teacher_joins_the_school (AutoGrader.tests_cache_user_fanout.UserRowFreshnessTests.test_m3_new_teacher_joins_the_school) ... Free trial plan not found: no trial activated for user 5f30e1b3-f2c1-47bc-b5f6-eb9d904cfc82.
Cannot activate automatic trial for user 5f30e1b3-f2c1-47bc-b5f6-eb9d904cfc82 (validation): ValueError
Free trial plan not found: no trial activated for user 41391e53-ff8d-45e3-a7ee-45beb50b845b.
Cannot activate automatic trial for user 41391e53-ff8d-45e3-a7ee-45beb50b845b (validation): ValueError
Free trial plan not found: no trial activated for user 939f6f31-c89d-48f7-a076-1fc81eb3fe2e.
Cannot activate automatic trial for user 939f6f31-c89d-48f7-a076-1fc81eb3fe2e (validation): ValueError
Free trial plan not found: no trial activated for user 0d564007-9f9f-49ea-b7d3-1d72615ce14e.
Cannot activate automatic trial for user 0d564007-9f9f-49ea-b7d3-1d72615ce14e (validation): ValueError
Free trial plan not found: no trial activated for user b9f50a38-aa47-4279-9a1c-0ea561bcd455.
Cannot activate automatic trial for user b9f50a38-aa47-4279-9a1c-0ea561bcd455 (validation): ValueError
Free trial plan not found: no trial activated for user dd5cec0a-6456-4227-8a49-c5a60370f13d.
Cannot activate automatic trial for user dd5cec0a-6456-4227-8a49-c5a60370f13d (validation): ValueError
Free trial plan not found: no trial activated for user 56f3aeac-07e8-4e70-923e-eff90779ac73.
Cannot activate automatic trial for user 56f3aeac-07e8-4e70-923e-eff90779ac73 (validation): ValueError
Free trial plan not found: no trial activated for user ad9296a9-05de-4a41-8693-5f5fdb70d09a.
Cannot activate automatic trial for user ad9296a9-05de-4a41-8693-5f5fdb70d09a (validation): ValueError
ok
test_m3_teacher_created_directly_in_the_school (AutoGrader.tests_cache_user_fanout.UserRowFreshnessTests.test_m3_teacher_created_directly_in_the_school)
Single-save creation (created=True with the school already set). ... Free trial plan not found: no trial activated for user ebfd60c2-d889-4ff3-906e-8c0968a386a8.
Cannot activate automatic trial for user ebfd60c2-d889-4ff3-906e-8c0968a386a8 (validation): ValueError
Free trial plan not found: no trial activated for user 429312a8-78f1-4381-aad5-5597f1673fed.
Cannot activate automatic trial for user 429312a8-78f1-4381-aad5-5597f1673fed (validation): ValueError
Free trial plan not found: no trial activated for user a779f3b2-b657-400b-9107-9e1964648746.
Cannot activate automatic trial for user a779f3b2-b657-400b-9107-9e1964648746 (validation): ValueError
Free trial plan not found: no trial activated for user 1d60f2f3-2bf3-4736-8c82-d10a05c88b81.
Cannot activate automatic trial for user 1d60f2f3-2bf3-4736-8c82-d10a05c88b81 (validation): ValueError
Free trial plan not found: no trial activated for user ac15a573-2893-4ff8-a19e-91dfbdc19886.
Cannot activate automatic trial for user ac15a573-2893-4ff8-a19e-91dfbdc19886 (validation): ValueError
Free trial plan not found: no trial activated for user 4aec161a-b11f-4086-ae86-49523c7eb909.
Cannot activate automatic trial for user 4aec161a-b11f-4086-ae86-49523c7eb909 (validation): ValueError
Free trial plan not found: no trial activated for user 037264f1-e59c-49d0-978e-71150f367630.
Cannot activate automatic trial for user 037264f1-e59c-49d0-978e-71150f367630 (validation): ValueError
Free trial plan not found: no trial activated for user d08bbaa5-5263-48c7-bc71-bc59a6a5eaa2.
Cannot activate automatic trial for user d08bbaa5-5263-48c7-bc71-bc59a6a5eaa2 (validation): ValueError
ok
test_m4_teacher_moves_to_another_school (AutoGrader.tests_cache_user_fanout.UserRowFreshnessTests.test_m4_teacher_moves_to_another_school) ... Free trial plan not found: no trial activated for user 562a6d67-a13f-4b2d-8775-1b1363b71b9b.
Cannot activate automatic trial for user 562a6d67-a13f-4b2d-8775-1b1363b71b9b (validation): ValueError
Free trial plan not found: no trial activated for user 66e39fe4-f0b8-4b05-8b69-2128e99ddc34.
Cannot activate automatic trial for user 66e39fe4-f0b8-4b05-8b69-2128e99ddc34 (validation): ValueError
Free trial plan not found: no trial activated for user e6075bc6-d30e-41be-bd89-170794aae6ae.
Cannot activate automatic trial for user e6075bc6-d30e-41be-bd89-170794aae6ae (validation): ValueError
Free trial plan not found: no trial activated for user 46394f39-60ee-4f2f-9d47-64b92bd935af.
Cannot activate automatic trial for user 46394f39-60ee-4f2f-9d47-64b92bd935af (validation): ValueError
Free trial plan not found: no trial activated for user 3668aa45-f50c-4a50-bc82-f7925561cc97.
Cannot activate automatic trial for user 3668aa45-f50c-4a50-bc82-f7925561cc97 (validation): ValueError
Free trial plan not found: no trial activated for user 65aaf027-b43f-435f-a447-283a703fcd9a.
Cannot activate automatic trial for user 65aaf027-b43f-435f-a447-283a703fcd9a (validation): ValueError
Free trial plan not found: no trial activated for user 35d1c4a9-1956-4fee-bb60-27cca3a3d49d.
Cannot activate automatic trial for user 35d1c4a9-1956-4fee-bb60-27cca3a3d49d (validation): ValueError
ok
test_m5_student_deactivated (AutoGrader.tests_cache_user_fanout.UserRowFreshnessTests.test_m5_student_deactivated) ... Free trial plan not found: no trial activated for user 78aed4f5-2004-413e-9a0a-d43a42c5ac3e.
Cannot activate automatic trial for user 78aed4f5-2004-413e-9a0a-d43a42c5ac3e (validation): ValueError
Free trial plan not found: no trial activated for user 1509f672-8e73-4631-863a-33ca099f9d1e.
Cannot activate automatic trial for user 1509f672-8e73-4631-863a-33ca099f9d1e (validation): ValueError
Free trial plan not found: no trial activated for user 1583faf2-e936-4001-85b3-7adcb4427ab2.
Cannot activate automatic trial for user 1583faf2-e936-4001-85b3-7adcb4427ab2 (validation): ValueError
Free trial plan not found: no trial activated for user a7fac38f-2625-4deb-ae04-b745c957a451.
Cannot activate automatic trial for user a7fac38f-2625-4deb-ae04-b745c957a451 (validation): ValueError
Free trial plan not found: no trial activated for user a3e9f7be-fcad-4e8d-b528-78124dc73a01.
Cannot activate automatic trial for user a3e9f7be-fcad-4e8d-b528-78124dc73a01 (validation): ValueError
Free trial plan not found: no trial activated for user 2e13e520-6c70-4183-9a24-27e705e7ca76.
Cannot activate automatic trial for user 2e13e520-6c70-4183-9a24-27e705e7ca76 (validation): ValueError
Free trial plan not found: no trial activated for user 7bcc5910-e0c7-4d66-b906-893ff65978e8.
Cannot activate automatic trial for user 7bcc5910-e0c7-4d66-b906-893ff65978e8 (validation): ValueError
ok
test_m6_student_email_change (AutoGrader.tests_cache_user_fanout.UserRowFreshnessTests.test_m6_student_email_change) ... Free trial plan not found: no trial activated for user fd63288f-b9f6-4701-ae0b-9c8581bc0a84.
Cannot activate automatic trial for user fd63288f-b9f6-4701-ae0b-9c8581bc0a84 (validation): ValueError
Free trial plan not found: no trial activated for user a7f35bac-71b1-4128-ba1b-102da3722589.
Cannot activate automatic trial for user a7f35bac-71b1-4128-ba1b-102da3722589 (validation): ValueError
Free trial plan not found: no trial activated for user 382f5f14-c6d2-416e-920c-6984665317ee.
Cannot activate automatic trial for user 382f5f14-c6d2-416e-920c-6984665317ee (validation): ValueError
Free trial plan not found: no trial activated for user 46aeaa43-a349-4864-9960-e12d991167fa.
Cannot activate automatic trial for user 46aeaa43-a349-4864-9960-e12d991167fa (validation): ValueError
Free trial plan not found: no trial activated for user e9f4e38a-ab19-412e-800e-50e5fc2a6256.
Cannot activate automatic trial for user e9f4e38a-ab19-412e-800e-50e5fc2a6256 (validation): ValueError
Free trial plan not found: no trial activated for user 104cc661-f950-4d9a-a8aa-acb5086c54d8.
Cannot activate automatic trial for user 104cc661-f950-4d9a-a8aa-acb5086c54d8 (validation): ValueError
Free trial plan not found: no trial activated for user 3bad3288-5e92-4ee2-b4a2-326c1d84f61f.
Cannot activate automatic trial for user 3bad3288-5e92-4ee2-b4a2-326c1d84f61f (validation): ValueError
ok
test_a_bio_change_reaches_payload_viewers_but_no_school (AutoGrader.tests_cache_user_fanout.UserRowPrecisionTests.test_a_bio_change_reaches_payload_viewers_but_no_school)
Gap #5: `CustomUserSerializer` renders `bio` to every viewer of ... Free trial plan not found: no trial activated for user 86a2dd4b-77fe-4ab4-a1bd-37b35412f13a.
Cannot activate automatic trial for user 86a2dd4b-77fe-4ab4-a1bd-37b35412f13a (validation): ValueError
Free trial plan not found: no trial activated for user 2e74b743-2377-401c-8833-be421f660c96.
Cannot activate automatic trial for user 2e74b743-2377-401c-8833-be421f660c96 (validation): ValueError
Free trial plan not found: no trial activated for user ea1229c3-e585-47f9-8401-72c7cda29bf5.
Cannot activate automatic trial for user ea1229c3-e585-47f9-8401-72c7cda29bf5 (validation): ValueError
Free trial plan not found: no trial activated for user a5a502cc-988e-4ed9-9b0b-263d16ed25bb.
Cannot activate automatic trial for user a5a502cc-988e-4ed9-9b0b-263d16ed25bb (validation): ValueError
Free trial plan not found: no trial activated for user ef91088c-8a38-4272-aec4-0c248c795b4f.
Cannot activate automatic trial for user ef91088c-8a38-4272-aec4-0c248c795b4f (validation): ValueError
Free trial plan not found: no trial activated for user ca0580c0-e897-4e96-b192-ebcd0611422c.
Cannot activate automatic trial for user ca0580c0-e897-4e96-b192-ebcd0611422c (validation): ValueError
Free trial plan not found: no trial activated for user 225c0407-bc54-4344-8111-55355e44abaa.
Cannot activate automatic trial for user 225c0407-bc54-4344-8111-55355e44abaa (validation): ValueError
ok
test_a_full_save_with_no_visible_change_does_not_fan_out (AutoGrader.tests_cache_user_fanout.UserRowPrecisionTests.test_a_full_save_with_no_visible_change_does_not_fan_out) ... Free trial plan not found: no trial activated for user 76dd601a-c725-4fd0-8f3d-51beacfc4a36.
Cannot activate automatic trial for user 76dd601a-c725-4fd0-8f3d-51beacfc4a36 (validation): ValueError
Free trial plan not found: no trial activated for user 7574038e-c2f9-45b2-b498-83dbf9826e9d.
Cannot activate automatic trial for user 7574038e-c2f9-45b2-b498-83dbf9826e9d (validation): ValueError
Free trial plan not found: no trial activated for user fbe4c28e-d670-47a2-90b7-835a4a77132d.
Cannot activate automatic trial for user fbe4c28e-d670-47a2-90b7-835a4a77132d (validation): ValueError
Free trial plan not found: no trial activated for user 2a59f1eb-97fe-41f2-9383-5afc22b44bbf.
Cannot activate automatic trial for user 2a59f1eb-97fe-41f2-9383-5afc22b44bbf (validation): ValueError
Free trial plan not found: no trial activated for user 71949615-21cb-4538-80ba-394400fa0dd7.
Cannot activate automatic trial for user 71949615-21cb-4538-80ba-394400fa0dd7 (validation): ValueError
Free trial plan not found: no trial activated for user a7f099b1-a66c-4a2f-86b2-282207097b39.
Cannot activate automatic trial for user a7f099b1-a66c-4a2f-86b2-282207097b39 (validation): ValueError
Free trial plan not found: no trial activated for user f9b21488-98fd-4a36-8151-c478fd345c45.
Cannot activate automatic trial for user f9b21488-98fd-4a36-8151-c478fd345c45 (validation): ValueError
ok
test_a_new_teacher_moves_their_school_only (AutoGrader.tests_cache_user_fanout.UserRowPrecisionTests.test_a_new_teacher_moves_their_school_only) ... Free trial plan not found: no trial activated for user 79dfebe3-4c64-4bfd-9128-224062b64b08.
Cannot activate automatic trial for user 79dfebe3-4c64-4bfd-9128-224062b64b08 (validation): ValueError
Free trial plan not found: no trial activated for user 2f6721a5-b810-4788-9bd0-e3f2266c2553.
Cannot activate automatic trial for user 2f6721a5-b810-4788-9bd0-e3f2266c2553 (validation): ValueError
Free trial plan not found: no trial activated for user cbe66af9-bdc7-4127-afe6-aca9c101c2ca.
Cannot activate automatic trial for user cbe66af9-bdc7-4127-afe6-aca9c101c2ca (validation): ValueError
Free trial plan not found: no trial activated for user 3abf6d50-7740-4fed-acaa-31ccc091f61e.
Cannot activate automatic trial for user 3abf6d50-7740-4fed-acaa-31ccc091f61e (validation): ValueError
Free trial plan not found: no trial activated for user fb3f11af-bd38-4f37-b08a-8f942a7867c8.
Cannot activate automatic trial for user fb3f11af-bd38-4f37-b08a-8f942a7867c8 (validation): ValueError
Free trial plan not found: no trial activated for user 1aa13501-f35e-47ee-bfcb-91938af03e13.
Cannot activate automatic trial for user 1aa13501-f35e-47ee-bfcb-91938af03e13 (validation): ValueError
Free trial plan not found: no trial activated for user 20bbfa13-993f-4930-b454-acaced68c2ad.
Cannot activate automatic trial for user 20bbfa13-993f-4930-b454-acaced68c2ad (validation): ValueError
Free trial plan not found: no trial activated for user 64c44356-1a61-419f-8429-4956b2e746a7.
Cannot activate automatic trial for user 64c44356-1a61-419f-8429-4956b2e746a7 (validation): ValueError
ok
test_a_school_move_moves_the_old_and_new_school_only (AutoGrader.tests_cache_user_fanout.UserRowPrecisionTests.test_a_school_move_moves_the_old_and_new_school_only) ... Free trial plan not found: no trial activated for user 4c788e9b-038e-4fde-8003-389d1a60b083.
Cannot activate automatic trial for user 4c788e9b-038e-4fde-8003-389d1a60b083 (validation): ValueError
Free trial plan not found: no trial activated for user bddb97f9-58ac-4263-834f-3492b4606969.
Cannot activate automatic trial for user bddb97f9-58ac-4263-834f-3492b4606969 (validation): ValueError
Free trial plan not found: no trial activated for user c3c805ae-90c9-4cb2-9651-0d4298a54680.
Cannot activate automatic trial for user c3c805ae-90c9-4cb2-9651-0d4298a54680 (validation): ValueError
Free trial plan not found: no trial activated for user 1de36858-fa54-4408-8e7a-0c8ab4219251.
Cannot activate automatic trial for user 1de36858-fa54-4408-8e7a-0c8ab4219251 (validation): ValueError
Free trial plan not found: no trial activated for user c9e60dd2-a0b9-4837-b16e-4bb25118eb62.
Cannot activate automatic trial for user c9e60dd2-a0b9-4837-b16e-4bb25118eb62 (validation): ValueError
Free trial plan not found: no trial activated for user 8a95ba02-9965-414e-bea0-cb1d61e6bf0a.
Cannot activate automatic trial for user 8a95ba02-9965-414e-bea0-cb1d61e6bf0a (validation): ValueError
Free trial plan not found: no trial activated for user 013ccdb5-e665-48ec-9254-7f6415b5421e.
Cannot activate automatic trial for user 013ccdb5-e665-48ec-9254-7f6415b5421e (validation): ValueError
ok
test_a_settings_save_reaches_payload_viewers_but_no_school (AutoGrader.tests_cache_user_fanout.UserRowPrecisionTests.test_a_settings_save_reaches_payload_viewers_but_no_school)
Gaps G8/#3: `CustomUserSerializer` nests `settings`, so the ... Free trial plan not found: no trial activated for user 188d5e24-0398-4ed8-932e-619e99aa3aa6.
Cannot activate automatic trial for user 188d5e24-0398-4ed8-932e-619e99aa3aa6 (validation): ValueError
Free trial plan not found: no trial activated for user 4c85265f-9afa-4d66-9105-878c268ec5d9.
Cannot activate automatic trial for user 4c85265f-9afa-4d66-9105-878c268ec5d9 (validation): ValueError
Free trial plan not found: no trial activated for user 8b181b78-5f68-4301-82a3-ef0d3eeeb3bb.
Cannot activate automatic trial for user 8b181b78-5f68-4301-82a3-ef0d3eeeb3bb (validation): ValueError
Free trial plan not found: no trial activated for user 945da50f-52ef-45d1-833b-b18059788e57.
Cannot activate automatic trial for user 945da50f-52ef-45d1-833b-b18059788e57 (validation): ValueError
Free trial plan not found: no trial activated for user 7f9f6dfc-8c88-4516-879a-270b4a14324d.
Cannot activate automatic trial for user 7f9f6dfc-8c88-4516-879a-270b4a14324d (validation): ValueError
Free trial plan not found: no trial activated for user b57b7e44-de6a-4636-a880-0889ebcd54f9.
Cannot activate automatic trial for user b57b7e44-de6a-4636-a880-0889ebcd54f9 (validation): ValueError
Free trial plan not found: no trial activated for user be1d85f6-1e53-4876-ab55-5d13aa073ba2.
Cannot activate automatic trial for user be1d85f6-1e53-4876-ab55-5d13aa073ba2 (validation): ValueError
ok
test_a_student_in_two_schools_moves_both_and_nothing_else (AutoGrader.tests_cache_user_fanout.UserRowPrecisionTests.test_a_student_in_two_schools_moves_both_and_nothing_else) ... Free trial plan not found: no trial activated for user 719bada5-684d-4f2b-b899-ba2bc6cc7d36.
Cannot activate automatic trial for user 719bada5-684d-4f2b-b899-ba2bc6cc7d36 (validation): ValueError
Free trial plan not found: no trial activated for user 2e417c2e-4f9b-437b-9482-a88a18f3b118.
Cannot activate automatic trial for user 2e417c2e-4f9b-437b-9482-a88a18f3b118 (validation): ValueError
Free trial plan not found: no trial activated for user f627cf8f-cbc7-4bca-bf43-514bfbff46c7.
Cannot activate automatic trial for user f627cf8f-cbc7-4bca-bf43-514bfbff46c7 (validation): ValueError
Free trial plan not found: no trial activated for user f44a8b2b-6171-43ca-86f0-ba389c88a081.
Cannot activate automatic trial for user f44a8b2b-6171-43ca-86f0-ba389c88a081 (validation): ValueError
Free trial plan not found: no trial activated for user 702f1dda-489b-4f80-8529-21319812ebfa.
Cannot activate automatic trial for user 702f1dda-489b-4f80-8529-21319812ebfa (validation): ValueError
Free trial plan not found: no trial activated for user 7cfc0eae-eb23-461e-b711-a8d02c8cb31a.
Cannot activate automatic trial for user 7cfc0eae-eb23-461e-b711-a8d02c8cb31a (validation): ValueError
Free trial plan not found: no trial activated for user 997b9268-2d3c-4dc2-8b3c-db97ffee223a.
Cannot activate automatic trial for user 997b9268-2d3c-4dc2-8b3c-db97ffee223a (validation): ValueError
ok
test_a_user_created_with_a_school_moves_that_school (AutoGrader.tests_cache_user_fanout.UserRowPrecisionTests.test_a_user_created_with_a_school_moves_that_school)
`create_user(..., school=...)` saves once, with created=True - the ... Free trial plan not found: no trial activated for user df477cda-ccb1-4703-b4ed-8594068059cd.
Cannot activate automatic trial for user df477cda-ccb1-4703-b4ed-8594068059cd (validation): ValueError
Free trial plan not found: no trial activated for user 9bb16445-896a-454e-807f-40055684edc0.
Cannot activate automatic trial for user 9bb16445-896a-454e-807f-40055684edc0 (validation): ValueError
Free trial plan not found: no trial activated for user bfb7a1a9-a72b-48ab-b6d0-507ccbc6a068.
Cannot activate automatic trial for user bfb7a1a9-a72b-48ab-b6d0-507ccbc6a068 (validation): ValueError
Free trial plan not found: no trial activated for user 04817246-1c1c-47a7-8a4b-e70a0e7abde0.
Cannot activate automatic trial for user 04817246-1c1c-47a7-8a4b-e70a0e7abde0 (validation): ValueError
Free trial plan not found: no trial activated for user f025fd00-2b89-4cb7-be91-bfc578800cea.
Cannot activate automatic trial for user f025fd00-2b89-4cb7-be91-bfc578800cea (validation): ValueError
Free trial plan not found: no trial activated for user 982c13c5-516b-4c06-b9f1-a3325c590581.
Cannot activate automatic trial for user 982c13c5-516b-4c06-b9f1-a3325c590581 (validation): ValueError
Free trial plan not found: no trial activated for user 2e209388-42d9-4775-8fc5-932c5bd4f45f.
Cannot activate automatic trial for user 2e209388-42d9-4775-8fc5-932c5bd4f45f (validation): ValueError
Free trial plan not found: no trial activated for user e7865015-2841-4b20-a67d-e03d0eece55a.
Cannot activate automatic trial for user e7865015-2841-4b20-a67d-e03d0eece55a (validation): ValueError
ok
test_deleting_a_student_reaches_their_teachers (AutoGrader.tests_cache_user_fanout.UserRowPrecisionTests.test_deleting_a_student_reaches_their_teachers)
Carried by the CASCADE: the student's enrolments are deleted first ... Free trial plan not found: no trial activated for user 772a8b00-6ded-44db-8e60-f5a7a8cdf35a.
Cannot activate automatic trial for user 772a8b00-6ded-44db-8e60-f5a7a8cdf35a (validation): ValueError
Free trial plan not found: no trial activated for user 5f06fc70-a27a-47b0-bf24-f24b56f944bf.
Cannot activate automatic trial for user 5f06fc70-a27a-47b0-bf24-f24b56f944bf (validation): ValueError
Free trial plan not found: no trial activated for user 548200df-b7ad-473f-9d10-085e598db45c.
Cannot activate automatic trial for user 548200df-b7ad-473f-9d10-085e598db45c (validation): ValueError
Free trial plan not found: no trial activated for user 06b8da77-fccf-4339-a8e9-a55c41187b2b.
Cannot activate automatic trial for user 06b8da77-fccf-4339-a8e9-a55c41187b2b (validation): ValueError
Free trial plan not found: no trial activated for user bfc69aa1-c8ef-48f0-a109-9ba2a77e03ce.
Cannot activate automatic trial for user bfc69aa1-c8ef-48f0-a109-9ba2a77e03ce (validation): ValueError
Free trial plan not found: no trial activated for user 0e2471fd-8ff0-4862-af62-3159deda85db.
Cannot activate automatic trial for user 0e2471fd-8ff0-4862-af62-3159deda85db (validation): ValueError
Free trial plan not found: no trial activated for user 2ed90770-674a-4c76-ab11-7d40b6cb001c.
Cannot activate automatic trial for user 2ed90770-674a-4c76-ab11-7d40b6cb001c (validation): ValueError
ok
test_deleting_a_teacher_with_no_courses_reaches_their_school (AutoGrader.tests_cache_user_fanout.UserRowPrecisionTests.test_deleting_a_teacher_with_no_courses_reaches_their_school)
Nothing cascades for a course-less teacher, yet the school's ... Free trial plan not found: no trial activated for user bbf825ab-9edd-40ae-b367-62f50ee3a9c8.
Cannot activate automatic trial for user bbf825ab-9edd-40ae-b367-62f50ee3a9c8 (validation): ValueError
Free trial plan not found: no trial activated for user 55aa8c56-fd70-4931-a733-39004aafa7c7.
Cannot activate automatic trial for user 55aa8c56-fd70-4931-a733-39004aafa7c7 (validation): ValueError
Free trial plan not found: no trial activated for user d91984ff-2a21-4143-b152-bc32ab269d82.
Cannot activate automatic trial for user d91984ff-2a21-4143-b152-bc32ab269d82 (validation): ValueError
Free trial plan not found: no trial activated for user c8d0731a-2f81-436e-a314-6e7d675aacad.
Cannot activate automatic trial for user c8d0731a-2f81-436e-a314-6e7d675aacad (validation): ValueError
Free trial plan not found: no trial activated for user 327a76df-9f9f-4bd2-8113-46fc456e862c.
Cannot activate automatic trial for user 327a76df-9f9f-4bd2-8113-46fc456e862c (validation): ValueError
Free trial plan not found: no trial activated for user eb66fcba-8985-4c14-84b0-63597a3f9f2f.
Cannot activate automatic trial for user eb66fcba-8985-4c14-84b0-63597a3f9f2f (validation): ValueError
Free trial plan not found: no trial activated for user 93667cd3-2b67-4338-b1fa-9bf863c34d98.
Cannot activate automatic trial for user 93667cd3-2b67-4338-b1fa-9bf863c34d98 (validation): ValueError
Free trial plan not found: no trial activated for user 1278d638-6cbe-4b85-8655-2f3430f99c3a.
Cannot activate automatic trial for user 1278d638-6cbe-4b85-8655-2f3430f99c3a (validation): ValueError
ok
test_invisible_field_changes_do_not_fan_out (AutoGrader.tests_cache_user_fanout.UserRowPrecisionTests.test_invisible_field_changes_do_not_fan_out)
Nobody else displays these. Each still moves the user's own ... Free trial plan not found: no trial activated for user 96174f53-0d3e-4535-b583-b3724884930c.
Cannot activate automatic trial for user 96174f53-0d3e-4535-b583-b3724884930c (validation): ValueError
Free trial plan not found: no trial activated for user a6709ebe-fb92-4ad4-9aa4-a478785d7dca.
Cannot activate automatic trial for user a6709ebe-fb92-4ad4-9aa4-a478785d7dca (validation): ValueError
Free trial plan not found: no trial activated for user bb7a69bc-5293-48d2-a685-5ab8297429ba.
Cannot activate automatic trial for user bb7a69bc-5293-48d2-a685-5ab8297429ba (validation): ValueError
Free trial plan not found: no trial activated for user 658316da-9d2a-47b3-b52e-45c909528b71.
Cannot activate automatic trial for user 658316da-9d2a-47b3-b52e-45c909528b71 (validation): ValueError
Free trial plan not found: no trial activated for user 0f38a8c2-2681-4a82-8ea6-089bd388fdfc.
Cannot activate automatic trial for user 0f38a8c2-2681-4a82-8ea6-089bd388fdfc (validation): ValueError
Free trial plan not found: no trial activated for user 199e1a0b-7b1b-4964-88f0-71e31960b8f8.
Cannot activate automatic trial for user 199e1a0b-7b1b-4964-88f0-71e31960b8f8 (validation): ValueError
Free trial plan not found: no trial activated for user 78c16cf9-917f-4459-9cd0-968edad4a03f.
Cannot activate automatic trial for user 78c16cf9-917f-4459-9cd0-968edad4a03f (validation): ValueError
ok
test_student_rename_moves_only_their_teachers_and_those_schools (AutoGrader.tests_cache_user_fanout.UserRowPrecisionTests.test_student_rename_moves_only_their_teachers_and_those_schools)
Gap #3: school A's admin renders the student in `users/<pk>` - ... Free trial plan not found: no trial activated for user 8e9c8a59-d251-4308-bd88-ed44c44f16e3.
Cannot activate automatic trial for user 8e9c8a59-d251-4308-bd88-ed44c44f16e3 (validation): ValueError
Free trial plan not found: no trial activated for user efcc0d2a-4f36-45e1-b17a-c3abf9587023.
Cannot activate automatic trial for user efcc0d2a-4f36-45e1-b17a-c3abf9587023 (validation): ValueError
Free trial plan not found: no trial activated for user ef89db3c-e6f7-47f6-8f5a-8f32bdc41dfa.
Cannot activate automatic trial for user ef89db3c-e6f7-47f6-8f5a-8f32bdc41dfa (validation): ValueError
Free trial plan not found: no trial activated for user 293acdd6-8f43-4f9b-82ef-fd71326e0c99.
Cannot activate automatic trial for user 293acdd6-8f43-4f9b-82ef-fd71326e0c99 (validation): ValueError
Free trial plan not found: no trial activated for user 9ef99809-3656-4af6-9e54-ebc63e459091.
Cannot activate automatic trial for user 9ef99809-3656-4af6-9e54-ebc63e459091 (validation): ValueError
Free trial plan not found: no trial activated for user 51aff9e8-a5d4-42ca-937a-9f117f25866e.
Cannot activate automatic trial for user 51aff9e8-a5d4-42ca-937a-9f117f25866e (validation): ValueError
Free trial plan not found: no trial activated for user e5e03dd7-37bf-4f09-a614-89613f541091.
Cannot activate automatic trial for user e5e03dd7-37bf-4f09-a614-89613f541091 (validation): ValueError
ok
test_teacher_rename_moves_their_school_and_its_admin_only (AutoGrader.tests_cache_user_fanout.UserRowPrecisionTests.test_teacher_rename_moves_their_school_and_its_admin_only)
Gap G4: school A's admin renders the teacher in `users/<pk>`, ... Free trial plan not found: no trial activated for user 8287bc3a-d4bf-44f2-9920-b86dabecd443.
Cannot activate automatic trial for user 8287bc3a-d4bf-44f2-9920-b86dabecd443 (validation): ValueError
Free trial plan not found: no trial activated for user a3eba131-c524-4fe6-9267-8d28e0140d2e.
Cannot activate automatic trial for user a3eba131-c524-4fe6-9267-8d28e0140d2e (validation): ValueError
Free trial plan not found: no trial activated for user ccca3dcd-3383-45e0-9e2f-5d2b1f9fb29e.
Cannot activate automatic trial for user ccca3dcd-3383-45e0-9e2f-5d2b1f9fb29e (validation): ValueError
Free trial plan not found: no trial activated for user 5f13cbe1-1c53-4a61-b3e1-b0c39e1b22a5.
Cannot activate automatic trial for user 5f13cbe1-1c53-4a61-b3e1-b0c39e1b22a5 (validation): ValueError
Free trial plan not found: no trial activated for user 10e42371-a162-4a3a-9eba-3e9607148d10.
Cannot activate automatic trial for user 10e42371-a162-4a3a-9eba-3e9607148d10 (validation): ValueError
Free trial plan not found: no trial activated for user 00027175-c00d-4dbe-b5ef-91fdc9e97e2a.
Cannot activate automatic trial for user 00027175-c00d-4dbe-b5ef-91fdc9e97e2a (validation): ValueError
Free trial plan not found: no trial activated for user 45ef4c8f-6749-4c47-bbed-0ba4f96734ea.
Cannot activate automatic trial for user 45ef4c8f-6749-4c47-bbed-0ba4f96734ea (validation): ValueError
ok
test_the_other_tenant_dashboards_are_byte_identical (AutoGrader.tests_cache_user_fanout.UserRowPrecisionTests.test_the_other_tenant_dashboards_are_byte_identical)
Response-level isolation: school B's admin dashboards, warmed ... Free trial plan not found: no trial activated for user e36b51c6-6c29-4e3c-b2b5-cc83e3ccd30e.
Cannot activate automatic trial for user e36b51c6-6c29-4e3c-b2b5-cc83e3ccd30e (validation): ValueError
Free trial plan not found: no trial activated for user 0118e456-319e-4c67-b4ae-2e06de593b0f.
Cannot activate automatic trial for user 0118e456-319e-4c67-b4ae-2e06de593b0f (validation): ValueError
Free trial plan not found: no trial activated for user f77764a0-54fb-4eba-b8b0-cf25d556f48c.
Cannot activate automatic trial for user f77764a0-54fb-4eba-b8b0-cf25d556f48c (validation): ValueError
Free trial plan not found: no trial activated for user 5706199f-b886-4eaf-a707-96fb518b961f.
Cannot activate automatic trial for user 5706199f-b886-4eaf-a707-96fb518b961f (validation): ValueError
Free trial plan not found: no trial activated for user 4ad2e554-a308-4e12-a646-0e66091a729f.
Cannot activate automatic trial for user 4ad2e554-a308-4e12-a646-0e66091a729f (validation): ValueError
Free trial plan not found: no trial activated for user 7de5935b-ee9f-4e89-aa1a-37a9ab57a5f5.
Cannot activate automatic trial for user 7de5935b-ee9f-4e89-aa1a-37a9ab57a5f5 (validation): ValueError
Free trial plan not found: no trial activated for user 3425fb9d-2ae3-4ebf-901d-6d29ea3f8775.
Cannot activate automatic trial for user 3425fb9d-2ae3-4ebf-901d-6d29ea3f8775 (validation): ValueError
Free trial plan not found: no trial activated for user ceb1043c-01a7-41fc-9b62-2be09a543e7d.
Cannot activate automatic trial for user ceb1043c-01a7-41fc-9b62-2be09a543e7d (validation): ValueError
ok

======================================================================
FAIL: test_below_the_budget_a_valid_code_still_completes (users.tests_s7d_registration_paused.RegistrationPausedTests.test_below_the_budget_a_valid_code_still_completes)
----------------------------------------------------------------------
Traceback (most recent call last):
  File "/home/bond-servant-in-training/Documents/Projects/Grade-Automator-Plus-epic-a-merge-down-b14/users/tests_s7d_registration_paused.py", line 129, in test_below_the_budget_a_valid_code_still_completes
    self.assertTrue(student.is_active)
AssertionError: False is not true

======================================================================
FAIL: test_the_pause_is_coded_and_keeps_its_text_and_retry_after (users.tests_s7d_registration_paused.RegistrationPausedTests.test_the_pause_is_coded_and_keeps_its_text_and_retry_after)
----------------------------------------------------------------------
Traceback (most recent call last):
  File "/home/bond-servant-in-training/Documents/Projects/Grade-Automator-Plus-epic-a-merge-down-b14/users/tests_s7d_registration_paused.py", line 68, in test_the_pause_is_coded_and_keeps_its_text_and_retry_after
    self.spend_the_budget()
  File "/home/bond-servant-in-training/Documents/Projects/Grade-Automator-Plus-epic-a-merge-down-b14/users/tests_s7d_registration_paused.py", line 64, in spend_the_budget
    self.assertEqual(self.post(guess).status_code, 400)
AssertionError: 410 != 400

======================================================================
FAIL: test_the_renew_door_keeps_its_own_answer (users.tests_s7d_registration_paused.RegistrationPausedTests.test_the_renew_door_keeps_its_own_answer)
SM ruling Q6: renew-student-token spends the same budget but is
----------------------------------------------------------------------
Traceback (most recent call last):
  File "/home/bond-servant-in-training/Documents/Projects/Grade-Automator-Plus-epic-a-merge-down-b14/users/tests_s7d_registration_paused.py", line 99, in test_the_renew_door_keeps_its_own_answer
    self.spend_the_budget()
  File "/home/bond-servant-in-training/Documents/Projects/Grade-Automator-Plus-epic-a-merge-down-b14/users/tests_s7d_registration_paused.py", line 64, in spend_the_budget
    self.assertEqual(self.post(guess).status_code, 400)
AssertionError: 410 != 400

======================================================================
FAIL: test_student_invitation_bad_code_survives_the_rollback (users.tests_auth_audit_doors.InvitationDoorTests.test_student_invitation_bad_code_survives_the_rollback)
----------------------------------------------------------------------
Traceback (most recent call last):
  File "/home/bond-servant-in-training/Documents/Projects/Grade-Automator-Plus-epic-a-merge-down-b14/users/tests_auth_audit_doors.py", line 462, in test_student_invitation_bad_code_survives_the_rollback
    self.assertEqual(response.status_code, 400, response.content)
AssertionError: 410 != 400 : b'{"success":false,"message":"Invitations of this kind are no longer used. Ask your teacher to add you to the class again.","error":{"field_errors":{"detail":"Invitations of this kind are no longer used. Ask your teacher to add you to the class again."}}}'

======================================================================
FAIL: test_a_student_invitation_names_the_invitee (audit.tests_history.PermissionChangeTests.test_a_student_invitation_names_the_invitee)
SM ruling: the invitee who proved the invitation code acts.
----------------------------------------------------------------------
Traceback (most recent call last):
  File "/home/bond-servant-in-training/Documents/Projects/Grade-Automator-Plus-epic-a-merge-down-b14/audit/tests_history.py", line 631, in test_a_student_invitation_names_the_invitee
    self.assertEqual(response.status_code, 200, response.content)
AssertionError: 410 != 200 : b'{"success":false,"message":"Invitations of this kind are no longer used. Ask your teacher to add you to the class again.","error":{"field_errors":{"detail":"Invitations of this kind are no longer used. Ask your teacher to add you to the class again."}}}'

======================================================================
FAIL: test_a_refused_verify_for_a_switched_off_account_locks_the_address_like_a_wrong_guess (users.tests_switched_off_means_out.SwitchedOffRoadsTests.test_a_refused_verify_for_a_switched_off_account_locks_the_address_like_a_wrong_guess)
The budget is spent as for a wrong guess only if the address is
----------------------------------------------------------------------
Traceback (most recent call last):
  File "/home/bond-servant-in-training/Documents/Virtualenvs/AutoGrader_env/lib/python3.12/site-packages/django/test/utils.py", line 456, in inner
    return func(*args, **kwargs)
           ^^^^^^^^^^^^^^^^^^^^^
  File "/home/bond-servant-in-training/Documents/Projects/Grade-Automator-Plus-epic-a-merge-down-b14/users/tests_switched_off_means_out.py", line 213, in test_a_refused_verify_for_a_switched_off_account_locks_the_address_like_a_wrong_guess
    self.assertIsNotNone(verify_lock_until(user.email))
AssertionError: unexpectedly None

======================================================================
FAIL: test_that_verify_refusal_is_the_wrong_code_refusal (users.tests_switched_off_means_out.SwitchedOffRoadsTests.test_that_verify_refusal_is_the_wrong_code_refusal)
----------------------------------------------------------------------
Traceback (most recent call last):
  File "/home/bond-servant-in-training/Documents/Projects/Grade-Automator-Plus-epic-a-merge-down-b14/users/tests_switched_off_means_out.py", line 186, in test_that_verify_refusal_is_the_wrong_code_refusal
    self.assertEqual(refused.status_code, status.HTTP_400_BAD_REQUEST)
AssertionError: 500 != 400

======================================================================
FAIL: test_verify_does_not_switch_a_switched_off_account_back_on (users.tests_switched_off_means_out.SwitchedOffRoadsTests.test_verify_does_not_switch_a_switched_off_account_back_on)
----------------------------------------------------------------------
Traceback (most recent call last):
  File "/home/bond-servant-in-training/Documents/Projects/Grade-Automator-Plus-epic-a-merge-down-b14/users/tests_switched_off_means_out.py", line 174, in test_verify_does_not_switch_a_switched_off_account_back_on
    self.assertEqual(response.status_code, status.HTTP_400_BAD_REQUEST)
AssertionError: 500 != 400

======================================================================
FAIL: test_a_refused_verify_on_an_admin_power_account_locks_the_address_like_a_wrong_guess (users.tests_reset_for_an_invited_student.VerifyEmailAdminPowerTests.test_a_refused_verify_on_an_admin_power_account_locks_the_address_like_a_wrong_guess)
The budget is spent as for a wrong guess only if the address is
----------------------------------------------------------------------
Traceback (most recent call last):
  File "/home/bond-servant-in-training/Documents/Virtualenvs/AutoGrader_env/lib/python3.12/site-packages/django/test/utils.py", line 456, in inner
    return func(*args, **kwargs)
           ^^^^^^^^^^^^^^^^^^^^^
  File "/home/bond-servant-in-training/Documents/Projects/Grade-Automator-Plus-epic-a-merge-down-b14/users/tests_reset_for_an_invited_student.py", line 774, in test_a_refused_verify_on_an_admin_power_account_locks_the_address_like_a_wrong_guess
    self.assertIsNotNone(verify_lock_until(account.email))
AssertionError: unexpectedly None

======================================================================
FAIL: test_that_verify_refusal_for_a_staff_account_is_the_wrong_code_one (users.tests_reset_for_an_invited_student.VerifyEmailAdminPowerTests.test_that_verify_refusal_for_a_staff_account_is_the_wrong_code_one)
----------------------------------------------------------------------
Traceback (most recent call last):
  File "/home/bond-servant-in-training/Documents/Projects/Grade-Automator-Plus-epic-a-merge-down-b14/users/tests_reset_for_an_invited_student.py", line 736, in test_that_verify_refusal_for_a_staff_account_is_the_wrong_code_one
    self.assert_verify_refusal_is_the_wrong_code_refusal(
  File "/home/bond-servant-in-training/Documents/Projects/Grade-Automator-Plus-epic-a-merge-down-b14/users/tests_reset_for_an_invited_student.py", line 662, in assert_verify_refusal_is_the_wrong_code_refusal
    self.assertEqual(refused.status_code, status.HTTP_400_BAD_REQUEST)
AssertionError: 500 != 400

======================================================================
FAIL: test_that_verify_refusal_for_a_super_admin_type_is_the_wrong_code_one (users.tests_reset_for_an_invited_student.VerifyEmailAdminPowerTests.test_that_verify_refusal_for_a_super_admin_type_is_the_wrong_code_one)
----------------------------------------------------------------------
Traceback (most recent call last):
  File "/home/bond-servant-in-training/Documents/Projects/Grade-Automator-Plus-epic-a-merge-down-b14/users/tests_reset_for_an_invited_student.py", line 746, in test_that_verify_refusal_for_a_super_admin_type_is_the_wrong_code_one
    self.assert_verify_refusal_is_the_wrong_code_refusal(
  File "/home/bond-servant-in-training/Documents/Projects/Grade-Automator-Plus-epic-a-merge-down-b14/users/tests_reset_for_an_invited_student.py", line 662, in assert_verify_refusal_is_the_wrong_code_refusal
    self.assertEqual(refused.status_code, status.HTTP_400_BAD_REQUEST)
AssertionError: 500 != 400

======================================================================
FAIL: test_that_verify_refusal_for_a_superuser_flag_is_the_wrong_code_one (users.tests_reset_for_an_invited_student.VerifyEmailAdminPowerTests.test_that_verify_refusal_for_a_superuser_flag_is_the_wrong_code_one)
----------------------------------------------------------------------
Traceback (most recent call last):
  File "/home/bond-servant-in-training/Documents/Projects/Grade-Automator-Plus-epic-a-merge-down-b14/users/tests_reset_for_an_invited_student.py", line 741, in test_that_verify_refusal_for_a_superuser_flag_is_the_wrong_code_one
    self.assert_verify_refusal_is_the_wrong_code_refusal(
  File "/home/bond-servant-in-training/Documents/Projects/Grade-Automator-Plus-epic-a-merge-down-b14/users/tests_reset_for_an_invited_student.py", line 662, in assert_verify_refusal_is_the_wrong_code_refusal
    self.assertEqual(refused.status_code, status.HTTP_400_BAD_REQUEST)
AssertionError: 500 != 400

======================================================================
FAIL: test_verify_refuses_a_command_line_superuser (users.tests_reset_for_an_invited_student.VerifyEmailAdminPowerTests.test_verify_refuses_a_command_line_superuser)
----------------------------------------------------------------------
Traceback (most recent call last):
  File "/home/bond-servant-in-training/Documents/Projects/Grade-Automator-Plus-epic-a-merge-down-b14/users/tests_reset_for_an_invited_student.py", line 731, in test_verify_refuses_a_command_line_superuser
    self.assert_verify_refused_and_nothing_written(
  File "/home/bond-servant-in-training/Documents/Projects/Grade-Automator-Plus-epic-a-merge-down-b14/users/tests_reset_for_an_invited_student.py", line 649, in assert_verify_refused_and_nothing_written
    self.assertEqual(response.status_code, status.HTTP_400_BAD_REQUEST)
AssertionError: 500 != 400

======================================================================
FAIL: test_verify_refuses_a_never_verified_staff_account (users.tests_reset_for_an_invited_student.VerifyEmailAdminPowerTests.test_verify_refuses_a_never_verified_staff_account)
----------------------------------------------------------------------
Traceback (most recent call last):
  File "/home/bond-servant-in-training/Documents/Projects/Grade-Automator-Plus-epic-a-merge-down-b14/users/tests_reset_for_an_invited_student.py", line 716, in test_verify_refuses_a_never_verified_staff_account
    self.assert_verify_refused_and_nothing_written(
  File "/home/bond-servant-in-training/Documents/Projects/Grade-Automator-Plus-epic-a-merge-down-b14/users/tests_reset_for_an_invited_student.py", line 649, in assert_verify_refused_and_nothing_written
    self.assertEqual(response.status_code, status.HTTP_400_BAD_REQUEST)
AssertionError: 500 != 400

======================================================================
FAIL: test_verify_refuses_a_never_verified_super_admin_type (users.tests_reset_for_an_invited_student.VerifyEmailAdminPowerTests.test_verify_refuses_a_never_verified_super_admin_type)
----------------------------------------------------------------------
Traceback (most recent call last):
  File "/home/bond-servant-in-training/Documents/Projects/Grade-Automator-Plus-epic-a-merge-down-b14/users/tests_reset_for_an_invited_student.py", line 726, in test_verify_refuses_a_never_verified_super_admin_type
    self.assert_verify_refused_and_nothing_written(
  File "/home/bond-servant-in-training/Documents/Projects/Grade-Automator-Plus-epic-a-merge-down-b14/users/tests_reset_for_an_invited_student.py", line 649, in assert_verify_refused_and_nothing_written
    self.assertEqual(response.status_code, status.HTTP_400_BAD_REQUEST)
AssertionError: 500 != 400

======================================================================
FAIL: test_verify_refuses_a_never_verified_superuser_flag (users.tests_reset_for_an_invited_student.VerifyEmailAdminPowerTests.test_verify_refuses_a_never_verified_superuser_flag)
----------------------------------------------------------------------
Traceback (most recent call last):
  File "/home/bond-servant-in-training/Documents/Projects/Grade-Automator-Plus-epic-a-merge-down-b14/users/tests_reset_for_an_invited_student.py", line 721, in test_verify_refuses_a_never_verified_superuser_flag
    self.assert_verify_refused_and_nothing_written(
  File "/home/bond-servant-in-training/Documents/Projects/Grade-Automator-Plus-epic-a-merge-down-b14/users/tests_reset_for_an_invited_student.py", line 649, in assert_verify_refused_and_nothing_written
    self.assertEqual(response.status_code, status.HTTP_400_BAD_REQUEST)
AssertionError: 500 != 400

----------------------------------------------------------------------
Ran 417 tests in 82.755s

FAILED (failures=16, skipped=3)
Destroying test database for alias 'default' ('test_epic_a_merge_down_b14')...
 OK
