=== tree e6da8a20a97493c5b47cf5bdd81a6b9f99f6878c, 2026-09-17T20:50:50+01:00
Creating test database for alias 'default' ('test_cache_commit_race')...
Found 356 test(s).
Operations to perform:
  Synchronize unmigrated apps: anymail, cloudinary, cloudinary_storage, corsheaders, django_extensions, django_filters, djoser, drf_spectacular, encrypted_model_fields, humanize, messages, rest_framework, staticfiles
  Apply all migrations: admin, ai_processor, assignments, auth, authtoken, billing, classrooms, contenttypes, dashboard, django_celery_beat, django_celery_results, sessions, students, token_blacklist, users
Synchronizing apps without migrations:
  Creating tables...
    Running deferred SQL...
Running migrations:
  Applying contenttypes.0001_initial... OK
  Applying contenttypes.0002_remove_content_type_name... OK
  Applying auth.0001_initial... OK
  Applying auth.0002_alter_permission_name_max_length... OK
  Applying auth.0003_alter_user_email_max_length... OK
  Applying auth.0004_alter_user_username_opts... OK
  Applying auth.0005_alter_user_last_login_null... OK
  Applying auth.0006_require_contenttypes_0002... OK
  Applying auth.0007_alter_validators_add_error_messages... OK
  Applying auth.0008_alter_user_username_max_length... OK
  Applying auth.0009_alter_user_last_name_max_length... OK
  Applying auth.0010_alter_group_name_max_length... OK
  Applying auth.0011_update_proxy_permissions... OK
  Applying auth.0012_alter_user_first_name_max_length... OK
  Applying users.0001_initial... OK
  Applying admin.0001_initial... OK
  Applying admin.0002_logentry_remove_auto_add... OK
  Applying admin.0003_logentry_add_action_flag_choices... OK
  Applying classrooms.0001_initial... OK
  Applying ai_processor.0001_initial... OK
  Applying ai_processor.0002_initial... OK
  Applying ai_processor.0003_chatsession_user... OK
  Applying ai_processor.0004_chatsession_assistant_type... OK
  Applying ai_processor.0005_benchmarkrun_benchmarkquestionoutcome... OK
  Applying classrooms.0002_initial... OK
  Applying classrooms.0003_coursecategory_course_categories... OK
  Applying classrooms.0004_course_teacher... OK
  Applying classrooms.0005_rename_studentsection_studentcourse... OK
  Applying classrooms.0006_remove_course_unique_section_name_per_session_and_more... OK
  Applying classrooms.0007_remove_studentcourse_is_active_and_more... OK
  Applying classrooms.0008_alter_studentcourse_enrollment_status... OK
  Applying classrooms.0009_school... OK
  Applying classrooms.0010_alter_studentcourse_enrollment_status... OK
  Applying classrooms.0011_remove_course_categories_topic... OK
  Applying classrooms.0012_studentcourse_auto_added... OK
  Applying classrooms.0013_studentcourse_ai_summary_and_more... OK
  Applying classrooms.0014_remove_session_unique_session_name_per_teacher_and_more... OK
  Applying classrooms.0015_remove_session_unique_session_name_per_teacher_and_more... OK
  Applying classrooms.0016_school_is_active... OK
  Applying assignments.0001_initial... OK
  Applying assignments.0002_initial... OK
  Applying assignments.0003_initial... OK
  Applying assignments.0004_rename_created_by_assignment_teacher_and_more... OK
  Applying assignments.0005_alter_assignment_options... OK
  Applying assignments.0006_assignment_estimated_time... OK
  Applying assignments.0007_remove_assignment_estimated_time_and_more... OK
  Applying assignments.0008_alter_assignment_due_date... OK
  Applying assignments.0009_assignment_extraction_confidence_and_more... OK
  Applying assignments.0010_assignment_custom_ai_prompt... OK
  Applying assignments.0011_assignment_ai_generated_assignment_ai_generated_at_and_more... OK
  Applying assignments.0012_assignment_was_overridden... OK
  Applying assignments.0013_alter_assignment_ai_generated... OK
  Applying assignments.0014_assignment_self_assessment_and_more... OK
  Applying assignments.0015_alter_assignment_potential_issues... OK
  Applying assignments.0016_assignment_extraction_completed_at_and_more... OK
  Applying assignments.0017_assignment_grading_status... OK
  Applying assignments.0018_assignment_topic... OK
  Applying assignments.0019_alter_assignment_title_and_more... OK
  Applying assignments.0020_remove_assignment_grading_status_and_more... OK
  Applying assignments.0021_assignment_overridden_at... OK
  Applying assignments.0022_assignment_raw_input... OK
  Applying assignments.0023_delete_rubric... OK
  Applying assignments.0024_alter_assignment_instructions_and_more... OK
  Applying assignments.0025_alter_assignment_instructions... OK
  Applying assignments.0026_assignment_status... OK
  Applying assignments.0027_remove_assignment_unique_assignment_per_course_and_more... OK
  Applying assignments.0028_alter_assignment_raw_input_hash... OK
  Applying assignments.0029_assignment_auto_grade_on_due_date... OK
  Applying assignments.0030_alter_assignment_status... OK
  Applying assignments.0031_assignment_grading_task_name_and_more... OK
  Applying assignments.0032_assignmentgenerationsession_and_message... OK
  Applying assignments.0033_assignmentgenerationhistory_and_more... OK
  Applying assignments.0034_assignment_admin_grading_notified_at... OK
  Applying assignments.0035_assignment_rigor_blooms_coverage_and_more... OK
  Applying assignments.0036_backfill_assignment_rigor... OK
  Applying assignments.0037_assignment_course_title_index... OK
  Applying assignments.0038_assignment_updated_at... OK
  Applying assignments.0039_assignment_upload_fingerprint... OK
  Applying authtoken.0001_initial... OK
  Applying authtoken.0002_auto_20160226_1747... OK
  Applying authtoken.0003_tokenproxy... OK
  Applying authtoken.0004_alter_tokenproxy_options... OK
  Applying users.0002_customuser_activation_expires_and_more... OK
  Applying users.0003_passwordresetotp... OK
  Applying users.0004_customuser_email_verified_at... OK
  Applying users.0005_alter_passwordresetotp_code... OK
  Applying users.0006_alter_passwordresetotp_code... OK
  Applying users.0007_passwordchangeotp... OK
  Applying users.0008_passwordchangeotp_hash_value_and_more... OK
  Applying users.0009_remove_passwordchangeotp_hash_value_and_more... OK
  Applying users.0010_customuser_school_alter_customuser_user_type... OK
  Applying billing.0001_initial... OK
  Applying billing.0002_alter_subscriptionplan_options_and_more... OK
  Applying billing.0003_creditusagelog_creditwallet_and_more... OK
  Applying billing.0004_alter_creditwallet_options_alter_creditbucket_wallet... OK
  Applying billing.0005_usersubscription_pending_plan... OK
  Applying billing.0006_alter_subscriptionplan_name... OK
  Applying billing.0007_creditbucket_is_processed_creditusagelog_is_refunded... OK
  Applying billing.0008_betaprofile... OK
  Applying billing.0009_betaprofile_uuid_and_more... OK
  Applying billing.0010_alter_betaprofile_id... OK
  Applying billing.0011_remove_betaprofile_uuid_betaprofile_uid_and_more... OK
  Applying billing.0012_populate_beta_profile_uuids... OK
  Applying billing.0013_remove_betaprofile_id_alter_betaprofile_uid... OK
  Applying billing.0014_rename_uid_betaprofile_id... OK
  Applying billing.0015_betaprofile_credits_used_feedback... OK
  Applying billing.0016_planfeature_alter_subscriptionplan_options_and_more... OK
  Applying billing.0017_remove_subscriptionplan_overage_credit_price_cents_and_more... OK
  Applying billing.0018_subscriptionplan_overage_block_price_and_more... OK
  Applying billing.0019_licensesubscription_schoolcreditallocation... OK
  Applying billing.0020_licensesubscription_contract_months_and_more... OK
  Applying billing.0021_alter_creditbucket_bucket_type_and_more... OK
  Applying billing.0022_usersubscription_is_trial_usersubscription_trial_end_and_more... OK
  Applying billing.0023_alter_subscriptionplan_name... OK
  Applying billing.0024_licensesubscription_custom_price_cents... OK
  Applying billing.0025_alter_subscriptionplan_name... OK
  Applying billing.0026_licensesubscription_total_credits_consumed... OK
  Applying billing.0027_stripeevent_creditwallet_stripe_customer_id_and_more... OK
  Applying billing.0028_alter_usersubscription_is_trial... OK
  Applying billing.0029_usersubscription_next_credit_grant_at... OK
  Applying billing.0030_alter_subscriptionplan_interval_and_more... OK
  Applying billing.0031_alter_licensesubscription_custom_price_cents_and_more... OK
  Applying billing.0032_remove_subscriptionplan_price_cents_and_more... OK
  Applying billing.0033_rename_price_subscriptionplan_price_cents... OK
  Applying billing.0034_alter_licensesubscription_custom_price_cents... OK
  Applying billing.0035_licensesubscription_stripe_customer_id... OK
  Applying billing.0036_alter_licensesubscription_contract_months_and_more... OK
  Applying billing.0037_schoolcreditallocation_next_credit_grant_at... OK
  Applying billing.0038_licensesubscription_billing_method_and_more... OK
  Applying billing.0039_alter_subscriptionplan_overage_block_price... OK
  Applying billing.0040_usersubscription_pending_change_note_and_more... OK
  Applying billing.0041_alter_usersubscription_pending_change_note_and_more... OK
  Applying billing.0042_subscriptionplan_stripe_overage_price_id... OK
  Applying billing.0043_schoolcreditallocation_is_admin_allocation... OK
  Applying billing.0044_alter_creditusagelog_feature... OK
  Applying billing.0045_billingtransaction... OK
  Applying billing.0046_remove_subscriptionplan_carry_over_max_and_more... OK
  Applying billing.0047_subscriptionplan_carry_over_max... OK
  Applying billing.0048_alter_billingtransaction_transaction_type_and_more... OK
  Applying billing.0049_billingtransaction_receipt_url... OK
  Applying billing.0050_creditusagelog_course... OK
  Applying billing.0051_creditusagelog_task_id_index... OK
  Applying billing.0052_creditusagelog_school... OK
  Applying billing.0053_backfill_creditusagelog_school... OK
  Applying billing.0054_stripeevent_attempts_stripeevent_claimed_at_and_more... OK
  Applying billing.0055_licensesubscription_consumption_window_start_and_more... OK
  Applying billing.0056_liveqarun... OK
  Applying billing.0057_usersubscription_cancelled_at... OK
  Applying billing.0058_alter_licensebillingrecord_record_type... OK
  Applying billing.0059_append_only_audit_tables... OK
  Applying billing.0060_backfill_audit_identity...
  backfilled identity on 0 ledger row(s) and 0 usage log row(s)
 OK
  Applying billing.0061_add_audit_table_time_indexes... OK
  Applying billing.0062_liveqarun_skipped_and_error_status... OK
  Applying billing.0063_payment_disputes... OK
  Applying billing.0064_refund_credit_reversal... OK
  Applying billing.0065_backfill_ledger_payment_intent...
  attributed 0 ledger row(s) to their Stripe payment
 OK
  Applying billing.0066_dispute_deficit_by_wallet... OK
  Applying billing.0067_stripe_event_recovery... OK
  Applying billing.0068_price_reconciliation... OK
  Applying billing.0069_price_sync_audit... OK
  Applying dashboard.0001_initial... OK
  Applying dashboard.0002_schoolatrisksnapshot... OK
  Applying dashboard.0003_studentriskalertstate_alert_pending... OK
  Applying django_celery_beat.0001_initial... OK
  Applying django_celery_beat.0002_auto_20161118_0346... OK
  Applying django_celery_beat.0003_auto_20161209_0049... OK
  Applying django_celery_beat.0004_auto_20170221_0000... OK
  Applying django_celery_beat.0005_add_solarschedule_events_choices... OK
  Applying django_celery_beat.0006_auto_20180322_0932... OK
  Applying django_celery_beat.0007_auto_20180521_0826... OK
  Applying django_celery_beat.0008_auto_20180914_1922... OK
  Applying django_celery_beat.0006_auto_20180210_1226... OK
  Applying django_celery_beat.0006_periodictask_priority... OK
  Applying django_celery_beat.0009_periodictask_headers... OK
  Applying django_celery_beat.0010_auto_20190429_0326... OK
  Applying django_celery_beat.0011_auto_20190508_0153... OK
  Applying django_celery_beat.0012_periodictask_expire_seconds... OK
  Applying django_celery_beat.0013_auto_20200609_0727... OK
  Applying django_celery_beat.0014_remove_clockedschedule_enabled... OK
  Applying django_celery_beat.0015_edit_solarschedule_events_choices... OK
  Applying django_celery_beat.0016_alter_crontabschedule_timezone... OK
  Applying django_celery_beat.0017_alter_crontabschedule_month_of_year... OK
  Applying django_celery_beat.0018_improve_crontab_helptext... OK
  Applying django_celery_beat.0019_alter_periodictasks_options... OK
  Applying django_celery_results.0001_initial... OK
  Applying django_celery_results.0002_add_task_name_args_kwargs... OK
  Applying django_celery_results.0003_auto_20181106_1101... OK
  Applying django_celery_results.0004_auto_20190516_0412... OK
  Applying django_celery_results.0005_taskresult_worker... OK
  Applying django_celery_results.0006_taskresult_date_created... OK
  Applying django_celery_results.0007_remove_taskresult_hidden... OK
  Applying django_celery_results.0008_chordcounter... OK
  Applying django_celery_results.0009_groupresult... OK
  Applying django_celery_results.0010_remove_duplicate_indices... OK
  Applying django_celery_results.0011_taskresult_periodic_task_name... OK
  Applying django_celery_results.0012_taskresult_date_started... OK
  Applying django_celery_results.0013_taskresult_django_cele_periodi_1993cf_idx... OK
  Applying django_celery_results.0014_alter_taskresult_status... OK
  Applying sessions.0001_initial... OK
  Applying users.0011_concurrentusersnapshot_useractivity... OK
  Applying users.0012_alter_concurrentusersnapshot_timestamp... OK
  Applying users.0013_customuser_middle_name... OK
  Applying users.0014_alter_customuser_middle_name... OK
  Applying users.0015_customuser_bio_settings... OK
  Applying users.0016_remove_customuser_bio_delete_settings... OK
  Applying users.0017_settings... OK
  Applying users.0018_customuser_bio... OK
  Applying users.0019_betawhitelist... OK
  Applying users.0020_waitlist_betawhitelist_mode... OK
  Applying users.0021_betawhitelist_test_id_alter_betawhitelist_id... OK
  Applying users.0022_remove_betawhitelist_test_id_alter_betawhitelist_id... OK
  Applying users.0023_remove_waitlist_id_waitlist_test_id... OK
  Applying users.0024_remove_waitlist_test_id_waitlist_id... OK
  Applying users.0025_customuser_profile_image... OK
  Applying students.0001_initial... OK
  Applying students.0002_initial... OK
  Applying students.0003_studentsubmission_graded_at_and_more... OK
  Applying students.0004_alter_studentsubmission_graded_at... OK
  Applying students.0005_studentsubmission_ai_feedback_and_more... OK
  Applying students.0006_studentsubmission_ai_grading_completed_at... OK
  Applying students.0007_studentsubmission_extraction_confidence... OK
  Applying students.0008_studentsubmission_formatted_grade... OK
  Applying students.0009_studentsubmission_raw_input... OK
  Applying students.0010_batchuploadsession... OK
  Applying students.0011_batchuploadsession_course_and_more... OK
  Applying students.0012_alter_batchuploadsession_task_type... OK
  Applying students.0013_studentsubmission_max_points_and_more... OK
  Applying students.0014_alter_studentsubmission_score_percentage... OK
  Applying students.0015_studentsubmission_is_published... OK
  Applying students.0016_studentsubmission_grading_task_name_and_more... OK
  Applying students.0017_backgroundprocessingtask... OK
  Applying students.0018_studentsubmission_attempt_count... OK
  Applying students.0019_alter_studentsubmission_attempt_count... OK
  Applying students.0020_studentsubmission_grading_state... OK
  Applying students.0021_studentsubmission_needs_review... OK
  Applying students.0022_studentsubmission_review_severity... OK
  Applying students.0023_studentsubmission_review_tier_and_more... OK
  Applying students.0024_repair_raw_input_json... OK
  Applying students.0025_student_submission_hot_path_indexes... OK
  Applying students.0026_alter_backgroundprocessingtask_task_type... OK
  Applying students.0027_alter_studentsubmission_ai_grading_completed_at... OK
  Applying students.0028_backfill_ai_grading_completed_at... OK
  Applying token_blacklist.0001_initial... OK
  Applying token_blacklist.0002_outstandingtoken_jti_hex... OK
  Applying token_blacklist.0003_auto_20171017_2007... OK
  Applying token_blacklist.0004_auto_20171017_2013... OK
  Applying token_blacklist.0005_remove_outstandingtoken_jti... OK
  Applying token_blacklist.0006_auto_20171017_2113... OK
  Applying token_blacklist.0007_auto_20171017_2214... OK
  Applying token_blacklist.0008_migrate_to_bigautofield... OK
  Applying token_blacklist.0010_fix_migrate_to_bigautofield... OK
  Applying token_blacklist.0011_linearizes_history... OK
  Applying token_blacklist.0012_alter_outstandingtoken_user... OK
  Applying token_blacklist.0013_alter_blacklistedtoken_options_and_more... OK
  Applying users.0026_customuser_registration_method... OK
  Applying users.0027_customuser_profile_image_url... OK
  Applying users.0028_alter_customuser_middle_name... OK
  Applying users.0029_usergooglecredentials... OK
  Applying users.0030_usergooglecredentials_access_token_and_more... OK
  Applying users.0031_settings_notify_new_assignment_posted... OK
  Applying users.0032_alter_settings_notify_assignment_due_reminder_and_more... OK
  Applying users.0033_settings_notify_at_risk_student_alerts_and_more... OK
  Applying users.0034_passwordresetotp_attempts_and_more... OK
  Applying users.0035_settings_notify_assignment_edited... OK
  Applying users.0036_customuser_failed_login_attempts_and_more...System check identified some issues:

WARNINGS:
?: (billing.W001) PlanFeature catalogue is missing (or not marked is_gating_feature=True for) gating key(s): ['AI_PROMPT_ANALYTICS_SUMMARY', 'AI_PROMPT_ASSIGNMENT_CREATION']. Every user in this environment will be DENIED the corresponding AI feature(s) - see AI_FEATURE_GATING_MAP in billing/access_control.py - until `manage.py seed_plan_features` is run.

System check identified 1 issue (0 silenced).
test_disabled_watchdog_is_degraded (AutoGrader.test_health.BeatHealthCheckTests.test_disabled_watchdog_is_degraded) ...

django.request ERROR 2026-09-17 19:51:10,112 log 2041441 130723849169856 [request_id=-] Service Unavailable: /api/v1/health/beat


ok
test_missing_periodic_task_row_is_degraded (AutoGrader.test_health.BeatHealthCheckTests.test_missing_periodic_task_row_is_degraded) ...

django.request ERROR 2026-09-17 19:51:10,132 log 2041441 130723849169856 [request_id=-] Service Unavailable: /api/v1/health/beat


ok
test_never_run_falls_back_to_date_changed (AutoGrader.test_health.BeatHealthCheckTests.test_never_run_falls_back_to_date_changed) ...

django.request ERROR 2026-09-17 19:51:10,157 log 2041441 130723849169856 [request_id=-] Service Unavailable: /api/v1/health/beat


ok
test_reachable_without_authentication (AutoGrader.test_health.BeatHealthCheckTests.test_reachable_without_authentication) ... ok
test_stale_last_run_is_degraded (AutoGrader.test_health.BeatHealthCheckTests.test_stale_last_run_is_degraded) ...

django.request ERROR 2026-09-17 19:51:10,200 log 2041441 130723849169856 [request_id=-] Service Unavailable: /api/v1/health/beat


ok
test_404s_when_not_enabled (AutoGrader.test_health.ClientIdentityDiagnosticTests.test_404s_when_not_enabled)
Default off. It is a deliberately temporary surface - enabled ... API Exception
Traceback (most recent call last):
  File "/home/bond-servant-in-training/Documents/Virtualenvs/AutoGrader_env/lib/python3.12/site-packages/rest_framework/views.py", line 512, in dispatch
    response = handler(request, *args, **kwargs)
               ^^^^^^^^^^^^^^^^^^^^^^^^^^^^^^^^^
  File "/home/bond-servant-in-training/Documents/Virtualenvs/AutoGrader_env/lib/python3.12/site-packages/rest_framework/decorators.py", line 50, in handler
    return func(*args, **kwargs)
           ^^^^^^^^^^^^^^^^^^^^^
  File "/home/bond-servant-in-training/Documents/Projects/Grade-Automator-Plus-cache-commit-race/AutoGrader/health.py", line 95, in client_identity
    raise Http404("client diagnostics are not enabled in this environment")
django.http.response.Http404: client diagnostics are not enabled in this environment
ok
test_reports_remote_addr_when_no_forwarding_header (AutoGrader.test_health.ClientIdentityDiagnosticTests.test_reports_remote_addr_when_no_forwarding_header) ... ok
test_reports_the_ident_the_throttles_key_on (AutoGrader.test_health.ClientIdentityDiagnosticTests.test_reports_the_ident_the_throttles_key_on) ... ok
test_cache_write_that_silently_no_ops_is_reported_as_degraded (AutoGrader.test_health.HealthCheckTests.test_cache_write_that_silently_no_ops_is_reported_as_degraded)
_check_cache round-trips (set then get) specifically to catch a ...

django.request ERROR 2026-09-17 19:51:10,243 log 2041441 130723849169856 [request_id=-] Service Unavailable: /api/v1/health


ok
test_health_is_reachable_without_authentication (AutoGrader.test_health.HealthCheckTests.test_health_is_reachable_without_authentication)
A load balancer polling this has no token, so it must not 401. ... ok
test_reports_503_and_names_the_failing_dependency (AutoGrader.test_health.HealthCheckTests.test_reports_503_and_names_the_failing_dependency)
A failing dependency has to be identifiable from the response, or ...

django.request ERROR 2026-09-17 19:51:10,299 log 2041441 130723849169856 [request_id=-] Service Unavailable: /api/v1/health


ok
test_reports_the_running_commit (AutoGrader.test_health.HealthCheckTests.test_reports_the_running_commit)
The whole point of the field: answering "is the fix deployed?" ... ok
test_version_does_not_gate_health (AutoGrader.test_health.HealthCheckTests.test_version_does_not_gate_health)
A missing commit SHA is a metadata gap, not an outage: it must ... ok
test_version_is_unknown_rather_than_absent_when_unset (AutoGrader.test_health.HealthCheckTests.test_version_is_unknown_rather_than_absent_when_unset)
A stable key shape keeps the response trivial to parse, and the ... ok
test_logs_error_and_names_the_overdue_task (AutoGrader.tests_beat_health.CheckBeatHealthTaskTests.test_logs_error_and_names_the_overdue_task) ... ok
test_returns_all_clear_message_when_nothing_overdue (AutoGrader.tests_beat_health.CheckBeatHealthTaskTests.test_returns_all_clear_message_when_nothing_overdue) ... ok
test_disabled_task_is_never_reported (AutoGrader.tests_beat_health.FindOverdueTasksTests.test_disabled_task_is_never_reported) ... ok
test_missing_periodic_task_row_is_reported (AutoGrader.tests_beat_health.FindOverdueTasksTests.test_missing_periodic_task_row_is_reported) ... ok
test_multiple_overdue_tasks_are_all_reported (AutoGrader.tests_beat_health.FindOverdueTasksTests.test_multiple_overdue_tasks_are_all_reported) ... ok
test_never_run_task_uses_date_changed_as_reference (AutoGrader.tests_beat_health.FindOverdueTasksTests.test_never_run_task_uses_date_changed_as_reference) ... ok
test_no_expectations_configured_returns_empty (AutoGrader.tests_beat_health.FindOverdueTasksTests.test_no_expectations_configured_returns_empty) ... ok
test_on_schedule_task_is_not_overdue (AutoGrader.tests_beat_health.FindOverdueTasksTests.test_on_schedule_task_is_not_overdue) ... ok
test_overdue_task_is_reported_with_actionable_message (AutoGrader.tests_beat_health.FindOverdueTasksTests.test_overdue_task_is_reported_with_actionable_message) ... ok
test_days_hours_and_minutes (AutoGrader.tests_beat_health.HumanizeTests.test_days_hours_and_minutes) ... ok
test_exact_hour_omits_zero_minutes (AutoGrader.tests_beat_health.HumanizeTests.test_exact_hour_omits_zero_minutes) ... ok
test_hours_and_minutes (AutoGrader.tests_beat_health.HumanizeTests.test_hours_and_minutes) ... ok
test_minutes_only (AutoGrader.tests_beat_health.HumanizeTests.test_minutes_only) ... ok
test_negative_delta_clamped_to_zero (AutoGrader.tests_beat_health.HumanizeTests.test_negative_delta_clamped_to_zero) ... ok
test_singular_minute (AutoGrader.tests_beat_health.HumanizeTests.test_singular_minute) ... ok
test_zero_renders_as_zero_minutes_not_empty (AutoGrader.tests_beat_health.HumanizeTests.test_zero_renders_as_zero_minutes_not_empty) ... ok
test_no_request_id_set_means_none_propagates (AutoGrader.tests_celery_signals.EndToEndBrokerRoundTripTests.test_no_request_id_set_means_none_propagates) ... ok
test_request_id_propagates_from_dispatcher_to_worker (AutoGrader.tests_celery_signals.EndToEndBrokerRoundTripTests.test_request_id_propagates_from_dispatcher_to_worker) ... ok
test_batch_state_does_not_leak_after_exit (AutoGrader.test_cache_utils.BatchedCacheInvalidationTest.test_batch_state_does_not_leak_after_exit) ... ok
test_defers_and_dedupes_until_batch_exit (AutoGrader.test_cache_utils.BatchedCacheInvalidationTest.test_defers_and_dedupes_until_batch_exit) ... ok
test_empty_batch_deletes_nothing (AutoGrader.test_cache_utils.BatchedCacheInvalidationTest.test_empty_batch_deletes_nothing) ... ok
test_flushes_on_exception (AutoGrader.test_cache_utils.BatchedCacheInvalidationTest.test_flushes_on_exception) ... ok
test_nested_batches_flush_once_at_outermost_exit (AutoGrader.test_cache_utils.BatchedCacheInvalidationTest.test_nested_batches_flush_once_at_outermost_exit) ... ok
test_backend_errors_are_swallowed_and_other_patterns_still_deleted (AutoGrader.test_cache_utils.DeleteCachePatternsTest.test_backend_errors_are_swallowed_and_other_patterns_still_deleted) ... ok
test_dedupes_patterns_within_a_call (AutoGrader.test_cache_utils.DeleteCachePatternsTest.test_dedupes_patterns_within_a_call) ... ok
test_deletes_each_pattern_immediately_outside_batch (AutoGrader.test_cache_utils.DeleteCachePatternsTest.test_deletes_each_pattern_immediately_outside_batch) ... ok
test_noop_when_backend_lacks_delete_pattern (AutoGrader.test_cache_utils.DeleteCachePatternsTest.test_noop_when_backend_lacks_delete_pattern) ... ok
test_noop_with_no_patterns (AutoGrader.test_cache_utils.DeleteCachePatternsTest.test_noop_with_no_patterns) ... ok
test_cache_keys_are_prefixed_away_from_celery_keys (AutoGrader.test_cache_utils.RedisCacheSettingsTest.test_cache_keys_are_prefixed_away_from_celery_keys) ... ok
test_scan_itersize_is_configured_far_above_default (AutoGrader.test_cache_utils.RedisCacheSettingsTest.test_scan_itersize_is_configured_far_above_default) ... ok
test_falls_back_to_plain_send_mail_when_templated_send_fails (AutoGrader.tests.SendEmailTaskTests.test_falls_back_to_plain_send_mail_when_templated_send_fails) ... ok
test_gives_up_after_max_retries (AutoGrader.tests.SendEmailTaskTests.test_gives_up_after_max_retries)
A permanently-failing send stops after max_retries, not forever. ... [2026-09-17 19:51:20,850: ERROR/MainProcess] Task AutoGrader.tasks.send_email_task[8ed0a18f-ecca-4971-8b88-d4ea8b7f12d9] raised unexpected: Exception('Provider permanently rejecting')
Traceback (most recent call last):
  File "/home/bond-servant-in-training/Documents/Virtualenvs/AutoGrader_env/lib/python3.12/site-packages/celery/app/trace.py", line 453, in trace_task
    R = retval = fun(*args, **kwargs)
                 ^^^^^^^^^^^^^^^^^^^^
  File "/home/bond-servant-in-training/Documents/Projects/Grade-Automator-Plus-cache-commit-race/AutoGrader/tasks.py", line 111, in send_email_task
    raise self.retry(exc=exc, countdown=self.default_retry_delay) from exc
          ^^^^^^^^^^^^^^^^^^^^^^^^^^^^^^^^^^^^^^^^^^^^^^^^^^^^^^^
  File "/home/bond-servant-in-training/Documents/Virtualenvs/AutoGrader_env/lib/python3.12/site-packages/celery/app/task.py", line 743, in retry
    raise_with_context(exc)
  File "/home/bond-servant-in-training/Documents/Projects/Grade-Automator-Plus-cache-commit-race/AutoGrader/tasks.py", line 95, in send_email_task
    return _send_email_impl(
           ^^^^^^^^^^^^^^^^^
  File "/home/bond-servant-in-training/.pyenv/versions/3.12.10/lib/python3.12/unittest/mock.py", line 1139, in __call__
    return self._mock_call(*args, **kwargs)
           ^^^^^^^^^^^^^^^^^^^^^^^^^^^^^^^^
  File "/home/bond-servant-in-training/.pyenv/versions/3.12.10/lib/python3.12/unittest/mock.py", line 1143, in _mock_call
    return self._execute_mock_call(*args, **kwargs)
           ^^^^^^^^^^^^^^^^^^^^^^^^^^^^^^^^^^^^^^^^
  File "/home/bond-servant-in-training/.pyenv/versions/3.12.10/lib/python3.12/unittest/mock.py", line 1198, in _execute_mock_call
    raise effect
  File "/home/bond-servant-in-training/Documents/Projects/Grade-Automator-Plus-cache-commit-race/AutoGrader/tasks.py", line 95, in send_email_task
    return _send_email_impl(
           ^^^^^^^^^^^^^^^^^
  File "/home/bond-servant-in-training/.pyenv/versions/3.12.10/lib/python3.12/unittest/mock.py", line 1139, in __call__
    return self._mock_call(*args, **kwargs)
           ^^^^^^^^^^^^^^^^^^^^^^^^^^^^^^^^
  File "/home/bond-servant-in-training/.pyenv/versions/3.12.10/lib/python3.12/unittest/mock.py", line 1143, in _mock_call
    return self._execute_mock_call(*args, **kwargs)
           ^^^^^^^^^^^^^^^^^^^^^^^^^^^^^^^^^^^^^^^^
  File "/home/bond-servant-in-training/.pyenv/versions/3.12.10/lib/python3.12/unittest/mock.py", line 1198, in _execute_mock_call
    raise effect
  File "/home/bond-servant-in-training/Documents/Projects/Grade-Automator-Plus-cache-commit-race/AutoGrader/tasks.py", line 95, in send_email_task
    return _send_email_impl(
           ^^^^^^^^^^^^^^^^^
  File "/home/bond-servant-in-training/.pyenv/versions/3.12.10/lib/python3.12/unittest/mock.py", line 1139, in __call__
    return self._mock_call(*args, **kwargs)
           ^^^^^^^^^^^^^^^^^^^^^^^^^^^^^^^^
  File "/home/bond-servant-in-training/.pyenv/versions/3.12.10/lib/python3.12/unittest/mock.py", line 1143, in _mock_call
    return self._execute_mock_call(*args, **kwargs)
           ^^^^^^^^^^^^^^^^^^^^^^^^^^^^^^^^^^^^^^^^
  File "/home/bond-servant-in-training/.pyenv/versions/3.12.10/lib/python3.12/unittest/mock.py", line 1198, in _execute_mock_call
    raise effect
  File "/home/bond-servant-in-training/Documents/Projects/Grade-Automator-Plus-cache-commit-race/AutoGrader/tasks.py", line 95, in send_email_task
    return _send_email_impl(
           ^^^^^^^^^^^^^^^^^
  File "/home/bond-servant-in-training/.pyenv/versions/3.12.10/lib/python3.12/unittest/mock.py", line 1139, in __call__
    return self._mock_call(*args, **kwargs)
           ^^^^^^^^^^^^^^^^^^^^^^^^^^^^^^^^
  File "/home/bond-servant-in-training/.pyenv/versions/3.12.10/lib/python3.12/unittest/mock.py", line 1143, in _mock_call
    return self._execute_mock_call(*args, **kwargs)
           ^^^^^^^^^^^^^^^^^^^^^^^^^^^^^^^^^^^^^^^^
  File "/home/bond-servant-in-training/.pyenv/versions/3.12.10/lib/python3.12/unittest/mock.py", line 1198, in _execute_mock_call
    raise effect
Exception: Provider permanently rejecting
ok
test_retries_on_transient_send_failure (AutoGrader.tests.SendEmailTaskTests.test_retries_on_transient_send_failure)
A single transient failure should be retried, not dropped. ... ok
test_the_legacy_mechanism_really_is_disabled (AutoGrader.tests_cache_bespoke_1114.BespokeBase.test_the_legacy_mechanism_really_is_disabled) ... ok
test_a_TEACHERS_course_rename_reaches_the_student (AutoGrader.tests_cache_bespoke_1114.MyCoursesFreshnessTests.test_a_TEACHERS_course_rename_reaches_the_student)
The `global` half, and the reason it is there. ... ok
test_a_new_enrollment_appears (AutoGrader.tests_cache_bespoke_1114.MyCoursesFreshnessTests.test_a_new_enrollment_appears)
The `usr` half: the student's own enrolment. ... ok
test_another_students_list_is_unaffected_by_this_ones_enrollment (AutoGrader.tests_cache_bespoke_1114.MyCoursesFreshnessTests.test_another_students_list_is_unaffected_by_this_ones_enrollment) ... ok
test_the_legacy_mechanism_really_is_disabled (AutoGrader.tests_cache_bespoke_1114.MyCoursesFreshnessTests.test_the_legacy_mechanism_really_is_disabled) ... ok
test_the_list_is_actually_cached (AutoGrader.tests_cache_bespoke_1114.MyCoursesFreshnessTests.test_the_list_is_actually_cached)
Guard on the guard. ... ok
test_withdrawing_the_student_empties_the_list (AutoGrader.tests_cache_bespoke_1114.MyCoursesFreshnessTests.test_withdrawing_the_student_empties_the_list) ... ok
test_a_profile_edit_is_visible_on_the_next_read (AutoGrader.tests_cache_bespoke_1114.ProfileAndSettingsFreshnessTests.test_a_profile_edit_is_visible_on_the_next_read) ... ok
test_a_settings_change_is_visible_on_the_next_read (AutoGrader.tests_cache_bespoke_1114.ProfileAndSettingsFreshnessTests.test_a_settings_change_is_visible_on_the_next_read) ... ok
test_another_users_edit_does_not_invalidate_this_profile (AutoGrader.tests_cache_bespoke_1114.ProfileAndSettingsFreshnessTests.test_another_users_edit_does_not_invalidate_this_profile)
`usr` alone means precisely this: unrelated activity leaves it ... ok
test_the_legacy_mechanism_really_is_disabled (AutoGrader.tests_cache_bespoke_1114.ProfileAndSettingsFreshnessTests.test_the_legacy_mechanism_really_is_disabled) ... ok
test_the_profile_is_actually_cached (AutoGrader.tests_cache_bespoke_1114.ProfileAndSettingsFreshnessTests.test_the_profile_is_actually_cached) ... ok
test_a_regrade_is_visible_on_the_next_read (AutoGrader.tests_cache_bespoke_1114.SubmissionDetailFreshnessTests.test_a_regrade_is_visible_on_the_next_read) ... ok
test_a_teachers_assignment_edit_does_NOT_change_this_payload (AutoGrader.tests_cache_bespoke_1114.SubmissionDetailFreshnessTests.test_a_teachers_assignment_edit_does_NOT_change_this_payload)
Documents the real contract, which corrected this family's scope. ... ok
test_the_legacy_mechanism_really_is_disabled (AutoGrader.tests_cache_bespoke_1114.SubmissionDetailFreshnessTests.test_the_legacy_mechanism_really_is_disabled) ... ok
test_a_user_scoped_throttle_key_would_be_collateral_damage (AutoGrader.tests_cache_collateral_damage.CacheInvalidationCollateralDamageTests.test_a_user_scoped_throttle_key_would_be_collateral_damage)
DOCUMENTS A LATENT DEFECT, and fails if it becomes live. ... ok
test_deleting_an_enrollment_spares_non_cache_keys (AutoGrader.tests_cache_collateral_damage.CacheInvalidationCollateralDamageTests.test_deleting_an_enrollment_spares_non_cache_keys) ... ok
test_invalidation_still_actually_works (AutoGrader.tests_cache_collateral_damage.CacheInvalidationCollateralDamageTests.test_invalidation_still_actually_works)
Without this, every test above would pass if invalidation were ... ok
test_saving_a_course_spares_non_cache_keys (AutoGrader.tests_cache_collateral_damage.CacheInvalidationCollateralDamageTests.test_saving_a_course_spares_non_cache_keys) ... ok
test_saving_a_school_spares_non_cache_keys (AutoGrader.tests_cache_collateral_damage.CacheInvalidationCollateralDamageTests.test_saving_a_school_spares_non_cache_keys) ... ok
test_saving_a_session_spares_non_cache_keys (AutoGrader.tests_cache_collateral_damage.CacheInvalidationCollateralDamageTests.test_saving_a_session_spares_non_cache_keys) ... ok
test_saving_a_student_enrollment_spares_non_cache_keys (AutoGrader.tests_cache_collateral_damage.CacheInvalidationCollateralDamageTests.test_saving_a_student_enrollment_spares_non_cache_keys) ... ok
test_saving_a_topic_spares_non_cache_keys (AutoGrader.tests_cache_collateral_damage.CacheInvalidationCollateralDamageTests.test_saving_a_topic_spares_non_cache_keys) ... ok
test_saving_a_user_spares_non_cache_keys (AutoGrader.tests_cache_collateral_damage.CacheInvalidationCollateralDamageTests.test_saving_a_user_spares_non_cache_keys)
users.signals.clear_user_cache clears "*user*" - the broadest ... ok
test_twenty_concurrent_enrollments_racing_reads_settle_fresh_every_round (AutoGrader.tests_cache_commit_race.ConcurrentEnrollmentRaceLoadTests.test_twenty_concurrent_enrollments_racing_reads_settle_fresh_every_round) ... ok
test_a_nested_caller_with_a_rolled_back_savepoint_is_not_served_stale (AutoGrader.tests_cache_commit_race.ForcedInterleavingTests.test_a_nested_caller_with_a_rolled_back_savepoint_is_not_served_stale)
Enrollment (itself atomic) inside an outer transaction that also ... ok
test_a_read_in_the_pre_commit_window_is_not_served_stale (AutoGrader.tests_cache_commit_race.ForcedInterleavingTests.test_a_read_in_the_pre_commit_window_is_not_served_stale) ... ok
test_only_the_writers_scopes_move_and_the_commit_exactly_repeats_them (AutoGrader.tests_cache_commit_race.PostCommitBumpIsolationTests.test_only_the_writers_scopes_move_and_the_commit_exactly_repeats_them) ... ok
test_the_write_commits_and_staleness_ends_when_the_entry_expires (AutoGrader.tests_cache_commit_race.RedisDownAtCommitTests.test_the_write_commits_and_staleness_ends_when_the_entry_expires) ... [2026-09-17 19:53:49,786: ERROR/MainProcess] Cache generation bump failed for cachegen:global; entries keyed on it will serve stale data until their TTL expires.
Traceback (most recent call last):
  File "/home/bond-servant-in-training/Documents/Projects/Grade-Automator-Plus-cache-commit-race/AutoGrader/cache_generation.py", line 169, in bump_generation
    return _incr_or_create(key)
           ^^^^^^^^^^^^^^^^^^^^
  File "/home/bond-servant-in-training/Documents/Projects/Grade-Automator-Plus-cache-commit-race/AutoGrader/cache_generation.py", line 199, in _incr_or_create
    return cache.incr(key)
           ^^^^^^^^^^^^^^^
  File "/home/bond-servant-in-training/Documents/Virtualenvs/AutoGrader_env/lib/python3.12/site-packages/django_redis/cache.py", line 29, in _decorator
    return method(self, *args, **kwargs)
           ^^^^^^^^^^^^^^^^^^^^^^^^^^^^^
  File "/home/bond-servant-in-training/Documents/Virtualenvs/AutoGrader_env/lib/python3.12/site-packages/django_redis/cache.py", line 130, in incr
    return self.client.incr(*args, **kwargs)
           ^^^^^^^^^^^^^^^^^^^^^^^^^^^^^^^^^
  File "/home/bond-servant-in-training/Documents/Virtualenvs/AutoGrader_env/lib/python3.12/site-packages/django_redis/client/default.py", line 653, in incr
    return self._incr(
           ^^^^^^^^^^^
  File "/home/bond-servant-in-training/Documents/Virtualenvs/AutoGrader_env/lib/python3.12/site-packages/django_redis/client/default.py", line 595, in _incr
    client = self.get_client(write=True)
             ^^^^^^^^^^^^^^^^^^^^^^^^^^^
  File "/home/bond-servant-in-training/Documents/Projects/Grade-Automator-Plus-cache-commit-race/AutoGrader/tests_cache_commit_race.py", line 292, in broken_get_client
    raise ConnectionError("redis unavailable at commit")
ConnectionError: redis unavailable at commit
[2026-09-17 19:53:49,788: ERROR/MainProcess] Cache generation bump failed for cachegen:usr:cf25bea6-5a65-44fd-94c8-900e93bce3ae; entries keyed on it will serve stale data until their TTL expires.
Traceback (most recent call last):
  File "/home/bond-servant-in-training/Documents/Projects/Grade-Automator-Plus-cache-commit-race/AutoGrader/cache_generation.py", line 169, in bump_generation
    return _incr_or_create(key)
           ^^^^^^^^^^^^^^^^^^^^
  File "/home/bond-servant-in-training/Documents/Projects/Grade-Automator-Plus-cache-commit-race/AutoGrader/cache_generation.py", line 199, in _incr_or_create
    return cache.incr(key)
           ^^^^^^^^^^^^^^^
  File "/home/bond-servant-in-training/Documents/Virtualenvs/AutoGrader_env/lib/python3.12/site-packages/django_redis/cache.py", line 29, in _decorator
    return method(self, *args, **kwargs)
           ^^^^^^^^^^^^^^^^^^^^^^^^^^^^^
  File "/home/bond-servant-in-training/Documents/Virtualenvs/AutoGrader_env/lib/python3.12/site-packages/django_redis/cache.py", line 130, in incr
    return self.client.incr(*args, **kwargs)
           ^^^^^^^^^^^^^^^^^^^^^^^^^^^^^^^^^
  File "/home/bond-servant-in-training/Documents/Virtualenvs/AutoGrader_env/lib/python3.12/site-packages/django_redis/client/default.py", line 653, in incr
    return self._incr(
           ^^^^^^^^^^^
  File "/home/bond-servant-in-training/Documents/Virtualenvs/AutoGrader_env/lib/python3.12/site-packages/django_redis/client/default.py", line 595, in _incr
    client = self.get_client(write=True)
             ^^^^^^^^^^^^^^^^^^^^^^^^^^^
  File "/home/bond-servant-in-training/Documents/Projects/Grade-Automator-Plus-cache-commit-race/AutoGrader/tests_cache_commit_race.py", line 292, in broken_get_client
    raise ConnectionError("redis unavailable at commit")
ConnectionError: redis unavailable at commit
[2026-09-17 19:53:49,788: ERROR/MainProcess] Cache generation bump failed for cachegen:usr:2c4a78c4-21fa-4a22-aa12-c30851609cdd; entries keyed on it will serve stale data until their TTL expires.
Traceback (most recent call last):
  File "/home/bond-servant-in-training/Documents/Projects/Grade-Automator-Plus-cache-commit-race/AutoGrader/cache_generation.py", line 169, in bump_generation
    return _incr_or_create(key)
           ^^^^^^^^^^^^^^^^^^^^
  File "/home/bond-servant-in-training/Documents/Projects/Grade-Automator-Plus-cache-commit-race/AutoGrader/cache_generation.py", line 199, in _incr_or_create
    return cache.incr(key)
           ^^^^^^^^^^^^^^^
  File "/home/bond-servant-in-training/Documents/Virtualenvs/AutoGrader_env/lib/python3.12/site-packages/django_redis/cache.py", line 29, in _decorator
    return method(self, *args, **kwargs)
           ^^^^^^^^^^^^^^^^^^^^^^^^^^^^^
  File "/home/bond-servant-in-training/Documents/Virtualenvs/AutoGrader_env/lib/python3.12/site-packages/django_redis/cache.py", line 130, in incr
    return self.client.incr(*args, **kwargs)
           ^^^^^^^^^^^^^^^^^^^^^^^^^^^^^^^^^
  File "/home/bond-servant-in-training/Documents/Virtualenvs/AutoGrader_env/lib/python3.12/site-packages/django_redis/client/default.py", line 653, in incr
    return self._incr(
           ^^^^^^^^^^^
  File "/home/bond-servant-in-training/Documents/Virtualenvs/AutoGrader_env/lib/python3.12/site-packages/django_redis/client/default.py", line 595, in _incr
    client = self.get_client(write=True)
             ^^^^^^^^^^^^^^^^^^^^^^^^^^^
  File "/home/bond-servant-in-training/Documents/Projects/Grade-Automator-Plus-cache-commit-race/AutoGrader/tests_cache_commit_race.py", line 292, in broken_get_client
    raise ConnectionError("redis unavailable at commit")
ConnectionError: redis unavailable at commit
[2026-09-17 19:53:49,789: ERROR/MainProcess] Cache generation bump failed for cachegen:crs:402c9f6c-0ac7-4816-8c1d-a244569ab3a6; entries keyed on it will serve stale data until their TTL expires.
Traceback (most recent call last):
  File "/home/bond-servant-in-training/Documents/Projects/Grade-Automator-Plus-cache-commit-race/AutoGrader/cache_generation.py", line 169, in bump_generation
    return _incr_or_create(key)
           ^^^^^^^^^^^^^^^^^^^^
  File "/home/bond-servant-in-training/Documents/Projects/Grade-Automator-Plus-cache-commit-race/AutoGrader/cache_generation.py", line 199, in _incr_or_create
    return cache.incr(key)
           ^^^^^^^^^^^^^^^
  File "/home/bond-servant-in-training/Documents/Virtualenvs/AutoGrader_env/lib/python3.12/site-packages/django_redis/cache.py", line 29, in _decorator
    return method(self, *args, **kwargs)
           ^^^^^^^^^^^^^^^^^^^^^^^^^^^^^
  File "/home/bond-servant-in-training/Documents/Virtualenvs/AutoGrader_env/lib/python3.12/site-packages/django_redis/cache.py", line 130, in incr
    return self.client.incr(*args, **kwargs)
           ^^^^^^^^^^^^^^^^^^^^^^^^^^^^^^^^^
  File "/home/bond-servant-in-training/Documents/Virtualenvs/AutoGrader_env/lib/python3.12/site-packages/django_redis/client/default.py", line 653, in incr
    return self._incr(
           ^^^^^^^^^^^
  File "/home/bond-servant-in-training/Documents/Virtualenvs/AutoGrader_env/lib/python3.12/site-packages/django_redis/client/default.py", line 595, in _incr
    client = self.get_client(write=True)
             ^^^^^^^^^^^^^^^^^^^^^^^^^^^
  File "/home/bond-servant-in-training/Documents/Projects/Grade-Automator-Plus-cache-commit-race/AutoGrader/tests_cache_commit_race.py", line 292, in broken_get_client
    raise ConnectionError("redis unavailable at commit")
ConnectionError: redis unavailable at commit
ok
test_a_bump_inside_a_rolled_back_savepoint_is_not_repeated_on_commit (AutoGrader.tests_cache_commit_race.TransactionBumpCountTests.test_a_bump_inside_a_rolled_back_savepoint_is_not_repeated_on_commit) ... ok
test_a_committed_transaction_bumps_before_and_after_commit (AutoGrader.tests_cache_commit_race.TransactionBumpCountTests.test_a_committed_transaction_bumps_before_and_after_commit) ... ok
test_a_rolled_back_transaction_does_not_bump_after_commit (AutoGrader.tests_cache_commit_race.TransactionBumpCountTests.test_a_rolled_back_transaction_does_not_bump_after_commit) ... ok
test_an_inner_savepoint_rollback_keeps_the_outer_post_commit_bump (AutoGrader.tests_cache_commit_race.TransactionBumpCountTests.test_an_inner_savepoint_rollback_keeps_the_outer_post_commit_bump) ... ok
test_nested_committed_savepoints_bump_once_after_the_outer_commit (AutoGrader.tests_cache_commit_race.TransactionBumpCountTests.test_nested_committed_savepoints_bump_once_after_the_outer_commit) ... ok
test_outside_a_transaction_a_bump_happens_once (AutoGrader.tests_cache_commit_race.TransactionBumpCountTests.test_outside_a_transaction_a_bump_happens_once) ... ok
test_a_failed_in_transaction_bump_is_recovered_by_the_post_commit_bump (AutoGrader.tests_cache_commit_race.WriterRedisFailureTests.test_a_failed_in_transaction_bump_is_recovered_by_the_post_commit_bump) ... [2026-09-17 19:54:00,441: ERROR/MainProcess] Cache generation bump failed for cachegen:global; entries keyed on it will serve stale data until their TTL expires.
Traceback (most recent call last):
  File "/home/bond-servant-in-training/Documents/Projects/Grade-Automator-Plus-cache-commit-race/AutoGrader/cache_generation.py", line 169, in bump_generation
    return _incr_or_create(key)
           ^^^^^^^^^^^^^^^^^^^^
  File "/home/bond-servant-in-training/Documents/Projects/Grade-Automator-Plus-cache-commit-race/AutoGrader/cache_generation.py", line 199, in _incr_or_create
    return cache.incr(key)
           ^^^^^^^^^^^^^^^
  File "/home/bond-servant-in-training/Documents/Virtualenvs/AutoGrader_env/lib/python3.12/site-packages/django_redis/cache.py", line 29, in _decorator
    return method(self, *args, **kwargs)
           ^^^^^^^^^^^^^^^^^^^^^^^^^^^^^
  File "/home/bond-servant-in-training/Documents/Virtualenvs/AutoGrader_env/lib/python3.12/site-packages/django_redis/cache.py", line 130, in incr
    return self.client.incr(*args, **kwargs)
           ^^^^^^^^^^^^^^^^^^^^^^^^^^^^^^^^^
  File "/home/bond-servant-in-training/Documents/Virtualenvs/AutoGrader_env/lib/python3.12/site-packages/django_redis/client/default.py", line 653, in incr
    return self._incr(
           ^^^^^^^^^^^
  File "/home/bond-servant-in-training/Documents/Virtualenvs/AutoGrader_env/lib/python3.12/site-packages/django_redis/client/default.py", line 595, in _incr
    client = self.get_client(write=True)
             ^^^^^^^^^^^^^^^^^^^^^^^^^^^
  File "/home/bond-servant-in-training/Documents/Projects/Grade-Automator-Plus-cache-commit-race/AutoGrader/tests_cache_commit_race.py", line 355, in get_client
    raise failure
  File "/home/bond-servant-in-training/Documents/Projects/Grade-Automator-Plus-cache-commit-race/AutoGrader/cache_generation.py", line 275, in _bump_pipelined
    client = cache.client.get_client(write=True)
             ^^^^^^^^^^^^^^^^^^^^^^^^^^^^^^^^^^^
  File "/home/bond-servant-in-training/Documents/Projects/Grade-Automator-Plus-cache-commit-race/AutoGrader/tests_cache_commit_race.py", line 355, in get_client
    raise failure
ConnectionError: redis unavailable
[2026-09-17 19:54:00,442: ERROR/MainProcess] Cache generation bump failed for cachegen:crs:0e8863b0-84b7-41f6-a9e3-2b7d77bc2e7e; entries keyed on it will serve stale data until their TTL expires.
Traceback (most recent call last):
  File "/home/bond-servant-in-training/Documents/Projects/Grade-Automator-Plus-cache-commit-race/AutoGrader/cache_generation.py", line 169, in bump_generation
    return _incr_or_create(key)
           ^^^^^^^^^^^^^^^^^^^^
  File "/home/bond-servant-in-training/Documents/Projects/Grade-Automator-Plus-cache-commit-race/AutoGrader/cache_generation.py", line 199, in _incr_or_create
    return cache.incr(key)
           ^^^^^^^^^^^^^^^
  File "/home/bond-servant-in-training/Documents/Virtualenvs/AutoGrader_env/lib/python3.12/site-packages/django_redis/cache.py", line 29, in _decorator
    return method(self, *args, **kwargs)
           ^^^^^^^^^^^^^^^^^^^^^^^^^^^^^
  File "/home/bond-servant-in-training/Documents/Virtualenvs/AutoGrader_env/lib/python3.12/site-packages/django_redis/cache.py", line 130, in incr
    return self.client.incr(*args, **kwargs)
           ^^^^^^^^^^^^^^^^^^^^^^^^^^^^^^^^^
  File "/home/bond-servant-in-training/Documents/Virtualenvs/AutoGrader_env/lib/python3.12/site-packages/django_redis/client/default.py", line 653, in incr
    return self._incr(
           ^^^^^^^^^^^
  File "/home/bond-servant-in-training/Documents/Virtualenvs/AutoGrader_env/lib/python3.12/site-packages/django_redis/client/default.py", line 595, in _incr
    client = self.get_client(write=True)
             ^^^^^^^^^^^^^^^^^^^^^^^^^^^
  File "/home/bond-servant-in-training/Documents/Projects/Grade-Automator-Plus-cache-commit-race/AutoGrader/tests_cache_commit_race.py", line 355, in get_client
    raise failure
  File "/home/bond-servant-in-training/Documents/Projects/Grade-Automator-Plus-cache-commit-race/AutoGrader/cache_generation.py", line 169, in bump_generation
    return _incr_or_create(key)
           ^^^^^^^^^^^^^^^^^^^^
  File "/home/bond-servant-in-training/Documents/Projects/Grade-Automator-Plus-cache-commit-race/AutoGrader/cache_generation.py", line 199, in _incr_or_create
    return cache.incr(key)
           ^^^^^^^^^^^^^^^
  File "/home/bond-servant-in-training/Documents/Virtualenvs/AutoGrader_env/lib/python3.12/site-packages/django_redis/cache.py", line 29, in _decorator
    return method(self, *args, **kwargs)
           ^^^^^^^^^^^^^^^^^^^^^^^^^^^^^
  File "/home/bond-servant-in-training/Documents/Virtualenvs/AutoGrader_env/lib/python3.12/site-packages/django_redis/cache.py", line 130, in incr
    return self.client.incr(*args, **kwargs)
           ^^^^^^^^^^^^^^^^^^^^^^^^^^^^^^^^^
  File "/home/bond-servant-in-training/Documents/Virtualenvs/AutoGrader_env/lib/python3.12/site-packages/django_redis/client/default.py", line 653, in incr
    return self._incr(
           ^^^^^^^^^^^
  File "/home/bond-servant-in-training/Documents/Virtualenvs/AutoGrader_env/lib/python3.12/site-packages/django_redis/client/default.py", line 595, in _incr
    client = self.get_client(write=True)
             ^^^^^^^^^^^^^^^^^^^^^^^^^^^
  File "/home/bond-servant-in-training/Documents/Projects/Grade-Automator-Plus-cache-commit-race/AutoGrader/tests_cache_commit_race.py", line 355, in get_client
    raise failure
  File "/home/bond-servant-in-training/Documents/Projects/Grade-Automator-Plus-cache-commit-race/AutoGrader/cache_generation.py", line 275, in _bump_pipelined
    client = cache.client.get_client(write=True)
             ^^^^^^^^^^^^^^^^^^^^^^^^^^^^^^^^^^^
  File "/home/bond-servant-in-training/Documents/Projects/Grade-Automator-Plus-cache-commit-race/AutoGrader/tests_cache_commit_race.py", line 355, in get_client
    raise failure
ConnectionError: redis unavailable
[2026-09-17 19:54:00,443: ERROR/MainProcess] Cache generation bump failed for cachegen:usr:9c0cec4b-3cab-4dd3-beff-87b83f4ac882; entries keyed on it will serve stale data until their TTL expires.
Traceback (most recent call last):
  File "/home/bond-servant-in-training/Documents/Projects/Grade-Automator-Plus-cache-commit-race/AutoGrader/cache_generation.py", line 169, in bump_generation
    return _incr_or_create(key)
           ^^^^^^^^^^^^^^^^^^^^
  File "/home/bond-servant-in-training/Documents/Projects/Grade-Automator-Plus-cache-commit-race/AutoGrader/cache_generation.py", line 199, in _incr_or_create
    return cache.incr(key)
           ^^^^^^^^^^^^^^^
  File "/home/bond-servant-in-training/Documents/Virtualenvs/AutoGrader_env/lib/python3.12/site-packages/django_redis/cache.py", line 29, in _decorator
    return method(self, *args, **kwargs)
           ^^^^^^^^^^^^^^^^^^^^^^^^^^^^^
  File "/home/bond-servant-in-training/Documents/Virtualenvs/AutoGrader_env/lib/python3.12/site-packages/django_redis/cache.py", line 130, in incr
    return self.client.incr(*args, **kwargs)
           ^^^^^^^^^^^^^^^^^^^^^^^^^^^^^^^^^
  File "/home/bond-servant-in-training/Documents/Virtualenvs/AutoGrader_env/lib/python3.12/site-packages/django_redis/client/default.py", line 653, in incr
    return self._incr(
           ^^^^^^^^^^^
  File "/home/bond-servant-in-training/Documents/Virtualenvs/AutoGrader_env/lib/python3.12/site-packages/django_redis/client/default.py", line 595, in _incr
    client = self.get_client(write=True)
             ^^^^^^^^^^^^^^^^^^^^^^^^^^^
  File "/home/bond-servant-in-training/Documents/Projects/Grade-Automator-Plus-cache-commit-race/AutoGrader/tests_cache_commit_race.py", line 355, in get_client
    raise failure
  File "/home/bond-servant-in-training/Documents/Projects/Grade-Automator-Plus-cache-commit-race/AutoGrader/cache_generation.py", line 169, in bump_generation
    return _incr_or_create(key)
           ^^^^^^^^^^^^^^^^^^^^
  File "/home/bond-servant-in-training/Documents/Projects/Grade-Automator-Plus-cache-commit-race/AutoGrader/cache_generation.py", line 199, in _incr_or_create
    return cache.incr(key)
           ^^^^^^^^^^^^^^^
  File "/home/bond-servant-in-training/Documents/Virtualenvs/AutoGrader_env/lib/python3.12/site-packages/django_redis/cache.py", line 29, in _decorator
    return method(self, *args, **kwargs)
           ^^^^^^^^^^^^^^^^^^^^^^^^^^^^^
  File "/home/bond-servant-in-training/Documents/Virtualenvs/AutoGrader_env/lib/python3.12/site-packages/django_redis/cache.py", line 130, in incr
    return self.client.incr(*args, **kwargs)
           ^^^^^^^^^^^^^^^^^^^^^^^^^^^^^^^^^
  File "/home/bond-servant-in-training/Documents/Virtualenvs/AutoGrader_env/lib/python3.12/site-packages/django_redis/client/default.py", line 653, in incr
    return self._incr(
           ^^^^^^^^^^^
  File "/home/bond-servant-in-training/Documents/Virtualenvs/AutoGrader_env/lib/python3.12/site-packages/django_redis/client/default.py", line 595, in _incr
    client = self.get_client(write=True)
             ^^^^^^^^^^^^^^^^^^^^^^^^^^^
  File "/home/bond-servant-in-training/Documents/Projects/Grade-Automator-Plus-cache-commit-race/AutoGrader/tests_cache_commit_race.py", line 355, in get_client
    raise failure
  File "/home/bond-servant-in-training/Documents/Projects/Grade-Automator-Plus-cache-commit-race/AutoGrader/cache_generation.py", line 169, in bump_generation
    return _incr_or_create(key)
           ^^^^^^^^^^^^^^^^^^^^
  File "/home/bond-servant-in-training/Documents/Projects/Grade-Automator-Plus-cache-commit-race/AutoGrader/cache_generation.py", line 199, in _incr_or_create
    return cache.incr(key)
           ^^^^^^^^^^^^^^^
  File "/home/bond-servant-in-training/Documents/Virtualenvs/AutoGrader_env/lib/python3.12/site-packages/django_redis/cache.py", line 29, in _decorator
    return method(self, *args, **kwargs)
           ^^^^^^^^^^^^^^^^^^^^^^^^^^^^^
  File "/home/bond-servant-in-training/Documents/Virtualenvs/AutoGrader_env/lib/python3.12/site-packages/django_redis/cache.py", line 130, in incr
    return self.client.incr(*args, **kwargs)
           ^^^^^^^^^^^^^^^^^^^^^^^^^^^^^^^^^
  File "/home/bond-servant-in-training/Documents/Virtualenvs/AutoGrader_env/lib/python3.12/site-packages/django_redis/client/default.py", line 653, in incr
    return self._incr(
           ^^^^^^^^^^^
  File "/home/bond-servant-in-training/Documents/Virtualenvs/AutoGrader_env/lib/python3.12/site-packages/django_redis/client/default.py", line 595, in _incr
    client = self.get_client(write=True)
             ^^^^^^^^^^^^^^^^^^^^^^^^^^^
  File "/home/bond-servant-in-training/Documents/Projects/Grade-Automator-Plus-cache-commit-race/AutoGrader/tests_cache_commit_race.py", line 355, in get_client
    raise failure
  File "/home/bond-servant-in-training/Documents/Projects/Grade-Automator-Plus-cache-commit-race/AutoGrader/cache_generation.py", line 275, in _bump_pipelined
    client = cache.client.get_client(write=True)
             ^^^^^^^^^^^^^^^^^^^^^^^^^^^^^^^^^^^
  File "/home/bond-servant-in-training/Documents/Projects/Grade-Automator-Plus-cache-commit-race/AutoGrader/tests_cache_commit_race.py", line 355, in get_client
    raise failure
ConnectionError: redis unavailable
[2026-09-17 19:54:00,444: ERROR/MainProcess] Cache generation bump failed for cachegen:usr:ffa3ecfa-d1da-43f7-8142-c9bf3d57178e; entries keyed on it will serve stale data until their TTL expires.
Traceback (most recent call last):
  File "/home/bond-servant-in-training/Documents/Projects/Grade-Automator-Plus-cache-commit-race/AutoGrader/cache_generation.py", line 169, in bump_generation
    return _incr_or_create(key)
           ^^^^^^^^^^^^^^^^^^^^
  File "/home/bond-servant-in-training/Documents/Projects/Grade-Automator-Plus-cache-commit-race/AutoGrader/cache_generation.py", line 199, in _incr_or_create
    return cache.incr(key)
           ^^^^^^^^^^^^^^^
  File "/home/bond-servant-in-training/Documents/Virtualenvs/AutoGrader_env/lib/python3.12/site-packages/django_redis/cache.py", line 29, in _decorator
    return method(self, *args, **kwargs)
           ^^^^^^^^^^^^^^^^^^^^^^^^^^^^^
  File "/home/bond-servant-in-training/Documents/Virtualenvs/AutoGrader_env/lib/python3.12/site-packages/django_redis/cache.py", line 130, in incr
    return self.client.incr(*args, **kwargs)
           ^^^^^^^^^^^^^^^^^^^^^^^^^^^^^^^^^
  File "/home/bond-servant-in-training/Documents/Virtualenvs/AutoGrader_env/lib/python3.12/site-packages/django_redis/client/default.py", line 653, in incr
    return self._incr(
           ^^^^^^^^^^^
  File "/home/bond-servant-in-training/Documents/Virtualenvs/AutoGrader_env/lib/python3.12/site-packages/django_redis/client/default.py", line 595, in _incr
    client = self.get_client(write=True)
             ^^^^^^^^^^^^^^^^^^^^^^^^^^^
  File "/home/bond-servant-in-training/Documents/Projects/Grade-Automator-Plus-cache-commit-race/AutoGrader/tests_cache_commit_race.py", line 355, in get_client
    raise failure
  File "/home/bond-servant-in-training/Documents/Projects/Grade-Automator-Plus-cache-commit-race/AutoGrader/cache_generation.py", line 169, in bump_generation
    return _incr_or_create(key)
           ^^^^^^^^^^^^^^^^^^^^
  File "/home/bond-servant-in-training/Documents/Projects/Grade-Automator-Plus-cache-commit-race/AutoGrader/cache_generation.py", line 199, in _incr_or_create
    return cache.incr(key)
           ^^^^^^^^^^^^^^^
  File "/home/bond-servant-in-training/Documents/Virtualenvs/AutoGrader_env/lib/python3.12/site-packages/django_redis/cache.py", line 29, in _decorator
    return method(self, *args, **kwargs)
           ^^^^^^^^^^^^^^^^^^^^^^^^^^^^^
  File "/home/bond-servant-in-training/Documents/Virtualenvs/AutoGrader_env/lib/python3.12/site-packages/django_redis/cache.py", line 130, in incr
    return self.client.incr(*args, **kwargs)
           ^^^^^^^^^^^^^^^^^^^^^^^^^^^^^^^^^
  File "/home/bond-servant-in-training/Documents/Virtualenvs/AutoGrader_env/lib/python3.12/site-packages/django_redis/client/default.py", line 653, in incr
    return self._incr(
           ^^^^^^^^^^^
  File "/home/bond-servant-in-training/Documents/Virtualenvs/AutoGrader_env/lib/python3.12/site-packages/django_redis/client/default.py", line 595, in _incr
    client = self.get_client(write=True)
             ^^^^^^^^^^^^^^^^^^^^^^^^^^^
  File "/home/bond-servant-in-training/Documents/Projects/Grade-Automator-Plus-cache-commit-race/AutoGrader/tests_cache_commit_race.py", line 355, in get_client
    raise failure
  File "/home/bond-servant-in-training/Documents/Projects/Grade-Automator-Plus-cache-commit-race/AutoGrader/cache_generation.py", line 169, in bump_generation
    return _incr_or_create(key)
           ^^^^^^^^^^^^^^^^^^^^
  File "/home/bond-servant-in-training/Documents/Projects/Grade-Automator-Plus-cache-commit-race/AutoGrader/cache_generation.py", line 199, in _incr_or_create
    return cache.incr(key)
           ^^^^^^^^^^^^^^^
  File "/home/bond-servant-in-training/Documents/Virtualenvs/AutoGrader_env/lib/python3.12/site-packages/django_redis/cache.py", line 29, in _decorator
    return method(self, *args, **kwargs)
           ^^^^^^^^^^^^^^^^^^^^^^^^^^^^^
  File "/home/bond-servant-in-training/Documents/Virtualenvs/AutoGrader_env/lib/python3.12/site-packages/django_redis/cache.py", line 130, in incr
    return self.client.incr(*args, **kwargs)
           ^^^^^^^^^^^^^^^^^^^^^^^^^^^^^^^^^
  File "/home/bond-servant-in-training/Documents/Virtualenvs/AutoGrader_env/lib/python3.12/site-packages/django_redis/client/default.py", line 653, in incr
    return self._incr(
           ^^^^^^^^^^^
  File "/home/bond-servant-in-training/Documents/Virtualenvs/AutoGrader_env/lib/python3.12/site-packages/django_redis/client/default.py", line 595, in _incr
    client = self.get_client(write=True)
             ^^^^^^^^^^^^^^^^^^^^^^^^^^^
  File "/home/bond-servant-in-training/Documents/Projects/Grade-Automator-Plus-cache-commit-race/AutoGrader/tests_cache_commit_race.py", line 355, in get_client
    raise failure
  File "/home/bond-servant-in-training/Documents/Projects/Grade-Automator-Plus-cache-commit-race/AutoGrader/cache_generation.py", line 169, in bump_generation
    return _incr_or_create(key)
           ^^^^^^^^^^^^^^^^^^^^
  File "/home/bond-servant-in-training/Documents/Projects/Grade-Automator-Plus-cache-commit-race/AutoGrader/cache_generation.py", line 199, in _incr_or_create
    return cache.incr(key)
           ^^^^^^^^^^^^^^^
  File "/home/bond-servant-in-training/Documents/Virtualenvs/AutoGrader_env/lib/python3.12/site-packages/django_redis/cache.py", line 29, in _decorator
    return method(self, *args, **kwargs)
           ^^^^^^^^^^^^^^^^^^^^^^^^^^^^^
  File "/home/bond-servant-in-training/Documents/Virtualenvs/AutoGrader_env/lib/python3.12/site-packages/django_redis/cache.py", line 130, in incr
    return self.client.incr(*args, **kwargs)
           ^^^^^^^^^^^^^^^^^^^^^^^^^^^^^^^^^
  File "/home/bond-servant-in-training/Documents/Virtualenvs/AutoGrader_env/lib/python3.12/site-packages/django_redis/client/default.py", line 653, in incr
    return self._incr(
           ^^^^^^^^^^^
  File "/home/bond-servant-in-training/Documents/Virtualenvs/AutoGrader_env/lib/python3.12/site-packages/django_redis/client/default.py", line 595, in _incr
    client = self.get_client(write=True)
             ^^^^^^^^^^^^^^^^^^^^^^^^^^^
  File "/home/bond-servant-in-training/Documents/Projects/Grade-Automator-Plus-cache-commit-race/AutoGrader/tests_cache_commit_race.py", line 355, in get_client
    raise failure
  File "/home/bond-servant-in-training/Documents/Projects/Grade-Automator-Plus-cache-commit-race/AutoGrader/cache_generation.py", line 275, in _bump_pipelined
    client = cache.client.get_client(write=True)
             ^^^^^^^^^^^^^^^^^^^^^^^^^^^^^^^^^^^
  File "/home/bond-servant-in-training/Documents/Projects/Grade-Automator-Plus-cache-commit-race/AutoGrader/tests_cache_commit_race.py", line 355, in get_client
    raise failure
ConnectionError: redis unavailable
[2026-09-17 19:54:01,196: ERROR/MainProcess] Cache generation bump failed for cachegen:global; entries keyed on it will serve stale data until their TTL expires.
Traceback (most recent call last):
  File "/home/bond-servant-in-training/Documents/Projects/Grade-Automator-Plus-cache-commit-race/AutoGrader/cache_generation.py", line 169, in bump_generation
    return _incr_or_create(key)
           ^^^^^^^^^^^^^^^^^^^^
  File "/home/bond-servant-in-training/Documents/Projects/Grade-Automator-Plus-cache-commit-race/AutoGrader/cache_generation.py", line 199, in _incr_or_create
    return cache.incr(key)
           ^^^^^^^^^^^^^^^
  File "/home/bond-servant-in-training/Documents/Virtualenvs/AutoGrader_env/lib/python3.12/site-packages/django_redis/cache.py", line 29, in _decorator
    return method(self, *args, **kwargs)
           ^^^^^^^^^^^^^^^^^^^^^^^^^^^^^
  File "/home/bond-servant-in-training/Documents/Virtualenvs/AutoGrader_env/lib/python3.12/site-packages/django_redis/cache.py", line 130, in incr
    return self.client.incr(*args, **kwargs)
           ^^^^^^^^^^^^^^^^^^^^^^^^^^^^^^^^^
  File "/home/bond-servant-in-training/Documents/Virtualenvs/AutoGrader_env/lib/python3.12/site-packages/django_redis/client/default.py", line 653, in incr
    return self._incr(
           ^^^^^^^^^^^
  File "/home/bond-servant-in-training/Documents/Virtualenvs/AutoGrader_env/lib/python3.12/site-packages/django_redis/client/default.py", line 595, in _incr
    client = self.get_client(write=True)
             ^^^^^^^^^^^^^^^^^^^^^^^^^^^
  File "/home/bond-servant-in-training/Documents/Projects/Grade-Automator-Plus-cache-commit-race/AutoGrader/tests_cache_commit_race.py", line 355, in get_client
    raise failure
  File "/home/bond-servant-in-training/Documents/Projects/Grade-Automator-Plus-cache-commit-race/AutoGrader/cache_generation.py", line 275, in _bump_pipelined
    client = cache.client.get_client(write=True)
             ^^^^^^^^^^^^^^^^^^^^^^^^^^^^^^^^^^^
  File "/home/bond-servant-in-training/Documents/Projects/Grade-Automator-Plus-cache-commit-race/AutoGrader/tests_cache_commit_race.py", line 355, in get_client
    raise failure
redis.exceptions.TimeoutError: redis timed out
[2026-09-17 19:54:01,197: ERROR/MainProcess] Cache generation bump failed for cachegen:crs:0e8863b0-84b7-41f6-a9e3-2b7d77bc2e7e; entries keyed on it will serve stale data until their TTL expires.
Traceback (most recent call last):
  File "/home/bond-servant-in-training/Documents/Projects/Grade-Automator-Plus-cache-commit-race/AutoGrader/cache_generation.py", line 169, in bump_generation
    return _incr_or_create(key)
           ^^^^^^^^^^^^^^^^^^^^
  File "/home/bond-servant-in-training/Documents/Projects/Grade-Automator-Plus-cache-commit-race/AutoGrader/cache_generation.py", line 199, in _incr_or_create
    return cache.incr(key)
           ^^^^^^^^^^^^^^^
  File "/home/bond-servant-in-training/Documents/Virtualenvs/AutoGrader_env/lib/python3.12/site-packages/django_redis/cache.py", line 29, in _decorator
    return method(self, *args, **kwargs)
           ^^^^^^^^^^^^^^^^^^^^^^^^^^^^^
  File "/home/bond-servant-in-training/Documents/Virtualenvs/AutoGrader_env/lib/python3.12/site-packages/django_redis/cache.py", line 130, in incr
    return self.client.incr(*args, **kwargs)
           ^^^^^^^^^^^^^^^^^^^^^^^^^^^^^^^^^
  File "/home/bond-servant-in-training/Documents/Virtualenvs/AutoGrader_env/lib/python3.12/site-packages/django_redis/client/default.py", line 653, in incr
    return self._incr(
           ^^^^^^^^^^^
  File "/home/bond-servant-in-training/Documents/Virtualenvs/AutoGrader_env/lib/python3.12/site-packages/django_redis/client/default.py", line 595, in _incr
    client = self.get_client(write=True)
             ^^^^^^^^^^^^^^^^^^^^^^^^^^^
  File "/home/bond-servant-in-training/Documents/Projects/Grade-Automator-Plus-cache-commit-race/AutoGrader/tests_cache_commit_race.py", line 355, in get_client
    raise failure
  File "/home/bond-servant-in-training/Documents/Projects/Grade-Automator-Plus-cache-commit-race/AutoGrader/cache_generation.py", line 169, in bump_generation
    return _incr_or_create(key)
           ^^^^^^^^^^^^^^^^^^^^
  File "/home/bond-servant-in-training/Documents/Projects/Grade-Automator-Plus-cache-commit-race/AutoGrader/cache_generation.py", line 199, in _incr_or_create
    return cache.incr(key)
           ^^^^^^^^^^^^^^^
  File "/home/bond-servant-in-training/Documents/Virtualenvs/AutoGrader_env/lib/python3.12/site-packages/django_redis/cache.py", line 29, in _decorator
    return method(self, *args, **kwargs)
           ^^^^^^^^^^^^^^^^^^^^^^^^^^^^^
  File "/home/bond-servant-in-training/Documents/Virtualenvs/AutoGrader_env/lib/python3.12/site-packages/django_redis/cache.py", line 130, in incr
    return self.client.incr(*args, **kwargs)
           ^^^^^^^^^^^^^^^^^^^^^^^^^^^^^^^^^
  File "/home/bond-servant-in-training/Documents/Virtualenvs/AutoGrader_env/lib/python3.12/site-packages/django_redis/client/default.py", line 653, in incr
    return self._incr(
           ^^^^^^^^^^^
  File "/home/bond-servant-in-training/Documents/Virtualenvs/AutoGrader_env/lib/python3.12/site-packages/django_redis/client/default.py", line 595, in _incr
    client = self.get_client(write=True)
             ^^^^^^^^^^^^^^^^^^^^^^^^^^^
  File "/home/bond-servant-in-training/Documents/Projects/Grade-Automator-Plus-cache-commit-race/AutoGrader/tests_cache_commit_race.py", line 355, in get_client
    raise failure
  File "/home/bond-servant-in-training/Documents/Projects/Grade-Automator-Plus-cache-commit-race/AutoGrader/cache_generation.py", line 275, in _bump_pipelined
    client = cache.client.get_client(write=True)
             ^^^^^^^^^^^^^^^^^^^^^^^^^^^^^^^^^^^
  File "/home/bond-servant-in-training/Documents/Projects/Grade-Automator-Plus-cache-commit-race/AutoGrader/tests_cache_commit_race.py", line 355, in get_client
    raise failure
redis.exceptions.TimeoutError: redis timed out
[2026-09-17 19:54:01,199: ERROR/MainProcess] Cache generation bump failed for cachegen:usr:9c0cec4b-3cab-4dd3-beff-87b83f4ac882; entries keyed on it will serve stale data until their TTL expires.
Traceback (most recent call last):
  File "/home/bond-servant-in-training/Documents/Projects/Grade-Automator-Plus-cache-commit-race/AutoGrader/cache_generation.py", line 169, in bump_generation
    return _incr_or_create(key)
           ^^^^^^^^^^^^^^^^^^^^
  File "/home/bond-servant-in-training/Documents/Projects/Grade-Automator-Plus-cache-commit-race/AutoGrader/cache_generation.py", line 199, in _incr_or_create
    return cache.incr(key)
           ^^^^^^^^^^^^^^^
  File "/home/bond-servant-in-training/Documents/Virtualenvs/AutoGrader_env/lib/python3.12/site-packages/django_redis/cache.py", line 29, in _decorator
    return method(self, *args, **kwargs)
           ^^^^^^^^^^^^^^^^^^^^^^^^^^^^^
  File "/home/bond-servant-in-training/Documents/Virtualenvs/AutoGrader_env/lib/python3.12/site-packages/django_redis/cache.py", line 130, in incr
    return self.client.incr(*args, **kwargs)
           ^^^^^^^^^^^^^^^^^^^^^^^^^^^^^^^^^
  File "/home/bond-servant-in-training/Documents/Virtualenvs/AutoGrader_env/lib/python3.12/site-packages/django_redis/client/default.py", line 653, in incr
    return self._incr(
           ^^^^^^^^^^^
  File "/home/bond-servant-in-training/Documents/Virtualenvs/AutoGrader_env/lib/python3.12/site-packages/django_redis/client/default.py", line 595, in _incr
    client = self.get_client(write=True)
             ^^^^^^^^^^^^^^^^^^^^^^^^^^^
  File "/home/bond-servant-in-training/Documents/Projects/Grade-Automator-Plus-cache-commit-race/AutoGrader/tests_cache_commit_race.py", line 355, in get_client
    raise failure
  File "/home/bond-servant-in-training/Documents/Projects/Grade-Automator-Plus-cache-commit-race/AutoGrader/cache_generation.py", line 169, in bump_generation
    return _incr_or_create(key)
           ^^^^^^^^^^^^^^^^^^^^
  File "/home/bond-servant-in-training/Documents/Projects/Grade-Automator-Plus-cache-commit-race/AutoGrader/cache_generation.py", line 199, in _incr_or_create
    return cache.incr(key)
           ^^^^^^^^^^^^^^^
  File "/home/bond-servant-in-training/Documents/Virtualenvs/AutoGrader_env/lib/python3.12/site-packages/django_redis/cache.py", line 29, in _decorator
    return method(self, *args, **kwargs)
           ^^^^^^^^^^^^^^^^^^^^^^^^^^^^^
  File "/home/bond-servant-in-training/Documents/Virtualenvs/AutoGrader_env/lib/python3.12/site-packages/django_redis/cache.py", line 130, in incr
    return self.client.incr(*args, **kwargs)
           ^^^^^^^^^^^^^^^^^^^^^^^^^^^^^^^^^
  File "/home/bond-servant-in-training/Documents/Virtualenvs/AutoGrader_env/lib/python3.12/site-packages/django_redis/client/default.py", line 653, in incr
    return self._incr(
           ^^^^^^^^^^^
  File "/home/bond-servant-in-training/Documents/Virtualenvs/AutoGrader_env/lib/python3.12/site-packages/django_redis/client/default.py", line 595, in _incr
    client = self.get_client(write=True)
             ^^^^^^^^^^^^^^^^^^^^^^^^^^^
  File "/home/bond-servant-in-training/Documents/Projects/Grade-Automator-Plus-cache-commit-race/AutoGrader/tests_cache_commit_race.py", line 355, in get_client
    raise failure
  File "/home/bond-servant-in-training/Documents/Projects/Grade-Automator-Plus-cache-commit-race/AutoGrader/cache_generation.py", line 169, in bump_generation
    return _incr_or_create(key)
           ^^^^^^^^^^^^^^^^^^^^
  File "/home/bond-servant-in-training/Documents/Projects/Grade-Automator-Plus-cache-commit-race/AutoGrader/cache_generation.py", line 199, in _incr_or_create
    return cache.incr(key)
           ^^^^^^^^^^^^^^^
  File "/home/bond-servant-in-training/Documents/Virtualenvs/AutoGrader_env/lib/python3.12/site-packages/django_redis/cache.py", line 29, in _decorator
    return method(self, *args, **kwargs)
           ^^^^^^^^^^^^^^^^^^^^^^^^^^^^^
  File "/home/bond-servant-in-training/Documents/Virtualenvs/AutoGrader_env/lib/python3.12/site-packages/django_redis/cache.py", line 130, in incr
    return self.client.incr(*args, **kwargs)
           ^^^^^^^^^^^^^^^^^^^^^^^^^^^^^^^^^
  File "/home/bond-servant-in-training/Documents/Virtualenvs/AutoGrader_env/lib/python3.12/site-packages/django_redis/client/default.py", line 653, in incr
    return self._incr(
           ^^^^^^^^^^^
  File "/home/bond-servant-in-training/Documents/Virtualenvs/AutoGrader_env/lib/python3.12/site-packages/django_redis/client/default.py", line 595, in _incr
    client = self.get_client(write=True)
             ^^^^^^^^^^^^^^^^^^^^^^^^^^^
  File "/home/bond-servant-in-training/Documents/Projects/Grade-Automator-Plus-cache-commit-race/AutoGrader/tests_cache_commit_race.py", line 355, in get_client
    raise failure
  File "/home/bond-servant-in-training/Documents/Projects/Grade-Automator-Plus-cache-commit-race/AutoGrader/cache_generation.py", line 275, in _bump_pipelined
    client = cache.client.get_client(write=True)
             ^^^^^^^^^^^^^^^^^^^^^^^^^^^^^^^^^^^
  File "/home/bond-servant-in-training/Documents/Projects/Grade-Automator-Plus-cache-commit-race/AutoGrader/tests_cache_commit_race.py", line 355, in get_client
    raise failure
redis.exceptions.TimeoutError: redis timed out
[2026-09-17 19:54:01,200: ERROR/MainProcess] Cache generation bump failed for cachegen:usr:ffa3ecfa-d1da-43f7-8142-c9bf3d57178e; entries keyed on it will serve stale data until their TTL expires.
Traceback (most recent call last):
  File "/home/bond-servant-in-training/Documents/Projects/Grade-Automator-Plus-cache-commit-race/AutoGrader/cache_generation.py", line 169, in bump_generation
    return _incr_or_create(key)
           ^^^^^^^^^^^^^^^^^^^^
  File "/home/bond-servant-in-training/Documents/Projects/Grade-Automator-Plus-cache-commit-race/AutoGrader/cache_generation.py", line 199, in _incr_or_create
    return cache.incr(key)
           ^^^^^^^^^^^^^^^
  File "/home/bond-servant-in-training/Documents/Virtualenvs/AutoGrader_env/lib/python3.12/site-packages/django_redis/cache.py", line 29, in _decorator
    return method(self, *args, **kwargs)
           ^^^^^^^^^^^^^^^^^^^^^^^^^^^^^
  File "/home/bond-servant-in-training/Documents/Virtualenvs/AutoGrader_env/lib/python3.12/site-packages/django_redis/cache.py", line 130, in incr
    return self.client.incr(*args, **kwargs)
           ^^^^^^^^^^^^^^^^^^^^^^^^^^^^^^^^^
  File "/home/bond-servant-in-training/Documents/Virtualenvs/AutoGrader_env/lib/python3.12/site-packages/django_redis/client/default.py", line 653, in incr
    return self._incr(
           ^^^^^^^^^^^
  File "/home/bond-servant-in-training/Documents/Virtualenvs/AutoGrader_env/lib/python3.12/site-packages/django_redis/client/default.py", line 595, in _incr
    client = self.get_client(write=True)
             ^^^^^^^^^^^^^^^^^^^^^^^^^^^
  File "/home/bond-servant-in-training/Documents/Projects/Grade-Automator-Plus-cache-commit-race/AutoGrader/tests_cache_commit_race.py", line 355, in get_client
    raise failure
  File "/home/bond-servant-in-training/Documents/Projects/Grade-Automator-Plus-cache-commit-race/AutoGrader/cache_generation.py", line 169, in bump_generation
    return _incr_or_create(key)
           ^^^^^^^^^^^^^^^^^^^^
  File "/home/bond-servant-in-training/Documents/Projects/Grade-Automator-Plus-cache-commit-race/AutoGrader/cache_generation.py", line 199, in _incr_or_create
    return cache.incr(key)
           ^^^^^^^^^^^^^^^
  File "/home/bond-servant-in-training/Documents/Virtualenvs/AutoGrader_env/lib/python3.12/site-packages/django_redis/cache.py", line 29, in _decorator
    return method(self, *args, **kwargs)
           ^^^^^^^^^^^^^^^^^^^^^^^^^^^^^
  File "/home/bond-servant-in-training/Documents/Virtualenvs/AutoGrader_env/lib/python3.12/site-packages/django_redis/cache.py", line 130, in incr
    return self.client.incr(*args, **kwargs)
           ^^^^^^^^^^^^^^^^^^^^^^^^^^^^^^^^^
  File "/home/bond-servant-in-training/Documents/Virtualenvs/AutoGrader_env/lib/python3.12/site-packages/django_redis/client/default.py", line 653, in incr
    return self._incr(
           ^^^^^^^^^^^
  File "/home/bond-servant-in-training/Documents/Virtualenvs/AutoGrader_env/lib/python3.12/site-packages/django_redis/client/default.py", line 595, in _incr
    client = self.get_client(write=True)
             ^^^^^^^^^^^^^^^^^^^^^^^^^^^
  File "/home/bond-servant-in-training/Documents/Projects/Grade-Automator-Plus-cache-commit-race/AutoGrader/tests_cache_commit_race.py", line 355, in get_client
    raise failure
  File "/home/bond-servant-in-training/Documents/Projects/Grade-Automator-Plus-cache-commit-race/AutoGrader/cache_generation.py", line 169, in bump_generation
    return _incr_or_create(key)
           ^^^^^^^^^^^^^^^^^^^^
  File "/home/bond-servant-in-training/Documents/Projects/Grade-Automator-Plus-cache-commit-race/AutoGrader/cache_generation.py", line 199, in _incr_or_create
    return cache.incr(key)
           ^^^^^^^^^^^^^^^
  File "/home/bond-servant-in-training/Documents/Virtualenvs/AutoGrader_env/lib/python3.12/site-packages/django_redis/cache.py", line 29, in _decorator
    return method(self, *args, **kwargs)
           ^^^^^^^^^^^^^^^^^^^^^^^^^^^^^
  File "/home/bond-servant-in-training/Documents/Virtualenvs/AutoGrader_env/lib/python3.12/site-packages/django_redis/cache.py", line 130, in incr
    return self.client.incr(*args, **kwargs)
           ^^^^^^^^^^^^^^^^^^^^^^^^^^^^^^^^^
  File "/home/bond-servant-in-training/Documents/Virtualenvs/AutoGrader_env/lib/python3.12/site-packages/django_redis/client/default.py", line 653, in incr
    return self._incr(
           ^^^^^^^^^^^
  File "/home/bond-servant-in-training/Documents/Virtualenvs/AutoGrader_env/lib/python3.12/site-packages/django_redis/client/default.py", line 595, in _incr
    client = self.get_client(write=True)
             ^^^^^^^^^^^^^^^^^^^^^^^^^^^
  File "/home/bond-servant-in-training/Documents/Projects/Grade-Automator-Plus-cache-commit-race/AutoGrader/tests_cache_commit_race.py", line 355, in get_client
    raise failure
  File "/home/bond-servant-in-training/Documents/Projects/Grade-Automator-Plus-cache-commit-race/AutoGrader/cache_generation.py", line 169, in bump_generation
    return _incr_or_create(key)
           ^^^^^^^^^^^^^^^^^^^^
  File "/home/bond-servant-in-training/Documents/Projects/Grade-Automator-Plus-cache-commit-race/AutoGrader/cache_generation.py", line 199, in _incr_or_create
    return cache.incr(key)
           ^^^^^^^^^^^^^^^
  File "/home/bond-servant-in-training/Documents/Virtualenvs/AutoGrader_env/lib/python3.12/site-packages/django_redis/cache.py", line 29, in _decorator
    return method(self, *args, **kwargs)
           ^^^^^^^^^^^^^^^^^^^^^^^^^^^^^
  File "/home/bond-servant-in-training/Documents/Virtualenvs/AutoGrader_env/lib/python3.12/site-packages/django_redis/cache.py", line 130, in incr
    return self.client.incr(*args, **kwargs)
           ^^^^^^^^^^^^^^^^^^^^^^^^^^^^^^^^^
  File "/home/bond-servant-in-training/Documents/Virtualenvs/AutoGrader_env/lib/python3.12/site-packages/django_redis/client/default.py", line 653, in incr
    return self._incr(
           ^^^^^^^^^^^
  File "/home/bond-servant-in-training/Documents/Virtualenvs/AutoGrader_env/lib/python3.12/site-packages/django_redis/client/default.py", line 595, in _incr
    client = self.get_client(write=True)
             ^^^^^^^^^^^^^^^^^^^^^^^^^^^
  File "/home/bond-servant-in-training/Documents/Projects/Grade-Automator-Plus-cache-commit-race/AutoGrader/tests_cache_commit_race.py", line 355, in get_client
    raise failure
  File "/home/bond-servant-in-training/Documents/Projects/Grade-Automator-Plus-cache-commit-race/AutoGrader/cache_generation.py", line 275, in _bump_pipelined
    client = cache.client.get_client(write=True)
             ^^^^^^^^^^^^^^^^^^^^^^^^^^^^^^^^^^^
  File "/home/bond-servant-in-training/Documents/Projects/Grade-Automator-Plus-cache-commit-race/AutoGrader/tests_cache_commit_race.py", line 355, in get_client
    raise failure
redis.exceptions.TimeoutError: redis timed out
ok
test_both_bumps_failing_leaves_staleness_bounded_by_the_ttl (AutoGrader.tests_cache_commit_race.WriterRedisFailureTests.test_both_bumps_failing_leaves_staleness_bounded_by_the_ttl) ... [2026-09-17 19:54:04,193: ERROR/MainProcess] Cache generation bump failed for cachegen:global; entries keyed on it will serve stale data until their TTL expires.
Traceback (most recent call last):
  File "/home/bond-servant-in-training/Documents/Projects/Grade-Automator-Plus-cache-commit-race/AutoGrader/cache_generation.py", line 169, in bump_generation
    return _incr_or_create(key)
           ^^^^^^^^^^^^^^^^^^^^
  File "/home/bond-servant-in-training/Documents/Projects/Grade-Automator-Plus-cache-commit-race/AutoGrader/cache_generation.py", line 199, in _incr_or_create
    return cache.incr(key)
           ^^^^^^^^^^^^^^^
  File "/home/bond-servant-in-training/Documents/Virtualenvs/AutoGrader_env/lib/python3.12/site-packages/django_redis/cache.py", line 29, in _decorator
    return method(self, *args, **kwargs)
           ^^^^^^^^^^^^^^^^^^^^^^^^^^^^^
  File "/home/bond-servant-in-training/Documents/Virtualenvs/AutoGrader_env/lib/python3.12/site-packages/django_redis/cache.py", line 130, in incr
    return self.client.incr(*args, **kwargs)
           ^^^^^^^^^^^^^^^^^^^^^^^^^^^^^^^^^
  File "/home/bond-servant-in-training/Documents/Virtualenvs/AutoGrader_env/lib/python3.12/site-packages/django_redis/client/default.py", line 653, in incr
    return self._incr(
           ^^^^^^^^^^^
  File "/home/bond-servant-in-training/Documents/Virtualenvs/AutoGrader_env/lib/python3.12/site-packages/django_redis/client/default.py", line 595, in _incr
    client = self.get_client(write=True)
             ^^^^^^^^^^^^^^^^^^^^^^^^^^^
  File "/home/bond-servant-in-training/Documents/Projects/Grade-Automator-Plus-cache-commit-race/AutoGrader/tests_cache_commit_race.py", line 355, in get_client
    raise failure
  File "/home/bond-servant-in-training/Documents/Projects/Grade-Automator-Plus-cache-commit-race/AutoGrader/cache_generation.py", line 275, in _bump_pipelined
    client = cache.client.get_client(write=True)
             ^^^^^^^^^^^^^^^^^^^^^^^^^^^^^^^^^^^
  File "/home/bond-servant-in-training/Documents/Projects/Grade-Automator-Plus-cache-commit-race/AutoGrader/tests_cache_commit_race.py", line 355, in get_client
    raise failure
  File "/home/bond-servant-in-training/Documents/Projects/Grade-Automator-Plus-cache-commit-race/AutoGrader/cache_generation.py", line 169, in bump_generation
    return _incr_or_create(key)
           ^^^^^^^^^^^^^^^^^^^^
  File "/home/bond-servant-in-training/Documents/Projects/Grade-Automator-Plus-cache-commit-race/AutoGrader/cache_generation.py", line 199, in _incr_or_create
    return cache.incr(key)
           ^^^^^^^^^^^^^^^
  File "/home/bond-servant-in-training/Documents/Virtualenvs/AutoGrader_env/lib/python3.12/site-packages/django_redis/cache.py", line 29, in _decorator
    return method(self, *args, **kwargs)
           ^^^^^^^^^^^^^^^^^^^^^^^^^^^^^
  File "/home/bond-servant-in-training/Documents/Virtualenvs/AutoGrader_env/lib/python3.12/site-packages/django_redis/cache.py", line 130, in incr
    return self.client.incr(*args, **kwargs)
           ^^^^^^^^^^^^^^^^^^^^^^^^^^^^^^^^^
  File "/home/bond-servant-in-training/Documents/Virtualenvs/AutoGrader_env/lib/python3.12/site-packages/django_redis/client/default.py", line 653, in incr
    return self._incr(
           ^^^^^^^^^^^
  File "/home/bond-servant-in-training/Documents/Virtualenvs/AutoGrader_env/lib/python3.12/site-packages/django_redis/client/default.py", line 595, in _incr
    client = self.get_client(write=True)
             ^^^^^^^^^^^^^^^^^^^^^^^^^^^
  File "/home/bond-servant-in-training/Documents/Projects/Grade-Automator-Plus-cache-commit-race/AutoGrader/tests_cache_commit_race.py", line 355, in get_client
    raise failure
  File "/home/bond-servant-in-training/Documents/Projects/Grade-Automator-Plus-cache-commit-race/AutoGrader/cache_generation.py", line 169, in bump_generation
    return _incr_or_create(key)
           ^^^^^^^^^^^^^^^^^^^^
  File "/home/bond-servant-in-training/Documents/Projects/Grade-Automator-Plus-cache-commit-race/AutoGrader/cache_generation.py", line 199, in _incr_or_create
    return cache.incr(key)
           ^^^^^^^^^^^^^^^
  File "/home/bond-servant-in-training/Documents/Virtualenvs/AutoGrader_env/lib/python3.12/site-packages/django_redis/cache.py", line 29, in _decorator
    return method(self, *args, **kwargs)
           ^^^^^^^^^^^^^^^^^^^^^^^^^^^^^
  File "/home/bond-servant-in-training/Documents/Virtualenvs/AutoGrader_env/lib/python3.12/site-packages/django_redis/cache.py", line 130, in incr
    return self.client.incr(*args, **kwargs)
           ^^^^^^^^^^^^^^^^^^^^^^^^^^^^^^^^^
  File "/home/bond-servant-in-training/Documents/Virtualenvs/AutoGrader_env/lib/python3.12/site-packages/django_redis/client/default.py", line 653, in incr
    return self._incr(
           ^^^^^^^^^^^
  File "/home/bond-servant-in-training/Documents/Virtualenvs/AutoGrader_env/lib/python3.12/site-packages/django_redis/client/default.py", line 595, in _incr
    client = self.get_client(write=True)
             ^^^^^^^^^^^^^^^^^^^^^^^^^^^
  File "/home/bond-servant-in-training/Documents/Projects/Grade-Automator-Plus-cache-commit-race/AutoGrader/tests_cache_commit_race.py", line 355, in get_client
    raise failure
  File "/home/bond-servant-in-training/Documents/Projects/Grade-Automator-Plus-cache-commit-race/AutoGrader/cache_generation.py", line 169, in bump_generation
    return _incr_or_create(key)
           ^^^^^^^^^^^^^^^^^^^^
  File "/home/bond-servant-in-training/Documents/Projects/Grade-Automator-Plus-cache-commit-race/AutoGrader/cache_generation.py", line 199, in _incr_or_create
    return cache.incr(key)
           ^^^^^^^^^^^^^^^
  File "/home/bond-servant-in-training/Documents/Virtualenvs/AutoGrader_env/lib/python3.12/site-packages/django_redis/cache.py", line 29, in _decorator
    return method(self, *args, **kwargs)
           ^^^^^^^^^^^^^^^^^^^^^^^^^^^^^
  File "/home/bond-servant-in-training/Documents/Virtualenvs/AutoGrader_env/lib/python3.12/site-packages/django_redis/cache.py", line 130, in incr
    return self.client.incr(*args, **kwargs)
           ^^^^^^^^^^^^^^^^^^^^^^^^^^^^^^^^^
  File "/home/bond-servant-in-training/Documents/Virtualenvs/AutoGrader_env/lib/python3.12/site-packages/django_redis/client/default.py", line 653, in incr
    return self._incr(
           ^^^^^^^^^^^
  File "/home/bond-servant-in-training/Documents/Virtualenvs/AutoGrader_env/lib/python3.12/site-packages/django_redis/client/default.py", line 595, in _incr
    client = self.get_client(write=True)
             ^^^^^^^^^^^^^^^^^^^^^^^^^^^
  File "/home/bond-servant-in-training/Documents/Projects/Grade-Automator-Plus-cache-commit-race/AutoGrader/tests_cache_commit_race.py", line 355, in get_client
    raise failure
  File "/home/bond-servant-in-training/Documents/Projects/Grade-Automator-Plus-cache-commit-race/AutoGrader/cache_generation.py", line 169, in bump_generation
    return _incr_or_create(key)
           ^^^^^^^^^^^^^^^^^^^^
  File "/home/bond-servant-in-training/Documents/Projects/Grade-Automator-Plus-cache-commit-race/AutoGrader/cache_generation.py", line 199, in _incr_or_create
    return cache.incr(key)
           ^^^^^^^^^^^^^^^
  File "/home/bond-servant-in-training/Documents/Virtualenvs/AutoGrader_env/lib/python3.12/site-packages/django_redis/cache.py", line 29, in _decorator
    return method(self, *args, **kwargs)
           ^^^^^^^^^^^^^^^^^^^^^^^^^^^^^
  File "/home/bond-servant-in-training/Documents/Virtualenvs/AutoGrader_env/lib/python3.12/site-packages/django_redis/cache.py", line 130, in incr
    return self.client.incr(*args, **kwargs)
           ^^^^^^^^^^^^^^^^^^^^^^^^^^^^^^^^^
  File "/home/bond-servant-in-training/Documents/Virtualenvs/AutoGrader_env/lib/python3.12/site-packages/django_redis/client/default.py", line 653, in incr
    return self._incr(
           ^^^^^^^^^^^
  File "/home/bond-servant-in-training/Documents/Virtualenvs/AutoGrader_env/lib/python3.12/site-packages/django_redis/client/default.py", line 595, in _incr
    client = self.get_client(write=True)
             ^^^^^^^^^^^^^^^^^^^^^^^^^^^
  File "/home/bond-servant-in-training/Documents/Projects/Grade-Automator-Plus-cache-commit-race/AutoGrader/tests_cache_commit_race.py", line 355, in get_client
    raise failure
  File "/home/bond-servant-in-training/Documents/Projects/Grade-Automator-Plus-cache-commit-race/AutoGrader/cache_generation.py", line 275, in _bump_pipelined
    client = cache.client.get_client(write=True)
             ^^^^^^^^^^^^^^^^^^^^^^^^^^^^^^^^^^^
  File "/home/bond-servant-in-training/Documents/Projects/Grade-Automator-Plus-cache-commit-race/AutoGrader/tests_cache_commit_race.py", line 355, in get_client
    raise failure
ConnectionError: redis unavailable
[2026-09-17 19:54:04,196: ERROR/MainProcess] Cache generation bump failed for cachegen:usr:b6d26169-5479-41a1-9861-036fd7aa7f9c; entries keyed on it will serve stale data until their TTL expires.
Traceback (most recent call last):
  File "/home/bond-servant-in-training/Documents/Projects/Grade-Automator-Plus-cache-commit-race/AutoGrader/cache_generation.py", line 169, in bump_generation
    return _incr_or_create(key)
           ^^^^^^^^^^^^^^^^^^^^
  File "/home/bond-servant-in-training/Documents/Projects/Grade-Automator-Plus-cache-commit-race/AutoGrader/cache_generation.py", line 199, in _incr_or_create
    return cache.incr(key)
           ^^^^^^^^^^^^^^^
  File "/home/bond-servant-in-training/Documents/Virtualenvs/AutoGrader_env/lib/python3.12/site-packages/django_redis/cache.py", line 29, in _decorator
    return method(self, *args, **kwargs)
           ^^^^^^^^^^^^^^^^^^^^^^^^^^^^^
  File "/home/bond-servant-in-training/Documents/Virtualenvs/AutoGrader_env/lib/python3.12/site-packages/django_redis/cache.py", line 130, in incr
    return self.client.incr(*args, **kwargs)
           ^^^^^^^^^^^^^^^^^^^^^^^^^^^^^^^^^
  File "/home/bond-servant-in-training/Documents/Virtualenvs/AutoGrader_env/lib/python3.12/site-packages/django_redis/client/default.py", line 653, in incr
    return self._incr(
           ^^^^^^^^^^^
  File "/home/bond-servant-in-training/Documents/Virtualenvs/AutoGrader_env/lib/python3.12/site-packages/django_redis/client/default.py", line 595, in _incr
    client = self.get_client(write=True)
             ^^^^^^^^^^^^^^^^^^^^^^^^^^^
  File "/home/bond-servant-in-training/Documents/Projects/Grade-Automator-Plus-cache-commit-race/AutoGrader/tests_cache_commit_race.py", line 355, in get_client
    raise failure
  File "/home/bond-servant-in-training/Documents/Projects/Grade-Automator-Plus-cache-commit-race/AutoGrader/cache_generation.py", line 169, in bump_generation
    return _incr_or_create(key)
           ^^^^^^^^^^^^^^^^^^^^
  File "/home/bond-servant-in-training/Documents/Projects/Grade-Automator-Plus-cache-commit-race/AutoGrader/cache_generation.py", line 199, in _incr_or_create
    return cache.incr(key)
           ^^^^^^^^^^^^^^^
  File "/home/bond-servant-in-training/Documents/Virtualenvs/AutoGrader_env/lib/python3.12/site-packages/django_redis/cache.py", line 29, in _decorator
    return method(self, *args, **kwargs)
           ^^^^^^^^^^^^^^^^^^^^^^^^^^^^^
  File "/home/bond-servant-in-training/Documents/Virtualenvs/AutoGrader_env/lib/python3.12/site-packages/django_redis/cache.py", line 130, in incr
    return self.client.incr(*args, **kwargs)
           ^^^^^^^^^^^^^^^^^^^^^^^^^^^^^^^^^
  File "/home/bond-servant-in-training/Documents/Virtualenvs/AutoGrader_env/lib/python3.12/site-packages/django_redis/client/default.py", line 653, in incr
    return self._incr(
           ^^^^^^^^^^^
  File "/home/bond-servant-in-training/Documents/Virtualenvs/AutoGrader_env/lib/python3.12/site-packages/django_redis/client/default.py", line 595, in _incr
    client = self.get_client(write=True)
             ^^^^^^^^^^^^^^^^^^^^^^^^^^^
  File "/home/bond-servant-in-training/Documents/Projects/Grade-Automator-Plus-cache-commit-race/AutoGrader/tests_cache_commit_race.py", line 355, in get_client
    raise failure
  File "/home/bond-servant-in-training/Documents/Projects/Grade-Automator-Plus-cache-commit-race/AutoGrader/cache_generation.py", line 275, in _bump_pipelined
    client = cache.client.get_client(write=True)
             ^^^^^^^^^^^^^^^^^^^^^^^^^^^^^^^^^^^
  File "/home/bond-servant-in-training/Documents/Projects/Grade-Automator-Plus-cache-commit-race/AutoGrader/tests_cache_commit_race.py", line 355, in get_client
    raise failure
  File "/home/bond-servant-in-training/Documents/Projects/Grade-Automator-Plus-cache-commit-race/AutoGrader/cache_generation.py", line 169, in bump_generation
    return _incr_or_create(key)
           ^^^^^^^^^^^^^^^^^^^^
  File "/home/bond-servant-in-training/Documents/Projects/Grade-Automator-Plus-cache-commit-race/AutoGrader/cache_generation.py", line 199, in _incr_or_create
    return cache.incr(key)
           ^^^^^^^^^^^^^^^
  File "/home/bond-servant-in-training/Documents/Virtualenvs/AutoGrader_env/lib/python3.12/site-packages/django_redis/cache.py", line 29, in _decorator
    return method(self, *args, **kwargs)
           ^^^^^^^^^^^^^^^^^^^^^^^^^^^^^
  File "/home/bond-servant-in-training/Documents/Virtualenvs/AutoGrader_env/lib/python3.12/site-packages/django_redis/cache.py", line 130, in incr
    return self.client.incr(*args, **kwargs)
           ^^^^^^^^^^^^^^^^^^^^^^^^^^^^^^^^^
  File "/home/bond-servant-in-training/Documents/Virtualenvs/AutoGrader_env/lib/python3.12/site-packages/django_redis/client/default.py", line 653, in incr
    return self._incr(
           ^^^^^^^^^^^
  File "/home/bond-servant-in-training/Documents/Virtualenvs/AutoGrader_env/lib/python3.12/site-packages/django_redis/client/default.py", line 595, in _incr
    client = self.get_client(write=True)
             ^^^^^^^^^^^^^^^^^^^^^^^^^^^
  File "/home/bond-servant-in-training/Documents/Projects/Grade-Automator-Plus-cache-commit-race/AutoGrader/tests_cache_commit_race.py", line 355, in get_client
    raise failure
  File "/home/bond-servant-in-training/Documents/Projects/Grade-Automator-Plus-cache-commit-race/AutoGrader/cache_generation.py", line 169, in bump_generation
    return _incr_or_create(key)
           ^^^^^^^^^^^^^^^^^^^^
  File "/home/bond-servant-in-training/Documents/Projects/Grade-Automator-Plus-cache-commit-race/AutoGrader/cache_generation.py", line 199, in _incr_or_create
    return cache.incr(key)
           ^^^^^^^^^^^^^^^
  File "/home/bond-servant-in-training/Documents/Virtualenvs/AutoGrader_env/lib/python3.12/site-packages/django_redis/cache.py", line 29, in _decorator
    return method(self, *args, **kwargs)
           ^^^^^^^^^^^^^^^^^^^^^^^^^^^^^
  File "/home/bond-servant-in-training/Documents/Virtualenvs/AutoGrader_env/lib/python3.12/site-packages/django_redis/cache.py", line 130, in incr
    return self.client.incr(*args, **kwargs)
           ^^^^^^^^^^^^^^^^^^^^^^^^^^^^^^^^^
  File "/home/bond-servant-in-training/Documents/Virtualenvs/AutoGrader_env/lib/python3.12/site-packages/django_redis/client/default.py", line 653, in incr
    return self._incr(
           ^^^^^^^^^^^
  File "/home/bond-servant-in-training/Documents/Virtualenvs/AutoGrader_env/lib/python3.12/site-packages/django_redis/client/default.py", line 595, in _incr
    client = self.get_client(write=True)
             ^^^^^^^^^^^^^^^^^^^^^^^^^^^
  File "/home/bond-servant-in-training/Documents/Projects/Grade-Automator-Plus-cache-commit-race/AutoGrader/tests_cache_commit_race.py", line 355, in get_client
    raise failure
  File "/home/bond-servant-in-training/Documents/Projects/Grade-Automator-Plus-cache-commit-race/AutoGrader/cache_generation.py", line 169, in bump_generation
    return _incr_or_create(key)
           ^^^^^^^^^^^^^^^^^^^^
  File "/home/bond-servant-in-training/Documents/Projects/Grade-Automator-Plus-cache-commit-race/AutoGrader/cache_generation.py", line 199, in _incr_or_create
    return cache.incr(key)
           ^^^^^^^^^^^^^^^
  File "/home/bond-servant-in-training/Documents/Virtualenvs/AutoGrader_env/lib/python3.12/site-packages/django_redis/cache.py", line 29, in _decorator
    return method(self, *args, **kwargs)
           ^^^^^^^^^^^^^^^^^^^^^^^^^^^^^
  File "/home/bond-servant-in-training/Documents/Virtualenvs/AutoGrader_env/lib/python3.12/site-packages/django_redis/cache.py", line 130, in incr
    return self.client.incr(*args, **kwargs)
           ^^^^^^^^^^^^^^^^^^^^^^^^^^^^^^^^^
  File "/home/bond-servant-in-training/Documents/Virtualenvs/AutoGrader_env/lib/python3.12/site-packages/django_redis/client/default.py", line 653, in incr
    return self._incr(
           ^^^^^^^^^^^
  File "/home/bond-servant-in-training/Documents/Virtualenvs/AutoGrader_env/lib/python3.12/site-packages/django_redis/client/default.py", line 595, in _incr
    client = self.get_client(write=True)
             ^^^^^^^^^^^^^^^^^^^^^^^^^^^
  File "/home/bond-servant-in-training/Documents/Projects/Grade-Automator-Plus-cache-commit-race/AutoGrader/tests_cache_commit_race.py", line 355, in get_client
    raise failure
  File "/home/bond-servant-in-training/Documents/Projects/Grade-Automator-Plus-cache-commit-race/AutoGrader/cache_generation.py", line 169, in bump_generation
    return _incr_or_create(key)
           ^^^^^^^^^^^^^^^^^^^^
  File "/home/bond-servant-in-training/Documents/Projects/Grade-Automator-Plus-cache-commit-race/AutoGrader/cache_generation.py", line 199, in _incr_or_create
    return cache.incr(key)
           ^^^^^^^^^^^^^^^
  File "/home/bond-servant-in-training/Documents/Virtualenvs/AutoGrader_env/lib/python3.12/site-packages/django_redis/cache.py", line 29, in _decorator
    return method(self, *args, **kwargs)
           ^^^^^^^^^^^^^^^^^^^^^^^^^^^^^
  File "/home/bond-servant-in-training/Documents/Virtualenvs/AutoGrader_env/lib/python3.12/site-packages/django_redis/cache.py", line 130, in incr
    return self.client.incr(*args, **kwargs)
           ^^^^^^^^^^^^^^^^^^^^^^^^^^^^^^^^^
  File "/home/bond-servant-in-training/Documents/Virtualenvs/AutoGrader_env/lib/python3.12/site-packages/django_redis/client/default.py", line 653, in incr
    return self._incr(
           ^^^^^^^^^^^
  File "/home/bond-servant-in-training/Documents/Virtualenvs/AutoGrader_env/lib/python3.12/site-packages/django_redis/client/default.py", line 595, in _incr
    client = self.get_client(write=True)
             ^^^^^^^^^^^^^^^^^^^^^^^^^^^
  File "/home/bond-servant-in-training/Documents/Projects/Grade-Automator-Plus-cache-commit-race/AutoGrader/tests_cache_commit_race.py", line 355, in get_client
    raise failure
  File "/home/bond-servant-in-training/Documents/Projects/Grade-Automator-Plus-cache-commit-race/AutoGrader/cache_generation.py", line 275, in _bump_pipelined
    client = cache.client.get_client(write=True)
             ^^^^^^^^^^^^^^^^^^^^^^^^^^^^^^^^^^^
  File "/home/bond-servant-in-training/Documents/Projects/Grade-Automator-Plus-cache-commit-race/AutoGrader/tests_cache_commit_race.py", line 355, in get_client
    raise failure
ConnectionError: redis unavailable
[2026-09-17 19:54:04,200: ERROR/MainProcess] Cache generation bump failed for cachegen:crs:5a6a0ff1-a97d-4703-8bca-b3703a08e8e8; entries keyed on it will serve stale data until their TTL expires.
Traceback (most recent call last):
  File "/home/bond-servant-in-training/Documents/Projects/Grade-Automator-Plus-cache-commit-race/AutoGrader/cache_generation.py", line 169, in bump_generation
    return _incr_or_create(key)
           ^^^^^^^^^^^^^^^^^^^^
  File "/home/bond-servant-in-training/Documents/Projects/Grade-Automator-Plus-cache-commit-race/AutoGrader/cache_generation.py", line 199, in _incr_or_create
    return cache.incr(key)
           ^^^^^^^^^^^^^^^
  File "/home/bond-servant-in-training/Documents/Virtualenvs/AutoGrader_env/lib/python3.12/site-packages/django_redis/cache.py", line 29, in _decorator
    return method(self, *args, **kwargs)
           ^^^^^^^^^^^^^^^^^^^^^^^^^^^^^
  File "/home/bond-servant-in-training/Documents/Virtualenvs/AutoGrader_env/lib/python3.12/site-packages/django_redis/cache.py", line 130, in incr
    return self.client.incr(*args, **kwargs)
           ^^^^^^^^^^^^^^^^^^^^^^^^^^^^^^^^^
  File "/home/bond-servant-in-training/Documents/Virtualenvs/AutoGrader_env/lib/python3.12/site-packages/django_redis/client/default.py", line 653, in incr
    return self._incr(
           ^^^^^^^^^^^
  File "/home/bond-servant-in-training/Documents/Virtualenvs/AutoGrader_env/lib/python3.12/site-packages/django_redis/client/default.py", line 595, in _incr
    client = self.get_client(write=True)
             ^^^^^^^^^^^^^^^^^^^^^^^^^^^
  File "/home/bond-servant-in-training/Documents/Projects/Grade-Automator-Plus-cache-commit-race/AutoGrader/tests_cache_commit_race.py", line 355, in get_client
    raise failure
  File "/home/bond-servant-in-training/Documents/Projects/Grade-Automator-Plus-cache-commit-race/AutoGrader/cache_generation.py", line 169, in bump_generation
    return _incr_or_create(key)
           ^^^^^^^^^^^^^^^^^^^^
  File "/home/bond-servant-in-training/Documents/Projects/Grade-Automator-Plus-cache-commit-race/AutoGrader/cache_generation.py", line 199, in _incr_or_create
    return cache.incr(key)
           ^^^^^^^^^^^^^^^
  File "/home/bond-servant-in-training/Documents/Virtualenvs/AutoGrader_env/lib/python3.12/site-packages/django_redis/cache.py", line 29, in _decorator
    return method(self, *args, **kwargs)
           ^^^^^^^^^^^^^^^^^^^^^^^^^^^^^
  File "/home/bond-servant-in-training/Documents/Virtualenvs/AutoGrader_env/lib/python3.12/site-packages/django_redis/cache.py", line 130, in incr
    return self.client.incr(*args, **kwargs)
           ^^^^^^^^^^^^^^^^^^^^^^^^^^^^^^^^^
  File "/home/bond-servant-in-training/Documents/Virtualenvs/AutoGrader_env/lib/python3.12/site-packages/django_redis/client/default.py", line 653, in incr
    return self._incr(
           ^^^^^^^^^^^
  File "/home/bond-servant-in-training/Documents/Virtualenvs/AutoGrader_env/lib/python3.12/site-packages/django_redis/client/default.py", line 595, in _incr
    client = self.get_client(write=True)
             ^^^^^^^^^^^^^^^^^^^^^^^^^^^
  File "/home/bond-servant-in-training/Documents/Projects/Grade-Automator-Plus-cache-commit-race/AutoGrader/tests_cache_commit_race.py", line 355, in get_client
    raise failure
  File "/home/bond-servant-in-training/Documents/Projects/Grade-Automator-Plus-cache-commit-race/AutoGrader/cache_generation.py", line 169, in bump_generation
    return _incr_or_create(key)
           ^^^^^^^^^^^^^^^^^^^^
  File "/home/bond-servant-in-training/Documents/Projects/Grade-Automator-Plus-cache-commit-race/AutoGrader/cache_generation.py", line 199, in _incr_or_create
    return cache.incr(key)
           ^^^^^^^^^^^^^^^
  File "/home/bond-servant-in-training/Documents/Virtualenvs/AutoGrader_env/lib/python3.12/site-packages/django_redis/cache.py", line 29, in _decorator
    return method(self, *args, **kwargs)
           ^^^^^^^^^^^^^^^^^^^^^^^^^^^^^
  File "/home/bond-servant-in-training/Documents/Virtualenvs/AutoGrader_env/lib/python3.12/site-packages/django_redis/cache.py", line 130, in incr
    return self.client.incr(*args, **kwargs)
           ^^^^^^^^^^^^^^^^^^^^^^^^^^^^^^^^^
  File "/home/bond-servant-in-training/Documents/Virtualenvs/AutoGrader_env/lib/python3.12/site-packages/django_redis/client/default.py", line 653, in incr
    return self._incr(
           ^^^^^^^^^^^
  File "/home/bond-servant-in-training/Documents/Virtualenvs/AutoGrader_env/lib/python3.12/site-packages/django_redis/client/default.py", line 595, in _incr
    client = self.get_client(write=True)
             ^^^^^^^^^^^^^^^^^^^^^^^^^^^
  File "/home/bond-servant-in-training/Documents/Projects/Grade-Automator-Plus-cache-commit-race/AutoGrader/tests_cache_commit_race.py", line 355, in get_client
    raise failure
  File "/home/bond-servant-in-training/Documents/Projects/Grade-Automator-Plus-cache-commit-race/AutoGrader/cache_generation.py", line 275, in _bump_pipelined
    client = cache.client.get_client(write=True)
             ^^^^^^^^^^^^^^^^^^^^^^^^^^^^^^^^^^^
  File "/home/bond-servant-in-training/Documents/Projects/Grade-Automator-Plus-cache-commit-race/AutoGrader/tests_cache_commit_race.py", line 355, in get_client
    raise failure
  File "/home/bond-servant-in-training/Documents/Projects/Grade-Automator-Plus-cache-commit-race/AutoGrader/cache_generation.py", line 169, in bump_generation
    return _incr_or_create(key)
           ^^^^^^^^^^^^^^^^^^^^
  File "/home/bond-servant-in-training/Documents/Projects/Grade-Automator-Plus-cache-commit-race/AutoGrader/cache_generation.py", line 199, in _incr_or_create
    return cache.incr(key)
           ^^^^^^^^^^^^^^^
  File "/home/bond-servant-in-training/Documents/Virtualenvs/AutoGrader_env/lib/python3.12/site-packages/django_redis/cache.py", line 29, in _decorator
    return method(self, *args, **kwargs)
           ^^^^^^^^^^^^^^^^^^^^^^^^^^^^^
  File "/home/bond-servant-in-training/Documents/Virtualenvs/AutoGrader_env/lib/python3.12/site-packages/django_redis/cache.py", line 130, in incr
    return self.client.incr(*args, **kwargs)
           ^^^^^^^^^^^^^^^^^^^^^^^^^^^^^^^^^
  File "/home/bond-servant-in-training/Documents/Virtualenvs/AutoGrader_env/lib/python3.12/site-packages/django_redis/client/default.py", line 653, in incr
    return self._incr(
           ^^^^^^^^^^^
  File "/home/bond-servant-in-training/Documents/Virtualenvs/AutoGrader_env/lib/python3.12/site-packages/django_redis/client/default.py", line 595, in _incr
    client = self.get_client(write=True)
             ^^^^^^^^^^^^^^^^^^^^^^^^^^^
  File "/home/bond-servant-in-training/Documents/Projects/Grade-Automator-Plus-cache-commit-race/AutoGrader/tests_cache_commit_race.py", line 355, in get_client
    raise failure
  File "/home/bond-servant-in-training/Documents/Projects/Grade-Automator-Plus-cache-commit-race/AutoGrader/cache_generation.py", line 169, in bump_generation
    return _incr_or_create(key)
           ^^^^^^^^^^^^^^^^^^^^
  File "/home/bond-servant-in-training/Documents/Projects/Grade-Automator-Plus-cache-commit-race/AutoGrader/cache_generation.py", line 199, in _incr_or_create
    return cache.incr(key)
           ^^^^^^^^^^^^^^^
  File "/home/bond-servant-in-training/Documents/Virtualenvs/AutoGrader_env/lib/python3.12/site-packages/django_redis/cache.py", line 29, in _decorator
    return method(self, *args, **kwargs)
           ^^^^^^^^^^^^^^^^^^^^^^^^^^^^^
  File "/home/bond-servant-in-training/Documents/Virtualenvs/AutoGrader_env/lib/python3.12/site-packages/django_redis/cache.py", line 130, in incr
    return self.client.incr(*args, **kwargs)
           ^^^^^^^^^^^^^^^^^^^^^^^^^^^^^^^^^
  File "/home/bond-servant-in-training/Documents/Virtualenvs/AutoGrader_env/lib/python3.12/site-packages/django_redis/client/default.py", line 653, in incr
    return self._incr(
           ^^^^^^^^^^^
  File "/home/bond-servant-in-training/Documents/Virtualenvs/AutoGrader_env/lib/python3.12/site-packages/django_redis/client/default.py", line 595, in _incr
    client = self.get_client(write=True)
             ^^^^^^^^^^^^^^^^^^^^^^^^^^^
  File "/home/bond-servant-in-training/Documents/Projects/Grade-Automator-Plus-cache-commit-race/AutoGrader/tests_cache_commit_race.py", line 355, in get_client
    raise failure
  File "/home/bond-servant-in-training/Documents/Projects/Grade-Automator-Plus-cache-commit-race/AutoGrader/cache_generation.py", line 169, in bump_generation
    return _incr_or_create(key)
           ^^^^^^^^^^^^^^^^^^^^
  File "/home/bond-servant-in-training/Documents/Projects/Grade-Automator-Plus-cache-commit-race/AutoGrader/cache_generation.py", line 199, in _incr_or_create
    return cache.incr(key)
           ^^^^^^^^^^^^^^^
  File "/home/bond-servant-in-training/Documents/Virtualenvs/AutoGrader_env/lib/python3.12/site-packages/django_redis/cache.py", line 29, in _decorator
    return method(self, *args, **kwargs)
           ^^^^^^^^^^^^^^^^^^^^^^^^^^^^^
  File "/home/bond-servant-in-training/Documents/Virtualenvs/AutoGrader_env/lib/python3.12/site-packages/django_redis/cache.py", line 130, in incr
    return self.client.incr(*args, **kwargs)
           ^^^^^^^^^^^^^^^^^^^^^^^^^^^^^^^^^
  File "/home/bond-servant-in-training/Documents/Virtualenvs/AutoGrader_env/lib/python3.12/site-packages/django_redis/client/default.py", line 653, in incr
    return self._incr(
           ^^^^^^^^^^^
  File "/home/bond-servant-in-training/Documents/Virtualenvs/AutoGrader_env/lib/python3.12/site-packages/django_redis/client/default.py", line 595, in _incr
    client = self.get_client(write=True)
             ^^^^^^^^^^^^^^^^^^^^^^^^^^^
  File "/home/bond-servant-in-training/Documents/Projects/Grade-Automator-Plus-cache-commit-race/AutoGrader/tests_cache_commit_race.py", line 355, in get_client
    raise failure
  File "/home/bond-servant-in-training/Documents/Projects/Grade-Automator-Plus-cache-commit-race/AutoGrader/cache_generation.py", line 169, in bump_generation
    return _incr_or_create(key)
           ^^^^^^^^^^^^^^^^^^^^
  File "/home/bond-servant-in-training/Documents/Projects/Grade-Automator-Plus-cache-commit-race/AutoGrader/cache_generation.py", line 199, in _incr_or_create
    return cache.incr(key)
           ^^^^^^^^^^^^^^^
  File "/home/bond-servant-in-training/Documents/Virtualenvs/AutoGrader_env/lib/python3.12/site-packages/django_redis/cache.py", line 29, in _decorator
    return method(self, *args, **kwargs)
           ^^^^^^^^^^^^^^^^^^^^^^^^^^^^^
  File "/home/bond-servant-in-training/Documents/Virtualenvs/AutoGrader_env/lib/python3.12/site-packages/django_redis/cache.py", line 130, in incr
    return self.client.incr(*args, **kwargs)
           ^^^^^^^^^^^^^^^^^^^^^^^^^^^^^^^^^
  File "/home/bond-servant-in-training/Documents/Virtualenvs/AutoGrader_env/lib/python3.12/site-packages/django_redis/client/default.py", line 653, in incr
    return self._incr(
           ^^^^^^^^^^^
  File "/home/bond-servant-in-training/Documents/Virtualenvs/AutoGrader_env/lib/python3.12/site-packages/django_redis/client/default.py", line 595, in _incr
    client = self.get_client(write=True)
             ^^^^^^^^^^^^^^^^^^^^^^^^^^^
  File "/home/bond-servant-in-training/Documents/Projects/Grade-Automator-Plus-cache-commit-race/AutoGrader/tests_cache_commit_race.py", line 355, in get_client
    raise failure
  File "/home/bond-servant-in-training/Documents/Projects/Grade-Automator-Plus-cache-commit-race/AutoGrader/cache_generation.py", line 275, in _bump_pipelined
    client = cache.client.get_client(write=True)
             ^^^^^^^^^^^^^^^^^^^^^^^^^^^^^^^^^^^
  File "/home/bond-servant-in-training/Documents/Projects/Grade-Automator-Plus-cache-commit-race/AutoGrader/tests_cache_commit_race.py", line 355, in get_client
    raise failure
ConnectionError: redis unavailable
[2026-09-17 19:54:04,204: ERROR/MainProcess] Cache generation bump failed for cachegen:usr:cfcfeacc-5a2a-407b-9fec-718c7801f08f; entries keyed on it will serve stale data until their TTL expires.
Traceback (most recent call last):
  File "/home/bond-servant-in-training/Documents/Projects/Grade-Automator-Plus-cache-commit-race/AutoGrader/cache_generation.py", line 169, in bump_generation
    return _incr_or_create(key)
           ^^^^^^^^^^^^^^^^^^^^
  File "/home/bond-servant-in-training/Documents/Projects/Grade-Automator-Plus-cache-commit-race/AutoGrader/cache_generation.py", line 199, in _incr_or_create
    return cache.incr(key)
           ^^^^^^^^^^^^^^^
  File "/home/bond-servant-in-training/Documents/Virtualenvs/AutoGrader_env/lib/python3.12/site-packages/django_redis/cache.py", line 29, in _decorator
    return method(self, *args, **kwargs)
           ^^^^^^^^^^^^^^^^^^^^^^^^^^^^^
  File "/home/bond-servant-in-training/Documents/Virtualenvs/AutoGrader_env/lib/python3.12/site-packages/django_redis/cache.py", line 130, in incr
    return self.client.incr(*args, **kwargs)
           ^^^^^^^^^^^^^^^^^^^^^^^^^^^^^^^^^
  File "/home/bond-servant-in-training/Documents/Virtualenvs/AutoGrader_env/lib/python3.12/site-packages/django_redis/client/default.py", line 653, in incr
    return self._incr(
           ^^^^^^^^^^^
  File "/home/bond-servant-in-training/Documents/Virtualenvs/AutoGrader_env/lib/python3.12/site-packages/django_redis/client/default.py", line 595, in _incr
    client = self.get_client(write=True)
             ^^^^^^^^^^^^^^^^^^^^^^^^^^^
  File "/home/bond-servant-in-training/Documents/Projects/Grade-Automator-Plus-cache-commit-race/AutoGrader/tests_cache_commit_race.py", line 355, in get_client
    raise failure
  File "/home/bond-servant-in-training/Documents/Projects/Grade-Automator-Plus-cache-commit-race/AutoGrader/cache_generation.py", line 169, in bump_generation
    return _incr_or_create(key)
           ^^^^^^^^^^^^^^^^^^^^
  File "/home/bond-servant-in-training/Documents/Projects/Grade-Automator-Plus-cache-commit-race/AutoGrader/cache_generation.py", line 199, in _incr_or_create
    return cache.incr(key)
           ^^^^^^^^^^^^^^^
  File "/home/bond-servant-in-training/Documents/Virtualenvs/AutoGrader_env/lib/python3.12/site-packages/django_redis/cache.py", line 29, in _decorator
    return method(self, *args, **kwargs)
           ^^^^^^^^^^^^^^^^^^^^^^^^^^^^^
  File "/home/bond-servant-in-training/Documents/Virtualenvs/AutoGrader_env/lib/python3.12/site-packages/django_redis/cache.py", line 130, in incr
    return self.client.incr(*args, **kwargs)
           ^^^^^^^^^^^^^^^^^^^^^^^^^^^^^^^^^
  File "/home/bond-servant-in-training/Documents/Virtualenvs/AutoGrader_env/lib/python3.12/site-packages/django_redis/client/default.py", line 653, in incr
    return self._incr(
           ^^^^^^^^^^^
  File "/home/bond-servant-in-training/Documents/Virtualenvs/AutoGrader_env/lib/python3.12/site-packages/django_redis/client/default.py", line 595, in _incr
    client = self.get_client(write=True)
             ^^^^^^^^^^^^^^^^^^^^^^^^^^^
  File "/home/bond-servant-in-training/Documents/Projects/Grade-Automator-Plus-cache-commit-race/AutoGrader/tests_cache_commit_race.py", line 355, in get_client
    raise failure
  File "/home/bond-servant-in-training/Documents/Projects/Grade-Automator-Plus-cache-commit-race/AutoGrader/cache_generation.py", line 169, in bump_generation
    return _incr_or_create(key)
           ^^^^^^^^^^^^^^^^^^^^
  File "/home/bond-servant-in-training/Documents/Projects/Grade-Automator-Plus-cache-commit-race/AutoGrader/cache_generation.py", line 199, in _incr_or_create
    return cache.incr(key)
           ^^^^^^^^^^^^^^^
  File "/home/bond-servant-in-training/Documents/Virtualenvs/AutoGrader_env/lib/python3.12/site-packages/django_redis/cache.py", line 29, in _decorator
    return method(self, *args, **kwargs)
           ^^^^^^^^^^^^^^^^^^^^^^^^^^^^^
  File "/home/bond-servant-in-training/Documents/Virtualenvs/AutoGrader_env/lib/python3.12/site-packages/django_redis/cache.py", line 130, in incr
    return self.client.incr(*args, **kwargs)
           ^^^^^^^^^^^^^^^^^^^^^^^^^^^^^^^^^
  File "/home/bond-servant-in-training/Documents/Virtualenvs/AutoGrader_env/lib/python3.12/site-packages/django_redis/client/default.py", line 653, in incr
    return self._incr(
           ^^^^^^^^^^^
  File "/home/bond-servant-in-training/Documents/Virtualenvs/AutoGrader_env/lib/python3.12/site-packages/django_redis/client/default.py", line 595, in _incr
    client = self.get_client(write=True)
             ^^^^^^^^^^^^^^^^^^^^^^^^^^^
  File "/home/bond-servant-in-training/Documents/Projects/Grade-Automator-Plus-cache-commit-race/AutoGrader/tests_cache_commit_race.py", line 355, in get_client
    raise failure
  File "/home/bond-servant-in-training/Documents/Projects/Grade-Automator-Plus-cache-commit-race/AutoGrader/cache_generation.py", line 169, in bump_generation
    return _incr_or_create(key)
           ^^^^^^^^^^^^^^^^^^^^
  File "/home/bond-servant-in-training/Documents/Projects/Grade-Automator-Plus-cache-commit-race/AutoGrader/cache_generation.py", line 199, in _incr_or_create
    return cache.incr(key)
           ^^^^^^^^^^^^^^^
  File "/home/bond-servant-in-training/Documents/Virtualenvs/AutoGrader_env/lib/python3.12/site-packages/django_redis/cache.py", line 29, in _decorator
    return method(self, *args, **kwargs)
           ^^^^^^^^^^^^^^^^^^^^^^^^^^^^^
  File "/home/bond-servant-in-training/Documents/Virtualenvs/AutoGrader_env/lib/python3.12/site-packages/django_redis/cache.py", line 130, in incr
    return self.client.incr(*args, **kwargs)
           ^^^^^^^^^^^^^^^^^^^^^^^^^^^^^^^^^
  File "/home/bond-servant-in-training/Documents/Virtualenvs/AutoGrader_env/lib/python3.12/site-packages/django_redis/client/default.py", line 653, in incr
    return self._incr(
           ^^^^^^^^^^^
  File "/home/bond-servant-in-training/Documents/Virtualenvs/AutoGrader_env/lib/python3.12/site-packages/django_redis/client/default.py", line 595, in _incr
    client = self.get_client(write=True)
             ^^^^^^^^^^^^^^^^^^^^^^^^^^^
  File "/home/bond-servant-in-training/Documents/Projects/Grade-Automator-Plus-cache-commit-race/AutoGrader/tests_cache_commit_race.py", line 355, in get_client
    raise failure
  File "/home/bond-servant-in-training/Documents/Projects/Grade-Automator-Plus-cache-commit-race/AutoGrader/cache_generation.py", line 275, in _bump_pipelined
    client = cache.client.get_client(write=True)
             ^^^^^^^^^^^^^^^^^^^^^^^^^^^^^^^^^^^
  File "/home/bond-servant-in-training/Documents/Projects/Grade-Automator-Plus-cache-commit-race/AutoGrader/tests_cache_commit_race.py", line 355, in get_client
    raise failure
  File "/home/bond-servant-in-training/Documents/Projects/Grade-Automator-Plus-cache-commit-race/AutoGrader/cache_generation.py", line 169, in bump_generation
    return _incr_or_create(key)
           ^^^^^^^^^^^^^^^^^^^^
  File "/home/bond-servant-in-training/Documents/Projects/Grade-Automator-Plus-cache-commit-race/AutoGrader/cache_generation.py", line 199, in _incr_or_create
    return cache.incr(key)
           ^^^^^^^^^^^^^^^
  File "/home/bond-servant-in-training/Documents/Virtualenvs/AutoGrader_env/lib/python3.12/site-packages/django_redis/cache.py", line 29, in _decorator
    return method(self, *args, **kwargs)
           ^^^^^^^^^^^^^^^^^^^^^^^^^^^^^
  File "/home/bond-servant-in-training/Documents/Virtualenvs/AutoGrader_env/lib/python3.12/site-packages/django_redis/cache.py", line 130, in incr
    return self.client.incr(*args, **kwargs)
           ^^^^^^^^^^^^^^^^^^^^^^^^^^^^^^^^^
  File "/home/bond-servant-in-training/Documents/Virtualenvs/AutoGrader_env/lib/python3.12/site-packages/django_redis/client/default.py", line 653, in incr
    return self._incr(
           ^^^^^^^^^^^
  File "/home/bond-servant-in-training/Documents/Virtualenvs/AutoGrader_env/lib/python3.12/site-packages/django_redis/client/default.py", line 595, in _incr
    client = self.get_client(write=True)
             ^^^^^^^^^^^^^^^^^^^^^^^^^^^
  File "/home/bond-servant-in-training/Documents/Projects/Grade-Automator-Plus-cache-commit-race/AutoGrader/tests_cache_commit_race.py", line 355, in get_client
    raise failure
  File "/home/bond-servant-in-training/Documents/Projects/Grade-Automator-Plus-cache-commit-race/AutoGrader/cache_generation.py", line 169, in bump_generation
    return _incr_or_create(key)
           ^^^^^^^^^^^^^^^^^^^^
  File "/home/bond-servant-in-training/Documents/Projects/Grade-Automator-Plus-cache-commit-race/AutoGrader/cache_generation.py", line 199, in _incr_or_create
    return cache.incr(key)
           ^^^^^^^^^^^^^^^
  File "/home/bond-servant-in-training/Documents/Virtualenvs/AutoGrader_env/lib/python3.12/site-packages/django_redis/cache.py", line 29, in _decorator
    return method(self, *args, **kwargs)
           ^^^^^^^^^^^^^^^^^^^^^^^^^^^^^
  File "/home/bond-servant-in-training/Documents/Virtualenvs/AutoGrader_env/lib/python3.12/site-packages/django_redis/cache.py", line 130, in incr
    return self.client.incr(*args, **kwargs)
           ^^^^^^^^^^^^^^^^^^^^^^^^^^^^^^^^^
  File "/home/bond-servant-in-training/Documents/Virtualenvs/AutoGrader_env/lib/python3.12/site-packages/django_redis/client/default.py", line 653, in incr
    return self._incr(
           ^^^^^^^^^^^
  File "/home/bond-servant-in-training/Documents/Virtualenvs/AutoGrader_env/lib/python3.12/site-packages/django_redis/client/default.py", line 595, in _incr
    client = self.get_client(write=True)
             ^^^^^^^^^^^^^^^^^^^^^^^^^^^
  File "/home/bond-servant-in-training/Documents/Projects/Grade-Automator-Plus-cache-commit-race/AutoGrader/tests_cache_commit_race.py", line 355, in get_client
    raise failure
  File "/home/bond-servant-in-training/Documents/Projects/Grade-Automator-Plus-cache-commit-race/AutoGrader/cache_generation.py", line 169, in bump_generation
    return _incr_or_create(key)
           ^^^^^^^^^^^^^^^^^^^^
  File "/home/bond-servant-in-training/Documents/Projects/Grade-Automator-Plus-cache-commit-race/AutoGrader/cache_generation.py", line 199, in _incr_or_create
    return cache.incr(key)
           ^^^^^^^^^^^^^^^
  File "/home/bond-servant-in-training/Documents/Virtualenvs/AutoGrader_env/lib/python3.12/site-packages/django_redis/cache.py", line 29, in _decorator
    return method(self, *args, **kwargs)
           ^^^^^^^^^^^^^^^^^^^^^^^^^^^^^
  File "/home/bond-servant-in-training/Documents/Virtualenvs/AutoGrader_env/lib/python3.12/site-packages/django_redis/cache.py", line 130, in incr
    return self.client.incr(*args, **kwargs)
           ^^^^^^^^^^^^^^^^^^^^^^^^^^^^^^^^^
  File "/home/bond-servant-in-training/Documents/Virtualenvs/AutoGrader_env/lib/python3.12/site-packages/django_redis/client/default.py", line 653, in incr
    return self._incr(
           ^^^^^^^^^^^
  File "/home/bond-servant-in-training/Documents/Virtualenvs/AutoGrader_env/lib/python3.12/site-packages/django_redis/client/default.py", line 595, in _incr
    client = self.get_client(write=True)
             ^^^^^^^^^^^^^^^^^^^^^^^^^^^
  File "/home/bond-servant-in-training/Documents/Projects/Grade-Automator-Plus-cache-commit-race/AutoGrader/tests_cache_commit_race.py", line 355, in get_client
    raise failure
  File "/home/bond-servant-in-training/Documents/Projects/Grade-Automator-Plus-cache-commit-race/AutoGrader/cache_generation.py", line 169, in bump_generation
    return _incr_or_create(key)
           ^^^^^^^^^^^^^^^^^^^^
  File "/home/bond-servant-in-training/Documents/Projects/Grade-Automator-Plus-cache-commit-race/AutoGrader/cache_generation.py", line 199, in _incr_or_create
    return cache.incr(key)
           ^^^^^^^^^^^^^^^
  File "/home/bond-servant-in-training/Documents/Virtualenvs/AutoGrader_env/lib/python3.12/site-packages/django_redis/cache.py", line 29, in _decorator
    return method(self, *args, **kwargs)
           ^^^^^^^^^^^^^^^^^^^^^^^^^^^^^
  File "/home/bond-servant-in-training/Documents/Virtualenvs/AutoGrader_env/lib/python3.12/site-packages/django_redis/cache.py", line 130, in incr
    return self.client.incr(*args, **kwargs)
           ^^^^^^^^^^^^^^^^^^^^^^^^^^^^^^^^^
  File "/home/bond-servant-in-training/Documents/Virtualenvs/AutoGrader_env/lib/python3.12/site-packages/django_redis/client/default.py", line 653, in incr
    return self._incr(
           ^^^^^^^^^^^
  File "/home/bond-servant-in-training/Documents/Virtualenvs/AutoGrader_env/lib/python3.12/site-packages/django_redis/client/default.py", line 595, in _incr
    client = self.get_client(write=True)
             ^^^^^^^^^^^^^^^^^^^^^^^^^^^
  File "/home/bond-servant-in-training/Documents/Projects/Grade-Automator-Plus-cache-commit-race/AutoGrader/tests_cache_commit_race.py", line 355, in get_client
    raise failure
  File "/home/bond-servant-in-training/Documents/Projects/Grade-Automator-Plus-cache-commit-race/AutoGrader/cache_generation.py", line 275, in _bump_pipelined
    client = cache.client.get_client(write=True)
             ^^^^^^^^^^^^^^^^^^^^^^^^^^^^^^^^^^^
  File "/home/bond-servant-in-training/Documents/Projects/Grade-Automator-Plus-cache-commit-race/AutoGrader/tests_cache_commit_race.py", line 355, in get_client
    raise failure
ConnectionError: redis unavailable
[2026-09-17 19:54:04,401: ERROR/MainProcess] Cache generation bump failed for cachegen:global; entries keyed on it will serve stale data until their TTL expires.
Traceback (most recent call last):
  File "/home/bond-servant-in-training/Documents/Projects/Grade-Automator-Plus-cache-commit-race/AutoGrader/cache_generation.py", line 169, in bump_generation
    return _incr_or_create(key)
           ^^^^^^^^^^^^^^^^^^^^
  File "/home/bond-servant-in-training/Documents/Projects/Grade-Automator-Plus-cache-commit-race/AutoGrader/cache_generation.py", line 199, in _incr_or_create
    return cache.incr(key)
           ^^^^^^^^^^^^^^^
  File "/home/bond-servant-in-training/Documents/Virtualenvs/AutoGrader_env/lib/python3.12/site-packages/django_redis/cache.py", line 29, in _decorator
    return method(self, *args, **kwargs)
           ^^^^^^^^^^^^^^^^^^^^^^^^^^^^^
  File "/home/bond-servant-in-training/Documents/Virtualenvs/AutoGrader_env/lib/python3.12/site-packages/django_redis/cache.py", line 130, in incr
    return self.client.incr(*args, **kwargs)
           ^^^^^^^^^^^^^^^^^^^^^^^^^^^^^^^^^
  File "/home/bond-servant-in-training/Documents/Virtualenvs/AutoGrader_env/lib/python3.12/site-packages/django_redis/client/default.py", line 653, in incr
    return self._incr(
           ^^^^^^^^^^^
  File "/home/bond-servant-in-training/Documents/Virtualenvs/AutoGrader_env/lib/python3.12/site-packages/django_redis/client/default.py", line 595, in _incr
    client = self.get_client(write=True)
             ^^^^^^^^^^^^^^^^^^^^^^^^^^^
  File "/home/bond-servant-in-training/Documents/Projects/Grade-Automator-Plus-cache-commit-race/AutoGrader/tests_cache_commit_race.py", line 355, in get_client
    raise failure
  File "/home/bond-servant-in-training/Documents/Projects/Grade-Automator-Plus-cache-commit-race/AutoGrader/cache_generation.py", line 275, in _bump_pipelined
    client = cache.client.get_client(write=True)
             ^^^^^^^^^^^^^^^^^^^^^^^^^^^^^^^^^^^
  File "/home/bond-servant-in-training/Documents/Projects/Grade-Automator-Plus-cache-commit-race/AutoGrader/tests_cache_commit_race.py", line 355, in get_client
    raise failure
  File "/home/bond-servant-in-training/Documents/Projects/Grade-Automator-Plus-cache-commit-race/AutoGrader/cache_generation.py", line 169, in bump_generation
    return _incr_or_create(key)
           ^^^^^^^^^^^^^^^^^^^^
  File "/home/bond-servant-in-training/Documents/Projects/Grade-Automator-Plus-cache-commit-race/AutoGrader/cache_generation.py", line 199, in _incr_or_create
    return cache.incr(key)
           ^^^^^^^^^^^^^^^
  File "/home/bond-servant-in-training/Documents/Virtualenvs/AutoGrader_env/lib/python3.12/site-packages/django_redis/cache.py", line 29, in _decorator
    return method(self, *args, **kwargs)
           ^^^^^^^^^^^^^^^^^^^^^^^^^^^^^
  File "/home/bond-servant-in-training/Documents/Virtualenvs/AutoGrader_env/lib/python3.12/site-packages/django_redis/cache.py", line 130, in incr
    return self.client.incr(*args, **kwargs)
           ^^^^^^^^^^^^^^^^^^^^^^^^^^^^^^^^^
  File "/home/bond-servant-in-training/Documents/Virtualenvs/AutoGrader_env/lib/python3.12/site-packages/django_redis/client/default.py", line 653, in incr
    return self._incr(
           ^^^^^^^^^^^
  File "/home/bond-servant-in-training/Documents/Virtualenvs/AutoGrader_env/lib/python3.12/site-packages/django_redis/client/default.py", line 595, in _incr
    client = self.get_client(write=True)
             ^^^^^^^^^^^^^^^^^^^^^^^^^^^
  File "/home/bond-servant-in-training/Documents/Projects/Grade-Automator-Plus-cache-commit-race/AutoGrader/tests_cache_commit_race.py", line 355, in get_client
    raise failure
  File "/home/bond-servant-in-training/Documents/Projects/Grade-Automator-Plus-cache-commit-race/AutoGrader/cache_generation.py", line 169, in bump_generation
    return _incr_or_create(key)
           ^^^^^^^^^^^^^^^^^^^^
  File "/home/bond-servant-in-training/Documents/Projects/Grade-Automator-Plus-cache-commit-race/AutoGrader/cache_generation.py", line 199, in _incr_or_create
    return cache.incr(key)
           ^^^^^^^^^^^^^^^
  File "/home/bond-servant-in-training/Documents/Virtualenvs/AutoGrader_env/lib/python3.12/site-packages/django_redis/cache.py", line 29, in _decorator
    return method(self, *args, **kwargs)
           ^^^^^^^^^^^^^^^^^^^^^^^^^^^^^
  File "/home/bond-servant-in-training/Documents/Virtualenvs/AutoGrader_env/lib/python3.12/site-packages/django_redis/cache.py", line 130, in incr
    return self.client.incr(*args, **kwargs)
           ^^^^^^^^^^^^^^^^^^^^^^^^^^^^^^^^^
  File "/home/bond-servant-in-training/Documents/Virtualenvs/AutoGrader_env/lib/python3.12/site-packages/django_redis/client/default.py", line 653, in incr
    return self._incr(
           ^^^^^^^^^^^
  File "/home/bond-servant-in-training/Documents/Virtualenvs/AutoGrader_env/lib/python3.12/site-packages/django_redis/client/default.py", line 595, in _incr
    client = self.get_client(write=True)
             ^^^^^^^^^^^^^^^^^^^^^^^^^^^
  File "/home/bond-servant-in-training/Documents/Projects/Grade-Automator-Plus-cache-commit-race/AutoGrader/tests_cache_commit_race.py", line 355, in get_client
    raise failure
  File "/home/bond-servant-in-training/Documents/Projects/Grade-Automator-Plus-cache-commit-race/AutoGrader/cache_generation.py", line 169, in bump_generation
    return _incr_or_create(key)
           ^^^^^^^^^^^^^^^^^^^^
  File "/home/bond-servant-in-training/Documents/Projects/Grade-Automator-Plus-cache-commit-race/AutoGrader/cache_generation.py", line 199, in _incr_or_create
    return cache.incr(key)
           ^^^^^^^^^^^^^^^
  File "/home/bond-servant-in-training/Documents/Virtualenvs/AutoGrader_env/lib/python3.12/site-packages/django_redis/cache.py", line 29, in _decorator
    return method(self, *args, **kwargs)
           ^^^^^^^^^^^^^^^^^^^^^^^^^^^^^
  File "/home/bond-servant-in-training/Documents/Virtualenvs/AutoGrader_env/lib/python3.12/site-packages/django_redis/cache.py", line 130, in incr
    return self.client.incr(*args, **kwargs)
           ^^^^^^^^^^^^^^^^^^^^^^^^^^^^^^^^^
  File "/home/bond-servant-in-training/Documents/Virtualenvs/AutoGrader_env/lib/python3.12/site-packages/django_redis/client/default.py", line 653, in incr
    return self._incr(
           ^^^^^^^^^^^
  File "/home/bond-servant-in-training/Documents/Virtualenvs/AutoGrader_env/lib/python3.12/site-packages/django_redis/client/default.py", line 595, in _incr
    client = self.get_client(write=True)
             ^^^^^^^^^^^^^^^^^^^^^^^^^^^
  File "/home/bond-servant-in-training/Documents/Projects/Grade-Automator-Plus-cache-commit-race/AutoGrader/tests_cache_commit_race.py", line 355, in get_client
    raise failure
  File "/home/bond-servant-in-training/Documents/Projects/Grade-Automator-Plus-cache-commit-race/AutoGrader/cache_generation.py", line 169, in bump_generation
    return _incr_or_create(key)
           ^^^^^^^^^^^^^^^^^^^^
  File "/home/bond-servant-in-training/Documents/Projects/Grade-Automator-Plus-cache-commit-race/AutoGrader/cache_generation.py", line 199, in _incr_or_create
    return cache.incr(key)
           ^^^^^^^^^^^^^^^
  File "/home/bond-servant-in-training/Documents/Virtualenvs/AutoGrader_env/lib/python3.12/site-packages/django_redis/cache.py", line 29, in _decorator
    return method(self, *args, **kwargs)
           ^^^^^^^^^^^^^^^^^^^^^^^^^^^^^
  File "/home/bond-servant-in-training/Documents/Virtualenvs/AutoGrader_env/lib/python3.12/site-packages/django_redis/cache.py", line 130, in incr
    return self.client.incr(*args, **kwargs)
           ^^^^^^^^^^^^^^^^^^^^^^^^^^^^^^^^^
  File "/home/bond-servant-in-training/Documents/Virtualenvs/AutoGrader_env/lib/python3.12/site-packages/django_redis/client/default.py", line 653, in incr
    return self._incr(
           ^^^^^^^^^^^
  File "/home/bond-servant-in-training/Documents/Virtualenvs/AutoGrader_env/lib/python3.12/site-packages/django_redis/client/default.py", line 595, in _incr
    client = self.get_client(write=True)
             ^^^^^^^^^^^^^^^^^^^^^^^^^^^
  File "/home/bond-servant-in-training/Documents/Projects/Grade-Automator-Plus-cache-commit-race/AutoGrader/tests_cache_commit_race.py", line 355, in get_client
    raise failure
  File "/home/bond-servant-in-training/Documents/Projects/Grade-Automator-Plus-cache-commit-race/AutoGrader/cache_generation.py", line 275, in _bump_pipelined
    client = cache.client.get_client(write=True)
             ^^^^^^^^^^^^^^^^^^^^^^^^^^^^^^^^^^^
  File "/home/bond-servant-in-training/Documents/Projects/Grade-Automator-Plus-cache-commit-race/AutoGrader/tests_cache_commit_race.py", line 355, in get_client
    raise failure
  File "/home/bond-servant-in-training/Documents/Projects/Grade-Automator-Plus-cache-commit-race/AutoGrader/cache_generation.py", line 169, in bump_generation
    return _incr_or_create(key)
           ^^^^^^^^^^^^^^^^^^^^
  File "/home/bond-servant-in-training/Documents/Projects/Grade-Automator-Plus-cache-commit-race/AutoGrader/cache_generation.py", line 199, in _incr_or_create
    return cache.incr(key)
           ^^^^^^^^^^^^^^^
  File "/home/bond-servant-in-training/Documents/Virtualenvs/AutoGrader_env/lib/python3.12/site-packages/django_redis/cache.py", line 29, in _decorator
    return method(self, *args, **kwargs)
           ^^^^^^^^^^^^^^^^^^^^^^^^^^^^^
  File "/home/bond-servant-in-training/Documents/Virtualenvs/AutoGrader_env/lib/python3.12/site-packages/django_redis/cache.py", line 130, in incr
    return self.client.incr(*args, **kwargs)
           ^^^^^^^^^^^^^^^^^^^^^^^^^^^^^^^^^
  File "/home/bond-servant-in-training/Documents/Virtualenvs/AutoGrader_env/lib/python3.12/site-packages/django_redis/client/default.py", line 653, in incr
    return self._incr(
           ^^^^^^^^^^^
  File "/home/bond-servant-in-training/Documents/Virtualenvs/AutoGrader_env/lib/python3.12/site-packages/django_redis/client/default.py", line 595, in _incr
    client = self.get_client(write=True)
             ^^^^^^^^^^^^^^^^^^^^^^^^^^^
  File "/home/bond-servant-in-training/Documents/Projects/Grade-Automator-Plus-cache-commit-race/AutoGrader/tests_cache_commit_race.py", line 355, in get_client
    raise failure
  File "/home/bond-servant-in-training/Documents/Projects/Grade-Automator-Plus-cache-commit-race/AutoGrader/cache_generation.py", line 169, in bump_generation
    return _incr_or_create(key)
           ^^^^^^^^^^^^^^^^^^^^
  File "/home/bond-servant-in-training/Documents/Projects/Grade-Automator-Plus-cache-commit-race/AutoGrader/cache_generation.py", line 199, in _incr_or_create
    return cache.incr(key)
           ^^^^^^^^^^^^^^^
  File "/home/bond-servant-in-training/Documents/Virtualenvs/AutoGrader_env/lib/python3.12/site-packages/django_redis/cache.py", line 29, in _decorator
    return method(self, *args, **kwargs)
           ^^^^^^^^^^^^^^^^^^^^^^^^^^^^^
  File "/home/bond-servant-in-training/Documents/Virtualenvs/AutoGrader_env/lib/python3.12/site-packages/django_redis/cache.py", line 130, in incr
    return self.client.incr(*args, **kwargs)
           ^^^^^^^^^^^^^^^^^^^^^^^^^^^^^^^^^
  File "/home/bond-servant-in-training/Documents/Virtualenvs/AutoGrader_env/lib/python3.12/site-packages/django_redis/client/default.py", line 653, in incr
    return self._incr(
           ^^^^^^^^^^^
  File "/home/bond-servant-in-training/Documents/Virtualenvs/AutoGrader_env/lib/python3.12/site-packages/django_redis/client/default.py", line 595, in _incr
    client = self.get_client(write=True)
             ^^^^^^^^^^^^^^^^^^^^^^^^^^^
  File "/home/bond-servant-in-training/Documents/Projects/Grade-Automator-Plus-cache-commit-race/AutoGrader/tests_cache_commit_race.py", line 355, in get_client
    raise failure
  File "/home/bond-servant-in-training/Documents/Projects/Grade-Automator-Plus-cache-commit-race/AutoGrader/cache_generation.py", line 169, in bump_generation
    return _incr_or_create(key)
           ^^^^^^^^^^^^^^^^^^^^
  File "/home/bond-servant-in-training/Documents/Projects/Grade-Automator-Plus-cache-commit-race/AutoGrader/cache_generation.py", line 199, in _incr_or_create
    return cache.incr(key)
           ^^^^^^^^^^^^^^^
  File "/home/bond-servant-in-training/Documents/Virtualenvs/AutoGrader_env/lib/python3.12/site-packages/django_redis/cache.py", line 29, in _decorator
    return method(self, *args, **kwargs)
           ^^^^^^^^^^^^^^^^^^^^^^^^^^^^^
  File "/home/bond-servant-in-training/Documents/Virtualenvs/AutoGrader_env/lib/python3.12/site-packages/django_redis/cache.py", line 130, in incr
    return self.client.incr(*args, **kwargs)
           ^^^^^^^^^^^^^^^^^^^^^^^^^^^^^^^^^
  File "/home/bond-servant-in-training/Documents/Virtualenvs/AutoGrader_env/lib/python3.12/site-packages/django_redis/client/default.py", line 653, in incr
    return self._incr(
           ^^^^^^^^^^^
  File "/home/bond-servant-in-training/Documents/Virtualenvs/AutoGrader_env/lib/python3.12/site-packages/django_redis/client/default.py", line 595, in _incr
    client = self.get_client(write=True)
             ^^^^^^^^^^^^^^^^^^^^^^^^^^^
  File "/home/bond-servant-in-training/Documents/Projects/Grade-Automator-Plus-cache-commit-race/AutoGrader/tests_cache_commit_race.py", line 355, in get_client
    raise failure
  File "/home/bond-servant-in-training/Documents/Projects/Grade-Automator-Plus-cache-commit-race/AutoGrader/cache_generation.py", line 169, in bump_generation
    return _incr_or_create(key)
           ^^^^^^^^^^^^^^^^^^^^
  File "/home/bond-servant-in-training/Documents/Projects/Grade-Automator-Plus-cache-commit-race/AutoGrader/cache_generation.py", line 199, in _incr_or_create
    return cache.incr(key)
           ^^^^^^^^^^^^^^^
  File "/home/bond-servant-in-training/Documents/Virtualenvs/AutoGrader_env/lib/python3.12/site-packages/django_redis/cache.py", line 29, in _decorator
    return method(self, *args, **kwargs)
           ^^^^^^^^^^^^^^^^^^^^^^^^^^^^^
  File "/home/bond-servant-in-training/Documents/Virtualenvs/AutoGrader_env/lib/python3.12/site-packages/django_redis/cache.py", line 130, in incr
    return self.client.incr(*args, **kwargs)
           ^^^^^^^^^^^^^^^^^^^^^^^^^^^^^^^^^
  File "/home/bond-servant-in-training/Documents/Virtualenvs/AutoGrader_env/lib/python3.12/site-packages/django_redis/client/default.py", line 653, in incr
    return self._incr(
           ^^^^^^^^^^^
  File "/home/bond-servant-in-training/Documents/Virtualenvs/AutoGrader_env/lib/python3.12/site-packages/django_redis/client/default.py", line 595, in _incr
    client = self.get_client(write=True)
             ^^^^^^^^^^^^^^^^^^^^^^^^^^^
  File "/home/bond-servant-in-training/Documents/Projects/Grade-Automator-Plus-cache-commit-race/AutoGrader/tests_cache_commit_race.py", line 355, in get_client
    raise failure
  File "/home/bond-servant-in-training/Documents/Projects/Grade-Automator-Plus-cache-commit-race/AutoGrader/cache_generation.py", line 275, in _bump_pipelined
    client = cache.client.get_client(write=True)
             ^^^^^^^^^^^^^^^^^^^^^^^^^^^^^^^^^^^
  File "/home/bond-servant-in-training/Documents/Projects/Grade-Automator-Plus-cache-commit-race/AutoGrader/tests_cache_commit_race.py", line 355, in get_client
    raise failure
ConnectionError: redis unavailable
[2026-09-17 19:54:04,404: ERROR/MainProcess] Cache generation bump failed for cachegen:usr:b6d26169-5479-41a1-9861-036fd7aa7f9c; entries keyed on it will serve stale data until their TTL expires.
Traceback (most recent call last):
  File "/home/bond-servant-in-training/Documents/Projects/Grade-Automator-Plus-cache-commit-race/AutoGrader/cache_generation.py", line 169, in bump_generation
    return _incr_or_create(key)
           ^^^^^^^^^^^^^^^^^^^^
  File "/home/bond-servant-in-training/Documents/Projects/Grade-Automator-Plus-cache-commit-race/AutoGrader/cache_generation.py", line 199, in _incr_or_create
    return cache.incr(key)
           ^^^^^^^^^^^^^^^
  File "/home/bond-servant-in-training/Documents/Virtualenvs/AutoGrader_env/lib/python3.12/site-packages/django_redis/cache.py", line 29, in _decorator
    return method(self, *args, **kwargs)
           ^^^^^^^^^^^^^^^^^^^^^^^^^^^^^
  File "/home/bond-servant-in-training/Documents/Virtualenvs/AutoGrader_env/lib/python3.12/site-packages/django_redis/cache.py", line 130, in incr
    return self.client.incr(*args, **kwargs)
           ^^^^^^^^^^^^^^^^^^^^^^^^^^^^^^^^^
  File "/home/bond-servant-in-training/Documents/Virtualenvs/AutoGrader_env/lib/python3.12/site-packages/django_redis/client/default.py", line 653, in incr
    return self._incr(
           ^^^^^^^^^^^
  File "/home/bond-servant-in-training/Documents/Virtualenvs/AutoGrader_env/lib/python3.12/site-packages/django_redis/client/default.py", line 595, in _incr
    client = self.get_client(write=True)
             ^^^^^^^^^^^^^^^^^^^^^^^^^^^
  File "/home/bond-servant-in-training/Documents/Projects/Grade-Automator-Plus-cache-commit-race/AutoGrader/tests_cache_commit_race.py", line 355, in get_client
    raise failure
  File "/home/bond-servant-in-training/Documents/Projects/Grade-Automator-Plus-cache-commit-race/AutoGrader/cache_generation.py", line 169, in bump_generation
    return _incr_or_create(key)
           ^^^^^^^^^^^^^^^^^^^^
  File "/home/bond-servant-in-training/Documents/Projects/Grade-Automator-Plus-cache-commit-race/AutoGrader/cache_generation.py", line 199, in _incr_or_create
    return cache.incr(key)
           ^^^^^^^^^^^^^^^
  File "/home/bond-servant-in-training/Documents/Virtualenvs/AutoGrader_env/lib/python3.12/site-packages/django_redis/cache.py", line 29, in _decorator
    return method(self, *args, **kwargs)
           ^^^^^^^^^^^^^^^^^^^^^^^^^^^^^
  File "/home/bond-servant-in-training/Documents/Virtualenvs/AutoGrader_env/lib/python3.12/site-packages/django_redis/cache.py", line 130, in incr
    return self.client.incr(*args, **kwargs)
           ^^^^^^^^^^^^^^^^^^^^^^^^^^^^^^^^^
  File "/home/bond-servant-in-training/Documents/Virtualenvs/AutoGrader_env/lib/python3.12/site-packages/django_redis/client/default.py", line 653, in incr
    return self._incr(
           ^^^^^^^^^^^
  File "/home/bond-servant-in-training/Documents/Virtualenvs/AutoGrader_env/lib/python3.12/site-packages/django_redis/client/default.py", line 595, in _incr
    client = self.get_client(write=True)
             ^^^^^^^^^^^^^^^^^^^^^^^^^^^
  File "/home/bond-servant-in-training/Documents/Projects/Grade-Automator-Plus-cache-commit-race/AutoGrader/tests_cache_commit_race.py", line 355, in get_client
    raise failure
  File "/home/bond-servant-in-training/Documents/Projects/Grade-Automator-Plus-cache-commit-race/AutoGrader/cache_generation.py", line 275, in _bump_pipelined
    client = cache.client.get_client(write=True)
             ^^^^^^^^^^^^^^^^^^^^^^^^^^^^^^^^^^^
  File "/home/bond-servant-in-training/Documents/Projects/Grade-Automator-Plus-cache-commit-race/AutoGrader/tests_cache_commit_race.py", line 355, in get_client
    raise failure
  File "/home/bond-servant-in-training/Documents/Projects/Grade-Automator-Plus-cache-commit-race/AutoGrader/cache_generation.py", line 169, in bump_generation
    return _incr_or_create(key)
           ^^^^^^^^^^^^^^^^^^^^
  File "/home/bond-servant-in-training/Documents/Projects/Grade-Automator-Plus-cache-commit-race/AutoGrader/cache_generation.py", line 199, in _incr_or_create
    return cache.incr(key)
           ^^^^^^^^^^^^^^^
  File "/home/bond-servant-in-training/Documents/Virtualenvs/AutoGrader_env/lib/python3.12/site-packages/django_redis/cache.py", line 29, in _decorator
    return method(self, *args, **kwargs)
           ^^^^^^^^^^^^^^^^^^^^^^^^^^^^^
  File "/home/bond-servant-in-training/Documents/Virtualenvs/AutoGrader_env/lib/python3.12/site-packages/django_redis/cache.py", line 130, in incr
    return self.client.incr(*args, **kwargs)
           ^^^^^^^^^^^^^^^^^^^^^^^^^^^^^^^^^
  File "/home/bond-servant-in-training/Documents/Virtualenvs/AutoGrader_env/lib/python3.12/site-packages/django_redis/client/default.py", line 653, in incr
    return self._incr(
           ^^^^^^^^^^^
  File "/home/bond-servant-in-training/Documents/Virtualenvs/AutoGrader_env/lib/python3.12/site-packages/django_redis/client/default.py", line 595, in _incr
    client = self.get_client(write=True)
             ^^^^^^^^^^^^^^^^^^^^^^^^^^^
  File "/home/bond-servant-in-training/Documents/Projects/Grade-Automator-Plus-cache-commit-race/AutoGrader/tests_cache_commit_race.py", line 355, in get_client
    raise failure
  File "/home/bond-servant-in-training/Documents/Projects/Grade-Automator-Plus-cache-commit-race/AutoGrader/cache_generation.py", line 169, in bump_generation
    return _incr_or_create(key)
           ^^^^^^^^^^^^^^^^^^^^
  File "/home/bond-servant-in-training/Documents/Projects/Grade-Automator-Plus-cache-commit-race/AutoGrader/cache_generation.py", line 199, in _incr_or_create
    return cache.incr(key)
           ^^^^^^^^^^^^^^^
  File "/home/bond-servant-in-training/Documents/Virtualenvs/AutoGrader_env/lib/python3.12/site-packages/django_redis/cache.py", line 29, in _decorator
    return method(self, *args, **kwargs)
           ^^^^^^^^^^^^^^^^^^^^^^^^^^^^^
  File "/home/bond-servant-in-training/Documents/Virtualenvs/AutoGrader_env/lib/python3.12/site-packages/django_redis/cache.py", line 130, in incr
    return self.client.incr(*args, **kwargs)
           ^^^^^^^^^^^^^^^^^^^^^^^^^^^^^^^^^
  File "/home/bond-servant-in-training/Documents/Virtualenvs/AutoGrader_env/lib/python3.12/site-packages/django_redis/client/default.py", line 653, in incr
    return self._incr(
           ^^^^^^^^^^^
  File "/home/bond-servant-in-training/Documents/Virtualenvs/AutoGrader_env/lib/python3.12/site-packages/django_redis/client/default.py", line 595, in _incr
    client = self.get_client(write=True)
             ^^^^^^^^^^^^^^^^^^^^^^^^^^^
  File "/home/bond-servant-in-training/Documents/Projects/Grade-Automator-Plus-cache-commit-race/AutoGrader/tests_cache_commit_race.py", line 355, in get_client
    raise failure
  File "/home/bond-servant-in-training/Documents/Projects/Grade-Automator-Plus-cache-commit-race/AutoGrader/cache_generation.py", line 169, in bump_generation
    return _incr_or_create(key)
           ^^^^^^^^^^^^^^^^^^^^
  File "/home/bond-servant-in-training/Documents/Projects/Grade-Automator-Plus-cache-commit-race/AutoGrader/cache_generation.py", line 199, in _incr_or_create
    return cache.incr(key)
           ^^^^^^^^^^^^^^^
  File "/home/bond-servant-in-training/Documents/Virtualenvs/AutoGrader_env/lib/python3.12/site-packages/django_redis/cache.py", line 29, in _decorator
    return method(self, *args, **kwargs)
           ^^^^^^^^^^^^^^^^^^^^^^^^^^^^^
  File "/home/bond-servant-in-training/Documents/Virtualenvs/AutoGrader_env/lib/python3.12/site-packages/django_redis/cache.py", line 130, in incr
    return self.client.incr(*args, **kwargs)
           ^^^^^^^^^^^^^^^^^^^^^^^^^^^^^^^^^
  File "/home/bond-servant-in-training/Documents/Virtualenvs/AutoGrader_env/lib/python3.12/site-packages/django_redis/client/default.py", line 653, in incr
    return self._incr(
           ^^^^^^^^^^^
  File "/home/bond-servant-in-training/Documents/Virtualenvs/AutoGrader_env/lib/python3.12/site-packages/django_redis/client/default.py", line 595, in _incr
    client = self.get_client(write=True)
             ^^^^^^^^^^^^^^^^^^^^^^^^^^^
  File "/home/bond-servant-in-training/Documents/Projects/Grade-Automator-Plus-cache-commit-race/AutoGrader/tests_cache_commit_race.py", line 355, in get_client
    raise failure
  File "/home/bond-servant-in-training/Documents/Projects/Grade-Automator-Plus-cache-commit-race/AutoGrader/cache_generation.py", line 169, in bump_generation
    return _incr_or_create(key)
           ^^^^^^^^^^^^^^^^^^^^
  File "/home/bond-servant-in-training/Documents/Projects/Grade-Automator-Plus-cache-commit-race/AutoGrader/cache_generation.py", line 199, in _incr_or_create
    return cache.incr(key)
           ^^^^^^^^^^^^^^^
  File "/home/bond-servant-in-training/Documents/Virtualenvs/AutoGrader_env/lib/python3.12/site-packages/django_redis/cache.py", line 29, in _decorator
    return method(self, *args, **kwargs)
           ^^^^^^^^^^^^^^^^^^^^^^^^^^^^^
  File "/home/bond-servant-in-training/Documents/Virtualenvs/AutoGrader_env/lib/python3.12/site-packages/django_redis/cache.py", line 130, in incr
    return self.client.incr(*args, **kwargs)
           ^^^^^^^^^^^^^^^^^^^^^^^^^^^^^^^^^
  File "/home/bond-servant-in-training/Documents/Virtualenvs/AutoGrader_env/lib/python3.12/site-packages/django_redis/client/default.py", line 653, in incr
    return self._incr(
           ^^^^^^^^^^^
  File "/home/bond-servant-in-training/Documents/Virtualenvs/AutoGrader_env/lib/python3.12/site-packages/django_redis/client/default.py", line 595, in _incr
    client = self.get_client(write=True)
             ^^^^^^^^^^^^^^^^^^^^^^^^^^^
  File "/home/bond-servant-in-training/Documents/Projects/Grade-Automator-Plus-cache-commit-race/AutoGrader/tests_cache_commit_race.py", line 355, in get_client
    raise failure
  File "/home/bond-servant-in-training/Documents/Projects/Grade-Automator-Plus-cache-commit-race/AutoGrader/cache_generation.py", line 275, in _bump_pipelined
    client = cache.client.get_client(write=True)
             ^^^^^^^^^^^^^^^^^^^^^^^^^^^^^^^^^^^
  File "/home/bond-servant-in-training/Documents/Projects/Grade-Automator-Plus-cache-commit-race/AutoGrader/tests_cache_commit_race.py", line 355, in get_client
    raise failure
  File "/home/bond-servant-in-training/Documents/Projects/Grade-Automator-Plus-cache-commit-race/AutoGrader/cache_generation.py", line 169, in bump_generation
    return _incr_or_create(key)
           ^^^^^^^^^^^^^^^^^^^^
  File "/home/bond-servant-in-training/Documents/Projects/Grade-Automator-Plus-cache-commit-race/AutoGrader/cache_generation.py", line 199, in _incr_or_create
    return cache.incr(key)
           ^^^^^^^^^^^^^^^
  File "/home/bond-servant-in-training/Documents/Virtualenvs/AutoGrader_env/lib/python3.12/site-packages/django_redis/cache.py", line 29, in _decorator
    return method(self, *args, **kwargs)
           ^^^^^^^^^^^^^^^^^^^^^^^^^^^^^
  File "/home/bond-servant-in-training/Documents/Virtualenvs/AutoGrader_env/lib/python3.12/site-packages/django_redis/cache.py", line 130, in incr
    return self.client.incr(*args, **kwargs)
           ^^^^^^^^^^^^^^^^^^^^^^^^^^^^^^^^^
  File "/home/bond-servant-in-training/Documents/Virtualenvs/AutoGrader_env/lib/python3.12/site-packages/django_redis/client/default.py", line 653, in incr
    return self._incr(
           ^^^^^^^^^^^
  File "/home/bond-servant-in-training/Documents/Virtualenvs/AutoGrader_env/lib/python3.12/site-packages/django_redis/client/default.py", line 595, in _incr
    client = self.get_client(write=True)
             ^^^^^^^^^^^^^^^^^^^^^^^^^^^
  File "/home/bond-servant-in-training/Documents/Projects/Grade-Automator-Plus-cache-commit-race/AutoGrader/tests_cache_commit_race.py", line 355, in get_client
    raise failure
  File "/home/bond-servant-in-training/Documents/Projects/Grade-Automator-Plus-cache-commit-race/AutoGrader/cache_generation.py", line 169, in bump_generation
    return _incr_or_create(key)
           ^^^^^^^^^^^^^^^^^^^^
  File "/home/bond-servant-in-training/Documents/Projects/Grade-Automator-Plus-cache-commit-race/AutoGrader/cache_generation.py", line 199, in _incr_or_create
    return cache.incr(key)
           ^^^^^^^^^^^^^^^
  File "/home/bond-servant-in-training/Documents/Virtualenvs/AutoGrader_env/lib/python3.12/site-packages/django_redis/cache.py", line 29, in _decorator
    return method(self, *args, **kwargs)
           ^^^^^^^^^^^^^^^^^^^^^^^^^^^^^
  File "/home/bond-servant-in-training/Documents/Virtualenvs/AutoGrader_env/lib/python3.12/site-packages/django_redis/cache.py", line 130, in incr
    return self.client.incr(*args, **kwargs)
           ^^^^^^^^^^^^^^^^^^^^^^^^^^^^^^^^^
  File "/home/bond-servant-in-training/Documents/Virtualenvs/AutoGrader_env/lib/python3.12/site-packages/django_redis/client/default.py", line 653, in incr
    return self._incr(
           ^^^^^^^^^^^
  File "/home/bond-servant-in-training/Documents/Virtualenvs/AutoGrader_env/lib/python3.12/site-packages/django_redis/client/default.py", line 595, in _incr
    client = self.get_client(write=True)
             ^^^^^^^^^^^^^^^^^^^^^^^^^^^
  File "/home/bond-servant-in-training/Documents/Projects/Grade-Automator-Plus-cache-commit-race/AutoGrader/tests_cache_commit_race.py", line 355, in get_client
    raise failure
  File "/home/bond-servant-in-training/Documents/Projects/Grade-Automator-Plus-cache-commit-race/AutoGrader/cache_generation.py", line 169, in bump_generation
    return _incr_or_create(key)
           ^^^^^^^^^^^^^^^^^^^^
  File "/home/bond-servant-in-training/Documents/Projects/Grade-Automator-Plus-cache-commit-race/AutoGrader/cache_generation.py", line 199, in _incr_or_create
    return cache.incr(key)
           ^^^^^^^^^^^^^^^
  File "/home/bond-servant-in-training/Documents/Virtualenvs/AutoGrader_env/lib/python3.12/site-packages/django_redis/cache.py", line 29, in _decorator
    return method(self, *args, **kwargs)
           ^^^^^^^^^^^^^^^^^^^^^^^^^^^^^
  File "/home/bond-servant-in-training/Documents/Virtualenvs/AutoGrader_env/lib/python3.12/site-packages/django_redis/cache.py", line 130, in incr
    return self.client.incr(*args, **kwargs)
           ^^^^^^^^^^^^^^^^^^^^^^^^^^^^^^^^^
  File "/home/bond-servant-in-training/Documents/Virtualenvs/AutoGrader_env/lib/python3.12/site-packages/django_redis/client/default.py", line 653, in incr
    return self._incr(
           ^^^^^^^^^^^
  File "/home/bond-servant-in-training/Documents/Virtualenvs/AutoGrader_env/lib/python3.12/site-packages/django_redis/client/default.py", line 595, in _incr
    client = self.get_client(write=True)
             ^^^^^^^^^^^^^^^^^^^^^^^^^^^
  File "/home/bond-servant-in-training/Documents/Projects/Grade-Automator-Plus-cache-commit-race/AutoGrader/tests_cache_commit_race.py", line 355, in get_client
    raise failure
  File "/home/bond-servant-in-training/Documents/Projects/Grade-Automator-Plus-cache-commit-race/AutoGrader/cache_generation.py", line 169, in bump_generation
    return _incr_or_create(key)
           ^^^^^^^^^^^^^^^^^^^^
  File "/home/bond-servant-in-training/Documents/Projects/Grade-Automator-Plus-cache-commit-race/AutoGrader/cache_generation.py", line 199, in _incr_or_create
    return cache.incr(key)
           ^^^^^^^^^^^^^^^
  File "/home/bond-servant-in-training/Documents/Virtualenvs/AutoGrader_env/lib/python3.12/site-packages/django_redis/cache.py", line 29, in _decorator
    return method(self, *args, **kwargs)
           ^^^^^^^^^^^^^^^^^^^^^^^^^^^^^
  File "/home/bond-servant-in-training/Documents/Virtualenvs/AutoGrader_env/lib/python3.12/site-packages/django_redis/cache.py", line 130, in incr
    return self.client.incr(*args, **kwargs)
           ^^^^^^^^^^^^^^^^^^^^^^^^^^^^^^^^^
  File "/home/bond-servant-in-training/Documents/Virtualenvs/AutoGrader_env/lib/python3.12/site-packages/django_redis/client/default.py", line 653, in incr
    return self._incr(
           ^^^^^^^^^^^
  File "/home/bond-servant-in-training/Documents/Virtualenvs/AutoGrader_env/lib/python3.12/site-packages/django_redis/client/default.py", line 595, in _incr
    client = self.get_client(write=True)
             ^^^^^^^^^^^^^^^^^^^^^^^^^^^
  File "/home/bond-servant-in-training/Documents/Projects/Grade-Automator-Plus-cache-commit-race/AutoGrader/tests_cache_commit_race.py", line 355, in get_client
    raise failure
  File "/home/bond-servant-in-training/Documents/Projects/Grade-Automator-Plus-cache-commit-race/AutoGrader/cache_generation.py", line 275, in _bump_pipelined
    client = cache.client.get_client(write=True)
             ^^^^^^^^^^^^^^^^^^^^^^^^^^^^^^^^^^^
  File "/home/bond-servant-in-training/Documents/Projects/Grade-Automator-Plus-cache-commit-race/AutoGrader/tests_cache_commit_race.py", line 355, in get_client
    raise failure
ConnectionError: redis unavailable
[2026-09-17 19:54:04,408: ERROR/MainProcess] Cache generation bump failed for cachegen:crs:5a6a0ff1-a97d-4703-8bca-b3703a08e8e8; entries keyed on it will serve stale data until their TTL expires.
Traceback (most recent call last):
  File "/home/bond-servant-in-training/Documents/Projects/Grade-Automator-Plus-cache-commit-race/AutoGrader/cache_generation.py", line 169, in bump_generation
    return _incr_or_create(key)
           ^^^^^^^^^^^^^^^^^^^^
  File "/home/bond-servant-in-training/Documents/Projects/Grade-Automator-Plus-cache-commit-race/AutoGrader/cache_generation.py", line 199, in _incr_or_create
    return cache.incr(key)
           ^^^^^^^^^^^^^^^
  File "/home/bond-servant-in-training/Documents/Virtualenvs/AutoGrader_env/lib/python3.12/site-packages/django_redis/cache.py", line 29, in _decorator
    return method(self, *args, **kwargs)
           ^^^^^^^^^^^^^^^^^^^^^^^^^^^^^
  File "/home/bond-servant-in-training/Documents/Virtualenvs/AutoGrader_env/lib/python3.12/site-packages/django_redis/cache.py", line 130, in incr
    return self.client.incr(*args, **kwargs)
           ^^^^^^^^^^^^^^^^^^^^^^^^^^^^^^^^^
  File "/home/bond-servant-in-training/Documents/Virtualenvs/AutoGrader_env/lib/python3.12/site-packages/django_redis/client/default.py", line 653, in incr
    return self._incr(
           ^^^^^^^^^^^
  File "/home/bond-servant-in-training/Documents/Virtualenvs/AutoGrader_env/lib/python3.12/site-packages/django_redis/client/default.py", line 595, in _incr
    client = self.get_client(write=True)
             ^^^^^^^^^^^^^^^^^^^^^^^^^^^
  File "/home/bond-servant-in-training/Documents/Projects/Grade-Automator-Plus-cache-commit-race/AutoGrader/tests_cache_commit_race.py", line 355, in get_client
    raise failure
  File "/home/bond-servant-in-training/Documents/Projects/Grade-Automator-Plus-cache-commit-race/AutoGrader/cache_generation.py", line 169, in bump_generation
    return _incr_or_create(key)
           ^^^^^^^^^^^^^^^^^^^^
  File "/home/bond-servant-in-training/Documents/Projects/Grade-Automator-Plus-cache-commit-race/AutoGrader/cache_generation.py", line 199, in _incr_or_create
    return cache.incr(key)
           ^^^^^^^^^^^^^^^
  File "/home/bond-servant-in-training/Documents/Virtualenvs/AutoGrader_env/lib/python3.12/site-packages/django_redis/cache.py", line 29, in _decorator
    return method(self, *args, **kwargs)
           ^^^^^^^^^^^^^^^^^^^^^^^^^^^^^
  File "/home/bond-servant-in-training/Documents/Virtualenvs/AutoGrader_env/lib/python3.12/site-packages/django_redis/cache.py", line 130, in incr
    return self.client.incr(*args, **kwargs)
           ^^^^^^^^^^^^^^^^^^^^^^^^^^^^^^^^^
  File "/home/bond-servant-in-training/Documents/Virtualenvs/AutoGrader_env/lib/python3.12/site-packages/django_redis/client/default.py", line 653, in incr
    return self._incr(
           ^^^^^^^^^^^
  File "/home/bond-servant-in-training/Documents/Virtualenvs/AutoGrader_env/lib/python3.12/site-packages/django_redis/client/default.py", line 595, in _incr
    client = self.get_client(write=True)
             ^^^^^^^^^^^^^^^^^^^^^^^^^^^
  File "/home/bond-servant-in-training/Documents/Projects/Grade-Automator-Plus-cache-commit-race/AutoGrader/tests_cache_commit_race.py", line 355, in get_client
    raise failure
  File "/home/bond-servant-in-training/Documents/Projects/Grade-Automator-Plus-cache-commit-race/AutoGrader/cache_generation.py", line 169, in bump_generation
    return _incr_or_create(key)
           ^^^^^^^^^^^^^^^^^^^^
  File "/home/bond-servant-in-training/Documents/Projects/Grade-Automator-Plus-cache-commit-race/AutoGrader/cache_generation.py", line 199, in _incr_or_create
    return cache.incr(key)
           ^^^^^^^^^^^^^^^
  File "/home/bond-servant-in-training/Documents/Virtualenvs/AutoGrader_env/lib/python3.12/site-packages/django_redis/cache.py", line 29, in _decorator
    return method(self, *args, **kwargs)
           ^^^^^^^^^^^^^^^^^^^^^^^^^^^^^
  File "/home/bond-servant-in-training/Documents/Virtualenvs/AutoGrader_env/lib/python3.12/site-packages/django_redis/cache.py", line 130, in incr
    return self.client.incr(*args, **kwargs)
           ^^^^^^^^^^^^^^^^^^^^^^^^^^^^^^^^^
  File "/home/bond-servant-in-training/Documents/Virtualenvs/AutoGrader_env/lib/python3.12/site-packages/django_redis/client/default.py", line 653, in incr
    return self._incr(
           ^^^^^^^^^^^
  File "/home/bond-servant-in-training/Documents/Virtualenvs/AutoGrader_env/lib/python3.12/site-packages/django_redis/client/default.py", line 595, in _incr
    client = self.get_client(write=True)
             ^^^^^^^^^^^^^^^^^^^^^^^^^^^
  File "/home/bond-servant-in-training/Documents/Projects/Grade-Automator-Plus-cache-commit-race/AutoGrader/tests_cache_commit_race.py", line 355, in get_client
    raise failure
  File "/home/bond-servant-in-training/Documents/Projects/Grade-Automator-Plus-cache-commit-race/AutoGrader/cache_generation.py", line 275, in _bump_pipelined
    client = cache.client.get_client(write=True)
             ^^^^^^^^^^^^^^^^^^^^^^^^^^^^^^^^^^^
  File "/home/bond-servant-in-training/Documents/Projects/Grade-Automator-Plus-cache-commit-race/AutoGrader/tests_cache_commit_race.py", line 355, in get_client
    raise failure
  File "/home/bond-servant-in-training/Documents/Projects/Grade-Automator-Plus-cache-commit-race/AutoGrader/cache_generation.py", line 169, in bump_generation
    return _incr_or_create(key)
           ^^^^^^^^^^^^^^^^^^^^
  File "/home/bond-servant-in-training/Documents/Projects/Grade-Automator-Plus-cache-commit-race/AutoGrader/cache_generation.py", line 199, in _incr_or_create
    return cache.incr(key)
           ^^^^^^^^^^^^^^^
  File "/home/bond-servant-in-training/Documents/Virtualenvs/AutoGrader_env/lib/python3.12/site-packages/django_redis/cache.py", line 29, in _decorator
    return method(self, *args, **kwargs)
           ^^^^^^^^^^^^^^^^^^^^^^^^^^^^^
  File "/home/bond-servant-in-training/Documents/Virtualenvs/AutoGrader_env/lib/python3.12/site-packages/django_redis/cache.py", line 130, in incr
    return self.client.incr(*args, **kwargs)
           ^^^^^^^^^^^^^^^^^^^^^^^^^^^^^^^^^
  File "/home/bond-servant-in-training/Documents/Virtualenvs/AutoGrader_env/lib/python3.12/site-packages/django_redis/client/default.py", line 653, in incr
    return self._incr(
           ^^^^^^^^^^^
  File "/home/bond-servant-in-training/Documents/Virtualenvs/AutoGrader_env/lib/python3.12/site-packages/django_redis/client/default.py", line 595, in _incr
    client = self.get_client(write=True)
             ^^^^^^^^^^^^^^^^^^^^^^^^^^^
  File "/home/bond-servant-in-training/Documents/Projects/Grade-Automator-Plus-cache-commit-race/AutoGrader/tests_cache_commit_race.py", line 355, in get_client
    raise failure
  File "/home/bond-servant-in-training/Documents/Projects/Grade-Automator-Plus-cache-commit-race/AutoGrader/cache_generation.py", line 169, in bump_generation
    return _incr_or_create(key)
           ^^^^^^^^^^^^^^^^^^^^
  File "/home/bond-servant-in-training/Documents/Projects/Grade-Automator-Plus-cache-commit-race/AutoGrader/cache_generation.py", line 199, in _incr_or_create
    return cache.incr(key)
           ^^^^^^^^^^^^^^^
  File "/home/bond-servant-in-training/Documents/Virtualenvs/AutoGrader_env/lib/python3.12/site-packages/django_redis/cache.py", line 29, in _decorator
    return method(self, *args, **kwargs)
           ^^^^^^^^^^^^^^^^^^^^^^^^^^^^^
  File "/home/bond-servant-in-training/Documents/Virtualenvs/AutoGrader_env/lib/python3.12/site-packages/django_redis/cache.py", line 130, in incr
    return self.client.incr(*args, **kwargs)
           ^^^^^^^^^^^^^^^^^^^^^^^^^^^^^^^^^
  File "/home/bond-servant-in-training/Documents/Virtualenvs/AutoGrader_env/lib/python3.12/site-packages/django_redis/client/default.py", line 653, in incr
    return self._incr(
           ^^^^^^^^^^^
  File "/home/bond-servant-in-training/Documents/Virtualenvs/AutoGrader_env/lib/python3.12/site-packages/django_redis/client/default.py", line 595, in _incr
    client = self.get_client(write=True)
             ^^^^^^^^^^^^^^^^^^^^^^^^^^^
  File "/home/bond-servant-in-training/Documents/Projects/Grade-Automator-Plus-cache-commit-race/AutoGrader/tests_cache_commit_race.py", line 355, in get_client
    raise failure
  File "/home/bond-servant-in-training/Documents/Projects/Grade-Automator-Plus-cache-commit-race/AutoGrader/cache_generation.py", line 169, in bump_generation
    return _incr_or_create(key)
           ^^^^^^^^^^^^^^^^^^^^
  File "/home/bond-servant-in-training/Documents/Projects/Grade-Automator-Plus-cache-commit-race/AutoGrader/cache_generation.py", line 199, in _incr_or_create
    return cache.incr(key)
           ^^^^^^^^^^^^^^^
  File "/home/bond-servant-in-training/Documents/Virtualenvs/AutoGrader_env/lib/python3.12/site-packages/django_redis/cache.py", line 29, in _decorator
    return method(self, *args, **kwargs)
           ^^^^^^^^^^^^^^^^^^^^^^^^^^^^^
  File "/home/bond-servant-in-training/Documents/Virtualenvs/AutoGrader_env/lib/python3.12/site-packages/django_redis/cache.py", line 130, in incr
    return self.client.incr(*args, **kwargs)
           ^^^^^^^^^^^^^^^^^^^^^^^^^^^^^^^^^
  File "/home/bond-servant-in-training/Documents/Virtualenvs/AutoGrader_env/lib/python3.12/site-packages/django_redis/client/default.py", line 653, in incr
    return self._incr(
           ^^^^^^^^^^^
  File "/home/bond-servant-in-training/Documents/Virtualenvs/AutoGrader_env/lib/python3.12/site-packages/django_redis/client/default.py", line 595, in _incr
    client = self.get_client(write=True)
             ^^^^^^^^^^^^^^^^^^^^^^^^^^^
  File "/home/bond-servant-in-training/Documents/Projects/Grade-Automator-Plus-cache-commit-race/AutoGrader/tests_cache_commit_race.py", line 355, in get_client
    raise failure
  File "/home/bond-servant-in-training/Documents/Projects/Grade-Automator-Plus-cache-commit-race/AutoGrader/cache_generation.py", line 169, in bump_generation
    return _incr_or_create(key)
           ^^^^^^^^^^^^^^^^^^^^
  File "/home/bond-servant-in-training/Documents/Projects/Grade-Automator-Plus-cache-commit-race/AutoGrader/cache_generation.py", line 199, in _incr_or_create
    return cache.incr(key)
           ^^^^^^^^^^^^^^^
  File "/home/bond-servant-in-training/Documents/Virtualenvs/AutoGrader_env/lib/python3.12/site-packages/django_redis/cache.py", line 29, in _decorator
    return method(self, *args, **kwargs)
           ^^^^^^^^^^^^^^^^^^^^^^^^^^^^^
  File "/home/bond-servant-in-training/Documents/Virtualenvs/AutoGrader_env/lib/python3.12/site-packages/django_redis/cache.py", line 130, in incr
    return self.client.incr(*args, **kwargs)
           ^^^^^^^^^^^^^^^^^^^^^^^^^^^^^^^^^
  File "/home/bond-servant-in-training/Documents/Virtualenvs/AutoGrader_env/lib/python3.12/site-packages/django_redis/client/default.py", line 653, in incr
    return self._incr(
           ^^^^^^^^^^^
  File "/home/bond-servant-in-training/Documents/Virtualenvs/AutoGrader_env/lib/python3.12/site-packages/django_redis/client/default.py", line 595, in _incr
    client = self.get_client(write=True)
             ^^^^^^^^^^^^^^^^^^^^^^^^^^^
  File "/home/bond-servant-in-training/Documents/Projects/Grade-Automator-Plus-cache-commit-race/AutoGrader/tests_cache_commit_race.py", line 355, in get_client
    raise failure
  File "/home/bond-servant-in-training/Documents/Projects/Grade-Automator-Plus-cache-commit-race/AutoGrader/cache_generation.py", line 275, in _bump_pipelined
    client = cache.client.get_client(write=True)
             ^^^^^^^^^^^^^^^^^^^^^^^^^^^^^^^^^^^
  File "/home/bond-servant-in-training/Documents/Projects/Grade-Automator-Plus-cache-commit-race/AutoGrader/tests_cache_commit_race.py", line 355, in get_client
    raise failure
  File "/home/bond-servant-in-training/Documents/Projects/Grade-Automator-Plus-cache-commit-race/AutoGrader/cache_generation.py", line 169, in bump_generation
    return _incr_or_create(key)
           ^^^^^^^^^^^^^^^^^^^^
  File "/home/bond-servant-in-training/Documents/Projects/Grade-Automator-Plus-cache-commit-race/AutoGrader/cache_generation.py", line 199, in _incr_or_create
    return cache.incr(key)
           ^^^^^^^^^^^^^^^
  File "/home/bond-servant-in-training/Documents/Virtualenvs/AutoGrader_env/lib/python3.12/site-packages/django_redis/cache.py", line 29, in _decorator
    return method(self, *args, **kwargs)
           ^^^^^^^^^^^^^^^^^^^^^^^^^^^^^
  File "/home/bond-servant-in-training/Documents/Virtualenvs/AutoGrader_env/lib/python3.12/site-packages/django_redis/cache.py", line 130, in incr
    return self.client.incr(*args, **kwargs)
           ^^^^^^^^^^^^^^^^^^^^^^^^^^^^^^^^^
  File "/home/bond-servant-in-training/Documents/Virtualenvs/AutoGrader_env/lib/python3.12/site-packages/django_redis/client/default.py", line 653, in incr
    return self._incr(
           ^^^^^^^^^^^
  File "/home/bond-servant-in-training/Documents/Virtualenvs/AutoGrader_env/lib/python3.12/site-packages/django_redis/client/default.py", line 595, in _incr
    client = self.get_client(write=True)
             ^^^^^^^^^^^^^^^^^^^^^^^^^^^
  File "/home/bond-servant-in-training/Documents/Projects/Grade-Automator-Plus-cache-commit-race/AutoGrader/tests_cache_commit_race.py", line 355, in get_client
    raise failure
  File "/home/bond-servant-in-training/Documents/Projects/Grade-Automator-Plus-cache-commit-race/AutoGrader/cache_generation.py", line 169, in bump_generation
    return _incr_or_create(key)
           ^^^^^^^^^^^^^^^^^^^^
  File "/home/bond-servant-in-training/Documents/Projects/Grade-Automator-Plus-cache-commit-race/AutoGrader/cache_generation.py", line 199, in _incr_or_create
    return cache.incr(key)
           ^^^^^^^^^^^^^^^
  File "/home/bond-servant-in-training/Documents/Virtualenvs/AutoGrader_env/lib/python3.12/site-packages/django_redis/cache.py", line 29, in _decorator
    return method(self, *args, **kwargs)
           ^^^^^^^^^^^^^^^^^^^^^^^^^^^^^
  File "/home/bond-servant-in-training/Documents/Virtualenvs/AutoGrader_env/lib/python3.12/site-packages/django_redis/cache.py", line 130, in incr
    return self.client.incr(*args, **kwargs)
           ^^^^^^^^^^^^^^^^^^^^^^^^^^^^^^^^^
  File "/home/bond-servant-in-training/Documents/Virtualenvs/AutoGrader_env/lib/python3.12/site-packages/django_redis/client/default.py", line 653, in incr
    return self._incr(
           ^^^^^^^^^^^
  File "/home/bond-servant-in-training/Documents/Virtualenvs/AutoGrader_env/lib/python3.12/site-packages/django_redis/client/default.py", line 595, in _incr
    client = self.get_client(write=True)
             ^^^^^^^^^^^^^^^^^^^^^^^^^^^
  File "/home/bond-servant-in-training/Documents/Projects/Grade-Automator-Plus-cache-commit-race/AutoGrader/tests_cache_commit_race.py", line 355, in get_client
    raise failure
  File "/home/bond-servant-in-training/Documents/Projects/Grade-Automator-Plus-cache-commit-race/AutoGrader/cache_generation.py", line 169, in bump_generation
    return _incr_or_create(key)
           ^^^^^^^^^^^^^^^^^^^^
  File "/home/bond-servant-in-training/Documents/Projects/Grade-Automator-Plus-cache-commit-race/AutoGrader/cache_generation.py", line 199, in _incr_or_create
    return cache.incr(key)
           ^^^^^^^^^^^^^^^
  File "/home/bond-servant-in-training/Documents/Virtualenvs/AutoGrader_env/lib/python3.12/site-packages/django_redis/cache.py", line 29, in _decorator
    return method(self, *args, **kwargs)
           ^^^^^^^^^^^^^^^^^^^^^^^^^^^^^
  File "/home/bond-servant-in-training/Documents/Virtualenvs/AutoGrader_env/lib/python3.12/site-packages/django_redis/cache.py", line 130, in incr
    return self.client.incr(*args, **kwargs)
           ^^^^^^^^^^^^^^^^^^^^^^^^^^^^^^^^^
  File "/home/bond-servant-in-training/Documents/Virtualenvs/AutoGrader_env/lib/python3.12/site-packages/django_redis/client/default.py", line 653, in incr
    return self._incr(
           ^^^^^^^^^^^
  File "/home/bond-servant-in-training/Documents/Virtualenvs/AutoGrader_env/lib/python3.12/site-packages/django_redis/client/default.py", line 595, in _incr
    client = self.get_client(write=True)
             ^^^^^^^^^^^^^^^^^^^^^^^^^^^
  File "/home/bond-servant-in-training/Documents/Projects/Grade-Automator-Plus-cache-commit-race/AutoGrader/tests_cache_commit_race.py", line 355, in get_client
    raise failure
  File "/home/bond-servant-in-training/Documents/Projects/Grade-Automator-Plus-cache-commit-race/AutoGrader/cache_generation.py", line 169, in bump_generation
    return _incr_or_create(key)
           ^^^^^^^^^^^^^^^^^^^^
  File "/home/bond-servant-in-training/Documents/Projects/Grade-Automator-Plus-cache-commit-race/AutoGrader/cache_generation.py", line 199, in _incr_or_create
    return cache.incr(key)
           ^^^^^^^^^^^^^^^
  File "/home/bond-servant-in-training/Documents/Virtualenvs/AutoGrader_env/lib/python3.12/site-packages/django_redis/cache.py", line 29, in _decorator
    return method(self, *args, **kwargs)
           ^^^^^^^^^^^^^^^^^^^^^^^^^^^^^
  File "/home/bond-servant-in-training/Documents/Virtualenvs/AutoGrader_env/lib/python3.12/site-packages/django_redis/cache.py", line 130, in incr
    return self.client.incr(*args, **kwargs)
           ^^^^^^^^^^^^^^^^^^^^^^^^^^^^^^^^^
  File "/home/bond-servant-in-training/Documents/Virtualenvs/AutoGrader_env/lib/python3.12/site-packages/django_redis/client/default.py", line 653, in incr
    return self._incr(
           ^^^^^^^^^^^
  File "/home/bond-servant-in-training/Documents/Virtualenvs/AutoGrader_env/lib/python3.12/site-packages/django_redis/client/default.py", line 595, in _incr
    client = self.get_client(write=True)
             ^^^^^^^^^^^^^^^^^^^^^^^^^^^
  File "/home/bond-servant-in-training/Documents/Projects/Grade-Automator-Plus-cache-commit-race/AutoGrader/tests_cache_commit_race.py", line 355, in get_client
    raise failure
  File "/home/bond-servant-in-training/Documents/Projects/Grade-Automator-Plus-cache-commit-race/AutoGrader/cache_generation.py", line 275, in _bump_pipelined
    client = cache.client.get_client(write=True)
             ^^^^^^^^^^^^^^^^^^^^^^^^^^^^^^^^^^^
  File "/home/bond-servant-in-training/Documents/Projects/Grade-Automator-Plus-cache-commit-race/AutoGrader/tests_cache_commit_race.py", line 355, in get_client
    raise failure
ConnectionError: redis unavailable
[2026-09-17 19:54:04,413: ERROR/MainProcess] Cache generation bump failed for cachegen:usr:cfcfeacc-5a2a-407b-9fec-718c7801f08f; entries keyed on it will serve stale data until their TTL expires.
Traceback (most recent call last):
  File "/home/bond-servant-in-training/Documents/Projects/Grade-Automator-Plus-cache-commit-race/AutoGrader/cache_generation.py", line 169, in bump_generation
    return _incr_or_create(key)
           ^^^^^^^^^^^^^^^^^^^^
  File "/home/bond-servant-in-training/Documents/Projects/Grade-Automator-Plus-cache-commit-race/AutoGrader/cache_generation.py", line 199, in _incr_or_create
    return cache.incr(key)
           ^^^^^^^^^^^^^^^
  File "/home/bond-servant-in-training/Documents/Virtualenvs/AutoGrader_env/lib/python3.12/site-packages/django_redis/cache.py", line 29, in _decorator
    return method(self, *args, **kwargs)
           ^^^^^^^^^^^^^^^^^^^^^^^^^^^^^
  File "/home/bond-servant-in-training/Documents/Virtualenvs/AutoGrader_env/lib/python3.12/site-packages/django_redis/cache.py", line 130, in incr
    return self.client.incr(*args, **kwargs)
           ^^^^^^^^^^^^^^^^^^^^^^^^^^^^^^^^^
  File "/home/bond-servant-in-training/Documents/Virtualenvs/AutoGrader_env/lib/python3.12/site-packages/django_redis/client/default.py", line 653, in incr
    return self._incr(
           ^^^^^^^^^^^
  File "/home/bond-servant-in-training/Documents/Virtualenvs/AutoGrader_env/lib/python3.12/site-packages/django_redis/client/default.py", line 595, in _incr
    client = self.get_client(write=True)
             ^^^^^^^^^^^^^^^^^^^^^^^^^^^
  File "/home/bond-servant-in-training/Documents/Projects/Grade-Automator-Plus-cache-commit-race/AutoGrader/tests_cache_commit_race.py", line 355, in get_client
    raise failure
  File "/home/bond-servant-in-training/Documents/Projects/Grade-Automator-Plus-cache-commit-race/AutoGrader/cache_generation.py", line 169, in bump_generation
    return _incr_or_create(key)
           ^^^^^^^^^^^^^^^^^^^^
  File "/home/bond-servant-in-training/Documents/Projects/Grade-Automator-Plus-cache-commit-race/AutoGrader/cache_generation.py", line 199, in _incr_or_create
    return cache.incr(key)
           ^^^^^^^^^^^^^^^
  File "/home/bond-servant-in-training/Documents/Virtualenvs/AutoGrader_env/lib/python3.12/site-packages/django_redis/cache.py", line 29, in _decorator
    return method(self, *args, **kwargs)
           ^^^^^^^^^^^^^^^^^^^^^^^^^^^^^
  File "/home/bond-servant-in-training/Documents/Virtualenvs/AutoGrader_env/lib/python3.12/site-packages/django_redis/cache.py", line 130, in incr
    return self.client.incr(*args, **kwargs)
           ^^^^^^^^^^^^^^^^^^^^^^^^^^^^^^^^^
  File "/home/bond-servant-in-training/Documents/Virtualenvs/AutoGrader_env/lib/python3.12/site-packages/django_redis/client/default.py", line 653, in incr
    return self._incr(
           ^^^^^^^^^^^
  File "/home/bond-servant-in-training/Documents/Virtualenvs/AutoGrader_env/lib/python3.12/site-packages/django_redis/client/default.py", line 595, in _incr
    client = self.get_client(write=True)
             ^^^^^^^^^^^^^^^^^^^^^^^^^^^
  File "/home/bond-servant-in-training/Documents/Projects/Grade-Automator-Plus-cache-commit-race/AutoGrader/tests_cache_commit_race.py", line 355, in get_client
    raise failure
  File "/home/bond-servant-in-training/Documents/Projects/Grade-Automator-Plus-cache-commit-race/AutoGrader/cache_generation.py", line 169, in bump_generation
    return _incr_or_create(key)
           ^^^^^^^^^^^^^^^^^^^^
  File "/home/bond-servant-in-training/Documents/Projects/Grade-Automator-Plus-cache-commit-race/AutoGrader/cache_generation.py", line 199, in _incr_or_create
    return cache.incr(key)
           ^^^^^^^^^^^^^^^
  File "/home/bond-servant-in-training/Documents/Virtualenvs/AutoGrader_env/lib/python3.12/site-packages/django_redis/cache.py", line 29, in _decorator
    return method(self, *args, **kwargs)
           ^^^^^^^^^^^^^^^^^^^^^^^^^^^^^
  File "/home/bond-servant-in-training/Documents/Virtualenvs/AutoGrader_env/lib/python3.12/site-packages/django_redis/cache.py", line 130, in incr
    return self.client.incr(*args, **kwargs)
           ^^^^^^^^^^^^^^^^^^^^^^^^^^^^^^^^^
  File "/home/bond-servant-in-training/Documents/Virtualenvs/AutoGrader_env/lib/python3.12/site-packages/django_redis/client/default.py", line 653, in incr
    return self._incr(
           ^^^^^^^^^^^
  File "/home/bond-servant-in-training/Documents/Virtualenvs/AutoGrader_env/lib/python3.12/site-packages/django_redis/client/default.py", line 595, in _incr
    client = self.get_client(write=True)
             ^^^^^^^^^^^^^^^^^^^^^^^^^^^
  File "/home/bond-servant-in-training/Documents/Projects/Grade-Automator-Plus-cache-commit-race/AutoGrader/tests_cache_commit_race.py", line 355, in get_client
    raise failure
  File "/home/bond-servant-in-training/Documents/Projects/Grade-Automator-Plus-cache-commit-race/AutoGrader/cache_generation.py", line 169, in bump_generation
    return _incr_or_create(key)
           ^^^^^^^^^^^^^^^^^^^^
  File "/home/bond-servant-in-training/Documents/Projects/Grade-Automator-Plus-cache-commit-race/AutoGrader/cache_generation.py", line 199, in _incr_or_create
    return cache.incr(key)
           ^^^^^^^^^^^^^^^
  File "/home/bond-servant-in-training/Documents/Virtualenvs/AutoGrader_env/lib/python3.12/site-packages/django_redis/cache.py", line 29, in _decorator
    return method(self, *args, **kwargs)
           ^^^^^^^^^^^^^^^^^^^^^^^^^^^^^
  File "/home/bond-servant-in-training/Documents/Virtualenvs/AutoGrader_env/lib/python3.12/site-packages/django_redis/cache.py", line 130, in incr
    return self.client.incr(*args, **kwargs)
           ^^^^^^^^^^^^^^^^^^^^^^^^^^^^^^^^^
  File "/home/bond-servant-in-training/Documents/Virtualenvs/AutoGrader_env/lib/python3.12/site-packages/django_redis/client/default.py", line 653, in incr
    return self._incr(
           ^^^^^^^^^^^
  File "/home/bond-servant-in-training/Documents/Virtualenvs/AutoGrader_env/lib/python3.12/site-packages/django_redis/client/default.py", line 595, in _incr
    client = self.get_client(write=True)
             ^^^^^^^^^^^^^^^^^^^^^^^^^^^
  File "/home/bond-servant-in-training/Documents/Projects/Grade-Automator-Plus-cache-commit-race/AutoGrader/tests_cache_commit_race.py", line 355, in get_client
    raise failure
  File "/home/bond-servant-in-training/Documents/Projects/Grade-Automator-Plus-cache-commit-race/AutoGrader/cache_generation.py", line 275, in _bump_pipelined
    client = cache.client.get_client(write=True)
             ^^^^^^^^^^^^^^^^^^^^^^^^^^^^^^^^^^^
  File "/home/bond-servant-in-training/Documents/Projects/Grade-Automator-Plus-cache-commit-race/AutoGrader/tests_cache_commit_race.py", line 355, in get_client
    raise failure
  File "/home/bond-servant-in-training/Documents/Projects/Grade-Automator-Plus-cache-commit-race/AutoGrader/cache_generation.py", line 169, in bump_generation
    return _incr_or_create(key)
           ^^^^^^^^^^^^^^^^^^^^
  File "/home/bond-servant-in-training/Documents/Projects/Grade-Automator-Plus-cache-commit-race/AutoGrader/cache_generation.py", line 199, in _incr_or_create
    return cache.incr(key)
           ^^^^^^^^^^^^^^^
  File "/home/bond-servant-in-training/Documents/Virtualenvs/AutoGrader_env/lib/python3.12/site-packages/django_redis/cache.py", line 29, in _decorator
    return method(self, *args, **kwargs)
           ^^^^^^^^^^^^^^^^^^^^^^^^^^^^^
  File "/home/bond-servant-in-training/Documents/Virtualenvs/AutoGrader_env/lib/python3.12/site-packages/django_redis/cache.py", line 130, in incr
    return self.client.incr(*args, **kwargs)
           ^^^^^^^^^^^^^^^^^^^^^^^^^^^^^^^^^
  File "/home/bond-servant-in-training/Documents/Virtualenvs/AutoGrader_env/lib/python3.12/site-packages/django_redis/client/default.py", line 653, in incr
    return self._incr(
           ^^^^^^^^^^^
  File "/home/bond-servant-in-training/Documents/Virtualenvs/AutoGrader_env/lib/python3.12/site-packages/django_redis/client/default.py", line 595, in _incr
    client = self.get_client(write=True)
             ^^^^^^^^^^^^^^^^^^^^^^^^^^^
  File "/home/bond-servant-in-training/Documents/Projects/Grade-Automator-Plus-cache-commit-race/AutoGrader/tests_cache_commit_race.py", line 355, in get_client
    raise failure
  File "/home/bond-servant-in-training/Documents/Projects/Grade-Automator-Plus-cache-commit-race/AutoGrader/cache_generation.py", line 169, in bump_generation
    return _incr_or_create(key)
           ^^^^^^^^^^^^^^^^^^^^
  File "/home/bond-servant-in-training/Documents/Projects/Grade-Automator-Plus-cache-commit-race/AutoGrader/cache_generation.py", line 199, in _incr_or_create
    return cache.incr(key)
           ^^^^^^^^^^^^^^^
  File "/home/bond-servant-in-training/Documents/Virtualenvs/AutoGrader_env/lib/python3.12/site-packages/django_redis/cache.py", line 29, in _decorator
    return method(self, *args, **kwargs)
           ^^^^^^^^^^^^^^^^^^^^^^^^^^^^^
  File "/home/bond-servant-in-training/Documents/Virtualenvs/AutoGrader_env/lib/python3.12/site-packages/django_redis/cache.py", line 130, in incr
    return self.client.incr(*args, **kwargs)
           ^^^^^^^^^^^^^^^^^^^^^^^^^^^^^^^^^
  File "/home/bond-servant-in-training/Documents/Virtualenvs/AutoGrader_env/lib/python3.12/site-packages/django_redis/client/default.py", line 653, in incr
    return self._incr(
           ^^^^^^^^^^^
  File "/home/bond-servant-in-training/Documents/Virtualenvs/AutoGrader_env/lib/python3.12/site-packages/django_redis/client/default.py", line 595, in _incr
    client = self.get_client(write=True)
             ^^^^^^^^^^^^^^^^^^^^^^^^^^^
  File "/home/bond-servant-in-training/Documents/Projects/Grade-Automator-Plus-cache-commit-race/AutoGrader/tests_cache_commit_race.py", line 355, in get_client
    raise failure
  File "/home/bond-servant-in-training/Documents/Projects/Grade-Automator-Plus-cache-commit-race/AutoGrader/cache_generation.py", line 169, in bump_generation
    return _incr_or_create(key)
           ^^^^^^^^^^^^^^^^^^^^
  File "/home/bond-servant-in-training/Documents/Projects/Grade-Automator-Plus-cache-commit-race/AutoGrader/cache_generation.py", line 199, in _incr_or_create
    return cache.incr(key)
           ^^^^^^^^^^^^^^^
  File "/home/bond-servant-in-training/Documents/Virtualenvs/AutoGrader_env/lib/python3.12/site-packages/django_redis/cache.py", line 29, in _decorator
    return method(self, *args, **kwargs)
           ^^^^^^^^^^^^^^^^^^^^^^^^^^^^^
  File "/home/bond-servant-in-training/Documents/Virtualenvs/AutoGrader_env/lib/python3.12/site-packages/django_redis/cache.py", line 130, in incr
    return self.client.incr(*args, **kwargs)
           ^^^^^^^^^^^^^^^^^^^^^^^^^^^^^^^^^
  File "/home/bond-servant-in-training/Documents/Virtualenvs/AutoGrader_env/lib/python3.12/site-packages/django_redis/client/default.py", line 653, in incr
    return self._incr(
           ^^^^^^^^^^^
  File "/home/bond-servant-in-training/Documents/Virtualenvs/AutoGrader_env/lib/python3.12/site-packages/django_redis/client/default.py", line 595, in _incr
    client = self.get_client(write=True)
             ^^^^^^^^^^^^^^^^^^^^^^^^^^^
  File "/home/bond-servant-in-training/Documents/Projects/Grade-Automator-Plus-cache-commit-race/AutoGrader/tests_cache_commit_race.py", line 355, in get_client
    raise failure
  File "/home/bond-servant-in-training/Documents/Projects/Grade-Automator-Plus-cache-commit-race/AutoGrader/cache_generation.py", line 169, in bump_generation
    return _incr_or_create(key)
           ^^^^^^^^^^^^^^^^^^^^
  File "/home/bond-servant-in-training/Documents/Projects/Grade-Automator-Plus-cache-commit-race/AutoGrader/cache_generation.py", line 199, in _incr_or_create
    return cache.incr(key)
           ^^^^^^^^^^^^^^^
  File "/home/bond-servant-in-training/Documents/Virtualenvs/AutoGrader_env/lib/python3.12/site-packages/django_redis/cache.py", line 29, in _decorator
    return method(self, *args, **kwargs)
           ^^^^^^^^^^^^^^^^^^^^^^^^^^^^^
  File "/home/bond-servant-in-training/Documents/Virtualenvs/AutoGrader_env/lib/python3.12/site-packages/django_redis/cache.py", line 130, in incr
    return self.client.incr(*args, **kwargs)
           ^^^^^^^^^^^^^^^^^^^^^^^^^^^^^^^^^
  File "/home/bond-servant-in-training/Documents/Virtualenvs/AutoGrader_env/lib/python3.12/site-packages/django_redis/client/default.py", line 653, in incr
    return self._incr(
           ^^^^^^^^^^^
  File "/home/bond-servant-in-training/Documents/Virtualenvs/AutoGrader_env/lib/python3.12/site-packages/django_redis/client/default.py", line 595, in _incr
    client = self.get_client(write=True)
             ^^^^^^^^^^^^^^^^^^^^^^^^^^^
  File "/home/bond-servant-in-training/Documents/Projects/Grade-Automator-Plus-cache-commit-race/AutoGrader/tests_cache_commit_race.py", line 355, in get_client
    raise failure
  File "/home/bond-servant-in-training/Documents/Projects/Grade-Automator-Plus-cache-commit-race/AutoGrader/cache_generation.py", line 275, in _bump_pipelined
    client = cache.client.get_client(write=True)
             ^^^^^^^^^^^^^^^^^^^^^^^^^^^^^^^^^^^
  File "/home/bond-servant-in-training/Documents/Projects/Grade-Automator-Plus-cache-commit-race/AutoGrader/tests_cache_commit_race.py", line 355, in get_client
    raise failure
  File "/home/bond-servant-in-training/Documents/Projects/Grade-Automator-Plus-cache-commit-race/AutoGrader/cache_generation.py", line 169, in bump_generation
    return _incr_or_create(key)
           ^^^^^^^^^^^^^^^^^^^^
  File "/home/bond-servant-in-training/Documents/Projects/Grade-Automator-Plus-cache-commit-race/AutoGrader/cache_generation.py", line 199, in _incr_or_create
    return cache.incr(key)
           ^^^^^^^^^^^^^^^
  File "/home/bond-servant-in-training/Documents/Virtualenvs/AutoGrader_env/lib/python3.12/site-packages/django_redis/cache.py", line 29, in _decorator
    return method(self, *args, **kwargs)
           ^^^^^^^^^^^^^^^^^^^^^^^^^^^^^
  File "/home/bond-servant-in-training/Documents/Virtualenvs/AutoGrader_env/lib/python3.12/site-packages/django_redis/cache.py", line 130, in incr
    return self.client.incr(*args, **kwargs)
           ^^^^^^^^^^^^^^^^^^^^^^^^^^^^^^^^^
  File "/home/bond-servant-in-training/Documents/Virtualenvs/AutoGrader_env/lib/python3.12/site-packages/django_redis/client/default.py", line 653, in incr
    return self._incr(
           ^^^^^^^^^^^
  File "/home/bond-servant-in-training/Documents/Virtualenvs/AutoGrader_env/lib/python3.12/site-packages/django_redis/client/default.py", line 595, in _incr
    client = self.get_client(write=True)
             ^^^^^^^^^^^^^^^^^^^^^^^^^^^
  File "/home/bond-servant-in-training/Documents/Projects/Grade-Automator-Plus-cache-commit-race/AutoGrader/tests_cache_commit_race.py", line 355, in get_client
    raise failure
  File "/home/bond-servant-in-training/Documents/Projects/Grade-Automator-Plus-cache-commit-race/AutoGrader/cache_generation.py", line 169, in bump_generation
    return _incr_or_create(key)
           ^^^^^^^^^^^^^^^^^^^^
  File "/home/bond-servant-in-training/Documents/Projects/Grade-Automator-Plus-cache-commit-race/AutoGrader/cache_generation.py", line 199, in _incr_or_create
    return cache.incr(key)
           ^^^^^^^^^^^^^^^
  File "/home/bond-servant-in-training/Documents/Virtualenvs/AutoGrader_env/lib/python3.12/site-packages/django_redis/cache.py", line 29, in _decorator
    return method(self, *args, **kwargs)
           ^^^^^^^^^^^^^^^^^^^^^^^^^^^^^
  File "/home/bond-servant-in-training/Documents/Virtualenvs/AutoGrader_env/lib/python3.12/site-packages/django_redis/cache.py", line 130, in incr
    return self.client.incr(*args, **kwargs)
           ^^^^^^^^^^^^^^^^^^^^^^^^^^^^^^^^^
  File "/home/bond-servant-in-training/Documents/Virtualenvs/AutoGrader_env/lib/python3.12/site-packages/django_redis/client/default.py", line 653, in incr
    return self._incr(
           ^^^^^^^^^^^
  File "/home/bond-servant-in-training/Documents/Virtualenvs/AutoGrader_env/lib/python3.12/site-packages/django_redis/client/default.py", line 595, in _incr
    client = self.get_client(write=True)
             ^^^^^^^^^^^^^^^^^^^^^^^^^^^
  File "/home/bond-servant-in-training/Documents/Projects/Grade-Automator-Plus-cache-commit-race/AutoGrader/tests_cache_commit_race.py", line 355, in get_client
    raise failure
  File "/home/bond-servant-in-training/Documents/Projects/Grade-Automator-Plus-cache-commit-race/AutoGrader/cache_generation.py", line 169, in bump_generation
    return _incr_or_create(key)
           ^^^^^^^^^^^^^^^^^^^^
  File "/home/bond-servant-in-training/Documents/Projects/Grade-Automator-Plus-cache-commit-race/AutoGrader/cache_generation.py", line 199, in _incr_or_create
    return cache.incr(key)
           ^^^^^^^^^^^^^^^
  File "/home/bond-servant-in-training/Documents/Virtualenvs/AutoGrader_env/lib/python3.12/site-packages/django_redis/cache.py", line 29, in _decorator
    return method(self, *args, **kwargs)
           ^^^^^^^^^^^^^^^^^^^^^^^^^^^^^
  File "/home/bond-servant-in-training/Documents/Virtualenvs/AutoGrader_env/lib/python3.12/site-packages/django_redis/cache.py", line 130, in incr
    return self.client.incr(*args, **kwargs)
           ^^^^^^^^^^^^^^^^^^^^^^^^^^^^^^^^^
  File "/home/bond-servant-in-training/Documents/Virtualenvs/AutoGrader_env/lib/python3.12/site-packages/django_redis/client/default.py", line 653, in incr
    return self._incr(
           ^^^^^^^^^^^
  File "/home/bond-servant-in-training/Documents/Virtualenvs/AutoGrader_env/lib/python3.12/site-packages/django_redis/client/default.py", line 595, in _incr
    client = self.get_client(write=True)
             ^^^^^^^^^^^^^^^^^^^^^^^^^^^
  File "/home/bond-servant-in-training/Documents/Projects/Grade-Automator-Plus-cache-commit-race/AutoGrader/tests_cache_commit_race.py", line 355, in get_client
    raise failure
  File "/home/bond-servant-in-training/Documents/Projects/Grade-Automator-Plus-cache-commit-race/AutoGrader/cache_generation.py", line 169, in bump_generation
    return _incr_or_create(key)
           ^^^^^^^^^^^^^^^^^^^^
  File "/home/bond-servant-in-training/Documents/Projects/Grade-Automator-Plus-cache-commit-race/AutoGrader/cache_generation.py", line 199, in _incr_or_create
    return cache.incr(key)
           ^^^^^^^^^^^^^^^
  File "/home/bond-servant-in-training/Documents/Virtualenvs/AutoGrader_env/lib/python3.12/site-packages/django_redis/cache.py", line 29, in _decorator
    return method(self, *args, **kwargs)
           ^^^^^^^^^^^^^^^^^^^^^^^^^^^^^
  File "/home/bond-servant-in-training/Documents/Virtualenvs/AutoGrader_env/lib/python3.12/site-packages/django_redis/cache.py", line 130, in incr
    return self.client.incr(*args, **kwargs)
           ^^^^^^^^^^^^^^^^^^^^^^^^^^^^^^^^^
  File "/home/bond-servant-in-training/Documents/Virtualenvs/AutoGrader_env/lib/python3.12/site-packages/django_redis/client/default.py", line 653, in incr
    return self._incr(
           ^^^^^^^^^^^
  File "/home/bond-servant-in-training/Documents/Virtualenvs/AutoGrader_env/lib/python3.12/site-packages/django_redis/client/default.py", line 595, in _incr
    client = self.get_client(write=True)
             ^^^^^^^^^^^^^^^^^^^^^^^^^^^
  File "/home/bond-servant-in-training/Documents/Projects/Grade-Automator-Plus-cache-commit-race/AutoGrader/tests_cache_commit_race.py", line 355, in get_client
    raise failure
  File "/home/bond-servant-in-training/Documents/Projects/Grade-Automator-Plus-cache-commit-race/AutoGrader/cache_generation.py", line 275, in _bump_pipelined
    client = cache.client.get_client(write=True)
             ^^^^^^^^^^^^^^^^^^^^^^^^^^^^^^^^^^^
  File "/home/bond-servant-in-training/Documents/Projects/Grade-Automator-Plus-cache-commit-race/AutoGrader/tests_cache_commit_race.py", line 355, in get_client
    raise failure
ConnectionError: redis unavailable
[2026-09-17 19:54:06,737: ERROR/MainProcess] Cache generation bump failed for cachegen:global; entries keyed on it will serve stale data until their TTL expires.
Traceback (most recent call last):
  File "/home/bond-servant-in-training/Documents/Projects/Grade-Automator-Plus-cache-commit-race/AutoGrader/cache_generation.py", line 169, in bump_generation
    return _incr_or_create(key)
           ^^^^^^^^^^^^^^^^^^^^
  File "/home/bond-servant-in-training/Documents/Projects/Grade-Automator-Plus-cache-commit-race/AutoGrader/cache_generation.py", line 199, in _incr_or_create
    return cache.incr(key)
           ^^^^^^^^^^^^^^^
  File "/home/bond-servant-in-training/Documents/Virtualenvs/AutoGrader_env/lib/python3.12/site-packages/django_redis/cache.py", line 29, in _decorator
    return method(self, *args, **kwargs)
           ^^^^^^^^^^^^^^^^^^^^^^^^^^^^^
  File "/home/bond-servant-in-training/Documents/Virtualenvs/AutoGrader_env/lib/python3.12/site-packages/django_redis/cache.py", line 130, in incr
    return self.client.incr(*args, **kwargs)
           ^^^^^^^^^^^^^^^^^^^^^^^^^^^^^^^^^
  File "/home/bond-servant-in-training/Documents/Virtualenvs/AutoGrader_env/lib/python3.12/site-packages/django_redis/client/default.py", line 653, in incr
    return self._incr(
           ^^^^^^^^^^^
  File "/home/bond-servant-in-training/Documents/Virtualenvs/AutoGrader_env/lib/python3.12/site-packages/django_redis/client/default.py", line 595, in _incr
    client = self.get_client(write=True)
             ^^^^^^^^^^^^^^^^^^^^^^^^^^^
  File "/home/bond-servant-in-training/Documents/Projects/Grade-Automator-Plus-cache-commit-race/AutoGrader/tests_cache_commit_race.py", line 355, in get_client
    raise failure
  File "/home/bond-servant-in-training/Documents/Projects/Grade-Automator-Plus-cache-commit-race/AutoGrader/cache_generation.py", line 275, in _bump_pipelined
    client = cache.client.get_client(write=True)
             ^^^^^^^^^^^^^^^^^^^^^^^^^^^^^^^^^^^
  File "/home/bond-servant-in-training/Documents/Projects/Grade-Automator-Plus-cache-commit-race/AutoGrader/tests_cache_commit_race.py", line 355, in get_client
    raise failure
  File "/home/bond-servant-in-training/Documents/Projects/Grade-Automator-Plus-cache-commit-race/AutoGrader/cache_generation.py", line 169, in bump_generation
    return _incr_or_create(key)
           ^^^^^^^^^^^^^^^^^^^^
  File "/home/bond-servant-in-training/Documents/Projects/Grade-Automator-Plus-cache-commit-race/AutoGrader/cache_generation.py", line 199, in _incr_or_create
    return cache.incr(key)
           ^^^^^^^^^^^^^^^
  File "/home/bond-servant-in-training/Documents/Virtualenvs/AutoGrader_env/lib/python3.12/site-packages/django_redis/cache.py", line 29, in _decorator
    return method(self, *args, **kwargs)
           ^^^^^^^^^^^^^^^^^^^^^^^^^^^^^
  File "/home/bond-servant-in-training/Documents/Virtualenvs/AutoGrader_env/lib/python3.12/site-packages/django_redis/cache.py", line 130, in incr
    return self.client.incr(*args, **kwargs)
           ^^^^^^^^^^^^^^^^^^^^^^^^^^^^^^^^^
  File "/home/bond-servant-in-training/Documents/Virtualenvs/AutoGrader_env/lib/python3.12/site-packages/django_redis/client/default.py", line 653, in incr
    return self._incr(
           ^^^^^^^^^^^
  File "/home/bond-servant-in-training/Documents/Virtualenvs/AutoGrader_env/lib/python3.12/site-packages/django_redis/client/default.py", line 595, in _incr
    client = self.get_client(write=True)
             ^^^^^^^^^^^^^^^^^^^^^^^^^^^
  File "/home/bond-servant-in-training/Documents/Projects/Grade-Automator-Plus-cache-commit-race/AutoGrader/tests_cache_commit_race.py", line 355, in get_client
    raise failure
  File "/home/bond-servant-in-training/Documents/Projects/Grade-Automator-Plus-cache-commit-race/AutoGrader/cache_generation.py", line 169, in bump_generation
    return _incr_or_create(key)
           ^^^^^^^^^^^^^^^^^^^^
  File "/home/bond-servant-in-training/Documents/Projects/Grade-Automator-Plus-cache-commit-race/AutoGrader/cache_generation.py", line 199, in _incr_or_create
    return cache.incr(key)
           ^^^^^^^^^^^^^^^
  File "/home/bond-servant-in-training/Documents/Virtualenvs/AutoGrader_env/lib/python3.12/site-packages/django_redis/cache.py", line 29, in _decorator
    return method(self, *args, **kwargs)
           ^^^^^^^^^^^^^^^^^^^^^^^^^^^^^
  File "/home/bond-servant-in-training/Documents/Virtualenvs/AutoGrader_env/lib/python3.12/site-packages/django_redis/cache.py", line 130, in incr
    return self.client.incr(*args, **kwargs)
           ^^^^^^^^^^^^^^^^^^^^^^^^^^^^^^^^^
  File "/home/bond-servant-in-training/Documents/Virtualenvs/AutoGrader_env/lib/python3.12/site-packages/django_redis/client/default.py", line 653, in incr
    return self._incr(
           ^^^^^^^^^^^
  File "/home/bond-servant-in-training/Documents/Virtualenvs/AutoGrader_env/lib/python3.12/site-packages/django_redis/client/default.py", line 595, in _incr
    client = self.get_client(write=True)
             ^^^^^^^^^^^^^^^^^^^^^^^^^^^
  File "/home/bond-servant-in-training/Documents/Projects/Grade-Automator-Plus-cache-commit-race/AutoGrader/tests_cache_commit_race.py", line 355, in get_client
    raise failure
  File "/home/bond-servant-in-training/Documents/Projects/Grade-Automator-Plus-cache-commit-race/AutoGrader/cache_generation.py", line 169, in bump_generation
    return _incr_or_create(key)
           ^^^^^^^^^^^^^^^^^^^^
  File "/home/bond-servant-in-training/Documents/Projects/Grade-Automator-Plus-cache-commit-race/AutoGrader/cache_generation.py", line 199, in _incr_or_create
    return cache.incr(key)
           ^^^^^^^^^^^^^^^
  File "/home/bond-servant-in-training/Documents/Virtualenvs/AutoGrader_env/lib/python3.12/site-packages/django_redis/cache.py", line 29, in _decorator
    return method(self, *args, **kwargs)
           ^^^^^^^^^^^^^^^^^^^^^^^^^^^^^
  File "/home/bond-servant-in-training/Documents/Virtualenvs/AutoGrader_env/lib/python3.12/site-packages/django_redis/cache.py", line 130, in incr
    return self.client.incr(*args, **kwargs)
           ^^^^^^^^^^^^^^^^^^^^^^^^^^^^^^^^^
  File "/home/bond-servant-in-training/Documents/Virtualenvs/AutoGrader_env/lib/python3.12/site-packages/django_redis/client/default.py", line 653, in incr
    return self._incr(
           ^^^^^^^^^^^
  File "/home/bond-servant-in-training/Documents/Virtualenvs/AutoGrader_env/lib/python3.12/site-packages/django_redis/client/default.py", line 595, in _incr
    client = self.get_client(write=True)
             ^^^^^^^^^^^^^^^^^^^^^^^^^^^
  File "/home/bond-servant-in-training/Documents/Projects/Grade-Automator-Plus-cache-commit-race/AutoGrader/tests_cache_commit_race.py", line 355, in get_client
    raise failure
  File "/home/bond-servant-in-training/Documents/Projects/Grade-Automator-Plus-cache-commit-race/AutoGrader/cache_generation.py", line 169, in bump_generation
    return _incr_or_create(key)
           ^^^^^^^^^^^^^^^^^^^^
  File "/home/bond-servant-in-training/Documents/Projects/Grade-Automator-Plus-cache-commit-race/AutoGrader/cache_generation.py", line 199, in _incr_or_create
    return cache.incr(key)
           ^^^^^^^^^^^^^^^
  File "/home/bond-servant-in-training/Documents/Virtualenvs/AutoGrader_env/lib/python3.12/site-packages/django_redis/cache.py", line 29, in _decorator
    return method(self, *args, **kwargs)
           ^^^^^^^^^^^^^^^^^^^^^^^^^^^^^
  File "/home/bond-servant-in-training/Documents/Virtualenvs/AutoGrader_env/lib/python3.12/site-packages/django_redis/cache.py", line 130, in incr
    return self.client.incr(*args, **kwargs)
           ^^^^^^^^^^^^^^^^^^^^^^^^^^^^^^^^^
  File "/home/bond-servant-in-training/Documents/Virtualenvs/AutoGrader_env/lib/python3.12/site-packages/django_redis/client/default.py", line 653, in incr
    return self._incr(
           ^^^^^^^^^^^
  File "/home/bond-servant-in-training/Documents/Virtualenvs/AutoGrader_env/lib/python3.12/site-packages/django_redis/client/default.py", line 595, in _incr
    client = self.get_client(write=True)
             ^^^^^^^^^^^^^^^^^^^^^^^^^^^
  File "/home/bond-servant-in-training/Documents/Projects/Grade-Automator-Plus-cache-commit-race/AutoGrader/tests_cache_commit_race.py", line 355, in get_client
    raise failure
  File "/home/bond-servant-in-training/Documents/Projects/Grade-Automator-Plus-cache-commit-race/AutoGrader/cache_generation.py", line 275, in _bump_pipelined
    client = cache.client.get_client(write=True)
             ^^^^^^^^^^^^^^^^^^^^^^^^^^^^^^^^^^^
  File "/home/bond-servant-in-training/Documents/Projects/Grade-Automator-Plus-cache-commit-race/AutoGrader/tests_cache_commit_race.py", line 355, in get_client
    raise failure
redis.exceptions.TimeoutError: redis timed out
[2026-09-17 19:54:06,741: ERROR/MainProcess] Cache generation bump failed for cachegen:usr:b6d26169-5479-41a1-9861-036fd7aa7f9c; entries keyed on it will serve stale data until their TTL expires.
Traceback (most recent call last):
  File "/home/bond-servant-in-training/Documents/Projects/Grade-Automator-Plus-cache-commit-race/AutoGrader/cache_generation.py", line 169, in bump_generation
    return _incr_or_create(key)
           ^^^^^^^^^^^^^^^^^^^^
  File "/home/bond-servant-in-training/Documents/Projects/Grade-Automator-Plus-cache-commit-race/AutoGrader/cache_generation.py", line 199, in _incr_or_create
    return cache.incr(key)
           ^^^^^^^^^^^^^^^
  File "/home/bond-servant-in-training/Documents/Virtualenvs/AutoGrader_env/lib/python3.12/site-packages/django_redis/cache.py", line 29, in _decorator
    return method(self, *args, **kwargs)
           ^^^^^^^^^^^^^^^^^^^^^^^^^^^^^
  File "/home/bond-servant-in-training/Documents/Virtualenvs/AutoGrader_env/lib/python3.12/site-packages/django_redis/cache.py", line 130, in incr
    return self.client.incr(*args, **kwargs)
           ^^^^^^^^^^^^^^^^^^^^^^^^^^^^^^^^^
  File "/home/bond-servant-in-training/Documents/Virtualenvs/AutoGrader_env/lib/python3.12/site-packages/django_redis/client/default.py", line 653, in incr
    return self._incr(
           ^^^^^^^^^^^
  File "/home/bond-servant-in-training/Documents/Virtualenvs/AutoGrader_env/lib/python3.12/site-packages/django_redis/client/default.py", line 595, in _incr
    client = self.get_client(write=True)
             ^^^^^^^^^^^^^^^^^^^^^^^^^^^
  File "/home/bond-servant-in-training/Documents/Projects/Grade-Automator-Plus-cache-commit-race/AutoGrader/tests_cache_commit_race.py", line 355, in get_client
    raise failure
  File "/home/bond-servant-in-training/Documents/Projects/Grade-Automator-Plus-cache-commit-race/AutoGrader/cache_generation.py", line 169, in bump_generation
    return _incr_or_create(key)
           ^^^^^^^^^^^^^^^^^^^^
  File "/home/bond-servant-in-training/Documents/Projects/Grade-Automator-Plus-cache-commit-race/AutoGrader/cache_generation.py", line 199, in _incr_or_create
    return cache.incr(key)
           ^^^^^^^^^^^^^^^
  File "/home/bond-servant-in-training/Documents/Virtualenvs/AutoGrader_env/lib/python3.12/site-packages/django_redis/cache.py", line 29, in _decorator
    return method(self, *args, **kwargs)
           ^^^^^^^^^^^^^^^^^^^^^^^^^^^^^
  File "/home/bond-servant-in-training/Documents/Virtualenvs/AutoGrader_env/lib/python3.12/site-packages/django_redis/cache.py", line 130, in incr
    return self.client.incr(*args, **kwargs)
           ^^^^^^^^^^^^^^^^^^^^^^^^^^^^^^^^^
  File "/home/bond-servant-in-training/Documents/Virtualenvs/AutoGrader_env/lib/python3.12/site-packages/django_redis/client/default.py", line 653, in incr
    return self._incr(
           ^^^^^^^^^^^
  File "/home/bond-servant-in-training/Documents/Virtualenvs/AutoGrader_env/lib/python3.12/site-packages/django_redis/client/default.py", line 595, in _incr
    client = self.get_client(write=True)
             ^^^^^^^^^^^^^^^^^^^^^^^^^^^
  File "/home/bond-servant-in-training/Documents/Projects/Grade-Automator-Plus-cache-commit-race/AutoGrader/tests_cache_commit_race.py", line 355, in get_client
    raise failure
  File "/home/bond-servant-in-training/Documents/Projects/Grade-Automator-Plus-cache-commit-race/AutoGrader/cache_generation.py", line 275, in _bump_pipelined
    client = cache.client.get_client(write=True)
             ^^^^^^^^^^^^^^^^^^^^^^^^^^^^^^^^^^^
  File "/home/bond-servant-in-training/Documents/Projects/Grade-Automator-Plus-cache-commit-race/AutoGrader/tests_cache_commit_race.py", line 355, in get_client
    raise failure
  File "/home/bond-servant-in-training/Documents/Projects/Grade-Automator-Plus-cache-commit-race/AutoGrader/cache_generation.py", line 169, in bump_generation
    return _incr_or_create(key)
           ^^^^^^^^^^^^^^^^^^^^
  File "/home/bond-servant-in-training/Documents/Projects/Grade-Automator-Plus-cache-commit-race/AutoGrader/cache_generation.py", line 199, in _incr_or_create
    return cache.incr(key)
           ^^^^^^^^^^^^^^^
  File "/home/bond-servant-in-training/Documents/Virtualenvs/AutoGrader_env/lib/python3.12/site-packages/django_redis/cache.py", line 29, in _decorator
    return method(self, *args, **kwargs)
           ^^^^^^^^^^^^^^^^^^^^^^^^^^^^^
  File "/home/bond-servant-in-training/Documents/Virtualenvs/AutoGrader_env/lib/python3.12/site-packages/django_redis/cache.py", line 130, in incr
    return self.client.incr(*args, **kwargs)
           ^^^^^^^^^^^^^^^^^^^^^^^^^^^^^^^^^
  File "/home/bond-servant-in-training/Documents/Virtualenvs/AutoGrader_env/lib/python3.12/site-packages/django_redis/client/default.py", line 653, in incr
    return self._incr(
           ^^^^^^^^^^^
  File "/home/bond-servant-in-training/Documents/Virtualenvs/AutoGrader_env/lib/python3.12/site-packages/django_redis/client/default.py", line 595, in _incr
    client = self.get_client(write=True)
             ^^^^^^^^^^^^^^^^^^^^^^^^^^^
  File "/home/bond-servant-in-training/Documents/Projects/Grade-Automator-Plus-cache-commit-race/AutoGrader/tests_cache_commit_race.py", line 355, in get_client
    raise failure
  File "/home/bond-servant-in-training/Documents/Projects/Grade-Automator-Plus-cache-commit-race/AutoGrader/cache_generation.py", line 169, in bump_generation
    return _incr_or_create(key)
           ^^^^^^^^^^^^^^^^^^^^
  File "/home/bond-servant-in-training/Documents/Projects/Grade-Automator-Plus-cache-commit-race/AutoGrader/cache_generation.py", line 199, in _incr_or_create
    return cache.incr(key)
           ^^^^^^^^^^^^^^^
  File "/home/bond-servant-in-training/Documents/Virtualenvs/AutoGrader_env/lib/python3.12/site-packages/django_redis/cache.py", line 29, in _decorator
    return method(self, *args, **kwargs)
           ^^^^^^^^^^^^^^^^^^^^^^^^^^^^^
  File "/home/bond-servant-in-training/Documents/Virtualenvs/AutoGrader_env/lib/python3.12/site-packages/django_redis/cache.py", line 130, in incr
    return self.client.incr(*args, **kwargs)
           ^^^^^^^^^^^^^^^^^^^^^^^^^^^^^^^^^
  File "/home/bond-servant-in-training/Documents/Virtualenvs/AutoGrader_env/lib/python3.12/site-packages/django_redis/client/default.py", line 653, in incr
    return self._incr(
           ^^^^^^^^^^^
  File "/home/bond-servant-in-training/Documents/Virtualenvs/AutoGrader_env/lib/python3.12/site-packages/django_redis/client/default.py", line 595, in _incr
    client = self.get_client(write=True)
             ^^^^^^^^^^^^^^^^^^^^^^^^^^^
  File "/home/bond-servant-in-training/Documents/Projects/Grade-Automator-Plus-cache-commit-race/AutoGrader/tests_cache_commit_race.py", line 355, in get_client
    raise failure
  File "/home/bond-servant-in-training/Documents/Projects/Grade-Automator-Plus-cache-commit-race/AutoGrader/cache_generation.py", line 169, in bump_generation
    return _incr_or_create(key)
           ^^^^^^^^^^^^^^^^^^^^
  File "/home/bond-servant-in-training/Documents/Projects/Grade-Automator-Plus-cache-commit-race/AutoGrader/cache_generation.py", line 199, in _incr_or_create
    return cache.incr(key)
           ^^^^^^^^^^^^^^^
  File "/home/bond-servant-in-training/Documents/Virtualenvs/AutoGrader_env/lib/python3.12/site-packages/django_redis/cache.py", line 29, in _decorator
    return method(self, *args, **kwargs)
           ^^^^^^^^^^^^^^^^^^^^^^^^^^^^^
  File "/home/bond-servant-in-training/Documents/Virtualenvs/AutoGrader_env/lib/python3.12/site-packages/django_redis/cache.py", line 130, in incr
    return self.client.incr(*args, **kwargs)
           ^^^^^^^^^^^^^^^^^^^^^^^^^^^^^^^^^
  File "/home/bond-servant-in-training/Documents/Virtualenvs/AutoGrader_env/lib/python3.12/site-packages/django_redis/client/default.py", line 653, in incr
    return self._incr(
           ^^^^^^^^^^^
  File "/home/bond-servant-in-training/Documents/Virtualenvs/AutoGrader_env/lib/python3.12/site-packages/django_redis/client/default.py", line 595, in _incr
    client = self.get_client(write=True)
             ^^^^^^^^^^^^^^^^^^^^^^^^^^^
  File "/home/bond-servant-in-training/Documents/Projects/Grade-Automator-Plus-cache-commit-race/AutoGrader/tests_cache_commit_race.py", line 355, in get_client
    raise failure
  File "/home/bond-servant-in-training/Documents/Projects/Grade-Automator-Plus-cache-commit-race/AutoGrader/cache_generation.py", line 169, in bump_generation
    return _incr_or_create(key)
           ^^^^^^^^^^^^^^^^^^^^
  File "/home/bond-servant-in-training/Documents/Projects/Grade-Automator-Plus-cache-commit-race/AutoGrader/cache_generation.py", line 199, in _incr_or_create
    return cache.incr(key)
           ^^^^^^^^^^^^^^^
  File "/home/bond-servant-in-training/Documents/Virtualenvs/AutoGrader_env/lib/python3.12/site-packages/django_redis/cache.py", line 29, in _decorator
    return method(self, *args, **kwargs)
           ^^^^^^^^^^^^^^^^^^^^^^^^^^^^^
  File "/home/bond-servant-in-training/Documents/Virtualenvs/AutoGrader_env/lib/python3.12/site-packages/django_redis/cache.py", line 130, in incr
    return self.client.incr(*args, **kwargs)
           ^^^^^^^^^^^^^^^^^^^^^^^^^^^^^^^^^
  File "/home/bond-servant-in-training/Documents/Virtualenvs/AutoGrader_env/lib/python3.12/site-packages/django_redis/client/default.py", line 653, in incr
    return self._incr(
           ^^^^^^^^^^^
  File "/home/bond-servant-in-training/Documents/Virtualenvs/AutoGrader_env/lib/python3.12/site-packages/django_redis/client/default.py", line 595, in _incr
    client = self.get_client(write=True)
             ^^^^^^^^^^^^^^^^^^^^^^^^^^^
  File "/home/bond-servant-in-training/Documents/Projects/Grade-Automator-Plus-cache-commit-race/AutoGrader/tests_cache_commit_race.py", line 355, in get_client
    raise failure
  File "/home/bond-servant-in-training/Documents/Projects/Grade-Automator-Plus-cache-commit-race/AutoGrader/cache_generation.py", line 275, in _bump_pipelined
    client = cache.client.get_client(write=True)
             ^^^^^^^^^^^^^^^^^^^^^^^^^^^^^^^^^^^
  File "/home/bond-servant-in-training/Documents/Projects/Grade-Automator-Plus-cache-commit-race/AutoGrader/tests_cache_commit_race.py", line 355, in get_client
    raise failure
redis.exceptions.TimeoutError: redis timed out
[2026-09-17 19:54:06,743: ERROR/MainProcess] Cache generation bump failed for cachegen:crs:5a6a0ff1-a97d-4703-8bca-b3703a08e8e8; entries keyed on it will serve stale data until their TTL expires.
Traceback (most recent call last):
  File "/home/bond-servant-in-training/Documents/Projects/Grade-Automator-Plus-cache-commit-race/AutoGrader/cache_generation.py", line 169, in bump_generation
    return _incr_or_create(key)
           ^^^^^^^^^^^^^^^^^^^^
  File "/home/bond-servant-in-training/Documents/Projects/Grade-Automator-Plus-cache-commit-race/AutoGrader/cache_generation.py", line 199, in _incr_or_create
    return cache.incr(key)
           ^^^^^^^^^^^^^^^
  File "/home/bond-servant-in-training/Documents/Virtualenvs/AutoGrader_env/lib/python3.12/site-packages/django_redis/cache.py", line 29, in _decorator
    return method(self, *args, **kwargs)
           ^^^^^^^^^^^^^^^^^^^^^^^^^^^^^
  File "/home/bond-servant-in-training/Documents/Virtualenvs/AutoGrader_env/lib/python3.12/site-packages/django_redis/cache.py", line 130, in incr
    return self.client.incr(*args, **kwargs)
           ^^^^^^^^^^^^^^^^^^^^^^^^^^^^^^^^^
  File "/home/bond-servant-in-training/Documents/Virtualenvs/AutoGrader_env/lib/python3.12/site-packages/django_redis/client/default.py", line 653, in incr
    return self._incr(
           ^^^^^^^^^^^
  File "/home/bond-servant-in-training/Documents/Virtualenvs/AutoGrader_env/lib/python3.12/site-packages/django_redis/client/default.py", line 595, in _incr
    client = self.get_client(write=True)
             ^^^^^^^^^^^^^^^^^^^^^^^^^^^
  File "/home/bond-servant-in-training/Documents/Projects/Grade-Automator-Plus-cache-commit-race/AutoGrader/tests_cache_commit_race.py", line 355, in get_client
    raise failure
  File "/home/bond-servant-in-training/Documents/Projects/Grade-Automator-Plus-cache-commit-race/AutoGrader/cache_generation.py", line 169, in bump_generation
    return _incr_or_create(key)
           ^^^^^^^^^^^^^^^^^^^^
  File "/home/bond-servant-in-training/Documents/Projects/Grade-Automator-Plus-cache-commit-race/AutoGrader/cache_generation.py", line 199, in _incr_or_create
    return cache.incr(key)
           ^^^^^^^^^^^^^^^
  File "/home/bond-servant-in-training/Documents/Virtualenvs/AutoGrader_env/lib/python3.12/site-packages/django_redis/cache.py", line 29, in _decorator
    return method(self, *args, **kwargs)
           ^^^^^^^^^^^^^^^^^^^^^^^^^^^^^
  File "/home/bond-servant-in-training/Documents/Virtualenvs/AutoGrader_env/lib/python3.12/site-packages/django_redis/cache.py", line 130, in incr
    return self.client.incr(*args, **kwargs)
           ^^^^^^^^^^^^^^^^^^^^^^^^^^^^^^^^^
  File "/home/bond-servant-in-training/Documents/Virtualenvs/AutoGrader_env/lib/python3.12/site-packages/django_redis/client/default.py", line 653, in incr
    return self._incr(
           ^^^^^^^^^^^
  File "/home/bond-servant-in-training/Documents/Virtualenvs/AutoGrader_env/lib/python3.12/site-packages/django_redis/client/default.py", line 595, in _incr
    client = self.get_client(write=True)
             ^^^^^^^^^^^^^^^^^^^^^^^^^^^
  File "/home/bond-servant-in-training/Documents/Projects/Grade-Automator-Plus-cache-commit-race/AutoGrader/tests_cache_commit_race.py", line 355, in get_client
    raise failure
  File "/home/bond-servant-in-training/Documents/Projects/Grade-Automator-Plus-cache-commit-race/AutoGrader/cache_generation.py", line 169, in bump_generation
    return _incr_or_create(key)
           ^^^^^^^^^^^^^^^^^^^^
  File "/home/bond-servant-in-training/Documents/Projects/Grade-Automator-Plus-cache-commit-race/AutoGrader/cache_generation.py", line 199, in _incr_or_create
    return cache.incr(key)
           ^^^^^^^^^^^^^^^
  File "/home/bond-servant-in-training/Documents/Virtualenvs/AutoGrader_env/lib/python3.12/site-packages/django_redis/cache.py", line 29, in _decorator
    return method(self, *args, **kwargs)
           ^^^^^^^^^^^^^^^^^^^^^^^^^^^^^
  File "/home/bond-servant-in-training/Documents/Virtualenvs/AutoGrader_env/lib/python3.12/site-packages/django_redis/cache.py", line 130, in incr
    return self.client.incr(*args, **kwargs)
           ^^^^^^^^^^^^^^^^^^^^^^^^^^^^^^^^^
  File "/home/bond-servant-in-training/Documents/Virtualenvs/AutoGrader_env/lib/python3.12/site-packages/django_redis/client/default.py", line 653, in incr
    return self._incr(
           ^^^^^^^^^^^
  File "/home/bond-servant-in-training/Documents/Virtualenvs/AutoGrader_env/lib/python3.12/site-packages/django_redis/client/default.py", line 595, in _incr
    client = self.get_client(write=True)
             ^^^^^^^^^^^^^^^^^^^^^^^^^^^
  File "/home/bond-servant-in-training/Documents/Projects/Grade-Automator-Plus-cache-commit-race/AutoGrader/tests_cache_commit_race.py", line 355, in get_client
    raise failure
  File "/home/bond-servant-in-training/Documents/Projects/Grade-Automator-Plus-cache-commit-race/AutoGrader/cache_generation.py", line 275, in _bump_pipelined
    client = cache.client.get_client(write=True)
             ^^^^^^^^^^^^^^^^^^^^^^^^^^^^^^^^^^^
  File "/home/bond-servant-in-training/Documents/Projects/Grade-Automator-Plus-cache-commit-race/AutoGrader/tests_cache_commit_race.py", line 355, in get_client
    raise failure
  File "/home/bond-servant-in-training/Documents/Projects/Grade-Automator-Plus-cache-commit-race/AutoGrader/cache_generation.py", line 169, in bump_generation
    return _incr_or_create(key)
           ^^^^^^^^^^^^^^^^^^^^
  File "/home/bond-servant-in-training/Documents/Projects/Grade-Automator-Plus-cache-commit-race/AutoGrader/cache_generation.py", line 199, in _incr_or_create
    return cache.incr(key)
           ^^^^^^^^^^^^^^^
  File "/home/bond-servant-in-training/Documents/Virtualenvs/AutoGrader_env/lib/python3.12/site-packages/django_redis/cache.py", line 29, in _decorator
    return method(self, *args, **kwargs)
           ^^^^^^^^^^^^^^^^^^^^^^^^^^^^^
  File "/home/bond-servant-in-training/Documents/Virtualenvs/AutoGrader_env/lib/python3.12/site-packages/django_redis/cache.py", line 130, in incr
    return self.client.incr(*args, **kwargs)
           ^^^^^^^^^^^^^^^^^^^^^^^^^^^^^^^^^
  File "/home/bond-servant-in-training/Documents/Virtualenvs/AutoGrader_env/lib/python3.12/site-packages/django_redis/client/default.py", line 653, in incr
    return self._incr(
           ^^^^^^^^^^^
  File "/home/bond-servant-in-training/Documents/Virtualenvs/AutoGrader_env/lib/python3.12/site-packages/django_redis/client/default.py", line 595, in _incr
    client = self.get_client(write=True)
             ^^^^^^^^^^^^^^^^^^^^^^^^^^^
  File "/home/bond-servant-in-training/Documents/Projects/Grade-Automator-Plus-cache-commit-race/AutoGrader/tests_cache_commit_race.py", line 355, in get_client
    raise failure
  File "/home/bond-servant-in-training/Documents/Projects/Grade-Automator-Plus-cache-commit-race/AutoGrader/cache_generation.py", line 169, in bump_generation
    return _incr_or_create(key)
           ^^^^^^^^^^^^^^^^^^^^
  File "/home/bond-servant-in-training/Documents/Projects/Grade-Automator-Plus-cache-commit-race/AutoGrader/cache_generation.py", line 199, in _incr_or_create
    return cache.incr(key)
           ^^^^^^^^^^^^^^^
  File "/home/bond-servant-in-training/Documents/Virtualenvs/AutoGrader_env/lib/python3.12/site-packages/django_redis/cache.py", line 29, in _decorator
    return method(self, *args, **kwargs)
           ^^^^^^^^^^^^^^^^^^^^^^^^^^^^^
  File "/home/bond-servant-in-training/Documents/Virtualenvs/AutoGrader_env/lib/python3.12/site-packages/django_redis/cache.py", line 130, in incr
    return self.client.incr(*args, **kwargs)
           ^^^^^^^^^^^^^^^^^^^^^^^^^^^^^^^^^
  File "/home/bond-servant-in-training/Documents/Virtualenvs/AutoGrader_env/lib/python3.12/site-packages/django_redis/client/default.py", line 653, in incr
    return self._incr(
           ^^^^^^^^^^^
  File "/home/bond-servant-in-training/Documents/Virtualenvs/AutoGrader_env/lib/python3.12/site-packages/django_redis/client/default.py", line 595, in _incr
    client = self.get_client(write=True)
             ^^^^^^^^^^^^^^^^^^^^^^^^^^^
  File "/home/bond-servant-in-training/Documents/Projects/Grade-Automator-Plus-cache-commit-race/AutoGrader/tests_cache_commit_race.py", line 355, in get_client
    raise failure
  File "/home/bond-servant-in-training/Documents/Projects/Grade-Automator-Plus-cache-commit-race/AutoGrader/cache_generation.py", line 169, in bump_generation
    return _incr_or_create(key)
           ^^^^^^^^^^^^^^^^^^^^
  File "/home/bond-servant-in-training/Documents/Projects/Grade-Automator-Plus-cache-commit-race/AutoGrader/cache_generation.py", line 199, in _incr_or_create
    return cache.incr(key)
           ^^^^^^^^^^^^^^^
  File "/home/bond-servant-in-training/Documents/Virtualenvs/AutoGrader_env/lib/python3.12/site-packages/django_redis/cache.py", line 29, in _decorator
    return method(self, *args, **kwargs)
           ^^^^^^^^^^^^^^^^^^^^^^^^^^^^^
  File "/home/bond-servant-in-training/Documents/Virtualenvs/AutoGrader_env/lib/python3.12/site-packages/django_redis/cache.py", line 130, in incr
    return self.client.incr(*args, **kwargs)
           ^^^^^^^^^^^^^^^^^^^^^^^^^^^^^^^^^
  File "/home/bond-servant-in-training/Documents/Virtualenvs/AutoGrader_env/lib/python3.12/site-packages/django_redis/client/default.py", line 653, in incr
    return self._incr(
           ^^^^^^^^^^^
  File "/home/bond-servant-in-training/Documents/Virtualenvs/AutoGrader_env/lib/python3.12/site-packages/django_redis/client/default.py", line 595, in _incr
    client = self.get_client(write=True)
             ^^^^^^^^^^^^^^^^^^^^^^^^^^^
  File "/home/bond-servant-in-training/Documents/Projects/Grade-Automator-Plus-cache-commit-race/AutoGrader/tests_cache_commit_race.py", line 355, in get_client
    raise failure
  File "/home/bond-servant-in-training/Documents/Projects/Grade-Automator-Plus-cache-commit-race/AutoGrader/cache_generation.py", line 169, in bump_generation
    return _incr_or_create(key)
           ^^^^^^^^^^^^^^^^^^^^
  File "/home/bond-servant-in-training/Documents/Projects/Grade-Automator-Plus-cache-commit-race/AutoGrader/cache_generation.py", line 199, in _incr_or_create
    return cache.incr(key)
           ^^^^^^^^^^^^^^^
  File "/home/bond-servant-in-training/Documents/Virtualenvs/AutoGrader_env/lib/python3.12/site-packages/django_redis/cache.py", line 29, in _decorator
    return method(self, *args, **kwargs)
           ^^^^^^^^^^^^^^^^^^^^^^^^^^^^^
  File "/home/bond-servant-in-training/Documents/Virtualenvs/AutoGrader_env/lib/python3.12/site-packages/django_redis/cache.py", line 130, in incr
    return self.client.incr(*args, **kwargs)
           ^^^^^^^^^^^^^^^^^^^^^^^^^^^^^^^^^
  File "/home/bond-servant-in-training/Documents/Virtualenvs/AutoGrader_env/lib/python3.12/site-packages/django_redis/client/default.py", line 653, in incr
    return self._incr(
           ^^^^^^^^^^^
  File "/home/bond-servant-in-training/Documents/Virtualenvs/AutoGrader_env/lib/python3.12/site-packages/django_redis/client/default.py", line 595, in _incr
    client = self.get_client(write=True)
             ^^^^^^^^^^^^^^^^^^^^^^^^^^^
  File "/home/bond-servant-in-training/Documents/Projects/Grade-Automator-Plus-cache-commit-race/AutoGrader/tests_cache_commit_race.py", line 355, in get_client
    raise failure
  File "/home/bond-servant-in-training/Documents/Projects/Grade-Automator-Plus-cache-commit-race/AutoGrader/cache_generation.py", line 275, in _bump_pipelined
    client = cache.client.get_client(write=True)
             ^^^^^^^^^^^^^^^^^^^^^^^^^^^^^^^^^^^
  File "/home/bond-servant-in-training/Documents/Projects/Grade-Automator-Plus-cache-commit-race/AutoGrader/tests_cache_commit_race.py", line 355, in get_client
    raise failure
redis.exceptions.TimeoutError: redis timed out
[2026-09-17 19:54:06,747: ERROR/MainProcess] Cache generation bump failed for cachegen:usr:cfcfeacc-5a2a-407b-9fec-718c7801f08f; entries keyed on it will serve stale data until their TTL expires.
Traceback (most recent call last):
  File "/home/bond-servant-in-training/Documents/Projects/Grade-Automator-Plus-cache-commit-race/AutoGrader/cache_generation.py", line 169, in bump_generation
    return _incr_or_create(key)
           ^^^^^^^^^^^^^^^^^^^^
  File "/home/bond-servant-in-training/Documents/Projects/Grade-Automator-Plus-cache-commit-race/AutoGrader/cache_generation.py", line 199, in _incr_or_create
    return cache.incr(key)
           ^^^^^^^^^^^^^^^
  File "/home/bond-servant-in-training/Documents/Virtualenvs/AutoGrader_env/lib/python3.12/site-packages/django_redis/cache.py", line 29, in _decorator
    return method(self, *args, **kwargs)
           ^^^^^^^^^^^^^^^^^^^^^^^^^^^^^
  File "/home/bond-servant-in-training/Documents/Virtualenvs/AutoGrader_env/lib/python3.12/site-packages/django_redis/cache.py", line 130, in incr
    return self.client.incr(*args, **kwargs)
           ^^^^^^^^^^^^^^^^^^^^^^^^^^^^^^^^^
  File "/home/bond-servant-in-training/Documents/Virtualenvs/AutoGrader_env/lib/python3.12/site-packages/django_redis/client/default.py", line 653, in incr
    return self._incr(
           ^^^^^^^^^^^
  File "/home/bond-servant-in-training/Documents/Virtualenvs/AutoGrader_env/lib/python3.12/site-packages/django_redis/client/default.py", line 595, in _incr
    client = self.get_client(write=True)
             ^^^^^^^^^^^^^^^^^^^^^^^^^^^
  File "/home/bond-servant-in-training/Documents/Projects/Grade-Automator-Plus-cache-commit-race/AutoGrader/tests_cache_commit_race.py", line 355, in get_client
    raise failure
  File "/home/bond-servant-in-training/Documents/Projects/Grade-Automator-Plus-cache-commit-race/AutoGrader/cache_generation.py", line 169, in bump_generation
    return _incr_or_create(key)
           ^^^^^^^^^^^^^^^^^^^^
  File "/home/bond-servant-in-training/Documents/Projects/Grade-Automator-Plus-cache-commit-race/AutoGrader/cache_generation.py", line 199, in _incr_or_create
    return cache.incr(key)
           ^^^^^^^^^^^^^^^
  File "/home/bond-servant-in-training/Documents/Virtualenvs/AutoGrader_env/lib/python3.12/site-packages/django_redis/cache.py", line 29, in _decorator
    return method(self, *args, **kwargs)
           ^^^^^^^^^^^^^^^^^^^^^^^^^^^^^
  File "/home/bond-servant-in-training/Documents/Virtualenvs/AutoGrader_env/lib/python3.12/site-packages/django_redis/cache.py", line 130, in incr
    return self.client.incr(*args, **kwargs)
           ^^^^^^^^^^^^^^^^^^^^^^^^^^^^^^^^^
  File "/home/bond-servant-in-training/Documents/Virtualenvs/AutoGrader_env/lib/python3.12/site-packages/django_redis/client/default.py", line 653, in incr
    return self._incr(
           ^^^^^^^^^^^
  File "/home/bond-servant-in-training/Documents/Virtualenvs/AutoGrader_env/lib/python3.12/site-packages/django_redis/client/default.py", line 595, in _incr
    client = self.get_client(write=True)
             ^^^^^^^^^^^^^^^^^^^^^^^^^^^
  File "/home/bond-servant-in-training/Documents/Projects/Grade-Automator-Plus-cache-commit-race/AutoGrader/tests_cache_commit_race.py", line 355, in get_client
    raise failure
  File "/home/bond-servant-in-training/Documents/Projects/Grade-Automator-Plus-cache-commit-race/AutoGrader/cache_generation.py", line 169, in bump_generation
    return _incr_or_create(key)
           ^^^^^^^^^^^^^^^^^^^^
  File "/home/bond-servant-in-training/Documents/Projects/Grade-Automator-Plus-cache-commit-race/AutoGrader/cache_generation.py", line 199, in _incr_or_create
    return cache.incr(key)
           ^^^^^^^^^^^^^^^
  File "/home/bond-servant-in-training/Documents/Virtualenvs/AutoGrader_env/lib/python3.12/site-packages/django_redis/cache.py", line 29, in _decorator
    return method(self, *args, **kwargs)
           ^^^^^^^^^^^^^^^^^^^^^^^^^^^^^
  File "/home/bond-servant-in-training/Documents/Virtualenvs/AutoGrader_env/lib/python3.12/site-packages/django_redis/cache.py", line 130, in incr
    return self.client.incr(*args, **kwargs)
           ^^^^^^^^^^^^^^^^^^^^^^^^^^^^^^^^^
  File "/home/bond-servant-in-training/Documents/Virtualenvs/AutoGrader_env/lib/python3.12/site-packages/django_redis/client/default.py", line 653, in incr
    return self._incr(
           ^^^^^^^^^^^
  File "/home/bond-servant-in-training/Documents/Virtualenvs/AutoGrader_env/lib/python3.12/site-packages/django_redis/client/default.py", line 595, in _incr
    client = self.get_client(write=True)
             ^^^^^^^^^^^^^^^^^^^^^^^^^^^
  File "/home/bond-servant-in-training/Documents/Projects/Grade-Automator-Plus-cache-commit-race/AutoGrader/tests_cache_commit_race.py", line 355, in get_client
    raise failure
  File "/home/bond-servant-in-training/Documents/Projects/Grade-Automator-Plus-cache-commit-race/AutoGrader/cache_generation.py", line 169, in bump_generation
    return _incr_or_create(key)
           ^^^^^^^^^^^^^^^^^^^^
  File "/home/bond-servant-in-training/Documents/Projects/Grade-Automator-Plus-cache-commit-race/AutoGrader/cache_generation.py", line 199, in _incr_or_create
    return cache.incr(key)
           ^^^^^^^^^^^^^^^
  File "/home/bond-servant-in-training/Documents/Virtualenvs/AutoGrader_env/lib/python3.12/site-packages/django_redis/cache.py", line 29, in _decorator
    return method(self, *args, **kwargs)
           ^^^^^^^^^^^^^^^^^^^^^^^^^^^^^
  File "/home/bond-servant-in-training/Documents/Virtualenvs/AutoGrader_env/lib/python3.12/site-packages/django_redis/cache.py", line 130, in incr
    return self.client.incr(*args, **kwargs)
           ^^^^^^^^^^^^^^^^^^^^^^^^^^^^^^^^^
  File "/home/bond-servant-in-training/Documents/Virtualenvs/AutoGrader_env/lib/python3.12/site-packages/django_redis/client/default.py", line 653, in incr
    return self._incr(
           ^^^^^^^^^^^
  File "/home/bond-servant-in-training/Documents/Virtualenvs/AutoGrader_env/lib/python3.12/site-packages/django_redis/client/default.py", line 595, in _incr
    client = self.get_client(write=True)
             ^^^^^^^^^^^^^^^^^^^^^^^^^^^
  File "/home/bond-servant-in-training/Documents/Projects/Grade-Automator-Plus-cache-commit-race/AutoGrader/tests_cache_commit_race.py", line 355, in get_client
    raise failure
  File "/home/bond-servant-in-training/Documents/Projects/Grade-Automator-Plus-cache-commit-race/AutoGrader/cache_generation.py", line 275, in _bump_pipelined
    client = cache.client.get_client(write=True)
             ^^^^^^^^^^^^^^^^^^^^^^^^^^^^^^^^^^^
  File "/home/bond-servant-in-training/Documents/Projects/Grade-Automator-Plus-cache-commit-race/AutoGrader/tests_cache_commit_race.py", line 355, in get_client
    raise failure
  File "/home/bond-servant-in-training/Documents/Projects/Grade-Automator-Plus-cache-commit-race/AutoGrader/cache_generation.py", line 169, in bump_generation
    return _incr_or_create(key)
           ^^^^^^^^^^^^^^^^^^^^
  File "/home/bond-servant-in-training/Documents/Projects/Grade-Automator-Plus-cache-commit-race/AutoGrader/cache_generation.py", line 199, in _incr_or_create
    return cache.incr(key)
           ^^^^^^^^^^^^^^^
  File "/home/bond-servant-in-training/Documents/Virtualenvs/AutoGrader_env/lib/python3.12/site-packages/django_redis/cache.py", line 29, in _decorator
    return method(self, *args, **kwargs)
           ^^^^^^^^^^^^^^^^^^^^^^^^^^^^^
  File "/home/bond-servant-in-training/Documents/Virtualenvs/AutoGrader_env/lib/python3.12/site-packages/django_redis/cache.py", line 130, in incr
    return self.client.incr(*args, **kwargs)
           ^^^^^^^^^^^^^^^^^^^^^^^^^^^^^^^^^
  File "/home/bond-servant-in-training/Documents/Virtualenvs/AutoGrader_env/lib/python3.12/site-packages/django_redis/client/default.py", line 653, in incr
    return self._incr(
           ^^^^^^^^^^^
  File "/home/bond-servant-in-training/Documents/Virtualenvs/AutoGrader_env/lib/python3.12/site-packages/django_redis/client/default.py", line 595, in _incr
    client = self.get_client(write=True)
             ^^^^^^^^^^^^^^^^^^^^^^^^^^^
  File "/home/bond-servant-in-training/Documents/Projects/Grade-Automator-Plus-cache-commit-race/AutoGrader/tests_cache_commit_race.py", line 355, in get_client
    raise failure
  File "/home/bond-servant-in-training/Documents/Projects/Grade-Automator-Plus-cache-commit-race/AutoGrader/cache_generation.py", line 169, in bump_generation
    return _incr_or_create(key)
           ^^^^^^^^^^^^^^^^^^^^
  File "/home/bond-servant-in-training/Documents/Projects/Grade-Automator-Plus-cache-commit-race/AutoGrader/cache_generation.py", line 199, in _incr_or_create
    return cache.incr(key)
           ^^^^^^^^^^^^^^^
  File "/home/bond-servant-in-training/Documents/Virtualenvs/AutoGrader_env/lib/python3.12/site-packages/django_redis/cache.py", line 29, in _decorator
    return method(self, *args, **kwargs)
           ^^^^^^^^^^^^^^^^^^^^^^^^^^^^^
  File "/home/bond-servant-in-training/Documents/Virtualenvs/AutoGrader_env/lib/python3.12/site-packages/django_redis/cache.py", line 130, in incr
    return self.client.incr(*args, **kwargs)
           ^^^^^^^^^^^^^^^^^^^^^^^^^^^^^^^^^
  File "/home/bond-servant-in-training/Documents/Virtualenvs/AutoGrader_env/lib/python3.12/site-packages/django_redis/client/default.py", line 653, in incr
    return self._incr(
           ^^^^^^^^^^^
  File "/home/bond-servant-in-training/Documents/Virtualenvs/AutoGrader_env/lib/python3.12/site-packages/django_redis/client/default.py", line 595, in _incr
    client = self.get_client(write=True)
             ^^^^^^^^^^^^^^^^^^^^^^^^^^^
  File "/home/bond-servant-in-training/Documents/Projects/Grade-Automator-Plus-cache-commit-race/AutoGrader/tests_cache_commit_race.py", line 355, in get_client
    raise failure
  File "/home/bond-servant-in-training/Documents/Projects/Grade-Automator-Plus-cache-commit-race/AutoGrader/cache_generation.py", line 169, in bump_generation
    return _incr_or_create(key)
           ^^^^^^^^^^^^^^^^^^^^
  File "/home/bond-servant-in-training/Documents/Projects/Grade-Automator-Plus-cache-commit-race/AutoGrader/cache_generation.py", line 199, in _incr_or_create
    return cache.incr(key)
           ^^^^^^^^^^^^^^^
  File "/home/bond-servant-in-training/Documents/Virtualenvs/AutoGrader_env/lib/python3.12/site-packages/django_redis/cache.py", line 29, in _decorator
    return method(self, *args, **kwargs)
           ^^^^^^^^^^^^^^^^^^^^^^^^^^^^^
  File "/home/bond-servant-in-training/Documents/Virtualenvs/AutoGrader_env/lib/python3.12/site-packages/django_redis/cache.py", line 130, in incr
    return self.client.incr(*args, **kwargs)
           ^^^^^^^^^^^^^^^^^^^^^^^^^^^^^^^^^
  File "/home/bond-servant-in-training/Documents/Virtualenvs/AutoGrader_env/lib/python3.12/site-packages/django_redis/client/default.py", line 653, in incr
    return self._incr(
           ^^^^^^^^^^^
  File "/home/bond-servant-in-training/Documents/Virtualenvs/AutoGrader_env/lib/python3.12/site-packages/django_redis/client/default.py", line 595, in _incr
    client = self.get_client(write=True)
             ^^^^^^^^^^^^^^^^^^^^^^^^^^^
  File "/home/bond-servant-in-training/Documents/Projects/Grade-Automator-Plus-cache-commit-race/AutoGrader/tests_cache_commit_race.py", line 355, in get_client
    raise failure
  File "/home/bond-servant-in-training/Documents/Projects/Grade-Automator-Plus-cache-commit-race/AutoGrader/cache_generation.py", line 169, in bump_generation
    return _incr_or_create(key)
           ^^^^^^^^^^^^^^^^^^^^
  File "/home/bond-servant-in-training/Documents/Projects/Grade-Automator-Plus-cache-commit-race/AutoGrader/cache_generation.py", line 199, in _incr_or_create
    return cache.incr(key)
           ^^^^^^^^^^^^^^^
  File "/home/bond-servant-in-training/Documents/Virtualenvs/AutoGrader_env/lib/python3.12/site-packages/django_redis/cache.py", line 29, in _decorator
    return method(self, *args, **kwargs)
           ^^^^^^^^^^^^^^^^^^^^^^^^^^^^^
  File "/home/bond-servant-in-training/Documents/Virtualenvs/AutoGrader_env/lib/python3.12/site-packages/django_redis/cache.py", line 130, in incr
    return self.client.incr(*args, **kwargs)
           ^^^^^^^^^^^^^^^^^^^^^^^^^^^^^^^^^
  File "/home/bond-servant-in-training/Documents/Virtualenvs/AutoGrader_env/lib/python3.12/site-packages/django_redis/client/default.py", line 653, in incr
    return self._incr(
           ^^^^^^^^^^^
  File "/home/bond-servant-in-training/Documents/Virtualenvs/AutoGrader_env/lib/python3.12/site-packages/django_redis/client/default.py", line 595, in _incr
    client = self.get_client(write=True)
             ^^^^^^^^^^^^^^^^^^^^^^^^^^^
  File "/home/bond-servant-in-training/Documents/Projects/Grade-Automator-Plus-cache-commit-race/AutoGrader/tests_cache_commit_race.py", line 355, in get_client
    raise failure
  File "/home/bond-servant-in-training/Documents/Projects/Grade-Automator-Plus-cache-commit-race/AutoGrader/cache_generation.py", line 275, in _bump_pipelined
    client = cache.client.get_client(write=True)
             ^^^^^^^^^^^^^^^^^^^^^^^^^^^^^^^^^^^
  File "/home/bond-servant-in-training/Documents/Projects/Grade-Automator-Plus-cache-commit-race/AutoGrader/tests_cache_commit_race.py", line 355, in get_client
    raise failure
redis.exceptions.TimeoutError: redis timed out
[2026-09-17 19:54:06,777: ERROR/MainProcess] Cache generation bump failed for cachegen:global; entries keyed on it will serve stale data until their TTL expires.
Traceback (most recent call last):
  File "/home/bond-servant-in-training/Documents/Projects/Grade-Automator-Plus-cache-commit-race/AutoGrader/cache_generation.py", line 169, in bump_generation
    return _incr_or_create(key)
           ^^^^^^^^^^^^^^^^^^^^
  File "/home/bond-servant-in-training/Documents/Projects/Grade-Automator-Plus-cache-commit-race/AutoGrader/cache_generation.py", line 199, in _incr_or_create
    return cache.incr(key)
           ^^^^^^^^^^^^^^^
  File "/home/bond-servant-in-training/Documents/Virtualenvs/AutoGrader_env/lib/python3.12/site-packages/django_redis/cache.py", line 29, in _decorator
    return method(self, *args, **kwargs)
           ^^^^^^^^^^^^^^^^^^^^^^^^^^^^^
  File "/home/bond-servant-in-training/Documents/Virtualenvs/AutoGrader_env/lib/python3.12/site-packages/django_redis/cache.py", line 130, in incr
    return self.client.incr(*args, **kwargs)
           ^^^^^^^^^^^^^^^^^^^^^^^^^^^^^^^^^
  File "/home/bond-servant-in-training/Documents/Virtualenvs/AutoGrader_env/lib/python3.12/site-packages/django_redis/client/default.py", line 653, in incr
    return self._incr(
           ^^^^^^^^^^^
  File "/home/bond-servant-in-training/Documents/Virtualenvs/AutoGrader_env/lib/python3.12/site-packages/django_redis/client/default.py", line 595, in _incr
    client = self.get_client(write=True)
             ^^^^^^^^^^^^^^^^^^^^^^^^^^^
  File "/home/bond-servant-in-training/Documents/Projects/Grade-Automator-Plus-cache-commit-race/AutoGrader/tests_cache_commit_race.py", line 355, in get_client
    raise failure
  File "/home/bond-servant-in-training/Documents/Projects/Grade-Automator-Plus-cache-commit-race/AutoGrader/cache_generation.py", line 275, in _bump_pipelined
    client = cache.client.get_client(write=True)
             ^^^^^^^^^^^^^^^^^^^^^^^^^^^^^^^^^^^
  File "/home/bond-servant-in-training/Documents/Projects/Grade-Automator-Plus-cache-commit-race/AutoGrader/tests_cache_commit_race.py", line 355, in get_client
    raise failure
  File "/home/bond-servant-in-training/Documents/Projects/Grade-Automator-Plus-cache-commit-race/AutoGrader/cache_generation.py", line 169, in bump_generation
    return _incr_or_create(key)
           ^^^^^^^^^^^^^^^^^^^^
  File "/home/bond-servant-in-training/Documents/Projects/Grade-Automator-Plus-cache-commit-race/AutoGrader/cache_generation.py", line 199, in _incr_or_create
    return cache.incr(key)
           ^^^^^^^^^^^^^^^
  File "/home/bond-servant-in-training/Documents/Virtualenvs/AutoGrader_env/lib/python3.12/site-packages/django_redis/cache.py", line 29, in _decorator
    return method(self, *args, **kwargs)
           ^^^^^^^^^^^^^^^^^^^^^^^^^^^^^
  File "/home/bond-servant-in-training/Documents/Virtualenvs/AutoGrader_env/lib/python3.12/site-packages/django_redis/cache.py", line 130, in incr
    return self.client.incr(*args, **kwargs)
           ^^^^^^^^^^^^^^^^^^^^^^^^^^^^^^^^^
  File "/home/bond-servant-in-training/Documents/Virtualenvs/AutoGrader_env/lib/python3.12/site-packages/django_redis/client/default.py", line 653, in incr
    return self._incr(
           ^^^^^^^^^^^
  File "/home/bond-servant-in-training/Documents/Virtualenvs/AutoGrader_env/lib/python3.12/site-packages/django_redis/client/default.py", line 595, in _incr
    client = self.get_client(write=True)
             ^^^^^^^^^^^^^^^^^^^^^^^^^^^
  File "/home/bond-servant-in-training/Documents/Projects/Grade-Automator-Plus-cache-commit-race/AutoGrader/tests_cache_commit_race.py", line 355, in get_client
    raise failure
  File "/home/bond-servant-in-training/Documents/Projects/Grade-Automator-Plus-cache-commit-race/AutoGrader/cache_generation.py", line 169, in bump_generation
    return _incr_or_create(key)
           ^^^^^^^^^^^^^^^^^^^^
  File "/home/bond-servant-in-training/Documents/Projects/Grade-Automator-Plus-cache-commit-race/AutoGrader/cache_generation.py", line 199, in _incr_or_create
    return cache.incr(key)
           ^^^^^^^^^^^^^^^
  File "/home/bond-servant-in-training/Documents/Virtualenvs/AutoGrader_env/lib/python3.12/site-packages/django_redis/cache.py", line 29, in _decorator
    return method(self, *args, **kwargs)
           ^^^^^^^^^^^^^^^^^^^^^^^^^^^^^
  File "/home/bond-servant-in-training/Documents/Virtualenvs/AutoGrader_env/lib/python3.12/site-packages/django_redis/cache.py", line 130, in incr
    return self.client.incr(*args, **kwargs)
           ^^^^^^^^^^^^^^^^^^^^^^^^^^^^^^^^^
  File "/home/bond-servant-in-training/Documents/Virtualenvs/AutoGrader_env/lib/python3.12/site-packages/django_redis/client/default.py", line 653, in incr
    return self._incr(
           ^^^^^^^^^^^
  File "/home/bond-servant-in-training/Documents/Virtualenvs/AutoGrader_env/lib/python3.12/site-packages/django_redis/client/default.py", line 595, in _incr
    client = self.get_client(write=True)
             ^^^^^^^^^^^^^^^^^^^^^^^^^^^
  File "/home/bond-servant-in-training/Documents/Projects/Grade-Automator-Plus-cache-commit-race/AutoGrader/tests_cache_commit_race.py", line 355, in get_client
    raise failure
  File "/home/bond-servant-in-training/Documents/Projects/Grade-Automator-Plus-cache-commit-race/AutoGrader/cache_generation.py", line 169, in bump_generation
    return _incr_or_create(key)
           ^^^^^^^^^^^^^^^^^^^^
  File "/home/bond-servant-in-training/Documents/Projects/Grade-Automator-Plus-cache-commit-race/AutoGrader/cache_generation.py", line 199, in _incr_or_create
    return cache.incr(key)
           ^^^^^^^^^^^^^^^
  File "/home/bond-servant-in-training/Documents/Virtualenvs/AutoGrader_env/lib/python3.12/site-packages/django_redis/cache.py", line 29, in _decorator
    return method(self, *args, **kwargs)
           ^^^^^^^^^^^^^^^^^^^^^^^^^^^^^
  File "/home/bond-servant-in-training/Documents/Virtualenvs/AutoGrader_env/lib/python3.12/site-packages/django_redis/cache.py", line 130, in incr
    return self.client.incr(*args, **kwargs)
           ^^^^^^^^^^^^^^^^^^^^^^^^^^^^^^^^^
  File "/home/bond-servant-in-training/Documents/Virtualenvs/AutoGrader_env/lib/python3.12/site-packages/django_redis/client/default.py", line 653, in incr
    return self._incr(
           ^^^^^^^^^^^
  File "/home/bond-servant-in-training/Documents/Virtualenvs/AutoGrader_env/lib/python3.12/site-packages/django_redis/client/default.py", line 595, in _incr
    client = self.get_client(write=True)
             ^^^^^^^^^^^^^^^^^^^^^^^^^^^
  File "/home/bond-servant-in-training/Documents/Projects/Grade-Automator-Plus-cache-commit-race/AutoGrader/tests_cache_commit_race.py", line 355, in get_client
    raise failure
  File "/home/bond-servant-in-training/Documents/Projects/Grade-Automator-Plus-cache-commit-race/AutoGrader/cache_generation.py", line 169, in bump_generation
    return _incr_or_create(key)
           ^^^^^^^^^^^^^^^^^^^^
  File "/home/bond-servant-in-training/Documents/Projects/Grade-Automator-Plus-cache-commit-race/AutoGrader/cache_generation.py", line 199, in _incr_or_create
    return cache.incr(key)
           ^^^^^^^^^^^^^^^
  File "/home/bond-servant-in-training/Documents/Virtualenvs/AutoGrader_env/lib/python3.12/site-packages/django_redis/cache.py", line 29, in _decorator
    return method(self, *args, **kwargs)
           ^^^^^^^^^^^^^^^^^^^^^^^^^^^^^
  File "/home/bond-servant-in-training/Documents/Virtualenvs/AutoGrader_env/lib/python3.12/site-packages/django_redis/cache.py", line 130, in incr
    return self.client.incr(*args, **kwargs)
           ^^^^^^^^^^^^^^^^^^^^^^^^^^^^^^^^^
  File "/home/bond-servant-in-training/Documents/Virtualenvs/AutoGrader_env/lib/python3.12/site-packages/django_redis/client/default.py", line 653, in incr
    return self._incr(
           ^^^^^^^^^^^
  File "/home/bond-servant-in-training/Documents/Virtualenvs/AutoGrader_env/lib/python3.12/site-packages/django_redis/client/default.py", line 595, in _incr
    client = self.get_client(write=True)
             ^^^^^^^^^^^^^^^^^^^^^^^^^^^
  File "/home/bond-servant-in-training/Documents/Projects/Grade-Automator-Plus-cache-commit-race/AutoGrader/tests_cache_commit_race.py", line 355, in get_client
    raise failure
  File "/home/bond-servant-in-training/Documents/Projects/Grade-Automator-Plus-cache-commit-race/AutoGrader/cache_generation.py", line 275, in _bump_pipelined
    client = cache.client.get_client(write=True)
             ^^^^^^^^^^^^^^^^^^^^^^^^^^^^^^^^^^^
  File "/home/bond-servant-in-training/Documents/Projects/Grade-Automator-Plus-cache-commit-race/AutoGrader/tests_cache_commit_race.py", line 355, in get_client
    raise failure
  File "/home/bond-servant-in-training/Documents/Projects/Grade-Automator-Plus-cache-commit-race/AutoGrader/cache_generation.py", line 169, in bump_generation
    return _incr_or_create(key)
           ^^^^^^^^^^^^^^^^^^^^
  File "/home/bond-servant-in-training/Documents/Projects/Grade-Automator-Plus-cache-commit-race/AutoGrader/cache_generation.py", line 199, in _incr_or_create
    return cache.incr(key)
           ^^^^^^^^^^^^^^^
  File "/home/bond-servant-in-training/Documents/Virtualenvs/AutoGrader_env/lib/python3.12/site-packages/django_redis/cache.py", line 29, in _decorator
    return method(self, *args, **kwargs)
           ^^^^^^^^^^^^^^^^^^^^^^^^^^^^^
  File "/home/bond-servant-in-training/Documents/Virtualenvs/AutoGrader_env/lib/python3.12/site-packages/django_redis/cache.py", line 130, in incr
    return self.client.incr(*args, **kwargs)
           ^^^^^^^^^^^^^^^^^^^^^^^^^^^^^^^^^
  File "/home/bond-servant-in-training/Documents/Virtualenvs/AutoGrader_env/lib/python3.12/site-packages/django_redis/client/default.py", line 653, in incr
    return self._incr(
           ^^^^^^^^^^^
  File "/home/bond-servant-in-training/Documents/Virtualenvs/AutoGrader_env/lib/python3.12/site-packages/django_redis/client/default.py", line 595, in _incr
    client = self.get_client(write=True)
             ^^^^^^^^^^^^^^^^^^^^^^^^^^^
  File "/home/bond-servant-in-training/Documents/Projects/Grade-Automator-Plus-cache-commit-race/AutoGrader/tests_cache_commit_race.py", line 355, in get_client
    raise failure
  File "/home/bond-servant-in-training/Documents/Projects/Grade-Automator-Plus-cache-commit-race/AutoGrader/cache_generation.py", line 169, in bump_generation
    return _incr_or_create(key)
           ^^^^^^^^^^^^^^^^^^^^
  File "/home/bond-servant-in-training/Documents/Projects/Grade-Automator-Plus-cache-commit-race/AutoGrader/cache_generation.py", line 199, in _incr_or_create
    return cache.incr(key)
           ^^^^^^^^^^^^^^^
  File "/home/bond-servant-in-training/Documents/Virtualenvs/AutoGrader_env/lib/python3.12/site-packages/django_redis/cache.py", line 29, in _decorator
    return method(self, *args, **kwargs)
           ^^^^^^^^^^^^^^^^^^^^^^^^^^^^^
  File "/home/bond-servant-in-training/Documents/Virtualenvs/AutoGrader_env/lib/python3.12/site-packages/django_redis/cache.py", line 130, in incr
    return self.client.incr(*args, **kwargs)
           ^^^^^^^^^^^^^^^^^^^^^^^^^^^^^^^^^
  File "/home/bond-servant-in-training/Documents/Virtualenvs/AutoGrader_env/lib/python3.12/site-packages/django_redis/client/default.py", line 653, in incr
    return self._incr(
           ^^^^^^^^^^^
  File "/home/bond-servant-in-training/Documents/Virtualenvs/AutoGrader_env/lib/python3.12/site-packages/django_redis/client/default.py", line 595, in _incr
    client = self.get_client(write=True)
             ^^^^^^^^^^^^^^^^^^^^^^^^^^^
  File "/home/bond-servant-in-training/Documents/Projects/Grade-Automator-Plus-cache-commit-race/AutoGrader/tests_cache_commit_race.py", line 355, in get_client
    raise failure
  File "/home/bond-servant-in-training/Documents/Projects/Grade-Automator-Plus-cache-commit-race/AutoGrader/cache_generation.py", line 169, in bump_generation
    return _incr_or_create(key)
           ^^^^^^^^^^^^^^^^^^^^
  File "/home/bond-servant-in-training/Documents/Projects/Grade-Automator-Plus-cache-commit-race/AutoGrader/cache_generation.py", line 199, in _incr_or_create
    return cache.incr(key)
           ^^^^^^^^^^^^^^^
  File "/home/bond-servant-in-training/Documents/Virtualenvs/AutoGrader_env/lib/python3.12/site-packages/django_redis/cache.py", line 29, in _decorator
    return method(self, *args, **kwargs)
           ^^^^^^^^^^^^^^^^^^^^^^^^^^^^^
  File "/home/bond-servant-in-training/Documents/Virtualenvs/AutoGrader_env/lib/python3.12/site-packages/django_redis/cache.py", line 130, in incr
    return self.client.incr(*args, **kwargs)
           ^^^^^^^^^^^^^^^^^^^^^^^^^^^^^^^^^
  File "/home/bond-servant-in-training/Documents/Virtualenvs/AutoGrader_env/lib/python3.12/site-packages/django_redis/client/default.py", line 653, in incr
    return self._incr(
           ^^^^^^^^^^^
  File "/home/bond-servant-in-training/Documents/Virtualenvs/AutoGrader_env/lib/python3.12/site-packages/django_redis/client/default.py", line 595, in _incr
    client = self.get_client(write=True)
             ^^^^^^^^^^^^^^^^^^^^^^^^^^^
  File "/home/bond-servant-in-training/Documents/Projects/Grade-Automator-Plus-cache-commit-race/AutoGrader/tests_cache_commit_race.py", line 355, in get_client
    raise failure
  File "/home/bond-servant-in-training/Documents/Projects/Grade-Automator-Plus-cache-commit-race/AutoGrader/cache_generation.py", line 169, in bump_generation
    return _incr_or_create(key)
           ^^^^^^^^^^^^^^^^^^^^
  File "/home/bond-servant-in-training/Documents/Projects/Grade-Automator-Plus-cache-commit-race/AutoGrader/cache_generation.py", line 199, in _incr_or_create
    return cache.incr(key)
           ^^^^^^^^^^^^^^^
  File "/home/bond-servant-in-training/Documents/Virtualenvs/AutoGrader_env/lib/python3.12/site-packages/django_redis/cache.py", line 29, in _decorator
    return method(self, *args, **kwargs)
           ^^^^^^^^^^^^^^^^^^^^^^^^^^^^^
  File "/home/bond-servant-in-training/Documents/Virtualenvs/AutoGrader_env/lib/python3.12/site-packages/django_redis/cache.py", line 130, in incr
    return self.client.incr(*args, **kwargs)
           ^^^^^^^^^^^^^^^^^^^^^^^^^^^^^^^^^
  File "/home/bond-servant-in-training/Documents/Virtualenvs/AutoGrader_env/lib/python3.12/site-packages/django_redis/client/default.py", line 653, in incr
    return self._incr(
           ^^^^^^^^^^^
  File "/home/bond-servant-in-training/Documents/Virtualenvs/AutoGrader_env/lib/python3.12/site-packages/django_redis/client/default.py", line 595, in _incr
    client = self.get_client(write=True)
             ^^^^^^^^^^^^^^^^^^^^^^^^^^^
  File "/home/bond-servant-in-training/Documents/Projects/Grade-Automator-Plus-cache-commit-race/AutoGrader/tests_cache_commit_race.py", line 355, in get_client
    raise failure
  File "/home/bond-servant-in-training/Documents/Projects/Grade-Automator-Plus-cache-commit-race/AutoGrader/cache_generation.py", line 275, in _bump_pipelined
    client = cache.client.get_client(write=True)
             ^^^^^^^^^^^^^^^^^^^^^^^^^^^^^^^^^^^
  File "/home/bond-servant-in-training/Documents/Projects/Grade-Automator-Plus-cache-commit-race/AutoGrader/tests_cache_commit_race.py", line 355, in get_client
    raise failure
redis.exceptions.TimeoutError: redis timed out
[2026-09-17 19:54:06,783: ERROR/MainProcess] Cache generation bump failed for cachegen:usr:b6d26169-5479-41a1-9861-036fd7aa7f9c; entries keyed on it will serve stale data until their TTL expires.
Traceback (most recent call last):
  File "/home/bond-servant-in-training/Documents/Projects/Grade-Automator-Plus-cache-commit-race/AutoGrader/cache_generation.py", line 169, in bump_generation
    return _incr_or_create(key)
           ^^^^^^^^^^^^^^^^^^^^
  File "/home/bond-servant-in-training/Documents/Projects/Grade-Automator-Plus-cache-commit-race/AutoGrader/cache_generation.py", line 199, in _incr_or_create
    return cache.incr(key)
           ^^^^^^^^^^^^^^^
  File "/home/bond-servant-in-training/Documents/Virtualenvs/AutoGrader_env/lib/python3.12/site-packages/django_redis/cache.py", line 29, in _decorator
    return method(self, *args, **kwargs)
           ^^^^^^^^^^^^^^^^^^^^^^^^^^^^^
  File "/home/bond-servant-in-training/Documents/Virtualenvs/AutoGrader_env/lib/python3.12/site-packages/django_redis/cache.py", line 130, in incr
    return self.client.incr(*args, **kwargs)
           ^^^^^^^^^^^^^^^^^^^^^^^^^^^^^^^^^
  File "/home/bond-servant-in-training/Documents/Virtualenvs/AutoGrader_env/lib/python3.12/site-packages/django_redis/client/default.py", line 653, in incr
    return self._incr(
           ^^^^^^^^^^^
  File "/home/bond-servant-in-training/Documents/Virtualenvs/AutoGrader_env/lib/python3.12/site-packages/django_redis/client/default.py", line 595, in _incr
    client = self.get_client(write=True)
             ^^^^^^^^^^^^^^^^^^^^^^^^^^^
  File "/home/bond-servant-in-training/Documents/Projects/Grade-Automator-Plus-cache-commit-race/AutoGrader/tests_cache_commit_race.py", line 355, in get_client
    raise failure
  File "/home/bond-servant-in-training/Documents/Projects/Grade-Automator-Plus-cache-commit-race/AutoGrader/cache_generation.py", line 169, in bump_generation
    return _incr_or_create(key)
           ^^^^^^^^^^^^^^^^^^^^
  File "/home/bond-servant-in-training/Documents/Projects/Grade-Automator-Plus-cache-commit-race/AutoGrader/cache_generation.py", line 199, in _incr_or_create
    return cache.incr(key)
           ^^^^^^^^^^^^^^^
  File "/home/bond-servant-in-training/Documents/Virtualenvs/AutoGrader_env/lib/python3.12/site-packages/django_redis/cache.py", line 29, in _decorator
    return method(self, *args, **kwargs)
           ^^^^^^^^^^^^^^^^^^^^^^^^^^^^^
  File "/home/bond-servant-in-training/Documents/Virtualenvs/AutoGrader_env/lib/python3.12/site-packages/django_redis/cache.py", line 130, in incr
    return self.client.incr(*args, **kwargs)
           ^^^^^^^^^^^^^^^^^^^^^^^^^^^^^^^^^
  File "/home/bond-servant-in-training/Documents/Virtualenvs/AutoGrader_env/lib/python3.12/site-packages/django_redis/client/default.py", line 653, in incr
    return self._incr(
           ^^^^^^^^^^^
  File "/home/bond-servant-in-training/Documents/Virtualenvs/AutoGrader_env/lib/python3.12/site-packages/django_redis/client/default.py", line 595, in _incr
    client = self.get_client(write=True)
             ^^^^^^^^^^^^^^^^^^^^^^^^^^^
  File "/home/bond-servant-in-training/Documents/Projects/Grade-Automator-Plus-cache-commit-race/AutoGrader/tests_cache_commit_race.py", line 355, in get_client
    raise failure
  File "/home/bond-servant-in-training/Documents/Projects/Grade-Automator-Plus-cache-commit-race/AutoGrader/cache_generation.py", line 275, in _bump_pipelined
    client = cache.client.get_client(write=True)
             ^^^^^^^^^^^^^^^^^^^^^^^^^^^^^^^^^^^
  File "/home/bond-servant-in-training/Documents/Projects/Grade-Automator-Plus-cache-commit-race/AutoGrader/tests_cache_commit_race.py", line 355, in get_client
    raise failure
  File "/home/bond-servant-in-training/Documents/Projects/Grade-Automator-Plus-cache-commit-race/AutoGrader/cache_generation.py", line 169, in bump_generation
    return _incr_or_create(key)
           ^^^^^^^^^^^^^^^^^^^^
  File "/home/bond-servant-in-training/Documents/Projects/Grade-Automator-Plus-cache-commit-race/AutoGrader/cache_generation.py", line 199, in _incr_or_create
    return cache.incr(key)
           ^^^^^^^^^^^^^^^
  File "/home/bond-servant-in-training/Documents/Virtualenvs/AutoGrader_env/lib/python3.12/site-packages/django_redis/cache.py", line 29, in _decorator
    return method(self, *args, **kwargs)
           ^^^^^^^^^^^^^^^^^^^^^^^^^^^^^
  File "/home/bond-servant-in-training/Documents/Virtualenvs/AutoGrader_env/lib/python3.12/site-packages/django_redis/cache.py", line 130, in incr
    return self.client.incr(*args, **kwargs)
           ^^^^^^^^^^^^^^^^^^^^^^^^^^^^^^^^^
  File "/home/bond-servant-in-training/Documents/Virtualenvs/AutoGrader_env/lib/python3.12/site-packages/django_redis/client/default.py", line 653, in incr
    return self._incr(
           ^^^^^^^^^^^
  File "/home/bond-servant-in-training/Documents/Virtualenvs/AutoGrader_env/lib/python3.12/site-packages/django_redis/client/default.py", line 595, in _incr
    client = self.get_client(write=True)
             ^^^^^^^^^^^^^^^^^^^^^^^^^^^
  File "/home/bond-servant-in-training/Documents/Projects/Grade-Automator-Plus-cache-commit-race/AutoGrader/tests_cache_commit_race.py", line 355, in get_client
    raise failure
  File "/home/bond-servant-in-training/Documents/Projects/Grade-Automator-Plus-cache-commit-race/AutoGrader/cache_generation.py", line 169, in bump_generation
    return _incr_or_create(key)
           ^^^^^^^^^^^^^^^^^^^^
  File "/home/bond-servant-in-training/Documents/Projects/Grade-Automator-Plus-cache-commit-race/AutoGrader/cache_generation.py", line 199, in _incr_or_create
    return cache.incr(key)
           ^^^^^^^^^^^^^^^
  File "/home/bond-servant-in-training/Documents/Virtualenvs/AutoGrader_env/lib/python3.12/site-packages/django_redis/cache.py", line 29, in _decorator
    return method(self, *args, **kwargs)
           ^^^^^^^^^^^^^^^^^^^^^^^^^^^^^
  File "/home/bond-servant-in-training/Documents/Virtualenvs/AutoGrader_env/lib/python3.12/site-packages/django_redis/cache.py", line 130, in incr
    return self.client.incr(*args, **kwargs)
           ^^^^^^^^^^^^^^^^^^^^^^^^^^^^^^^^^
  File "/home/bond-servant-in-training/Documents/Virtualenvs/AutoGrader_env/lib/python3.12/site-packages/django_redis/client/default.py", line 653, in incr
    return self._incr(
           ^^^^^^^^^^^
  File "/home/bond-servant-in-training/Documents/Virtualenvs/AutoGrader_env/lib/python3.12/site-packages/django_redis/client/default.py", line 595, in _incr
    client = self.get_client(write=True)
             ^^^^^^^^^^^^^^^^^^^^^^^^^^^
  File "/home/bond-servant-in-training/Documents/Projects/Grade-Automator-Plus-cache-commit-race/AutoGrader/tests_cache_commit_race.py", line 355, in get_client
    raise failure
  File "/home/bond-servant-in-training/Documents/Projects/Grade-Automator-Plus-cache-commit-race/AutoGrader/cache_generation.py", line 169, in bump_generation
    return _incr_or_create(key)
           ^^^^^^^^^^^^^^^^^^^^
  File "/home/bond-servant-in-training/Documents/Projects/Grade-Automator-Plus-cache-commit-race/AutoGrader/cache_generation.py", line 199, in _incr_or_create
    return cache.incr(key)
           ^^^^^^^^^^^^^^^
  File "/home/bond-servant-in-training/Documents/Virtualenvs/AutoGrader_env/lib/python3.12/site-packages/django_redis/cache.py", line 29, in _decorator
    return method(self, *args, **kwargs)
           ^^^^^^^^^^^^^^^^^^^^^^^^^^^^^
  File "/home/bond-servant-in-training/Documents/Virtualenvs/AutoGrader_env/lib/python3.12/site-packages/django_redis/cache.py", line 130, in incr
    return self.client.incr(*args, **kwargs)
           ^^^^^^^^^^^^^^^^^^^^^^^^^^^^^^^^^
  File "/home/bond-servant-in-training/Documents/Virtualenvs/AutoGrader_env/lib/python3.12/site-packages/django_redis/client/default.py", line 653, in incr
    return self._incr(
           ^^^^^^^^^^^
  File "/home/bond-servant-in-training/Documents/Virtualenvs/AutoGrader_env/lib/python3.12/site-packages/django_redis/client/default.py", line 595, in _incr
    client = self.get_client(write=True)
             ^^^^^^^^^^^^^^^^^^^^^^^^^^^
  File "/home/bond-servant-in-training/Documents/Projects/Grade-Automator-Plus-cache-commit-race/AutoGrader/tests_cache_commit_race.py", line 355, in get_client
    raise failure
  File "/home/bond-servant-in-training/Documents/Projects/Grade-Automator-Plus-cache-commit-race/AutoGrader/cache_generation.py", line 169, in bump_generation
    return _incr_or_create(key)
           ^^^^^^^^^^^^^^^^^^^^
  File "/home/bond-servant-in-training/Documents/Projects/Grade-Automator-Plus-cache-commit-race/AutoGrader/cache_generation.py", line 199, in _incr_or_create
    return cache.incr(key)
           ^^^^^^^^^^^^^^^
  File "/home/bond-servant-in-training/Documents/Virtualenvs/AutoGrader_env/lib/python3.12/site-packages/django_redis/cache.py", line 29, in _decorator
    return method(self, *args, **kwargs)
           ^^^^^^^^^^^^^^^^^^^^^^^^^^^^^
  File "/home/bond-servant-in-training/Documents/Virtualenvs/AutoGrader_env/lib/python3.12/site-packages/django_redis/cache.py", line 130, in incr
    return self.client.incr(*args, **kwargs)
           ^^^^^^^^^^^^^^^^^^^^^^^^^^^^^^^^^
  File "/home/bond-servant-in-training/Documents/Virtualenvs/AutoGrader_env/lib/python3.12/site-packages/django_redis/client/default.py", line 653, in incr
    return self._incr(
           ^^^^^^^^^^^
  File "/home/bond-servant-in-training/Documents/Virtualenvs/AutoGrader_env/lib/python3.12/site-packages/django_redis/client/default.py", line 595, in _incr
    client = self.get_client(write=True)
             ^^^^^^^^^^^^^^^^^^^^^^^^^^^
  File "/home/bond-servant-in-training/Documents/Projects/Grade-Automator-Plus-cache-commit-race/AutoGrader/tests_cache_commit_race.py", line 355, in get_client
    raise failure
  File "/home/bond-servant-in-training/Documents/Projects/Grade-Automator-Plus-cache-commit-race/AutoGrader/cache_generation.py", line 275, in _bump_pipelined
    client = cache.client.get_client(write=True)
             ^^^^^^^^^^^^^^^^^^^^^^^^^^^^^^^^^^^
  File "/home/bond-servant-in-training/Documents/Projects/Grade-Automator-Plus-cache-commit-race/AutoGrader/tests_cache_commit_race.py", line 355, in get_client
    raise failure
  File "/home/bond-servant-in-training/Documents/Projects/Grade-Automator-Plus-cache-commit-race/AutoGrader/cache_generation.py", line 169, in bump_generation
    return _incr_or_create(key)
           ^^^^^^^^^^^^^^^^^^^^
  File "/home/bond-servant-in-training/Documents/Projects/Grade-Automator-Plus-cache-commit-race/AutoGrader/cache_generation.py", line 199, in _incr_or_create
    return cache.incr(key)
           ^^^^^^^^^^^^^^^
  File "/home/bond-servant-in-training/Documents/Virtualenvs/AutoGrader_env/lib/python3.12/site-packages/django_redis/cache.py", line 29, in _decorator
    return method(self, *args, **kwargs)
           ^^^^^^^^^^^^^^^^^^^^^^^^^^^^^
  File "/home/bond-servant-in-training/Documents/Virtualenvs/AutoGrader_env/lib/python3.12/site-packages/django_redis/cache.py", line 130, in incr
    return self.client.incr(*args, **kwargs)
           ^^^^^^^^^^^^^^^^^^^^^^^^^^^^^^^^^
  File "/home/bond-servant-in-training/Documents/Virtualenvs/AutoGrader_env/lib/python3.12/site-packages/django_redis/client/default.py", line 653, in incr
    return self._incr(
           ^^^^^^^^^^^
  File "/home/bond-servant-in-training/Documents/Virtualenvs/AutoGrader_env/lib/python3.12/site-packages/django_redis/client/default.py", line 595, in _incr
    client = self.get_client(write=True)
             ^^^^^^^^^^^^^^^^^^^^^^^^^^^
  File "/home/bond-servant-in-training/Documents/Projects/Grade-Automator-Plus-cache-commit-race/AutoGrader/tests_cache_commit_race.py", line 355, in get_client
    raise failure
  File "/home/bond-servant-in-training/Documents/Projects/Grade-Automator-Plus-cache-commit-race/AutoGrader/cache_generation.py", line 169, in bump_generation
    return _incr_or_create(key)
           ^^^^^^^^^^^^^^^^^^^^
  File "/home/bond-servant-in-training/Documents/Projects/Grade-Automator-Plus-cache-commit-race/AutoGrader/cache_generation.py", line 199, in _incr_or_create
    return cache.incr(key)
           ^^^^^^^^^^^^^^^
  File "/home/bond-servant-in-training/Documents/Virtualenvs/AutoGrader_env/lib/python3.12/site-packages/django_redis/cache.py", line 29, in _decorator
    return method(self, *args, **kwargs)
           ^^^^^^^^^^^^^^^^^^^^^^^^^^^^^
  File "/home/bond-servant-in-training/Documents/Virtualenvs/AutoGrader_env/lib/python3.12/site-packages/django_redis/cache.py", line 130, in incr
    return self.client.incr(*args, **kwargs)
           ^^^^^^^^^^^^^^^^^^^^^^^^^^^^^^^^^
  File "/home/bond-servant-in-training/Documents/Virtualenvs/AutoGrader_env/lib/python3.12/site-packages/django_redis/client/default.py", line 653, in incr
    return self._incr(
           ^^^^^^^^^^^
  File "/home/bond-servant-in-training/Documents/Virtualenvs/AutoGrader_env/lib/python3.12/site-packages/django_redis/client/default.py", line 595, in _incr
    client = self.get_client(write=True)
             ^^^^^^^^^^^^^^^^^^^^^^^^^^^
  File "/home/bond-servant-in-training/Documents/Projects/Grade-Automator-Plus-cache-commit-race/AutoGrader/tests_cache_commit_race.py", line 355, in get_client
    raise failure
  File "/home/bond-servant-in-training/Documents/Projects/Grade-Automator-Plus-cache-commit-race/AutoGrader/cache_generation.py", line 169, in bump_generation
    return _incr_or_create(key)
           ^^^^^^^^^^^^^^^^^^^^
  File "/home/bond-servant-in-training/Documents/Projects/Grade-Automator-Plus-cache-commit-race/AutoGrader/cache_generation.py", line 199, in _incr_or_create
    return cache.incr(key)
           ^^^^^^^^^^^^^^^
  File "/home/bond-servant-in-training/Documents/Virtualenvs/AutoGrader_env/lib/python3.12/site-packages/django_redis/cache.py", line 29, in _decorator
    return method(self, *args, **kwargs)
           ^^^^^^^^^^^^^^^^^^^^^^^^^^^^^
  File "/home/bond-servant-in-training/Documents/Virtualenvs/AutoGrader_env/lib/python3.12/site-packages/django_redis/cache.py", line 130, in incr
    return self.client.incr(*args, **kwargs)
           ^^^^^^^^^^^^^^^^^^^^^^^^^^^^^^^^^
  File "/home/bond-servant-in-training/Documents/Virtualenvs/AutoGrader_env/lib/python3.12/site-packages/django_redis/client/default.py", line 653, in incr
    return self._incr(
           ^^^^^^^^^^^
  File "/home/bond-servant-in-training/Documents/Virtualenvs/AutoGrader_env/lib/python3.12/site-packages/django_redis/client/default.py", line 595, in _incr
    client = self.get_client(write=True)
             ^^^^^^^^^^^^^^^^^^^^^^^^^^^
  File "/home/bond-servant-in-training/Documents/Projects/Grade-Automator-Plus-cache-commit-race/AutoGrader/tests_cache_commit_race.py", line 355, in get_client
    raise failure
  File "/home/bond-servant-in-training/Documents/Projects/Grade-Automator-Plus-cache-commit-race/AutoGrader/cache_generation.py", line 169, in bump_generation
    return _incr_or_create(key)
           ^^^^^^^^^^^^^^^^^^^^
  File "/home/bond-servant-in-training/Documents/Projects/Grade-Automator-Plus-cache-commit-race/AutoGrader/cache_generation.py", line 199, in _incr_or_create
    return cache.incr(key)
           ^^^^^^^^^^^^^^^
  File "/home/bond-servant-in-training/Documents/Virtualenvs/AutoGrader_env/lib/python3.12/site-packages/django_redis/cache.py", line 29, in _decorator
    return method(self, *args, **kwargs)
           ^^^^^^^^^^^^^^^^^^^^^^^^^^^^^
  File "/home/bond-servant-in-training/Documents/Virtualenvs/AutoGrader_env/lib/python3.12/site-packages/django_redis/cache.py", line 130, in incr
    return self.client.incr(*args, **kwargs)
           ^^^^^^^^^^^^^^^^^^^^^^^^^^^^^^^^^
  File "/home/bond-servant-in-training/Documents/Virtualenvs/AutoGrader_env/lib/python3.12/site-packages/django_redis/client/default.py", line 653, in incr
    return self._incr(
           ^^^^^^^^^^^
  File "/home/bond-servant-in-training/Documents/Virtualenvs/AutoGrader_env/lib/python3.12/site-packages/django_redis/client/default.py", line 595, in _incr
    client = self.get_client(write=True)
             ^^^^^^^^^^^^^^^^^^^^^^^^^^^
  File "/home/bond-servant-in-training/Documents/Projects/Grade-Automator-Plus-cache-commit-race/AutoGrader/tests_cache_commit_race.py", line 355, in get_client
    raise failure
  File "/home/bond-servant-in-training/Documents/Projects/Grade-Automator-Plus-cache-commit-race/AutoGrader/cache_generation.py", line 275, in _bump_pipelined
    client = cache.client.get_client(write=True)
             ^^^^^^^^^^^^^^^^^^^^^^^^^^^^^^^^^^^
  File "/home/bond-servant-in-training/Documents/Projects/Grade-Automator-Plus-cache-commit-race/AutoGrader/tests_cache_commit_race.py", line 355, in get_client
    raise failure
redis.exceptions.TimeoutError: redis timed out
[2026-09-17 19:54:06,789: ERROR/MainProcess] Cache generation bump failed for cachegen:crs:5a6a0ff1-a97d-4703-8bca-b3703a08e8e8; entries keyed on it will serve stale data until their TTL expires.
Traceback (most recent call last):
  File "/home/bond-servant-in-training/Documents/Projects/Grade-Automator-Plus-cache-commit-race/AutoGrader/cache_generation.py", line 169, in bump_generation
    return _incr_or_create(key)
           ^^^^^^^^^^^^^^^^^^^^
  File "/home/bond-servant-in-training/Documents/Projects/Grade-Automator-Plus-cache-commit-race/AutoGrader/cache_generation.py", line 199, in _incr_or_create
    return cache.incr(key)
           ^^^^^^^^^^^^^^^
  File "/home/bond-servant-in-training/Documents/Virtualenvs/AutoGrader_env/lib/python3.12/site-packages/django_redis/cache.py", line 29, in _decorator
    return method(self, *args, **kwargs)
           ^^^^^^^^^^^^^^^^^^^^^^^^^^^^^
  File "/home/bond-servant-in-training/Documents/Virtualenvs/AutoGrader_env/lib/python3.12/site-packages/django_redis/cache.py", line 130, in incr
    return self.client.incr(*args, **kwargs)
           ^^^^^^^^^^^^^^^^^^^^^^^^^^^^^^^^^
  File "/home/bond-servant-in-training/Documents/Virtualenvs/AutoGrader_env/lib/python3.12/site-packages/django_redis/client/default.py", line 653, in incr
    return self._incr(
           ^^^^^^^^^^^
  File "/home/bond-servant-in-training/Documents/Virtualenvs/AutoGrader_env/lib/python3.12/site-packages/django_redis/client/default.py", line 595, in _incr
    client = self.get_client(write=True)
             ^^^^^^^^^^^^^^^^^^^^^^^^^^^
  File "/home/bond-servant-in-training/Documents/Projects/Grade-Automator-Plus-cache-commit-race/AutoGrader/tests_cache_commit_race.py", line 355, in get_client
    raise failure
  File "/home/bond-servant-in-training/Documents/Projects/Grade-Automator-Plus-cache-commit-race/AutoGrader/cache_generation.py", line 169, in bump_generation
    return _incr_or_create(key)
           ^^^^^^^^^^^^^^^^^^^^
  File "/home/bond-servant-in-training/Documents/Projects/Grade-Automator-Plus-cache-commit-race/AutoGrader/cache_generation.py", line 199, in _incr_or_create
    return cache.incr(key)
           ^^^^^^^^^^^^^^^
  File "/home/bond-servant-in-training/Documents/Virtualenvs/AutoGrader_env/lib/python3.12/site-packages/django_redis/cache.py", line 29, in _decorator
    return method(self, *args, **kwargs)
           ^^^^^^^^^^^^^^^^^^^^^^^^^^^^^
  File "/home/bond-servant-in-training/Documents/Virtualenvs/AutoGrader_env/lib/python3.12/site-packages/django_redis/cache.py", line 130, in incr
    return self.client.incr(*args, **kwargs)
           ^^^^^^^^^^^^^^^^^^^^^^^^^^^^^^^^^
  File "/home/bond-servant-in-training/Documents/Virtualenvs/AutoGrader_env/lib/python3.12/site-packages/django_redis/client/default.py", line 653, in incr
    return self._incr(
           ^^^^^^^^^^^
  File "/home/bond-servant-in-training/Documents/Virtualenvs/AutoGrader_env/lib/python3.12/site-packages/django_redis/client/default.py", line 595, in _incr
    client = self.get_client(write=True)
             ^^^^^^^^^^^^^^^^^^^^^^^^^^^
  File "/home/bond-servant-in-training/Documents/Projects/Grade-Automator-Plus-cache-commit-race/AutoGrader/tests_cache_commit_race.py", line 355, in get_client
    raise failure
  File "/home/bond-servant-in-training/Documents/Projects/Grade-Automator-Plus-cache-commit-race/AutoGrader/cache_generation.py", line 169, in bump_generation
    return _incr_or_create(key)
           ^^^^^^^^^^^^^^^^^^^^
  File "/home/bond-servant-in-training/Documents/Projects/Grade-Automator-Plus-cache-commit-race/AutoGrader/cache_generation.py", line 199, in _incr_or_create
    return cache.incr(key)
           ^^^^^^^^^^^^^^^
  File "/home/bond-servant-in-training/Documents/Virtualenvs/AutoGrader_env/lib/python3.12/site-packages/django_redis/cache.py", line 29, in _decorator
    return method(self, *args, **kwargs)
           ^^^^^^^^^^^^^^^^^^^^^^^^^^^^^
  File "/home/bond-servant-in-training/Documents/Virtualenvs/AutoGrader_env/lib/python3.12/site-packages/django_redis/cache.py", line 130, in incr
    return self.client.incr(*args, **kwargs)
           ^^^^^^^^^^^^^^^^^^^^^^^^^^^^^^^^^
  File "/home/bond-servant-in-training/Documents/Virtualenvs/AutoGrader_env/lib/python3.12/site-packages/django_redis/client/default.py", line 653, in incr
    return self._incr(
           ^^^^^^^^^^^
  File "/home/bond-servant-in-training/Documents/Virtualenvs/AutoGrader_env/lib/python3.12/site-packages/django_redis/client/default.py", line 595, in _incr
    client = self.get_client(write=True)
             ^^^^^^^^^^^^^^^^^^^^^^^^^^^
  File "/home/bond-servant-in-training/Documents/Projects/Grade-Automator-Plus-cache-commit-race/AutoGrader/tests_cache_commit_race.py", line 355, in get_client
    raise failure
  File "/home/bond-servant-in-training/Documents/Projects/Grade-Automator-Plus-cache-commit-race/AutoGrader/cache_generation.py", line 275, in _bump_pipelined
    client = cache.client.get_client(write=True)
             ^^^^^^^^^^^^^^^^^^^^^^^^^^^^^^^^^^^
  File "/home/bond-servant-in-training/Documents/Projects/Grade-Automator-Plus-cache-commit-race/AutoGrader/tests_cache_commit_race.py", line 355, in get_client
    raise failure
  File "/home/bond-servant-in-training/Documents/Projects/Grade-Automator-Plus-cache-commit-race/AutoGrader/cache_generation.py", line 169, in bump_generation
    return _incr_or_create(key)
           ^^^^^^^^^^^^^^^^^^^^
  File "/home/bond-servant-in-training/Documents/Projects/Grade-Automator-Plus-cache-commit-race/AutoGrader/cache_generation.py", line 199, in _incr_or_create
    return cache.incr(key)
           ^^^^^^^^^^^^^^^
  File "/home/bond-servant-in-training/Documents/Virtualenvs/AutoGrader_env/lib/python3.12/site-packages/django_redis/cache.py", line 29, in _decorator
    return method(self, *args, **kwargs)
           ^^^^^^^^^^^^^^^^^^^^^^^^^^^^^
  File "/home/bond-servant-in-training/Documents/Virtualenvs/AutoGrader_env/lib/python3.12/site-packages/django_redis/cache.py", line 130, in incr
    return self.client.incr(*args, **kwargs)
           ^^^^^^^^^^^^^^^^^^^^^^^^^^^^^^^^^
  File "/home/bond-servant-in-training/Documents/Virtualenvs/AutoGrader_env/lib/python3.12/site-packages/django_redis/client/default.py", line 653, in incr
    return self._incr(
           ^^^^^^^^^^^
  File "/home/bond-servant-in-training/Documents/Virtualenvs/AutoGrader_env/lib/python3.12/site-packages/django_redis/client/default.py", line 595, in _incr
    client = self.get_client(write=True)
             ^^^^^^^^^^^^^^^^^^^^^^^^^^^
  File "/home/bond-servant-in-training/Documents/Projects/Grade-Automator-Plus-cache-commit-race/AutoGrader/tests_cache_commit_race.py", line 355, in get_client
    raise failure
  File "/home/bond-servant-in-training/Documents/Projects/Grade-Automator-Plus-cache-commit-race/AutoGrader/cache_generation.py", line 169, in bump_generation
    return _incr_or_create(key)
           ^^^^^^^^^^^^^^^^^^^^
  File "/home/bond-servant-in-training/Documents/Projects/Grade-Automator-Plus-cache-commit-race/AutoGrader/cache_generation.py", line 199, in _incr_or_create
    return cache.incr(key)
           ^^^^^^^^^^^^^^^
  File "/home/bond-servant-in-training/Documents/Virtualenvs/AutoGrader_env/lib/python3.12/site-packages/django_redis/cache.py", line 29, in _decorator
    return method(self, *args, **kwargs)
           ^^^^^^^^^^^^^^^^^^^^^^^^^^^^^
  File "/home/bond-servant-in-training/Documents/Virtualenvs/AutoGrader_env/lib/python3.12/site-packages/django_redis/cache.py", line 130, in incr
    return self.client.incr(*args, **kwargs)
           ^^^^^^^^^^^^^^^^^^^^^^^^^^^^^^^^^
  File "/home/bond-servant-in-training/Documents/Virtualenvs/AutoGrader_env/lib/python3.12/site-packages/django_redis/client/default.py", line 653, in incr
    return self._incr(
           ^^^^^^^^^^^
  File "/home/bond-servant-in-training/Documents/Virtualenvs/AutoGrader_env/lib/python3.12/site-packages/django_redis/client/default.py", line 595, in _incr
    client = self.get_client(write=True)
             ^^^^^^^^^^^^^^^^^^^^^^^^^^^
  File "/home/bond-servant-in-training/Documents/Projects/Grade-Automator-Plus-cache-commit-race/AutoGrader/tests_cache_commit_race.py", line 355, in get_client
    raise failure
  File "/home/bond-servant-in-training/Documents/Projects/Grade-Automator-Plus-cache-commit-race/AutoGrader/cache_generation.py", line 169, in bump_generation
    return _incr_or_create(key)
           ^^^^^^^^^^^^^^^^^^^^
  File "/home/bond-servant-in-training/Documents/Projects/Grade-Automator-Plus-cache-commit-race/AutoGrader/cache_generation.py", line 199, in _incr_or_create
    return cache.incr(key)
           ^^^^^^^^^^^^^^^
  File "/home/bond-servant-in-training/Documents/Virtualenvs/AutoGrader_env/lib/python3.12/site-packages/django_redis/cache.py", line 29, in _decorator
    return method(self, *args, **kwargs)
           ^^^^^^^^^^^^^^^^^^^^^^^^^^^^^
  File "/home/bond-servant-in-training/Documents/Virtualenvs/AutoGrader_env/lib/python3.12/site-packages/django_redis/cache.py", line 130, in incr
    return self.client.incr(*args, **kwargs)
           ^^^^^^^^^^^^^^^^^^^^^^^^^^^^^^^^^
  File "/home/bond-servant-in-training/Documents/Virtualenvs/AutoGrader_env/lib/python3.12/site-packages/django_redis/client/default.py", line 653, in incr
    return self._incr(
           ^^^^^^^^^^^
  File "/home/bond-servant-in-training/Documents/Virtualenvs/AutoGrader_env/lib/python3.12/site-packages/django_redis/client/default.py", line 595, in _incr
    client = self.get_client(write=True)
             ^^^^^^^^^^^^^^^^^^^^^^^^^^^
  File "/home/bond-servant-in-training/Documents/Projects/Grade-Automator-Plus-cache-commit-race/AutoGrader/tests_cache_commit_race.py", line 355, in get_client
    raise failure
  File "/home/bond-servant-in-training/Documents/Projects/Grade-Automator-Plus-cache-commit-race/AutoGrader/cache_generation.py", line 169, in bump_generation
    return _incr_or_create(key)
           ^^^^^^^^^^^^^^^^^^^^
  File "/home/bond-servant-in-training/Documents/Projects/Grade-Automator-Plus-cache-commit-race/AutoGrader/cache_generation.py", line 199, in _incr_or_create
    return cache.incr(key)
           ^^^^^^^^^^^^^^^
  File "/home/bond-servant-in-training/Documents/Virtualenvs/AutoGrader_env/lib/python3.12/site-packages/django_redis/cache.py", line 29, in _decorator
    return method(self, *args, **kwargs)
           ^^^^^^^^^^^^^^^^^^^^^^^^^^^^^
  File "/home/bond-servant-in-training/Documents/Virtualenvs/AutoGrader_env/lib/python3.12/site-packages/django_redis/cache.py", line 130, in incr
    return self.client.incr(*args, **kwargs)
           ^^^^^^^^^^^^^^^^^^^^^^^^^^^^^^^^^
  File "/home/bond-servant-in-training/Documents/Virtualenvs/AutoGrader_env/lib/python3.12/site-packages/django_redis/client/default.py", line 653, in incr
    return self._incr(
           ^^^^^^^^^^^
  File "/home/bond-servant-in-training/Documents/Virtualenvs/AutoGrader_env/lib/python3.12/site-packages/django_redis/client/default.py", line 595, in _incr
    client = self.get_client(write=True)
             ^^^^^^^^^^^^^^^^^^^^^^^^^^^
  File "/home/bond-servant-in-training/Documents/Projects/Grade-Automator-Plus-cache-commit-race/AutoGrader/tests_cache_commit_race.py", line 355, in get_client
    raise failure
  File "/home/bond-servant-in-training/Documents/Projects/Grade-Automator-Plus-cache-commit-race/AutoGrader/cache_generation.py", line 275, in _bump_pipelined
    client = cache.client.get_client(write=True)
             ^^^^^^^^^^^^^^^^^^^^^^^^^^^^^^^^^^^
  File "/home/bond-servant-in-training/Documents/Projects/Grade-Automator-Plus-cache-commit-race/AutoGrader/tests_cache_commit_race.py", line 355, in get_client
    raise failure
  File "/home/bond-servant-in-training/Documents/Projects/Grade-Automator-Plus-cache-commit-race/AutoGrader/cache_generation.py", line 169, in bump_generation
    return _incr_or_create(key)
           ^^^^^^^^^^^^^^^^^^^^
  File "/home/bond-servant-in-training/Documents/Projects/Grade-Automator-Plus-cache-commit-race/AutoGrader/cache_generation.py", line 199, in _incr_or_create
    return cache.incr(key)
           ^^^^^^^^^^^^^^^
  File "/home/bond-servant-in-training/Documents/Virtualenvs/AutoGrader_env/lib/python3.12/site-packages/django_redis/cache.py", line 29, in _decorator
    return method(self, *args, **kwargs)
           ^^^^^^^^^^^^^^^^^^^^^^^^^^^^^
  File "/home/bond-servant-in-training/Documents/Virtualenvs/AutoGrader_env/lib/python3.12/site-packages/django_redis/cache.py", line 130, in incr
    return self.client.incr(*args, **kwargs)
           ^^^^^^^^^^^^^^^^^^^^^^^^^^^^^^^^^
  File "/home/bond-servant-in-training/Documents/Virtualenvs/AutoGrader_env/lib/python3.12/site-packages/django_redis/client/default.py", line 653, in incr
    return self._incr(
           ^^^^^^^^^^^
  File "/home/bond-servant-in-training/Documents/Virtualenvs/AutoGrader_env/lib/python3.12/site-packages/django_redis/client/default.py", line 595, in _incr
    client = self.get_client(write=True)
             ^^^^^^^^^^^^^^^^^^^^^^^^^^^
  File "/home/bond-servant-in-training/Documents/Projects/Grade-Automator-Plus-cache-commit-race/AutoGrader/tests_cache_commit_race.py", line 355, in get_client
    raise failure
  File "/home/bond-servant-in-training/Documents/Projects/Grade-Automator-Plus-cache-commit-race/AutoGrader/cache_generation.py", line 169, in bump_generation
    return _incr_or_create(key)
           ^^^^^^^^^^^^^^^^^^^^
  File "/home/bond-servant-in-training/Documents/Projects/Grade-Automator-Plus-cache-commit-race/AutoGrader/cache_generation.py", line 199, in _incr_or_create
    return cache.incr(key)
           ^^^^^^^^^^^^^^^
  File "/home/bond-servant-in-training/Documents/Virtualenvs/AutoGrader_env/lib/python3.12/site-packages/django_redis/cache.py", line 29, in _decorator
    return method(self, *args, **kwargs)
           ^^^^^^^^^^^^^^^^^^^^^^^^^^^^^
  File "/home/bond-servant-in-training/Documents/Virtualenvs/AutoGrader_env/lib/python3.12/site-packages/django_redis/cache.py", line 130, in incr
    return self.client.incr(*args, **kwargs)
           ^^^^^^^^^^^^^^^^^^^^^^^^^^^^^^^^^
  File "/home/bond-servant-in-training/Documents/Virtualenvs/AutoGrader_env/lib/python3.12/site-packages/django_redis/client/default.py", line 653, in incr
    return self._incr(
           ^^^^^^^^^^^
  File "/home/bond-servant-in-training/Documents/Virtualenvs/AutoGrader_env/lib/python3.12/site-packages/django_redis/client/default.py", line 595, in _incr
    client = self.get_client(write=True)
             ^^^^^^^^^^^^^^^^^^^^^^^^^^^
  File "/home/bond-servant-in-training/Documents/Projects/Grade-Automator-Plus-cache-commit-race/AutoGrader/tests_cache_commit_race.py", line 355, in get_client
    raise failure
  File "/home/bond-servant-in-training/Documents/Projects/Grade-Automator-Plus-cache-commit-race/AutoGrader/cache_generation.py", line 169, in bump_generation
    return _incr_or_create(key)
           ^^^^^^^^^^^^^^^^^^^^
  File "/home/bond-servant-in-training/Documents/Projects/Grade-Automator-Plus-cache-commit-race/AutoGrader/cache_generation.py", line 199, in _incr_or_create
    return cache.incr(key)
           ^^^^^^^^^^^^^^^
  File "/home/bond-servant-in-training/Documents/Virtualenvs/AutoGrader_env/lib/python3.12/site-packages/django_redis/cache.py", line 29, in _decorator
    return method(self, *args, **kwargs)
           ^^^^^^^^^^^^^^^^^^^^^^^^^^^^^
  File "/home/bond-servant-in-training/Documents/Virtualenvs/AutoGrader_env/lib/python3.12/site-packages/django_redis/cache.py", line 130, in incr
    return self.client.incr(*args, **kwargs)
           ^^^^^^^^^^^^^^^^^^^^^^^^^^^^^^^^^
  File "/home/bond-servant-in-training/Documents/Virtualenvs/AutoGrader_env/lib/python3.12/site-packages/django_redis/client/default.py", line 653, in incr
    return self._incr(
           ^^^^^^^^^^^
  File "/home/bond-servant-in-training/Documents/Virtualenvs/AutoGrader_env/lib/python3.12/site-packages/django_redis/client/default.py", line 595, in _incr
    client = self.get_client(write=True)
             ^^^^^^^^^^^^^^^^^^^^^^^^^^^
  File "/home/bond-servant-in-training/Documents/Projects/Grade-Automator-Plus-cache-commit-race/AutoGrader/tests_cache_commit_race.py", line 355, in get_client
    raise failure
  File "/home/bond-servant-in-training/Documents/Projects/Grade-Automator-Plus-cache-commit-race/AutoGrader/cache_generation.py", line 169, in bump_generation
    return _incr_or_create(key)
           ^^^^^^^^^^^^^^^^^^^^
  File "/home/bond-servant-in-training/Documents/Projects/Grade-Automator-Plus-cache-commit-race/AutoGrader/cache_generation.py", line 199, in _incr_or_create
    return cache.incr(key)
           ^^^^^^^^^^^^^^^
  File "/home/bond-servant-in-training/Documents/Virtualenvs/AutoGrader_env/lib/python3.12/site-packages/django_redis/cache.py", line 29, in _decorator
    return method(self, *args, **kwargs)
           ^^^^^^^^^^^^^^^^^^^^^^^^^^^^^
  File "/home/bond-servant-in-training/Documents/Virtualenvs/AutoGrader_env/lib/python3.12/site-packages/django_redis/cache.py", line 130, in incr
    return self.client.incr(*args, **kwargs)
           ^^^^^^^^^^^^^^^^^^^^^^^^^^^^^^^^^
  File "/home/bond-servant-in-training/Documents/Virtualenvs/AutoGrader_env/lib/python3.12/site-packages/django_redis/client/default.py", line 653, in incr
    return self._incr(
           ^^^^^^^^^^^
  File "/home/bond-servant-in-training/Documents/Virtualenvs/AutoGrader_env/lib/python3.12/site-packages/django_redis/client/default.py", line 595, in _incr
    client = self.get_client(write=True)
             ^^^^^^^^^^^^^^^^^^^^^^^^^^^
  File "/home/bond-servant-in-training/Documents/Projects/Grade-Automator-Plus-cache-commit-race/AutoGrader/tests_cache_commit_race.py", line 355, in get_client
    raise failure
  File "/home/bond-servant-in-training/Documents/Projects/Grade-Automator-Plus-cache-commit-race/AutoGrader/cache_generation.py", line 275, in _bump_pipelined
    client = cache.client.get_client(write=True)
             ^^^^^^^^^^^^^^^^^^^^^^^^^^^^^^^^^^^
  File "/home/bond-servant-in-training/Documents/Projects/Grade-Automator-Plus-cache-commit-race/AutoGrader/tests_cache_commit_race.py", line 355, in get_client
    raise failure
redis.exceptions.TimeoutError: redis timed out
[2026-09-17 19:54:06,794: ERROR/MainProcess] Cache generation bump failed for cachegen:usr:cfcfeacc-5a2a-407b-9fec-718c7801f08f; entries keyed on it will serve stale data until their TTL expires.
Traceback (most recent call last):
  File "/home/bond-servant-in-training/Documents/Projects/Grade-Automator-Plus-cache-commit-race/AutoGrader/cache_generation.py", line 169, in bump_generation
    return _incr_or_create(key)
           ^^^^^^^^^^^^^^^^^^^^
  File "/home/bond-servant-in-training/Documents/Projects/Grade-Automator-Plus-cache-commit-race/AutoGrader/cache_generation.py", line 199, in _incr_or_create
    return cache.incr(key)
           ^^^^^^^^^^^^^^^
  File "/home/bond-servant-in-training/Documents/Virtualenvs/AutoGrader_env/lib/python3.12/site-packages/django_redis/cache.py", line 29, in _decorator
    return method(self, *args, **kwargs)
           ^^^^^^^^^^^^^^^^^^^^^^^^^^^^^
  File "/home/bond-servant-in-training/Documents/Virtualenvs/AutoGrader_env/lib/python3.12/site-packages/django_redis/cache.py", line 130, in incr
    return self.client.incr(*args, **kwargs)
           ^^^^^^^^^^^^^^^^^^^^^^^^^^^^^^^^^
  File "/home/bond-servant-in-training/Documents/Virtualenvs/AutoGrader_env/lib/python3.12/site-packages/django_redis/client/default.py", line 653, in incr
    return self._incr(
           ^^^^^^^^^^^
  File "/home/bond-servant-in-training/Documents/Virtualenvs/AutoGrader_env/lib/python3.12/site-packages/django_redis/client/default.py", line 595, in _incr
    client = self.get_client(write=True)
             ^^^^^^^^^^^^^^^^^^^^^^^^^^^
  File "/home/bond-servant-in-training/Documents/Projects/Grade-Automator-Plus-cache-commit-race/AutoGrader/tests_cache_commit_race.py", line 355, in get_client
    raise failure
  File "/home/bond-servant-in-training/Documents/Projects/Grade-Automator-Plus-cache-commit-race/AutoGrader/cache_generation.py", line 169, in bump_generation
    return _incr_or_create(key)
           ^^^^^^^^^^^^^^^^^^^^
  File "/home/bond-servant-in-training/Documents/Projects/Grade-Automator-Plus-cache-commit-race/AutoGrader/cache_generation.py", line 199, in _incr_or_create
    return cache.incr(key)
           ^^^^^^^^^^^^^^^
  File "/home/bond-servant-in-training/Documents/Virtualenvs/AutoGrader_env/lib/python3.12/site-packages/django_redis/cache.py", line 29, in _decorator
    return method(self, *args, **kwargs)
           ^^^^^^^^^^^^^^^^^^^^^^^^^^^^^
  File "/home/bond-servant-in-training/Documents/Virtualenvs/AutoGrader_env/lib/python3.12/site-packages/django_redis/cache.py", line 130, in incr
    return self.client.incr(*args, **kwargs)
           ^^^^^^^^^^^^^^^^^^^^^^^^^^^^^^^^^
  File "/home/bond-servant-in-training/Documents/Virtualenvs/AutoGrader_env/lib/python3.12/site-packages/django_redis/client/default.py", line 653, in incr
    return self._incr(
           ^^^^^^^^^^^
  File "/home/bond-servant-in-training/Documents/Virtualenvs/AutoGrader_env/lib/python3.12/site-packages/django_redis/client/default.py", line 595, in _incr
    client = self.get_client(write=True)
             ^^^^^^^^^^^^^^^^^^^^^^^^^^^
  File "/home/bond-servant-in-training/Documents/Projects/Grade-Automator-Plus-cache-commit-race/AutoGrader/tests_cache_commit_race.py", line 355, in get_client
    raise failure
  File "/home/bond-servant-in-training/Documents/Projects/Grade-Automator-Plus-cache-commit-race/AutoGrader/cache_generation.py", line 169, in bump_generation
    return _incr_or_create(key)
           ^^^^^^^^^^^^^^^^^^^^
  File "/home/bond-servant-in-training/Documents/Projects/Grade-Automator-Plus-cache-commit-race/AutoGrader/cache_generation.py", line 199, in _incr_or_create
    return cache.incr(key)
           ^^^^^^^^^^^^^^^
  File "/home/bond-servant-in-training/Documents/Virtualenvs/AutoGrader_env/lib/python3.12/site-packages/django_redis/cache.py", line 29, in _decorator
    return method(self, *args, **kwargs)
           ^^^^^^^^^^^^^^^^^^^^^^^^^^^^^
  File "/home/bond-servant-in-training/Documents/Virtualenvs/AutoGrader_env/lib/python3.12/site-packages/django_redis/cache.py", line 130, in incr
    return self.client.incr(*args, **kwargs)
           ^^^^^^^^^^^^^^^^^^^^^^^^^^^^^^^^^
  File "/home/bond-servant-in-training/Documents/Virtualenvs/AutoGrader_env/lib/python3.12/site-packages/django_redis/client/default.py", line 653, in incr
    return self._incr(
           ^^^^^^^^^^^
  File "/home/bond-servant-in-training/Documents/Virtualenvs/AutoGrader_env/lib/python3.12/site-packages/django_redis/client/default.py", line 595, in _incr
    client = self.get_client(write=True)
             ^^^^^^^^^^^^^^^^^^^^^^^^^^^
  File "/home/bond-servant-in-training/Documents/Projects/Grade-Automator-Plus-cache-commit-race/AutoGrader/tests_cache_commit_race.py", line 355, in get_client
    raise failure
  File "/home/bond-servant-in-training/Documents/Projects/Grade-Automator-Plus-cache-commit-race/AutoGrader/cache_generation.py", line 169, in bump_generation
    return _incr_or_create(key)
           ^^^^^^^^^^^^^^^^^^^^
  File "/home/bond-servant-in-training/Documents/Projects/Grade-Automator-Plus-cache-commit-race/AutoGrader/cache_generation.py", line 199, in _incr_or_create
    return cache.incr(key)
           ^^^^^^^^^^^^^^^
  File "/home/bond-servant-in-training/Documents/Virtualenvs/AutoGrader_env/lib/python3.12/site-packages/django_redis/cache.py", line 29, in _decorator
    return method(self, *args, **kwargs)
           ^^^^^^^^^^^^^^^^^^^^^^^^^^^^^
  File "/home/bond-servant-in-training/Documents/Virtualenvs/AutoGrader_env/lib/python3.12/site-packages/django_redis/cache.py", line 130, in incr
    return self.client.incr(*args, **kwargs)
           ^^^^^^^^^^^^^^^^^^^^^^^^^^^^^^^^^
  File "/home/bond-servant-in-training/Documents/Virtualenvs/AutoGrader_env/lib/python3.12/site-packages/django_redis/client/default.py", line 653, in incr
    return self._incr(
           ^^^^^^^^^^^
  File "/home/bond-servant-in-training/Documents/Virtualenvs/AutoGrader_env/lib/python3.12/site-packages/django_redis/client/default.py", line 595, in _incr
    client = self.get_client(write=True)
             ^^^^^^^^^^^^^^^^^^^^^^^^^^^
  File "/home/bond-servant-in-training/Documents/Projects/Grade-Automator-Plus-cache-commit-race/AutoGrader/tests_cache_commit_race.py", line 355, in get_client
    raise failure
  File "/home/bond-servant-in-training/Documents/Projects/Grade-Automator-Plus-cache-commit-race/AutoGrader/cache_generation.py", line 275, in _bump_pipelined
    client = cache.client.get_client(write=True)
             ^^^^^^^^^^^^^^^^^^^^^^^^^^^^^^^^^^^
  File "/home/bond-servant-in-training/Documents/Projects/Grade-Automator-Plus-cache-commit-race/AutoGrader/tests_cache_commit_race.py", line 355, in get_client
    raise failure
  File "/home/bond-servant-in-training/Documents/Projects/Grade-Automator-Plus-cache-commit-race/AutoGrader/cache_generation.py", line 169, in bump_generation
    return _incr_or_create(key)
           ^^^^^^^^^^^^^^^^^^^^
  File "/home/bond-servant-in-training/Documents/Projects/Grade-Automator-Plus-cache-commit-race/AutoGrader/cache_generation.py", line 199, in _incr_or_create
    return cache.incr(key)
           ^^^^^^^^^^^^^^^
  File "/home/bond-servant-in-training/Documents/Virtualenvs/AutoGrader_env/lib/python3.12/site-packages/django_redis/cache.py", line 29, in _decorator
    return method(self, *args, **kwargs)
           ^^^^^^^^^^^^^^^^^^^^^^^^^^^^^
  File "/home/bond-servant-in-training/Documents/Virtualenvs/AutoGrader_env/lib/python3.12/site-packages/django_redis/cache.py", line 130, in incr
    return self.client.incr(*args, **kwargs)
           ^^^^^^^^^^^^^^^^^^^^^^^^^^^^^^^^^
  File "/home/bond-servant-in-training/Documents/Virtualenvs/AutoGrader_env/lib/python3.12/site-packages/django_redis/client/default.py", line 653, in incr
    return self._incr(
           ^^^^^^^^^^^
  File "/home/bond-servant-in-training/Documents/Virtualenvs/AutoGrader_env/lib/python3.12/site-packages/django_redis/client/default.py", line 595, in _incr
    client = self.get_client(write=True)
             ^^^^^^^^^^^^^^^^^^^^^^^^^^^
  File "/home/bond-servant-in-training/Documents/Projects/Grade-Automator-Plus-cache-commit-race/AutoGrader/tests_cache_commit_race.py", line 355, in get_client
    raise failure
  File "/home/bond-servant-in-training/Documents/Projects/Grade-Automator-Plus-cache-commit-race/AutoGrader/cache_generation.py", line 169, in bump_generation
    return _incr_or_create(key)
           ^^^^^^^^^^^^^^^^^^^^
  File "/home/bond-servant-in-training/Documents/Projects/Grade-Automator-Plus-cache-commit-race/AutoGrader/cache_generation.py", line 199, in _incr_or_create
    return cache.incr(key)
           ^^^^^^^^^^^^^^^
  File "/home/bond-servant-in-training/Documents/Virtualenvs/AutoGrader_env/lib/python3.12/site-packages/django_redis/cache.py", line 29, in _decorator
    return method(self, *args, **kwargs)
           ^^^^^^^^^^^^^^^^^^^^^^^^^^^^^
  File "/home/bond-servant-in-training/Documents/Virtualenvs/AutoGrader_env/lib/python3.12/site-packages/django_redis/cache.py", line 130, in incr
    return self.client.incr(*args, **kwargs)
           ^^^^^^^^^^^^^^^^^^^^^^^^^^^^^^^^^
  File "/home/bond-servant-in-training/Documents/Virtualenvs/AutoGrader_env/lib/python3.12/site-packages/django_redis/client/default.py", line 653, in incr
    return self._incr(
           ^^^^^^^^^^^
  File "/home/bond-servant-in-training/Documents/Virtualenvs/AutoGrader_env/lib/python3.12/site-packages/django_redis/client/default.py", line 595, in _incr
    client = self.get_client(write=True)
             ^^^^^^^^^^^^^^^^^^^^^^^^^^^
  File "/home/bond-servant-in-training/Documents/Projects/Grade-Automator-Plus-cache-commit-race/AutoGrader/tests_cache_commit_race.py", line 355, in get_client
    raise failure
  File "/home/bond-servant-in-training/Documents/Projects/Grade-Automator-Plus-cache-commit-race/AutoGrader/cache_generation.py", line 169, in bump_generation
    return _incr_or_create(key)
           ^^^^^^^^^^^^^^^^^^^^
  File "/home/bond-servant-in-training/Documents/Projects/Grade-Automator-Plus-cache-commit-race/AutoGrader/cache_generation.py", line 199, in _incr_or_create
    return cache.incr(key)
           ^^^^^^^^^^^^^^^
  File "/home/bond-servant-in-training/Documents/Virtualenvs/AutoGrader_env/lib/python3.12/site-packages/django_redis/cache.py", line 29, in _decorator
    return method(self, *args, **kwargs)
           ^^^^^^^^^^^^^^^^^^^^^^^^^^^^^
  File "/home/bond-servant-in-training/Documents/Virtualenvs/AutoGrader_env/lib/python3.12/site-packages/django_redis/cache.py", line 130, in incr
    return self.client.incr(*args, **kwargs)
           ^^^^^^^^^^^^^^^^^^^^^^^^^^^^^^^^^
  File "/home/bond-servant-in-training/Documents/Virtualenvs/AutoGrader_env/lib/python3.12/site-packages/django_redis/client/default.py", line 653, in incr
    return self._incr(
           ^^^^^^^^^^^
  File "/home/bond-servant-in-training/Documents/Virtualenvs/AutoGrader_env/lib/python3.12/site-packages/django_redis/client/default.py", line 595, in _incr
    client = self.get_client(write=True)
             ^^^^^^^^^^^^^^^^^^^^^^^^^^^
  File "/home/bond-servant-in-training/Documents/Projects/Grade-Automator-Plus-cache-commit-race/AutoGrader/tests_cache_commit_race.py", line 355, in get_client
    raise failure
  File "/home/bond-servant-in-training/Documents/Projects/Grade-Automator-Plus-cache-commit-race/AutoGrader/cache_generation.py", line 169, in bump_generation
    return _incr_or_create(key)
           ^^^^^^^^^^^^^^^^^^^^
  File "/home/bond-servant-in-training/Documents/Projects/Grade-Automator-Plus-cache-commit-race/AutoGrader/cache_generation.py", line 199, in _incr_or_create
    return cache.incr(key)
           ^^^^^^^^^^^^^^^
  File "/home/bond-servant-in-training/Documents/Virtualenvs/AutoGrader_env/lib/python3.12/site-packages/django_redis/cache.py", line 29, in _decorator
    return method(self, *args, **kwargs)
           ^^^^^^^^^^^^^^^^^^^^^^^^^^^^^
  File "/home/bond-servant-in-training/Documents/Virtualenvs/AutoGrader_env/lib/python3.12/site-packages/django_redis/cache.py", line 130, in incr
    return self.client.incr(*args, **kwargs)
           ^^^^^^^^^^^^^^^^^^^^^^^^^^^^^^^^^
  File "/home/bond-servant-in-training/Documents/Virtualenvs/AutoGrader_env/lib/python3.12/site-packages/django_redis/client/default.py", line 653, in incr
    return self._incr(
           ^^^^^^^^^^^
  File "/home/bond-servant-in-training/Documents/Virtualenvs/AutoGrader_env/lib/python3.12/site-packages/django_redis/client/default.py", line 595, in _incr
    client = self.get_client(write=True)
             ^^^^^^^^^^^^^^^^^^^^^^^^^^^
  File "/home/bond-servant-in-training/Documents/Projects/Grade-Automator-Plus-cache-commit-race/AutoGrader/tests_cache_commit_race.py", line 355, in get_client
    raise failure
  File "/home/bond-servant-in-training/Documents/Projects/Grade-Automator-Plus-cache-commit-race/AutoGrader/cache_generation.py", line 275, in _bump_pipelined
    client = cache.client.get_client(write=True)
             ^^^^^^^^^^^^^^^^^^^^^^^^^^^^^^^^^^^
  File "/home/bond-servant-in-training/Documents/Projects/Grade-Automator-Plus-cache-commit-race/AutoGrader/tests_cache_commit_race.py", line 355, in get_client
    raise failure
  File "/home/bond-servant-in-training/Documents/Projects/Grade-Automator-Plus-cache-commit-race/AutoGrader/cache_generation.py", line 169, in bump_generation
    return _incr_or_create(key)
           ^^^^^^^^^^^^^^^^^^^^
  File "/home/bond-servant-in-training/Documents/Projects/Grade-Automator-Plus-cache-commit-race/AutoGrader/cache_generation.py", line 199, in _incr_or_create
    return cache.incr(key)
           ^^^^^^^^^^^^^^^
  File "/home/bond-servant-in-training/Documents/Virtualenvs/AutoGrader_env/lib/python3.12/site-packages/django_redis/cache.py", line 29, in _decorator
    return method(self, *args, **kwargs)
           ^^^^^^^^^^^^^^^^^^^^^^^^^^^^^
  File "/home/bond-servant-in-training/Documents/Virtualenvs/AutoGrader_env/lib/python3.12/site-packages/django_redis/cache.py", line 130, in incr
    return self.client.incr(*args, **kwargs)
           ^^^^^^^^^^^^^^^^^^^^^^^^^^^^^^^^^
  File "/home/bond-servant-in-training/Documents/Virtualenvs/AutoGrader_env/lib/python3.12/site-packages/django_redis/client/default.py", line 653, in incr
    return self._incr(
           ^^^^^^^^^^^
  File "/home/bond-servant-in-training/Documents/Virtualenvs/AutoGrader_env/lib/python3.12/site-packages/django_redis/client/default.py", line 595, in _incr
    client = self.get_client(write=True)
             ^^^^^^^^^^^^^^^^^^^^^^^^^^^
  File "/home/bond-servant-in-training/Documents/Projects/Grade-Automator-Plus-cache-commit-race/AutoGrader/tests_cache_commit_race.py", line 355, in get_client
    raise failure
  File "/home/bond-servant-in-training/Documents/Projects/Grade-Automator-Plus-cache-commit-race/AutoGrader/cache_generation.py", line 169, in bump_generation
    return _incr_or_create(key)
           ^^^^^^^^^^^^^^^^^^^^
  File "/home/bond-servant-in-training/Documents/Projects/Grade-Automator-Plus-cache-commit-race/AutoGrader/cache_generation.py", line 199, in _incr_or_create
    return cache.incr(key)
           ^^^^^^^^^^^^^^^
  File "/home/bond-servant-in-training/Documents/Virtualenvs/AutoGrader_env/lib/python3.12/site-packages/django_redis/cache.py", line 29, in _decorator
    return method(self, *args, **kwargs)
           ^^^^^^^^^^^^^^^^^^^^^^^^^^^^^
  File "/home/bond-servant-in-training/Documents/Virtualenvs/AutoGrader_env/lib/python3.12/site-packages/django_redis/cache.py", line 130, in incr
    return self.client.incr(*args, **kwargs)
           ^^^^^^^^^^^^^^^^^^^^^^^^^^^^^^^^^
  File "/home/bond-servant-in-training/Documents/Virtualenvs/AutoGrader_env/lib/python3.12/site-packages/django_redis/client/default.py", line 653, in incr
    return self._incr(
           ^^^^^^^^^^^
  File "/home/bond-servant-in-training/Documents/Virtualenvs/AutoGrader_env/lib/python3.12/site-packages/django_redis/client/default.py", line 595, in _incr
    client = self.get_client(write=True)
             ^^^^^^^^^^^^^^^^^^^^^^^^^^^
  File "/home/bond-servant-in-training/Documents/Projects/Grade-Automator-Plus-cache-commit-race/AutoGrader/tests_cache_commit_race.py", line 355, in get_client
    raise failure
  File "/home/bond-servant-in-training/Documents/Projects/Grade-Automator-Plus-cache-commit-race/AutoGrader/cache_generation.py", line 169, in bump_generation
    return _incr_or_create(key)
           ^^^^^^^^^^^^^^^^^^^^
  File "/home/bond-servant-in-training/Documents/Projects/Grade-Automator-Plus-cache-commit-race/AutoGrader/cache_generation.py", line 199, in _incr_or_create
    return cache.incr(key)
           ^^^^^^^^^^^^^^^
  File "/home/bond-servant-in-training/Documents/Virtualenvs/AutoGrader_env/lib/python3.12/site-packages/django_redis/cache.py", line 29, in _decorator
    return method(self, *args, **kwargs)
           ^^^^^^^^^^^^^^^^^^^^^^^^^^^^^
  File "/home/bond-servant-in-training/Documents/Virtualenvs/AutoGrader_env/lib/python3.12/site-packages/django_redis/cache.py", line 130, in incr
    return self.client.incr(*args, **kwargs)
           ^^^^^^^^^^^^^^^^^^^^^^^^^^^^^^^^^
  File "/home/bond-servant-in-training/Documents/Virtualenvs/AutoGrader_env/lib/python3.12/site-packages/django_redis/client/default.py", line 653, in incr
    return self._incr(
           ^^^^^^^^^^^
  File "/home/bond-servant-in-training/Documents/Virtualenvs/AutoGrader_env/lib/python3.12/site-packages/django_redis/client/default.py", line 595, in _incr
    client = self.get_client(write=True)
             ^^^^^^^^^^^^^^^^^^^^^^^^^^^
  File "/home/bond-servant-in-training/Documents/Projects/Grade-Automator-Plus-cache-commit-race/AutoGrader/tests_cache_commit_race.py", line 355, in get_client
    raise failure
  File "/home/bond-servant-in-training/Documents/Projects/Grade-Automator-Plus-cache-commit-race/AutoGrader/cache_generation.py", line 169, in bump_generation
    return _incr_or_create(key)
           ^^^^^^^^^^^^^^^^^^^^
  File "/home/bond-servant-in-training/Documents/Projects/Grade-Automator-Plus-cache-commit-race/AutoGrader/cache_generation.py", line 199, in _incr_or_create
    return cache.incr(key)
           ^^^^^^^^^^^^^^^
  File "/home/bond-servant-in-training/Documents/Virtualenvs/AutoGrader_env/lib/python3.12/site-packages/django_redis/cache.py", line 29, in _decorator
    return method(self, *args, **kwargs)
           ^^^^^^^^^^^^^^^^^^^^^^^^^^^^^
  File "/home/bond-servant-in-training/Documents/Virtualenvs/AutoGrader_env/lib/python3.12/site-packages/django_redis/cache.py", line 130, in incr
    return self.client.incr(*args, **kwargs)
           ^^^^^^^^^^^^^^^^^^^^^^^^^^^^^^^^^
  File "/home/bond-servant-in-training/Documents/Virtualenvs/AutoGrader_env/lib/python3.12/site-packages/django_redis/client/default.py", line 653, in incr
    return self._incr(
           ^^^^^^^^^^^
  File "/home/bond-servant-in-training/Documents/Virtualenvs/AutoGrader_env/lib/python3.12/site-packages/django_redis/client/default.py", line 595, in _incr
    client = self.get_client(write=True)
             ^^^^^^^^^^^^^^^^^^^^^^^^^^^
  File "/home/bond-servant-in-training/Documents/Projects/Grade-Automator-Plus-cache-commit-race/AutoGrader/tests_cache_commit_race.py", line 355, in get_client
    raise failure
  File "/home/bond-servant-in-training/Documents/Projects/Grade-Automator-Plus-cache-commit-race/AutoGrader/cache_generation.py", line 275, in _bump_pipelined
    client = cache.client.get_client(write=True)
             ^^^^^^^^^^^^^^^^^^^^^^^^^^^^^^^^^^^
  File "/home/bond-servant-in-training/Documents/Projects/Grade-Automator-Plus-cache-commit-race/AutoGrader/tests_cache_commit_race.py", line 355, in get_client
    raise failure
redis.exceptions.TimeoutError: redis timed out
ok
test_import_roster_at_200_and_2000_rows (AutoGrader.tests_cache_commit_race_cost.PerRowRosterImportCostTests.test_import_roster_at_200_and_2000_rows) ...  OK

=== 200-row import_roster, one transaction per row
fix OFF (before): wall=13.88s commit=0.000s
  open   round_trips=   200 commands=  2000 bumps=   200 bump p50=26.137ms p95=73.714ms
  commit round_trips=     0 commands=     0 bumps=     0 no bumps
fix ON  (after):  wall=26.76s commit=0.000s
  open   round_trips=   200 commands=  2000 bumps=   200 bump p50=22.325ms p95=56.663ms
  commit round_trips=   200 commands=  2000 bumps=   200 bump p50=26.104ms p95=58.449ms
added by the fix: round_trips=200 commands=2000 wall=+12.88s
per-row write: before p50=63.57ms p95=138.79ms | after p50=124.30ms p95=196.29ms

=== 2000-row import_roster, one transaction per row
fix OFF (before): wall=57.43s commit=0.000s
  open   round_trips=  2000 commands= 20000 bumps=  2000 bump p50=7.213ms p95=31.224ms
  commit round_trips=     0 commands=     0 bumps=     0 no bumps
fix ON  (after):  wall=92.20s commit=0.000s
  open   round_trips=  2000 commands= 20000 bumps=  2000 bump p50=6.908ms p95=29.009ms
  commit round_trips=  2000 commands= 20000 bumps=  2000 bump p50=11.472ms p95=36.460ms
added by the fix: round_trips=2000 commands=20000 wall=+34.78s
per-row write: before p50=25.52ms p95=55.79ms | after p50=40.26ms p95=96.51ms
ok
test_one_transaction_at_600_and_6000_enrollments (AutoGrader.tests_cache_commit_race_cost.SingleTransactionRosterCostTests.test_one_transaction_at_600_and_6000_enrollments) ...
=== 600 enrollments in ONE transaction
fix OFF (before): wall=8.11s commit=0.000s
  open   round_trips=   600 commands=  6000 bumps=   600 bump p50=4.248ms p95=19.215ms
  commit round_trips=     0 commands=     0 bumps=     0 no bumps
fix ON  (after):  wall=10.60s commit=1.693s
  open   round_trips=   600 commands=  6000 bumps=   600 bump p50=5.095ms p95=15.773ms
  commit round_trips=   600 commands=  6000 bumps=   600 bump p50=0.371ms p95=16.280ms
added by the fix: round_trips=600 commands=6000 wall=+2.49s
DB queries: before=3602 after=3602 (6.00/row)
peak traced memory: before=2083KiB after=2844KiB (+762KiB, 1300 bytes/row)
FAIL
test_a_snapshot_does_not_bump_any_user_generation (AutoGrader.tests_cache_dashboard_2329.AtRiskTrendSnapshotDependencyTests.test_a_snapshot_does_not_bump_any_user_generation)
The snapshot is school-shaped; bumping users would be ... ok
test_a_snapshot_for_another_school_does_not_bump_this_one (AutoGrader.tests_cache_dashboard_2329.AtRiskTrendSnapshotDependencyTests.test_a_snapshot_for_another_school_does_not_bump_this_one) ... ok
test_the_at_risk_trend_RESPONSE_becomes_fresh_after_a_snapshot (AutoGrader.tests_cache_dashboard_2329.AtRiskTrendSnapshotDependencyTests.test_the_at_risk_trend_RESPONSE_becomes_fresh_after_a_snapshot)
The fourth property, and the one that actually matters. ... ok
test_updating_a_snapshot_bumps_it_again (AutoGrader.tests_cache_dashboard_2329.AtRiskTrendSnapshotDependencyTests.test_updating_a_snapshot_bumps_it_again) ... ok
test_writing_a_snapshot_bumps_the_school_generation (AutoGrader.tests_cache_dashboard_2329.AtRiskTrendSnapshotDependencyTests.test_writing_a_snapshot_bumps_the_school_generation) ... ok
test_a_mutation_here_does_not_bump_the_other_admins_generation (AutoGrader.tests_cache_dashboard_2329.DashboardTenantIsolationTests.test_a_mutation_here_does_not_bump_the_other_admins_generation) ... ok
test_a_mutation_here_does_not_bump_the_other_schools_generation (AutoGrader.tests_cache_dashboard_2329.DashboardTenantIsolationTests.test_a_mutation_here_does_not_bump_the_other_schools_generation) ... ok
test_the_other_admins_cached_summary_is_byte_identical (AutoGrader.tests_cache_dashboard_2329.DashboardTenantIsolationTests.test_the_other_admins_cached_summary_is_byte_identical) ... ok
test_students_dashboard_refreshes_after_an_enrollment (AutoGrader.tests_cache_dashboard_2329.SchoolAdminFamiliesTests.test_students_dashboard_refreshes_after_an_enrollment) ... ok
test_summary_refreshes_after_a_new_assignment (AutoGrader.tests_cache_dashboard_2329.SchoolAdminFamiliesTests.test_summary_refreshes_after_a_new_assignment) ... ok
test_summary_refreshes_after_a_new_course (AutoGrader.tests_cache_dashboard_2329.SchoolAdminFamiliesTests.test_summary_refreshes_after_a_new_course) ... ok
test_the_legacy_mechanism_really_is_disabled (AutoGrader.tests_cache_dashboard_2329.SchoolAdminFamiliesTests.test_the_legacy_mechanism_really_is_disabled) ... ok
test_the_summary_is_still_cached_between_mutations (AutoGrader.tests_cache_dashboard_2329.SchoolAdminFamiliesTests.test_the_summary_is_still_cached_between_mutations)
Guard on the guard: if nothing cached, every test here passes ... ok
test_a_course_scope_would_add_nothing_to_these_keys (AutoGrader.tests_cache_dashboard_2329.TeacherDashboardFamiliesTests.test_a_course_scope_would_add_nothing_to_these_keys)
Documents why families 27/29 carry `usr` ALONE. ... ok
test_courses_refreshes_after_a_new_assignment (AutoGrader.tests_cache_dashboard_2329.TeacherDashboardFamiliesTests.test_courses_refreshes_after_a_new_assignment)
Mutates something this payload actually reports. ... ok
test_overview_refreshes_after_a_new_assignment (AutoGrader.tests_cache_dashboard_2329.TeacherDashboardFamiliesTests.test_overview_refreshes_after_a_new_assignment) ... ok
test_overview_refreshes_after_an_enrollment (AutoGrader.tests_cache_dashboard_2329.TeacherDashboardFamiliesTests.test_overview_refreshes_after_an_enrollment) ... ok
test_a_new_assignment_is_reflected_on_the_next_read (AutoGrader.tests_cache_dashboard_freshness.AssignmentActivityFreshnessTests.test_a_new_assignment_is_reflected_on_the_next_read) ... ok
test_deleting_an_assignment_is_reflected_on_the_next_read (AutoGrader.tests_cache_dashboard_freshness.AssignmentActivityFreshnessTests.test_deleting_an_assignment_is_reflected_on_the_next_read) ... ok
test_a_bump_failure_does_not_break_the_mutation (AutoGrader.tests_cache_dashboard_freshness.DashboardCrossTenantAndFailureTests.test_a_bump_failure_does_not_break_the_mutation) ... [2026-09-17 20:15:36,323: ERROR/MainProcess] Cache generation bump failed for cachegen:global; entries keyed on it will serve stale data until their TTL expires.
Traceback (most recent call last):
  File "/home/bond-servant-in-training/Documents/Projects/Grade-Automator-Plus-cache-commit-race/AutoGrader/cache_generation.py", line 169, in bump_generation
    return _incr_or_create(key)
           ^^^^^^^^^^^^^^^^^^^^
  File "/home/bond-servant-in-training/Documents/Projects/Grade-Automator-Plus-cache-commit-race/AutoGrader/cache_generation.py", line 199, in _incr_or_create
    return cache.incr(key)
           ^^^^^^^^^^^^^^^
  File "/home/bond-servant-in-training/.pyenv/versions/3.12.10/lib/python3.12/unittest/mock.py", line 1139, in __call__
    return self._mock_call(*args, **kwargs)
           ^^^^^^^^^^^^^^^^^^^^^^^^^^^^^^^^
  File "/home/bond-servant-in-training/.pyenv/versions/3.12.10/lib/python3.12/unittest/mock.py", line 1143, in _mock_call
    return self._execute_mock_call(*args, **kwargs)
           ^^^^^^^^^^^^^^^^^^^^^^^^^^^^^^^^^^^^^^^^
  File "/home/bond-servant-in-training/.pyenv/versions/3.12.10/lib/python3.12/unittest/mock.py", line 1198, in _execute_mock_call
    raise effect
redis.exceptions.ConnectionError: down
[2026-09-17 20:15:36,323: ERROR/MainProcess] Cache generation bump failed for cachegen:usr:debdf2c7-bed1-4faf-af2c-b378e59006f0; entries keyed on it will serve stale data until their TTL expires.
Traceback (most recent call last):
  File "/home/bond-servant-in-training/Documents/Projects/Grade-Automator-Plus-cache-commit-race/AutoGrader/cache_generation.py", line 169, in bump_generation
    return _incr_or_create(key)
           ^^^^^^^^^^^^^^^^^^^^
  File "/home/bond-servant-in-training/Documents/Projects/Grade-Automator-Plus-cache-commit-race/AutoGrader/cache_generation.py", line 199, in _incr_or_create
    return cache.incr(key)
           ^^^^^^^^^^^^^^^
  File "/home/bond-servant-in-training/.pyenv/versions/3.12.10/lib/python3.12/unittest/mock.py", line 1139, in __call__
    return self._mock_call(*args, **kwargs)
           ^^^^^^^^^^^^^^^^^^^^^^^^^^^^^^^^
  File "/home/bond-servant-in-training/.pyenv/versions/3.12.10/lib/python3.12/unittest/mock.py", line 1143, in _mock_call
    return self._execute_mock_call(*args, **kwargs)
           ^^^^^^^^^^^^^^^^^^^^^^^^^^^^^^^^^^^^^^^^
  File "/home/bond-servant-in-training/.pyenv/versions/3.12.10/lib/python3.12/unittest/mock.py", line 1198, in _execute_mock_call
    raise effect
  File "/home/bond-servant-in-training/Documents/Projects/Grade-Automator-Plus-cache-commit-race/AutoGrader/cache_generation.py", line 169, in bump_generation
    return _incr_or_create(key)
           ^^^^^^^^^^^^^^^^^^^^
  File "/home/bond-servant-in-training/Documents/Projects/Grade-Automator-Plus-cache-commit-race/AutoGrader/cache_generation.py", line 199, in _incr_or_create
    return cache.incr(key)
           ^^^^^^^^^^^^^^^
  File "/home/bond-servant-in-training/.pyenv/versions/3.12.10/lib/python3.12/unittest/mock.py", line 1139, in __call__
    return self._mock_call(*args, **kwargs)
           ^^^^^^^^^^^^^^^^^^^^^^^^^^^^^^^^
  File "/home/bond-servant-in-training/.pyenv/versions/3.12.10/lib/python3.12/unittest/mock.py", line 1143, in _mock_call
    return self._execute_mock_call(*args, **kwargs)
           ^^^^^^^^^^^^^^^^^^^^^^^^^^^^^^^^^^^^^^^^
  File "/home/bond-servant-in-training/.pyenv/versions/3.12.10/lib/python3.12/unittest/mock.py", line 1198, in _execute_mock_call
    raise effect
redis.exceptions.ConnectionError: down
[2026-09-17 20:15:36,324: ERROR/MainProcess] Cache generation bump failed for cachegen:sch:58e05aa5-f92c-4525-a3a5-ee7a9a256df9; entries keyed on it will serve stale data until their TTL expires.
Traceback (most recent call last):
  File "/home/bond-servant-in-training/Documents/Projects/Grade-Automator-Plus-cache-commit-race/AutoGrader/cache_generation.py", line 169, in bump_generation
    return _incr_or_create(key)
           ^^^^^^^^^^^^^^^^^^^^
  File "/home/bond-servant-in-training/Documents/Projects/Grade-Automator-Plus-cache-commit-race/AutoGrader/cache_generation.py", line 199, in _incr_or_create
    return cache.incr(key)
           ^^^^^^^^^^^^^^^
  File "/home/bond-servant-in-training/.pyenv/versions/3.12.10/lib/python3.12/unittest/mock.py", line 1139, in __call__
    return self._mock_call(*args, **kwargs)
           ^^^^^^^^^^^^^^^^^^^^^^^^^^^^^^^^
  File "/home/bond-servant-in-training/.pyenv/versions/3.12.10/lib/python3.12/unittest/mock.py", line 1143, in _mock_call
    return self._execute_mock_call(*args, **kwargs)
           ^^^^^^^^^^^^^^^^^^^^^^^^^^^^^^^^^^^^^^^^
  File "/home/bond-servant-in-training/.pyenv/versions/3.12.10/lib/python3.12/unittest/mock.py", line 1198, in _execute_mock_call
    raise effect
  File "/home/bond-servant-in-training/Documents/Projects/Grade-Automator-Plus-cache-commit-race/AutoGrader/cache_generation.py", line 169, in bump_generation
    return _incr_or_create(key)
           ^^^^^^^^^^^^^^^^^^^^
  File "/home/bond-servant-in-training/Documents/Projects/Grade-Automator-Plus-cache-commit-race/AutoGrader/cache_generation.py", line 199, in _incr_or_create
    return cache.incr(key)
           ^^^^^^^^^^^^^^^
  File "/home/bond-servant-in-training/.pyenv/versions/3.12.10/lib/python3.12/unittest/mock.py", line 1139, in __call__
    return self._mock_call(*args, **kwargs)
           ^^^^^^^^^^^^^^^^^^^^^^^^^^^^^^^^
  File "/home/bond-servant-in-training/.pyenv/versions/3.12.10/lib/python3.12/unittest/mock.py", line 1143, in _mock_call
    return self._execute_mock_call(*args, **kwargs)
           ^^^^^^^^^^^^^^^^^^^^^^^^^^^^^^^^^^^^^^^^
  File "/home/bond-servant-in-training/.pyenv/versions/3.12.10/lib/python3.12/unittest/mock.py", line 1198, in _execute_mock_call
    raise effect
  File "/home/bond-servant-in-training/Documents/Projects/Grade-Automator-Plus-cache-commit-race/AutoGrader/cache_generation.py", line 169, in bump_generation
    return _incr_or_create(key)
           ^^^^^^^^^^^^^^^^^^^^
  File "/home/bond-servant-in-training/Documents/Projects/Grade-Automator-Plus-cache-commit-race/AutoGrader/cache_generation.py", line 199, in _incr_or_create
    return cache.incr(key)
           ^^^^^^^^^^^^^^^
  File "/home/bond-servant-in-training/.pyenv/versions/3.12.10/lib/python3.12/unittest/mock.py", line 1139, in __call__
    return self._mock_call(*args, **kwargs)
           ^^^^^^^^^^^^^^^^^^^^^^^^^^^^^^^^
  File "/home/bond-servant-in-training/.pyenv/versions/3.12.10/lib/python3.12/unittest/mock.py", line 1143, in _mock_call
    return self._execute_mock_call(*args, **kwargs)
           ^^^^^^^^^^^^^^^^^^^^^^^^^^^^^^^^^^^^^^^^
  File "/home/bond-servant-in-training/.pyenv/versions/3.12.10/lib/python3.12/unittest/mock.py", line 1198, in _execute_mock_call
    raise effect
redis.exceptions.ConnectionError: down
[2026-09-17 20:15:36,325: ERROR/MainProcess] Cache generation bump failed for cachegen:crs:e8982daa-d1ed-409f-bb07-842d4722d6b6; entries keyed on it will serve stale data until their TTL expires.
Traceback (most recent call last):
  File "/home/bond-servant-in-training/Documents/Projects/Grade-Automator-Plus-cache-commit-race/AutoGrader/cache_generation.py", line 169, in bump_generation
    return _incr_or_create(key)
           ^^^^^^^^^^^^^^^^^^^^
  File "/home/bond-servant-in-training/Documents/Projects/Grade-Automator-Plus-cache-commit-race/AutoGrader/cache_generation.py", line 199, in _incr_or_create
    return cache.incr(key)
           ^^^^^^^^^^^^^^^
  File "/home/bond-servant-in-training/.pyenv/versions/3.12.10/lib/python3.12/unittest/mock.py", line 1139, in __call__
    return self._mock_call(*args, **kwargs)
           ^^^^^^^^^^^^^^^^^^^^^^^^^^^^^^^^
  File "/home/bond-servant-in-training/.pyenv/versions/3.12.10/lib/python3.12/unittest/mock.py", line 1143, in _mock_call
    return self._execute_mock_call(*args, **kwargs)
           ^^^^^^^^^^^^^^^^^^^^^^^^^^^^^^^^^^^^^^^^
  File "/home/bond-servant-in-training/.pyenv/versions/3.12.10/lib/python3.12/unittest/mock.py", line 1198, in _execute_mock_call
    raise effect
  File "/home/bond-servant-in-training/Documents/Projects/Grade-Automator-Plus-cache-commit-race/AutoGrader/cache_generation.py", line 169, in bump_generation
    return _incr_or_create(key)
           ^^^^^^^^^^^^^^^^^^^^
  File "/home/bond-servant-in-training/Documents/Projects/Grade-Automator-Plus-cache-commit-race/AutoGrader/cache_generation.py", line 199, in _incr_or_create
    return cache.incr(key)
           ^^^^^^^^^^^^^^^
  File "/home/bond-servant-in-training/.pyenv/versions/3.12.10/lib/python3.12/unittest/mock.py", line 1139, in __call__
    return self._mock_call(*args, **kwargs)
           ^^^^^^^^^^^^^^^^^^^^^^^^^^^^^^^^
  File "/home/bond-servant-in-training/.pyenv/versions/3.12.10/lib/python3.12/unittest/mock.py", line 1143, in _mock_call
    return self._execute_mock_call(*args, **kwargs)
           ^^^^^^^^^^^^^^^^^^^^^^^^^^^^^^^^^^^^^^^^
  File "/home/bond-servant-in-training/.pyenv/versions/3.12.10/lib/python3.12/unittest/mock.py", line 1198, in _execute_mock_call
    raise effect
  File "/home/bond-servant-in-training/Documents/Projects/Grade-Automator-Plus-cache-commit-race/AutoGrader/cache_generation.py", line 169, in bump_generation
    return _incr_or_create(key)
           ^^^^^^^^^^^^^^^^^^^^
  File "/home/bond-servant-in-training/Documents/Projects/Grade-Automator-Plus-cache-commit-race/AutoGrader/cache_generation.py", line 199, in _incr_or_create
    return cache.incr(key)
           ^^^^^^^^^^^^^^^
  File "/home/bond-servant-in-training/.pyenv/versions/3.12.10/lib/python3.12/unittest/mock.py", line 1139, in __call__
    return self._mock_call(*args, **kwargs)
           ^^^^^^^^^^^^^^^^^^^^^^^^^^^^^^^^
  File "/home/bond-servant-in-training/.pyenv/versions/3.12.10/lib/python3.12/unittest/mock.py", line 1143, in _mock_call
    return self._execute_mock_call(*args, **kwargs)
           ^^^^^^^^^^^^^^^^^^^^^^^^^^^^^^^^^^^^^^^^
  File "/home/bond-servant-in-training/.pyenv/versions/3.12.10/lib/python3.12/unittest/mock.py", line 1198, in _execute_mock_call
    raise effect
  File "/home/bond-servant-in-training/Documents/Projects/Grade-Automator-Plus-cache-commit-race/AutoGrader/cache_generation.py", line 169, in bump_generation
    return _incr_or_create(key)
           ^^^^^^^^^^^^^^^^^^^^
  File "/home/bond-servant-in-training/Documents/Projects/Grade-Automator-Plus-cache-commit-race/AutoGrader/cache_generation.py", line 199, in _incr_or_create
    return cache.incr(key)
           ^^^^^^^^^^^^^^^
  File "/home/bond-servant-in-training/.pyenv/versions/3.12.10/lib/python3.12/unittest/mock.py", line 1139, in __call__
    return self._mock_call(*args, **kwargs)
           ^^^^^^^^^^^^^^^^^^^^^^^^^^^^^^^^
  File "/home/bond-servant-in-training/.pyenv/versions/3.12.10/lib/python3.12/unittest/mock.py", line 1143, in _mock_call
    return self._execute_mock_call(*args, **kwargs)
           ^^^^^^^^^^^^^^^^^^^^^^^^^^^^^^^^^^^^^^^^
  File "/home/bond-servant-in-training/.pyenv/versions/3.12.10/lib/python3.12/unittest/mock.py", line 1198, in _execute_mock_call
    raise effect
redis.exceptions.ConnectionError: down
ok
test_one_schools_assignment_does_not_bump_another_schools_generation (AutoGrader.tests_cache_dashboard_freshness.DashboardCrossTenantAndFailureTests.test_one_schools_assignment_does_not_bump_another_schools_generation) ... ok
test_one_schools_mutation_leaves_the_other_schools_cache_readable (AutoGrader.tests_cache_dashboard_freshness.DashboardCrossTenantAndFailureTests.test_one_schools_mutation_leaves_the_other_schools_cache_readable) ... ok
test_the_legacy_wildcards_cannot_destroy_a_school_generation (AutoGrader.tests_cache_dashboard_freshness.DashboardCrossTenantAndFailureTests.test_the_legacy_wildcards_cannot_destroy_a_school_generation)
Coexistence guard, at the dashboard level. ... ok
test_a_grade_change_is_reflected_on_the_next_read (AutoGrader.tests_cache_dashboard_freshness.DepartmentOverviewFreshnessTests.test_a_grade_change_is_reflected_on_the_next_read)
This payload carries name/teachers/avg_grade only, so a gradeless ... ok
test_a_new_course_is_reflected_on_the_next_read (AutoGrader.tests_cache_dashboard_freshness.DepartmentOverviewFreshnessTests.test_a_new_course_is_reflected_on_the_next_read) ... ok
test_a_graded_submission_refreshes_teacher_performance (AutoGrader.tests_cache_dashboard_freshness.LegacyDisabledFreshnessTests.test_a_graded_submission_refreshes_teacher_performance)
Proves the StudentSubmission bump is load-bearing. ... ok
test_assignment_activity_refreshes_on_generation_alone (AutoGrader.tests_cache_dashboard_freshness.LegacyDisabledFreshnessTests.test_assignment_activity_refreshes_on_generation_alone) ... ok
test_department_overview_refreshes_on_generation_alone (AutoGrader.tests_cache_dashboard_freshness.LegacyDisabledFreshnessTests.test_department_overview_refreshes_on_generation_alone) ... ok
test_teacher_detail_refreshes_on_generation_alone (AutoGrader.tests_cache_dashboard_freshness.LegacyDisabledFreshnessTests.test_teacher_detail_refreshes_on_generation_alone)
This is the case the legacy sweep was masking. ... ok
test_teacher_performance_refreshes_on_generation_alone (AutoGrader.tests_cache_dashboard_freshness.LegacyDisabledFreshnessTests.test_teacher_performance_refreshes_on_generation_alone) ... ok
test_the_legacy_mechanism_really_is_disabled (AutoGrader.tests_cache_dashboard_freshness.LegacyDisabledFreshnessTests.test_the_legacy_mechanism_really_is_disabled)
Guard on the guard: if the patch missed, every test below would ... ok
test_an_ungraded_submission_bumps_the_school_generation (AutoGrader.tests_cache_dashboard_freshness.SubmissionBumpIsLoadBearingTests.test_an_ungraded_submission_bumps_the_school_generation) ... ok
test_an_ungraded_submission_bumps_the_students_generation (AutoGrader.tests_cache_dashboard_freshness.SubmissionBumpIsLoadBearingTests.test_an_ungraded_submission_bumps_the_students_generation) ... ok
test_a_new_assignment_is_reflected_on_the_next_read (AutoGrader.tests_cache_dashboard_freshness.TeacherDetailFreshnessTests.test_a_new_assignment_is_reflected_on_the_next_read) ... ok
test_renaming_the_teacher_is_reflected_on_the_next_read (AutoGrader.tests_cache_dashboard_freshness.TeacherDetailFreshnessTests.test_renaming_the_teacher_is_reflected_on_the_next_read)
Exercises the USER half of this key's dependency, which the ... ok
test_a_new_assignment_is_reflected_on_the_next_read (AutoGrader.tests_cache_dashboard_freshness.TeacherPerformanceFreshnessTests.test_a_new_assignment_is_reflected_on_the_next_read)
The exact bug: before this migration, no mechanism reached this ... ok
test_a_new_teacher_appears_on_the_next_read (AutoGrader.tests_cache_dashboard_freshness.TeacherPerformanceFreshnessTests.test_a_new_teacher_appears_on_the_next_read) ... ok
test_the_response_is_still_cached_between_mutations (AutoGrader.tests_cache_dashboard_freshness.TeacherPerformanceFreshnessTests.test_the_response_is_still_cached_between_mutations)
Guard on the guard: if caching were simply broken, every ... ok
test_generation_counters_survive_every_live_wildcard (AutoGrader.tests_cache_dashboard_wide.DashboardWideCollisionTests.test_generation_counters_survive_every_live_wildcard) ... ok
test_the_dashboards_still_work_with_both_mechanisms_live (AutoGrader.tests_cache_dashboard_wide.DashboardWideCollisionTests.test_the_dashboards_still_work_with_both_mechanisms_live)
The migration state that actually ships until Stage 3 removes the ... ok
test_a_daily_snapshot_refreshes_only_the_at_risk_trend (AutoGrader.tests_cache_dashboard_wide.DashboardWideFreshnessTests.test_a_daily_snapshot_refreshes_only_the_at_risk_trend) ... ok
test_an_assignment_refreshes_exactly_the_right_views (AutoGrader.tests_cache_dashboard_wide.DashboardWideFreshnessTests.test_an_assignment_refreshes_exactly_the_right_views) ... ok
test_an_enrollment_refreshes_school_admin_views (AutoGrader.tests_cache_dashboard_wide.DashboardWideFreshnessTests.test_an_enrollment_refreshes_school_admin_views) ... ok
test_every_dashboard_can_be_warmed (AutoGrader.tests_cache_dashboard_wide.DashboardWideFreshnessTests.test_every_dashboard_can_be_warmed)
Guard on the guard: all 13 views must return 200 and cache, or ... ok
test_the_legacy_mechanism_really_is_disabled (AutoGrader.tests_cache_dashboard_wide.DashboardWideFreshnessTests.test_the_legacy_mechanism_really_is_disabled) ... ok
test_a_new_school_does_not_touch_the_user_table_counter (AutoGrader.tests_cache_dashboard_wide.DashboardWideOverInvalidationTests.test_a_new_school_does_not_touch_the_user_table_counter) ... ok
test_a_new_user_does_not_touch_the_school_table_counter (AutoGrader.tests_cache_dashboard_wide.DashboardWideOverInvalidationTests.test_a_new_user_does_not_touch_the_school_table_counter)
A new teacher joins school A. ... ok
test_a_tenant_a_mutation_never_moves_tenant_b (AutoGrader.tests_cache_dashboard_wide.DashboardWideOverInvalidationTests.test_a_tenant_a_mutation_never_moves_tenant_b) ... ok
test_an_assignment_does_not_touch_the_entity_class_counters (AutoGrader.tests_cache_dashboard_wide.DashboardWideOverInvalidationTests.test_an_assignment_does_not_touch_the_entity_class_counters) ... ok
test_a_counter_survives_a_real_wildcard_sweep_end_to_end (AutoGrader.tests_cache_generation.CounterNamespaceSafetyTests.test_a_counter_survives_a_real_wildcard_sweep_end_to_end) ... ok
test_no_live_invalidation_pattern_can_destroy_a_counter (AutoGrader.tests_cache_generation.CounterNamespaceSafetyTests.test_no_live_invalidation_pattern_can_destroy_a_counter) ... ok
test_a_reader_racing_a_writer_never_sees_a_torn_value (AutoGrader.tests_cache_generation.GenerationConcurrencyTests.test_a_reader_racing_a_writer_never_sees_a_torn_value) ... ok
test_concurrent_bumps_each_return_a_distinct_generation (AutoGrader.tests_cache_generation.GenerationConcurrencyTests.test_concurrent_bumps_each_return_a_distinct_generation) ... ok
test_concurrent_bumps_lose_nothing (AutoGrader.tests_cache_generation.GenerationConcurrencyTests.test_concurrent_bumps_lose_nothing) ... ok
test_racing_creation_of_a_brand_new_counter_is_safe (AutoGrader.tests_cache_generation.GenerationConcurrencyTests.test_racing_creation_of_a_brand_new_counter_is_safe)
The create-or-increment path: exactly one racer wins `add`, and ... ok
test_a_bump_survives_redis_being_unreachable (AutoGrader.tests_cache_generation.GenerationCoreTests.test_a_bump_survives_redis_being_unreachable)
Receivers run inside the caller's transaction: raising here would ... [2026-09-17 20:17:40,447: ERROR/MainProcess] Cache generation bump failed for cachegen:usr:aaaaaaaa-aaaa-aaaa-aaaa-aaaaaaaaaaaa; entries keyed on it will serve stale data until their TTL expires.
Traceback (most recent call last):
  File "/home/bond-servant-in-training/Documents/Projects/Grade-Automator-Plus-cache-commit-race/AutoGrader/cache_generation.py", line 169, in bump_generation
    return _incr_or_create(key)
           ^^^^^^^^^^^^^^^^^^^^
  File "/home/bond-servant-in-training/Documents/Projects/Grade-Automator-Plus-cache-commit-race/AutoGrader/cache_generation.py", line 199, in _incr_or_create
    return cache.incr(key)
           ^^^^^^^^^^^^^^^
  File "/home/bond-servant-in-training/.pyenv/versions/3.12.10/lib/python3.12/unittest/mock.py", line 1139, in __call__
    return self._mock_call(*args, **kwargs)
           ^^^^^^^^^^^^^^^^^^^^^^^^^^^^^^^^
  File "/home/bond-servant-in-training/.pyenv/versions/3.12.10/lib/python3.12/unittest/mock.py", line 1143, in _mock_call
    return self._execute_mock_call(*args, **kwargs)
           ^^^^^^^^^^^^^^^^^^^^^^^^^^^^^^^^^^^^^^^^
  File "/home/bond-servant-in-training/.pyenv/versions/3.12.10/lib/python3.12/unittest/mock.py", line 1198, in _execute_mock_call
    raise effect
redis.exceptions.ConnectionError: down
ok
test_a_corrupted_counter_reads_as_the_default_rather_than_erroring (AutoGrader.tests_cache_generation.GenerationCoreTests.test_a_corrupted_counter_reads_as_the_default_rather_than_erroring) ... [2026-09-17 20:17:40,448: ERROR/MainProcess] Cache generation key cachegen:usr:aaaaaaaa-aaaa-aaaa-aaaa-aaaaaaaaaaaa holds a non-integer value 'not-an-integer'; using the default generation.
ok
test_a_counter_lost_entirely_does_not_revive_stale_keys (AutoGrader.tests_cache_generation.GenerationCoreTests.test_a_counter_lost_entirely_does_not_revive_stale_keys)
If Redis loses the counter it has also lost the cache (they share ... ok
test_a_created_counter_has_no_expiry (AutoGrader.tests_cache_generation.GenerationCoreTests.test_a_created_counter_has_no_expiry)
Production Redis is `volatile-lru`, which evicts ONLY keys that ... ok
test_a_failed_bump_is_logged_as_an_error (AutoGrader.tests_cache_generation.GenerationCoreTests.test_a_failed_bump_is_logged_as_an_error) ... ok
test_a_key_with_no_dependency_is_refused (AutoGrader.tests_cache_generation.GenerationCoreTests.test_a_key_with_no_dependency_is_refused)
A cache key that depends on nothing can never be invalidated - ... ok
test_a_non_global_scope_requires_an_entity_id (AutoGrader.tests_cache_generation.GenerationCoreTests.test_a_non_global_scope_requires_an_entity_id) ... ok
test_a_read_survives_redis_being_unreachable (AutoGrader.tests_cache_generation.GenerationCoreTests.test_a_read_survives_redis_being_unreachable) ... [2026-09-17 20:17:40,455: ERROR/MainProcess] Cache generation read failed for cachegen:usr:aaaaaaaa-aaaa-aaaa-aaaa-aaaaaaaaaaaa; falling back to the default generation, so responses may be served from a stale key until Redis recovers.
Traceback (most recent call last):
  File "/home/bond-servant-in-training/Documents/Projects/Grade-Automator-Plus-cache-commit-race/AutoGrader/cache_generation.py", line 128, in get_generation
    value = cache.get(key)
            ^^^^^^^^^^^^^^
  File "/home/bond-servant-in-training/.pyenv/versions/3.12.10/lib/python3.12/unittest/mock.py", line 1139, in __call__
    return self._mock_call(*args, **kwargs)
           ^^^^^^^^^^^^^^^^^^^^^^^^^^^^^^^^
  File "/home/bond-servant-in-training/.pyenv/versions/3.12.10/lib/python3.12/unittest/mock.py", line 1143, in _mock_call
    return self._execute_mock_call(*args, **kwargs)
           ^^^^^^^^^^^^^^^^^^^^^^^^^^^^^^^^^^^^^^^^
  File "/home/bond-servant-in-training/.pyenv/versions/3.12.10/lib/python3.12/unittest/mock.py", line 1198, in _execute_mock_call
    raise effect
redis.exceptions.ConnectionError: down
ok
test_a_versioned_key_changes_when_any_dependency_bumps (AutoGrader.tests_cache_generation.GenerationCoreTests.test_a_versioned_key_changes_when_any_dependency_bumps) ... ok
test_an_unknown_entity_reads_as_the_default_generation (AutoGrader.tests_cache_generation.GenerationCoreTests.test_an_unknown_entity_reads_as_the_default_generation) ... ok
test_an_unknown_scope_is_rejected (AutoGrader.tests_cache_generation.GenerationCoreTests.test_an_unknown_scope_is_rejected) ... ok
test_bump_many_collapses_duplicates_and_skips_missing_ids (AutoGrader.tests_cache_generation.GenerationCoreTests.test_bump_many_collapses_duplicates_and_skips_missing_ids) ... ok
test_bumping_a_user_does_not_touch_school_or_course_scopes (AutoGrader.tests_cache_generation.GenerationCoreTests.test_bumping_a_user_does_not_touch_school_or_course_scopes) ... ok
test_bumping_never_issues_a_keyspace_scan (AutoGrader.tests_cache_generation.GenerationCoreTests.test_bumping_never_issues_a_keyspace_scan)
The entire point: O(1) invalidation, no SCAN at any volume. ... ok
test_bumping_one_entity_cannot_change_another_entitys_key (AutoGrader.tests_cache_generation.GenerationCoreTests.test_bumping_one_entity_cannot_change_another_entitys_key)
The property the whole architecture rests on. ... ok
test_bumps_are_monotonic (AutoGrader.tests_cache_generation.GenerationCoreTests.test_bumps_are_monotonic) ... ok
test_cache_entries_by_contrast_do_expire (AutoGrader.tests_cache_generation.GenerationCoreTests.test_cache_entries_by_contrast_do_expire)
The other half of the volatile-lru argument: entries must be ... ok
test_incrementing_does_not_introduce_an_expiry (AutoGrader.tests_cache_generation.GenerationCoreTests.test_incrementing_does_not_introduce_an_expiry) ... ok
test_the_fallback_path_continues_past_an_individual_failure (AutoGrader.tests_cache_generation.GenerationCoreTests.test_the_fallback_path_continues_past_an_individual_failure)
Failure tolerance lives in the FALLBACK path - the pipelined path ... [2026-09-17 20:17:40,487: ERROR/MainProcess] Cache generation bump failed for cachegen:usr:bbbbbbbb-bbbb-bbbb-bbbb-bbbbbbbbbbbb; entries keyed on it will serve stale data until their TTL expires.
Traceback (most recent call last):
  File "/home/bond-servant-in-training/Documents/Projects/Grade-Automator-Plus-cache-commit-race/AutoGrader/cache_generation.py", line 169, in bump_generation
    return _incr_or_create(key)
           ^^^^^^^^^^^^^^^^^^^^
  File "/home/bond-servant-in-training/Documents/Projects/Grade-Automator-Plus-cache-commit-race/AutoGrader/cache_generation.py", line 199, in _incr_or_create
    return cache.incr(key)
           ^^^^^^^^^^^^^^^
  File "/home/bond-servant-in-training/.pyenv/versions/3.12.10/lib/python3.12/unittest/mock.py", line 1139, in __call__
    return self._mock_call(*args, **kwargs)
           ^^^^^^^^^^^^^^^^^^^^^^^^^^^^^^^^
  File "/home/bond-servant-in-training/.pyenv/versions/3.12.10/lib/python3.12/unittest/mock.py", line 1143, in _mock_call
    return self._execute_mock_call(*args, **kwargs)
           ^^^^^^^^^^^^^^^^^^^^^^^^^^^^^^^^^^^^^^^^
  File "/home/bond-servant-in-training/.pyenv/versions/3.12.10/lib/python3.12/unittest/mock.py", line 1204, in _execute_mock_call
    result = effect(*args, **kwargs)
             ^^^^^^^^^^^^^^^^^^^^^^^
  File "/home/bond-servant-in-training/Documents/Projects/Grade-Automator-Plus-cache-commit-race/AutoGrader/tests_cache_generation.py", line 264, in flaky
    raise redis.exceptions.ConnectionError("transient")
redis.exceptions.ConnectionError: transient
ok
test_the_first_bump_actually_invalidates_pre_existing_keys (AutoGrader.tests_cache_generation.GenerationCoreTests.test_the_first_bump_actually_invalidates_pre_existing_keys)
The property the previous test protects, stated end-to-end. ... ok
test_the_first_bump_creates_the_counter_past_the_default (AutoGrader.tests_cache_generation.GenerationCoreTests.test_the_first_bump_creates_the_counter_past_the_default)
The subtlest requirement: a missing counter reads as 1, so the ... ok
test_the_global_scope_needs_no_entity_id (AutoGrader.tests_cache_generation.GenerationCoreTests.test_the_global_scope_needs_no_entity_id) ... ok
test_a_counter_never_resets_under_concurrency (AutoGrader.tests_cache_generation.HighConcurrencyCounterTests.test_a_counter_never_resets_under_concurrency)
The dangerous failure: a reset would make superseded keys ... ok
test_a_superseded_key_never_becomes_reachable_again (AutoGrader.tests_cache_generation.HighConcurrencyCounterTests.test_a_superseded_key_never_becomes_reachable_again)
Stated as the property that actually matters, end to end. ... ok
test_concurrent_bumps_of_MANY_DIFFERENT_schools_are_each_exact (AutoGrader.tests_cache_generation.HighConcurrencyCounterTests.test_concurrent_bumps_of_MANY_DIFFERENT_schools_are_each_exact) ... ok
test_concurrent_bumps_of_MANY_DIFFERENT_users_are_each_exact (AutoGrader.tests_cache_generation.HighConcurrencyCounterTests.test_concurrent_bumps_of_MANY_DIFFERENT_users_are_each_exact) ... ok
test_concurrent_bumps_survive_intermittent_redis_failure (AutoGrader.tests_cache_generation.HighConcurrencyCounterTests.test_concurrent_bumps_survive_intermittent_redis_failure)
Failure injected DURING contention, not in isolation. Bumps that ... ok
test_concurrent_pipelined_batches_lose_nothing (AutoGrader.tests_cache_generation.HighConcurrencyCounterTests.test_concurrent_pipelined_batches_lose_nothing)
The pipelined path under contention - SET NX must not clobber a ... ok
test_many_concurrent_bumps_of_the_SAME_school_lose_nothing (AutoGrader.tests_cache_generation.HighConcurrencyCounterTests.test_many_concurrent_bumps_of_the_SAME_school_lose_nothing) ... ok
test_many_concurrent_bumps_of_the_SAME_user_lose_nothing (AutoGrader.tests_cache_generation.HighConcurrencyCounterTests.test_many_concurrent_bumps_of_the_SAME_user_lose_nothing) ... ok
test_mixed_scopes_do_not_contaminate_each_other (AutoGrader.tests_cache_generation.HighConcurrencyCounterTests.test_mixed_scopes_do_not_contaminate_each_other)
user / school / course / global bumped concurrently: each counter ... ok
test_recovery_after_a_failure_window_resumes_exactly (AutoGrader.tests_cache_generation.HighConcurrencyCounterTests.test_recovery_after_a_failure_window_resumes_exactly) ... ok
test_a_pipelined_bump_invalidates_a_pre_existing_key (AutoGrader.tests_cache_generation.PipelinedBumpTests.test_a_pipelined_bump_invalidates_a_pre_existing_key) ... ok
test_a_pipelined_bump_of_one_entity_spares_every_other (AutoGrader.tests_cache_generation.PipelinedBumpTests.test_a_pipelined_bump_of_one_entity_spares_every_other) ... ok
test_a_pipelined_first_bump_still_lands_past_the_default (AutoGrader.tests_cache_generation.PipelinedBumpTests.test_a_pipelined_first_bump_still_lands_past_the_default)
The invariant most at risk from pipelining: raw Redis INCR ... ok
test_it_falls_back_when_the_pipeline_fails (AutoGrader.tests_cache_generation.PipelinedBumpTests.test_it_falls_back_when_the_pipeline_fails)
A pipeline failure must degrade to individual bumps, not to ... ok
test_it_uses_one_round_trip_not_one_per_counter (AutoGrader.tests_cache_generation.PipelinedBumpTests.test_it_uses_one_round_trip_not_one_per_counter)
The whole point. Measured as Redis command count: 2 per counter ... ok
test_pipelined_counters_are_not_evictable (AutoGrader.tests_cache_generation.PipelinedBumpTests.test_pipelined_counters_are_not_evictable) ... ok
test_repeated_pipelined_bumps_are_monotonic (AutoGrader.tests_cache_generation.PipelinedBumpTests.test_repeated_pipelined_bumps_are_monotonic) ... ok
test_the_fallback_still_bumps_every_counter (AutoGrader.tests_cache_generation.PipelinedBumpTests.test_the_fallback_still_bumps_every_counter) ... ok
test_a_deleted_course_disappears_on_the_next_read (AutoGrader.tests_cache_generation_wiring.MigratedFamiliesTests.test_a_deleted_course_disappears_on_the_next_read) ... ok
test_a_new_course_appears_on_the_next_read (AutoGrader.tests_cache_generation_wiring.MigratedFamiliesTests.test_a_new_course_appears_on_the_next_read) ... ok
test_another_users_cached_list_is_untouched_by_this_users_mutation (AutoGrader.tests_cache_generation_wiring.MigratedFamiliesTests.test_another_users_cached_list_is_untouched_by_this_users_mutation) ... ok
test_renaming_a_course_is_visible_on_the_next_read (AutoGrader.tests_cache_generation_wiring.MigratedFamiliesTests.test_renaming_a_course_is_visible_on_the_next_read) ... ok
test_the_key_carries_a_generation_segment (AutoGrader.tests_cache_generation_wiring.MigratedFamiliesTests.test_the_key_carries_a_generation_segment)
Structural: proves the migrated path, not the legacy one, built ... ok
test_the_response_is_actually_cached (AutoGrader.tests_cache_generation_wiring.MigratedFamiliesTests.test_the_response_is_actually_cached)
Guard on the guard: if nothing is cached, every freshness test ... ok
test_a_bump_failure_does_not_break_the_mutation (AutoGrader.tests_cache_generation_wiring.SignalBumpWiringTests.test_a_bump_failure_does_not_break_the_mutation)
Receivers run inside the caller's transaction. ... [2026-09-17 20:17:50,909: ERROR/MainProcess] Cache generation bump failed for cachegen:crs:89c1da7b-02c3-43b4-b54c-ab9542e7ded6; entries keyed on it will serve stale data until their TTL expires.
Traceback (most recent call last):
  File "/home/bond-servant-in-training/Documents/Projects/Grade-Automator-Plus-cache-commit-race/AutoGrader/cache_generation.py", line 169, in bump_generation
    return _incr_or_create(key)
           ^^^^^^^^^^^^^^^^^^^^
  File "/home/bond-servant-in-training/Documents/Projects/Grade-Automator-Plus-cache-commit-race/AutoGrader/cache_generation.py", line 199, in _incr_or_create
    return cache.incr(key)
           ^^^^^^^^^^^^^^^
  File "/home/bond-servant-in-training/.pyenv/versions/3.12.10/lib/python3.12/unittest/mock.py", line 1139, in __call__
    return self._mock_call(*args, **kwargs)
           ^^^^^^^^^^^^^^^^^^^^^^^^^^^^^^^^
  File "/home/bond-servant-in-training/.pyenv/versions/3.12.10/lib/python3.12/unittest/mock.py", line 1143, in _mock_call
    return self._execute_mock_call(*args, **kwargs)
           ^^^^^^^^^^^^^^^^^^^^^^^^^^^^^^^^^^^^^^^^
  File "/home/bond-servant-in-training/.pyenv/versions/3.12.10/lib/python3.12/unittest/mock.py", line 1198, in _execute_mock_call
    raise effect
redis.exceptions.ConnectionError: down
[2026-09-17 20:17:50,910: ERROR/MainProcess] Cache generation bump failed for cachegen:usr:81f47773-888d-4e75-b8e8-cc85a526076a; entries keyed on it will serve stale data until their TTL expires.
Traceback (most recent call last):
  File "/home/bond-servant-in-training/Documents/Projects/Grade-Automator-Plus-cache-commit-race/AutoGrader/cache_generation.py", line 169, in bump_generation
    return _incr_or_create(key)
           ^^^^^^^^^^^^^^^^^^^^
  File "/home/bond-servant-in-training/Documents/Projects/Grade-Automator-Plus-cache-commit-race/AutoGrader/cache_generation.py", line 199, in _incr_or_create
    return cache.incr(key)
           ^^^^^^^^^^^^^^^
  File "/home/bond-servant-in-training/.pyenv/versions/3.12.10/lib/python3.12/unittest/mock.py", line 1139, in __call__
    return self._mock_call(*args, **kwargs)
           ^^^^^^^^^^^^^^^^^^^^^^^^^^^^^^^^
  File "/home/bond-servant-in-training/.pyenv/versions/3.12.10/lib/python3.12/unittest/mock.py", line 1143, in _mock_call
    return self._execute_mock_call(*args, **kwargs)
           ^^^^^^^^^^^^^^^^^^^^^^^^^^^^^^^^^^^^^^^^
  File "/home/bond-servant-in-training/.pyenv/versions/3.12.10/lib/python3.12/unittest/mock.py", line 1198, in _execute_mock_call
    raise effect
  File "/home/bond-servant-in-training/Documents/Projects/Grade-Automator-Plus-cache-commit-race/AutoGrader/cache_generation.py", line 169, in bump_generation
    return _incr_or_create(key)
           ^^^^^^^^^^^^^^^^^^^^
  File "/home/bond-servant-in-training/Documents/Projects/Grade-Automator-Plus-cache-commit-race/AutoGrader/cache_generation.py", line 199, in _incr_or_create
    return cache.incr(key)
           ^^^^^^^^^^^^^^^
  File "/home/bond-servant-in-training/.pyenv/versions/3.12.10/lib/python3.12/unittest/mock.py", line 1139, in __call__
    return self._mock_call(*args, **kwargs)
           ^^^^^^^^^^^^^^^^^^^^^^^^^^^^^^^^
  File "/home/bond-servant-in-training/.pyenv/versions/3.12.10/lib/python3.12/unittest/mock.py", line 1143, in _mock_call
    return self._execute_mock_call(*args, **kwargs)
           ^^^^^^^^^^^^^^^^^^^^^^^^^^^^^^^^^^^^^^^^
  File "/home/bond-servant-in-training/.pyenv/versions/3.12.10/lib/python3.12/unittest/mock.py", line 1198, in _execute_mock_call
    raise effect
redis.exceptions.ConnectionError: down
[2026-09-17 20:17:50,911: ERROR/MainProcess] Cache generation bump failed for cachegen:usr:3c4c8a90-48e9-4b2b-a749-5b927de199c2; entries keyed on it will serve stale data until their TTL expires.
Traceback (most recent call last):
  File "/home/bond-servant-in-training/Documents/Projects/Grade-Automator-Plus-cache-commit-race/AutoGrader/cache_generation.py", line 169, in bump_generation
    return _incr_or_create(key)
           ^^^^^^^^^^^^^^^^^^^^
  File "/home/bond-servant-in-training/Documents/Projects/Grade-Automator-Plus-cache-commit-race/AutoGrader/cache_generation.py", line 199, in _incr_or_create
    return cache.incr(key)
           ^^^^^^^^^^^^^^^
  File "/home/bond-servant-in-training/.pyenv/versions/3.12.10/lib/python3.12/unittest/mock.py", line 1139, in __call__
    return self._mock_call(*args, **kwargs)
           ^^^^^^^^^^^^^^^^^^^^^^^^^^^^^^^^
  File "/home/bond-servant-in-training/.pyenv/versions/3.12.10/lib/python3.12/unittest/mock.py", line 1143, in _mock_call
    return self._execute_mock_call(*args, **kwargs)
           ^^^^^^^^^^^^^^^^^^^^^^^^^^^^^^^^^^^^^^^^
  File "/home/bond-servant-in-training/.pyenv/versions/3.12.10/lib/python3.12/unittest/mock.py", line 1198, in _execute_mock_call
    raise effect
  File "/home/bond-servant-in-training/Documents/Projects/Grade-Automator-Plus-cache-commit-race/AutoGrader/cache_generation.py", line 169, in bump_generation
    return _incr_or_create(key)
           ^^^^^^^^^^^^^^^^^^^^
  File "/home/bond-servant-in-training/Documents/Projects/Grade-Automator-Plus-cache-commit-race/AutoGrader/cache_generation.py", line 199, in _incr_or_create
    return cache.incr(key)
           ^^^^^^^^^^^^^^^
  File "/home/bond-servant-in-training/.pyenv/versions/3.12.10/lib/python3.12/unittest/mock.py", line 1139, in __call__
    return self._mock_call(*args, **kwargs)
           ^^^^^^^^^^^^^^^^^^^^^^^^^^^^^^^^
  File "/home/bond-servant-in-training/.pyenv/versions/3.12.10/lib/python3.12/unittest/mock.py", line 1143, in _mock_call
    return self._execute_mock_call(*args, **kwargs)
           ^^^^^^^^^^^^^^^^^^^^^^^^^^^^^^^^^^^^^^^^
  File "/home/bond-servant-in-training/.pyenv/versions/3.12.10/lib/python3.12/unittest/mock.py", line 1198, in _execute_mock_call
    raise effect
  File "/home/bond-servant-in-training/Documents/Projects/Grade-Automator-Plus-cache-commit-race/AutoGrader/cache_generation.py", line 169, in bump_generation
    return _incr_or_create(key)
           ^^^^^^^^^^^^^^^^^^^^
  File "/home/bond-servant-in-training/Documents/Projects/Grade-Automator-Plus-cache-commit-race/AutoGrader/cache_generation.py", line 199, in _incr_or_create
    return cache.incr(key)
           ^^^^^^^^^^^^^^^
  File "/home/bond-servant-in-training/.pyenv/versions/3.12.10/lib/python3.12/unittest/mock.py", line 1139, in __call__
    return self._mock_call(*args, **kwargs)
           ^^^^^^^^^^^^^^^^^^^^^^^^^^^^^^^^
  File "/home/bond-servant-in-training/.pyenv/versions/3.12.10/lib/python3.12/unittest/mock.py", line 1143, in _mock_call
    return self._execute_mock_call(*args, **kwargs)
           ^^^^^^^^^^^^^^^^^^^^^^^^^^^^^^^^^^^^^^^^
  File "/home/bond-servant-in-training/.pyenv/versions/3.12.10/lib/python3.12/unittest/mock.py", line 1198, in _execute_mock_call
    raise effect
redis.exceptions.ConnectionError: down
[2026-09-17 20:17:50,911: ERROR/MainProcess] Cache generation bump failed for cachegen:global; entries keyed on it will serve stale data until their TTL expires.
Traceback (most recent call last):
  File "/home/bond-servant-in-training/Documents/Projects/Grade-Automator-Plus-cache-commit-race/AutoGrader/cache_generation.py", line 169, in bump_generation
    return _incr_or_create(key)
           ^^^^^^^^^^^^^^^^^^^^
  File "/home/bond-servant-in-training/Documents/Projects/Grade-Automator-Plus-cache-commit-race/AutoGrader/cache_generation.py", line 199, in _incr_or_create
    return cache.incr(key)
           ^^^^^^^^^^^^^^^
  File "/home/bond-servant-in-training/.pyenv/versions/3.12.10/lib/python3.12/unittest/mock.py", line 1139, in __call__
    return self._mock_call(*args, **kwargs)
           ^^^^^^^^^^^^^^^^^^^^^^^^^^^^^^^^
  File "/home/bond-servant-in-training/.pyenv/versions/3.12.10/lib/python3.12/unittest/mock.py", line 1143, in _mock_call
    return self._execute_mock_call(*args, **kwargs)
           ^^^^^^^^^^^^^^^^^^^^^^^^^^^^^^^^^^^^^^^^
  File "/home/bond-servant-in-training/.pyenv/versions/3.12.10/lib/python3.12/unittest/mock.py", line 1198, in _execute_mock_call
    raise effect
  File "/home/bond-servant-in-training/Documents/Projects/Grade-Automator-Plus-cache-commit-race/AutoGrader/cache_generation.py", line 169, in bump_generation
    return _incr_or_create(key)
           ^^^^^^^^^^^^^^^^^^^^
  File "/home/bond-servant-in-training/Documents/Projects/Grade-Automator-Plus-cache-commit-race/AutoGrader/cache_generation.py", line 199, in _incr_or_create
    return cache.incr(key)
           ^^^^^^^^^^^^^^^
  File "/home/bond-servant-in-training/.pyenv/versions/3.12.10/lib/python3.12/unittest/mock.py", line 1139, in __call__
    return self._mock_call(*args, **kwargs)
           ^^^^^^^^^^^^^^^^^^^^^^^^^^^^^^^^
  File "/home/bond-servant-in-training/.pyenv/versions/3.12.10/lib/python3.12/unittest/mock.py", line 1143, in _mock_call
    return self._execute_mock_call(*args, **kwargs)
           ^^^^^^^^^^^^^^^^^^^^^^^^^^^^^^^^^^^^^^^^
  File "/home/bond-servant-in-training/.pyenv/versions/3.12.10/lib/python3.12/unittest/mock.py", line 1198, in _execute_mock_call
    raise effect
  File "/home/bond-servant-in-training/Documents/Projects/Grade-Automator-Plus-cache-commit-race/AutoGrader/cache_generation.py", line 169, in bump_generation
    return _incr_or_create(key)
           ^^^^^^^^^^^^^^^^^^^^
  File "/home/bond-servant-in-training/Documents/Projects/Grade-Automator-Plus-cache-commit-race/AutoGrader/cache_generation.py", line 199, in _incr_or_create
    return cache.incr(key)
           ^^^^^^^^^^^^^^^
  File "/home/bond-servant-in-training/.pyenv/versions/3.12.10/lib/python3.12/unittest/mock.py", line 1139, in __call__
    return self._mock_call(*args, **kwargs)
           ^^^^^^^^^^^^^^^^^^^^^^^^^^^^^^^^
  File "/home/bond-servant-in-training/.pyenv/versions/3.12.10/lib/python3.12/unittest/mock.py", line 1143, in _mock_call
    return self._execute_mock_call(*args, **kwargs)
           ^^^^^^^^^^^^^^^^^^^^^^^^^^^^^^^^^^^^^^^^
  File "/home/bond-servant-in-training/.pyenv/versions/3.12.10/lib/python3.12/unittest/mock.py", line 1198, in _execute_mock_call
    raise effect
  File "/home/bond-servant-in-training/Documents/Projects/Grade-Automator-Plus-cache-commit-race/AutoGrader/cache_generation.py", line 169, in bump_generation
    return _incr_or_create(key)
           ^^^^^^^^^^^^^^^^^^^^
  File "/home/bond-servant-in-training/Documents/Projects/Grade-Automator-Plus-cache-commit-race/AutoGrader/cache_generation.py", line 199, in _incr_or_create
    return cache.incr(key)
           ^^^^^^^^^^^^^^^
  File "/home/bond-servant-in-training/.pyenv/versions/3.12.10/lib/python3.12/unittest/mock.py", line 1139, in __call__
    return self._mock_call(*args, **kwargs)
           ^^^^^^^^^^^^^^^^^^^^^^^^^^^^^^^^
  File "/home/bond-servant-in-training/.pyenv/versions/3.12.10/lib/python3.12/unittest/mock.py", line 1143, in _mock_call
    return self._execute_mock_call(*args, **kwargs)
           ^^^^^^^^^^^^^^^^^^^^^^^^^^^^^^^^^^^^^^^^
  File "/home/bond-servant-in-training/.pyenv/versions/3.12.10/lib/python3.12/unittest/mock.py", line 1198, in _execute_mock_call
    raise effect
redis.exceptions.ConnectionError: down
[2026-09-17 20:17:50,913: ERROR/MainProcess] Cache generation bump failed for cachegen:sch:c15f4b02-9d6c-4dcc-a086-e22160d687dd; entries keyed on it will serve stale data until their TTL expires.
Traceback (most recent call last):
  File "/home/bond-servant-in-training/Documents/Projects/Grade-Automator-Plus-cache-commit-race/AutoGrader/cache_generation.py", line 169, in bump_generation
    return _incr_or_create(key)
           ^^^^^^^^^^^^^^^^^^^^
  File "/home/bond-servant-in-training/Documents/Projects/Grade-Automator-Plus-cache-commit-race/AutoGrader/cache_generation.py", line 199, in _incr_or_create
    return cache.incr(key)
           ^^^^^^^^^^^^^^^
  File "/home/bond-servant-in-training/.pyenv/versions/3.12.10/lib/python3.12/unittest/mock.py", line 1139, in __call__
    return self._mock_call(*args, **kwargs)
           ^^^^^^^^^^^^^^^^^^^^^^^^^^^^^^^^
  File "/home/bond-servant-in-training/.pyenv/versions/3.12.10/lib/python3.12/unittest/mock.py", line 1143, in _mock_call
    return self._execute_mock_call(*args, **kwargs)
           ^^^^^^^^^^^^^^^^^^^^^^^^^^^^^^^^^^^^^^^^
  File "/home/bond-servant-in-training/.pyenv/versions/3.12.10/lib/python3.12/unittest/mock.py", line 1198, in _execute_mock_call
    raise effect
  File "/home/bond-servant-in-training/Documents/Projects/Grade-Automator-Plus-cache-commit-race/AutoGrader/cache_generation.py", line 169, in bump_generation
    return _incr_or_create(key)
           ^^^^^^^^^^^^^^^^^^^^
  File "/home/bond-servant-in-training/Documents/Projects/Grade-Automator-Plus-cache-commit-race/AutoGrader/cache_generation.py", line 199, in _incr_or_create
    return cache.incr(key)
           ^^^^^^^^^^^^^^^
  File "/home/bond-servant-in-training/.pyenv/versions/3.12.10/lib/python3.12/unittest/mock.py", line 1139, in __call__
    return self._mock_call(*args, **kwargs)
           ^^^^^^^^^^^^^^^^^^^^^^^^^^^^^^^^
  File "/home/bond-servant-in-training/.pyenv/versions/3.12.10/lib/python3.12/unittest/mock.py", line 1143, in _mock_call
    return self._execute_mock_call(*args, **kwargs)
           ^^^^^^^^^^^^^^^^^^^^^^^^^^^^^^^^^^^^^^^^
  File "/home/bond-servant-in-training/.pyenv/versions/3.12.10/lib/python3.12/unittest/mock.py", line 1198, in _execute_mock_call
    raise effect
  File "/home/bond-servant-in-training/Documents/Projects/Grade-Automator-Plus-cache-commit-race/AutoGrader/cache_generation.py", line 169, in bump_generation
    return _incr_or_create(key)
           ^^^^^^^^^^^^^^^^^^^^
  File "/home/bond-servant-in-training/Documents/Projects/Grade-Automator-Plus-cache-commit-race/AutoGrader/cache_generation.py", line 199, in _incr_or_create
    return cache.incr(key)
           ^^^^^^^^^^^^^^^
  File "/home/bond-servant-in-training/.pyenv/versions/3.12.10/lib/python3.12/unittest/mock.py", line 1139, in __call__
    return self._mock_call(*args, **kwargs)
           ^^^^^^^^^^^^^^^^^^^^^^^^^^^^^^^^
  File "/home/bond-servant-in-training/.pyenv/versions/3.12.10/lib/python3.12/unittest/mock.py", line 1143, in _mock_call
    return self._execute_mock_call(*args, **kwargs)
           ^^^^^^^^^^^^^^^^^^^^^^^^^^^^^^^^^^^^^^^^
  File "/home/bond-servant-in-training/.pyenv/versions/3.12.10/lib/python3.12/unittest/mock.py", line 1198, in _execute_mock_call
    raise effect
  File "/home/bond-servant-in-training/Documents/Projects/Grade-Automator-Plus-cache-commit-race/AutoGrader/cache_generation.py", line 169, in bump_generation
    return _incr_or_create(key)
           ^^^^^^^^^^^^^^^^^^^^
  File "/home/bond-servant-in-training/Documents/Projects/Grade-Automator-Plus-cache-commit-race/AutoGrader/cache_generation.py", line 199, in _incr_or_create
    return cache.incr(key)
           ^^^^^^^^^^^^^^^
  File "/home/bond-servant-in-training/.pyenv/versions/3.12.10/lib/python3.12/unittest/mock.py", line 1139, in __call__
    return self._mock_call(*args, **kwargs)
           ^^^^^^^^^^^^^^^^^^^^^^^^^^^^^^^^
  File "/home/bond-servant-in-training/.pyenv/versions/3.12.10/lib/python3.12/unittest/mock.py", line 1143, in _mock_call
    return self._execute_mock_call(*args, **kwargs)
           ^^^^^^^^^^^^^^^^^^^^^^^^^^^^^^^^^^^^^^^^
  File "/home/bond-servant-in-training/.pyenv/versions/3.12.10/lib/python3.12/unittest/mock.py", line 1198, in _execute_mock_call
    raise effect
  File "/home/bond-servant-in-training/Documents/Projects/Grade-Automator-Plus-cache-commit-race/AutoGrader/cache_generation.py", line 169, in bump_generation
    return _incr_or_create(key)
           ^^^^^^^^^^^^^^^^^^^^
  File "/home/bond-servant-in-training/Documents/Projects/Grade-Automator-Plus-cache-commit-race/AutoGrader/cache_generation.py", line 199, in _incr_or_create
    return cache.incr(key)
           ^^^^^^^^^^^^^^^
  File "/home/bond-servant-in-training/.pyenv/versions/3.12.10/lib/python3.12/unittest/mock.py", line 1139, in __call__
    return self._mock_call(*args, **kwargs)
           ^^^^^^^^^^^^^^^^^^^^^^^^^^^^^^^^
  File "/home/bond-servant-in-training/.pyenv/versions/3.12.10/lib/python3.12/unittest/mock.py", line 1143, in _mock_call
    return self._execute_mock_call(*args, **kwargs)
           ^^^^^^^^^^^^^^^^^^^^^^^^^^^^^^^^^^^^^^^^
  File "/home/bond-servant-in-training/.pyenv/versions/3.12.10/lib/python3.12/unittest/mock.py", line 1198, in _execute_mock_call
    raise effect
redis.exceptions.ConnectionError: down
ok
test_enrolling_a_student_bumps_student_teacher_course_and_school (AutoGrader.tests_cache_generation_wiring.SignalBumpWiringTests.test_enrolling_a_student_bumps_student_teacher_course_and_school) ... ok
test_enrolling_does_not_bump_an_unrelated_user (AutoGrader.tests_cache_generation_wiring.SignalBumpWiringTests.test_enrolling_does_not_bump_an_unrelated_user) ... ok
test_removing_an_enrollment_bumps_the_same_counters (AutoGrader.tests_cache_generation_wiring.SignalBumpWiringTests.test_removing_an_enrollment_bumps_the_same_counters) ... ok
test_saving_a_course_bumps_course_teacher_and_school (AutoGrader.tests_cache_generation_wiring.SignalBumpWiringTests.test_saving_a_course_bumps_course_teacher_and_school) ... ok
test_saving_a_school_bumps_school_and_global (AutoGrader.tests_cache_generation_wiring.SignalBumpWiringTests.test_saving_a_school_bumps_school_and_global) ... ok
test_saving_a_session_bumps_its_teacher (AutoGrader.tests_cache_generation_wiring.SignalBumpWiringTests.test_saving_a_session_bumps_its_teacher) ... ok
test_saving_a_topic_bumps_its_course (AutoGrader.tests_cache_generation_wiring.SignalBumpWiringTests.test_saving_a_topic_bumps_its_course) ... ok
test_saving_a_user_bumps_only_that_user (AutoGrader.tests_cache_generation_wiring.SignalBumpWiringTests.test_saving_a_user_bumps_only_that_user)
The headline replacement: today every CustomUser save is a ... ok
test_every_cache_key_is_reachable_by_some_invalidation (AutoGrader.tests_cache_invalidation_coverage.InvalidationCoverageTests.test_every_cache_key_is_reachable_by_some_invalidation)
DOCUMENTS A GAP - expected to change when H-1 lands. ... ok
test_how_many_patterns_match_a_single_key (AutoGrader.tests_cache_invalidation_coverage.InvalidationCoverageTests.test_how_many_patterns_match_a_single_key)
Redundancy, measured. Each extra match is a separate full ... ok
test_over_invalidation_one_users_key_is_cleared_by_another (AutoGrader.tests_cache_invalidation_coverage.InvalidationCoverageTests.test_over_invalidation_one_users_key_is_cleared_by_another)
The over-invalidation half, stated as a property. ... ok
test_the_four_dashboard_keys_are_ttl_only (AutoGrader.tests_cache_invalidation_coverage.InvalidationCoverageTests.test_the_four_dashboard_keys_are_ttl_only)
These are the real finding: school-scoped dashboard responses ... ok
test_the_pdf_and_grading_caches_have_their_own_invalidation (AutoGrader.tests_cache_invalidation_coverage.InvalidationCoverageTests.test_the_pdf_and_grading_caches_have_their_own_invalidation)
Not a gap: these two are deliberately outside the signal scheme. ... ok
test_it_reflects_presence_immediately (AutoGrader.tests_cache_superadmin_1522.ConcurrencyIsNotCachedTests.test_it_reflects_presence_immediately)
The property caching would have broken. ... ok
test_no_cache_entry_is_written_for_concurrency (AutoGrader.tests_cache_superadmin_1522.ConcurrencyIsNotCachedTests.test_no_cache_entry_is_written_for_concurrency) ... ok
test_two_reads_are_computed_independently (AutoGrader.tests_cache_superadmin_1522.ConcurrencyIsNotCachedTests.test_two_reads_are_computed_independently)
No cache means a second read is not served from the first. ... ok
test_an_assignment_does_NOT_bump_the_school_table_counter (AutoGrader.tests_cache_superadmin_1522.EntityClassScopedFamiliesTests.test_an_assignment_does_NOT_bump_the_school_table_counter)
The precision that justifies a separate counter: publishing an ... ok
test_an_assignment_does_NOT_bump_the_user_table_counter (AutoGrader.tests_cache_superadmin_1522.EntityClassScopedFamiliesTests.test_an_assignment_does_NOT_bump_the_user_table_counter) ... ok
test_an_enrollment_does_NOT_bump_either_entity_class_counter (AutoGrader.tests_cache_superadmin_1522.EntityClassScopedFamiliesTests.test_an_enrollment_does_NOT_bump_either_entity_class_counter) ... ok
test_schools_refreshes_after_a_new_school (AutoGrader.tests_cache_superadmin_1522.EntityClassScopedFamiliesTests.test_schools_refreshes_after_a_new_school) ... ok
test_teachers_refreshes_after_a_new_teacher (AutoGrader.tests_cache_superadmin_1522.EntityClassScopedFamiliesTests.test_teachers_refreshes_after_a_new_teacher) ... ok
test_the_schools_list_survives_unrelated_activity (AutoGrader.tests_cache_superadmin_1522.EntityClassScopedFamiliesTests.test_the_schools_list_survives_unrelated_activity)
End to end: the response itself must be byte-identical after a ... ok
test_adoption_refreshes_after_a_new_assignment (AutoGrader.tests_cache_superadmin_1522.GlobalScopedFamiliesTests.test_adoption_refreshes_after_a_new_assignment) ... ok
test_adoption_refreshes_after_a_signup (AutoGrader.tests_cache_superadmin_1522.GlobalScopedFamiliesTests.test_adoption_refreshes_after_a_signup) ... ok
test_ai_performance_refreshes_after_a_graded_submission (AutoGrader.tests_cache_superadmin_1522.GlobalScopedFamiliesTests.test_ai_performance_refreshes_after_a_graded_submission) ... ok
test_scaling_signals_refreshes_after_a_new_school (AutoGrader.tests_cache_superadmin_1522.GlobalScopedFamiliesTests.test_scaling_signals_refreshes_after_a_new_school) ... ok
test_students_refreshes_after_an_enrollment (AutoGrader.tests_cache_superadmin_1522.GlobalScopedFamiliesTests.test_students_refreshes_after_an_enrollment) ... ok
test_the_legacy_mechanism_really_is_disabled (AutoGrader.tests_cache_superadmin_1522.GlobalScopedFamiliesTests.test_the_legacy_mechanism_really_is_disabled) ... ok
test_the_responses_are_still_cached_between_mutations (AutoGrader.tests_cache_superadmin_1522.GlobalScopedFamiliesTests.test_the_responses_are_still_cached_between_mutations)
Guard on the guard. A 24h TTL means a second read MUST be a cache ... ok
test_usage_refreshes_after_a_new_assignment (AutoGrader.tests_cache_superadmin_1522.GlobalScopedFamiliesTests.test_usage_refreshes_after_a_new_assignment) ... ok
test_bulk_action_is_precise_and_costs_one_teacher_query (AutoGrader.tests_cache_user_fanout.AdminBulkActionTests.test_bulk_action_is_precise_and_costs_one_teacher_query) ... ok
test_bulk_deactivation_reaches_the_teachers_roster (AutoGrader.tests_cache_user_fanout.AdminBulkActionTests.test_bulk_deactivation_reaches_the_teachers_roster) ... ok
test_the_backend_is_real_redis (AutoGrader.tests_cache_user_fanout.LegacyReallyDisabledTests.test_the_backend_is_real_redis) ... ok
test_the_legacy_mechanism_really_is_disabled (AutoGrader.tests_cache_user_fanout.LegacyReallyDisabledTests.test_the_legacy_mechanism_really_is_disabled) ... ok
test_concurrent_student_renames_each_bump_the_shared_teacher (AutoGrader.tests_cache_user_fanout.UserRowConcurrencyTests.test_concurrent_student_renames_each_bump_the_shared_teacher) ... ok
test_an_invisible_change_costs_no_extra_queries (AutoGrader.tests_cache_user_fanout.UserRowCostTests.test_an_invisible_change_costs_no_extra_queries) ... ok
test_one_redis_round_trip_per_save (AutoGrader.tests_cache_user_fanout.UserRowCostTests.test_one_redis_round_trip_per_save) ... ok
test_the_fanout_query_count_is_flat_in_the_number_of_courses (AutoGrader.tests_cache_user_fanout.UserRowCostTests.test_the_fanout_query_count_is_flat_in_the_number_of_courses) ... ok
test_a_redis_outage_never_fails_the_user_save (AutoGrader.tests_cache_user_fanout.UserRowFailureTests.test_a_redis_outage_never_fails_the_user_save) ... [2026-09-17 20:19:11,751: ERROR/MainProcess] Cache generation bump failed for cachegen:sch:e71d80bf-5520-4236-9f0d-e954e9f4038a; entries keyed on it will serve stale data until their TTL expires.
Traceback (most recent call last):
  File "/home/bond-servant-in-training/Documents/Projects/Grade-Automator-Plus-cache-commit-race/AutoGrader/cache_generation.py", line 169, in bump_generation
    return _incr_or_create(key)
           ^^^^^^^^^^^^^^^^^^^^
  File "/home/bond-servant-in-training/Documents/Projects/Grade-Automator-Plus-cache-commit-race/AutoGrader/cache_generation.py", line 199, in _incr_or_create
    return cache.incr(key)
           ^^^^^^^^^^^^^^^
  File "/home/bond-servant-in-training/Documents/Virtualenvs/AutoGrader_env/lib/python3.12/site-packages/django_redis/cache.py", line 29, in _decorator
    return method(self, *args, **kwargs)
           ^^^^^^^^^^^^^^^^^^^^^^^^^^^^^
  File "/home/bond-servant-in-training/Documents/Virtualenvs/AutoGrader_env/lib/python3.12/site-packages/django_redis/cache.py", line 130, in incr
    return self.client.incr(*args, **kwargs)
           ^^^^^^^^^^^^^^^^^^^^^^^^^^^^^^^^^
  File "/home/bond-servant-in-training/Documents/Virtualenvs/AutoGrader_env/lib/python3.12/site-packages/django_redis/client/default.py", line 653, in incr
    return self._incr(
           ^^^^^^^^^^^
  File "/home/bond-servant-in-training/Documents/Virtualenvs/AutoGrader_env/lib/python3.12/site-packages/django_redis/client/default.py", line 595, in _incr
    client = self.get_client(write=True)
             ^^^^^^^^^^^^^^^^^^^^^^^^^^^
  File "/home/bond-servant-in-training/.pyenv/versions/3.12.10/lib/python3.12/unittest/mock.py", line 1139, in __call__
    return self._mock_call(*args, **kwargs)
           ^^^^^^^^^^^^^^^^^^^^^^^^^^^^^^^^
  File "/home/bond-servant-in-training/.pyenv/versions/3.12.10/lib/python3.12/unittest/mock.py", line 1143, in _mock_call
    return self._execute_mock_call(*args, **kwargs)
           ^^^^^^^^^^^^^^^^^^^^^^^^^^^^^^^^^^^^^^^^
  File "/home/bond-servant-in-training/.pyenv/versions/3.12.10/lib/python3.12/unittest/mock.py", line 1198, in _execute_mock_call
    raise effect
  File "/home/bond-servant-in-training/Documents/Projects/Grade-Automator-Plus-cache-commit-race/AutoGrader/cache_generation.py", line 275, in _bump_pipelined
    client = cache.client.get_client(write=True)
             ^^^^^^^^^^^^^^^^^^^^^^^^^^^^^^^^^^^
  File "/home/bond-servant-in-training/.pyenv/versions/3.12.10/lib/python3.12/unittest/mock.py", line 1139, in __call__
    return self._mock_call(*args, **kwargs)
           ^^^^^^^^^^^^^^^^^^^^^^^^^^^^^^^^
  File "/home/bond-servant-in-training/.pyenv/versions/3.12.10/lib/python3.12/unittest/mock.py", line 1143, in _mock_call
    return self._execute_mock_call(*args, **kwargs)
           ^^^^^^^^^^^^^^^^^^^^^^^^^^^^^^^^^^^^^^^^
  File "/home/bond-servant-in-training/.pyenv/versions/3.12.10/lib/python3.12/unittest/mock.py", line 1198, in _execute_mock_call
    raise effect
redis.exceptions.ConnectionError: redis unreachable
[2026-09-17 20:19:11,752: ERROR/MainProcess] Cache generation bump failed for cachegen:usr:9923f94f-05e9-4825-b400-9296529a4473; entries keyed on it will serve stale data until their TTL expires.
Traceback (most recent call last):
  File "/home/bond-servant-in-training/Documents/Projects/Grade-Automator-Plus-cache-commit-race/AutoGrader/cache_generation.py", line 169, in bump_generation
    return _incr_or_create(key)
           ^^^^^^^^^^^^^^^^^^^^
  File "/home/bond-servant-in-training/Documents/Projects/Grade-Automator-Plus-cache-commit-race/AutoGrader/cache_generation.py", line 199, in _incr_or_create
    return cache.incr(key)
           ^^^^^^^^^^^^^^^
  File "/home/bond-servant-in-training/Documents/Virtualenvs/AutoGrader_env/lib/python3.12/site-packages/django_redis/cache.py", line 29, in _decorator
    return method(self, *args, **kwargs)
           ^^^^^^^^^^^^^^^^^^^^^^^^^^^^^
  File "/home/bond-servant-in-training/Documents/Virtualenvs/AutoGrader_env/lib/python3.12/site-packages/django_redis/cache.py", line 130, in incr
    return self.client.incr(*args, **kwargs)
           ^^^^^^^^^^^^^^^^^^^^^^^^^^^^^^^^^
  File "/home/bond-servant-in-training/Documents/Virtualenvs/AutoGrader_env/lib/python3.12/site-packages/django_redis/client/default.py", line 653, in incr
    return self._incr(
           ^^^^^^^^^^^
  File "/home/bond-servant-in-training/Documents/Virtualenvs/AutoGrader_env/lib/python3.12/site-packages/django_redis/client/default.py", line 595, in _incr
    client = self.get_client(write=True)
             ^^^^^^^^^^^^^^^^^^^^^^^^^^^
  File "/home/bond-servant-in-training/.pyenv/versions/3.12.10/lib/python3.12/unittest/mock.py", line 1139, in __call__
    return self._mock_call(*args, **kwargs)
           ^^^^^^^^^^^^^^^^^^^^^^^^^^^^^^^^
  File "/home/bond-servant-in-training/.pyenv/versions/3.12.10/lib/python3.12/unittest/mock.py", line 1143, in _mock_call
    return self._execute_mock_call(*args, **kwargs)
           ^^^^^^^^^^^^^^^^^^^^^^^^^^^^^^^^^^^^^^^^
  File "/home/bond-servant-in-training/.pyenv/versions/3.12.10/lib/python3.12/unittest/mock.py", line 1198, in _execute_mock_call
    raise effect
  File "/home/bond-servant-in-training/Documents/Projects/Grade-Automator-Plus-cache-commit-race/AutoGrader/cache_generation.py", line 169, in bump_generation
    return _incr_or_create(key)
           ^^^^^^^^^^^^^^^^^^^^
  File "/home/bond-servant-in-training/Documents/Projects/Grade-Automator-Plus-cache-commit-race/AutoGrader/cache_generation.py", line 199, in _incr_or_create
    return cache.incr(key)
           ^^^^^^^^^^^^^^^
  File "/home/bond-servant-in-training/Documents/Virtualenvs/AutoGrader_env/lib/python3.12/site-packages/django_redis/cache.py", line 29, in _decorator
    return method(self, *args, **kwargs)
           ^^^^^^^^^^^^^^^^^^^^^^^^^^^^^
  File "/home/bond-servant-in-training/Documents/Virtualenvs/AutoGrader_env/lib/python3.12/site-packages/django_redis/cache.py", line 130, in incr
    return self.client.incr(*args, **kwargs)
           ^^^^^^^^^^^^^^^^^^^^^^^^^^^^^^^^^
  File "/home/bond-servant-in-training/Documents/Virtualenvs/AutoGrader_env/lib/python3.12/site-packages/django_redis/client/default.py", line 653, in incr
    return self._incr(
           ^^^^^^^^^^^
  File "/home/bond-servant-in-training/Documents/Virtualenvs/AutoGrader_env/lib/python3.12/site-packages/django_redis/client/default.py", line 595, in _incr
    client = self.get_client(write=True)
             ^^^^^^^^^^^^^^^^^^^^^^^^^^^
  File "/home/bond-servant-in-training/.pyenv/versions/3.12.10/lib/python3.12/unittest/mock.py", line 1139, in __call__
    return self._mock_call(*args, **kwargs)
           ^^^^^^^^^^^^^^^^^^^^^^^^^^^^^^^^
  File "/home/bond-servant-in-training/.pyenv/versions/3.12.10/lib/python3.12/unittest/mock.py", line 1143, in _mock_call
    return self._execute_mock_call(*args, **kwargs)
           ^^^^^^^^^^^^^^^^^^^^^^^^^^^^^^^^^^^^^^^^
  File "/home/bond-servant-in-training/.pyenv/versions/3.12.10/lib/python3.12/unittest/mock.py", line 1198, in _execute_mock_call
    raise effect
  File "/home/bond-servant-in-training/Documents/Projects/Grade-Automator-Plus-cache-commit-race/AutoGrader/cache_generation.py", line 275, in _bump_pipelined
    client = cache.client.get_client(write=True)
             ^^^^^^^^^^^^^^^^^^^^^^^^^^^^^^^^^^^
  File "/home/bond-servant-in-training/.pyenv/versions/3.12.10/lib/python3.12/unittest/mock.py", line 1139, in __call__
    return self._mock_call(*args, **kwargs)
           ^^^^^^^^^^^^^^^^^^^^^^^^^^^^^^^^
  File "/home/bond-servant-in-training/.pyenv/versions/3.12.10/lib/python3.12/unittest/mock.py", line 1143, in _mock_call
    return self._execute_mock_call(*args, **kwargs)
           ^^^^^^^^^^^^^^^^^^^^^^^^^^^^^^^^^^^^^^^^
  File "/home/bond-servant-in-training/.pyenv/versions/3.12.10/lib/python3.12/unittest/mock.py", line 1198, in _execute_mock_call
    raise effect
redis.exceptions.ConnectionError: redis unreachable
[2026-09-17 20:19:11,754: ERROR/MainProcess] Cache generation bump failed for cachegen:global; entries keyed on it will serve stale data until their TTL expires.
Traceback (most recent call last):
  File "/home/bond-servant-in-training/Documents/Projects/Grade-Automator-Plus-cache-commit-race/AutoGrader/cache_generation.py", line 169, in bump_generation
    return _incr_or_create(key)
           ^^^^^^^^^^^^^^^^^^^^
  File "/home/bond-servant-in-training/Documents/Projects/Grade-Automator-Plus-cache-commit-race/AutoGrader/cache_generation.py", line 199, in _incr_or_create
    return cache.incr(key)
           ^^^^^^^^^^^^^^^
  File "/home/bond-servant-in-training/Documents/Virtualenvs/AutoGrader_env/lib/python3.12/site-packages/django_redis/cache.py", line 29, in _decorator
    return method(self, *args, **kwargs)
           ^^^^^^^^^^^^^^^^^^^^^^^^^^^^^
  File "/home/bond-servant-in-training/Documents/Virtualenvs/AutoGrader_env/lib/python3.12/site-packages/django_redis/cache.py", line 130, in incr
    return self.client.incr(*args, **kwargs)
           ^^^^^^^^^^^^^^^^^^^^^^^^^^^^^^^^^
  File "/home/bond-servant-in-training/Documents/Virtualenvs/AutoGrader_env/lib/python3.12/site-packages/django_redis/client/default.py", line 653, in incr
    return self._incr(
           ^^^^^^^^^^^
  File "/home/bond-servant-in-training/Documents/Virtualenvs/AutoGrader_env/lib/python3.12/site-packages/django_redis/client/default.py", line 595, in _incr
    client = self.get_client(write=True)
             ^^^^^^^^^^^^^^^^^^^^^^^^^^^
  File "/home/bond-servant-in-training/.pyenv/versions/3.12.10/lib/python3.12/unittest/mock.py", line 1139, in __call__
    return self._mock_call(*args, **kwargs)
           ^^^^^^^^^^^^^^^^^^^^^^^^^^^^^^^^
  File "/home/bond-servant-in-training/.pyenv/versions/3.12.10/lib/python3.12/unittest/mock.py", line 1143, in _mock_call
    return self._execute_mock_call(*args, **kwargs)
           ^^^^^^^^^^^^^^^^^^^^^^^^^^^^^^^^^^^^^^^^
  File "/home/bond-servant-in-training/.pyenv/versions/3.12.10/lib/python3.12/unittest/mock.py", line 1198, in _execute_mock_call
    raise effect
  File "/home/bond-servant-in-training/Documents/Projects/Grade-Automator-Plus-cache-commit-race/AutoGrader/cache_generation.py", line 169, in bump_generation
    return _incr_or_create(key)
           ^^^^^^^^^^^^^^^^^^^^
  File "/home/bond-servant-in-training/Documents/Projects/Grade-Automator-Plus-cache-commit-race/AutoGrader/cache_generation.py", line 199, in _incr_or_create
    return cache.incr(key)
           ^^^^^^^^^^^^^^^
  File "/home/bond-servant-in-training/Documents/Virtualenvs/AutoGrader_env/lib/python3.12/site-packages/django_redis/cache.py", line 29, in _decorator
    return method(self, *args, **kwargs)
           ^^^^^^^^^^^^^^^^^^^^^^^^^^^^^
  File "/home/bond-servant-in-training/Documents/Virtualenvs/AutoGrader_env/lib/python3.12/site-packages/django_redis/cache.py", line 130, in incr
    return self.client.incr(*args, **kwargs)
           ^^^^^^^^^^^^^^^^^^^^^^^^^^^^^^^^^
  File "/home/bond-servant-in-training/Documents/Virtualenvs/AutoGrader_env/lib/python3.12/site-packages/django_redis/client/default.py", line 653, in incr
    return self._incr(
           ^^^^^^^^^^^
  File "/home/bond-servant-in-training/Documents/Virtualenvs/AutoGrader_env/lib/python3.12/site-packages/django_redis/client/default.py", line 595, in _incr
    client = self.get_client(write=True)
             ^^^^^^^^^^^^^^^^^^^^^^^^^^^
  File "/home/bond-servant-in-training/.pyenv/versions/3.12.10/lib/python3.12/unittest/mock.py", line 1139, in __call__
    return self._mock_call(*args, **kwargs)
           ^^^^^^^^^^^^^^^^^^^^^^^^^^^^^^^^
  File "/home/bond-servant-in-training/.pyenv/versions/3.12.10/lib/python3.12/unittest/mock.py", line 1143, in _mock_call
    return self._execute_mock_call(*args, **kwargs)
           ^^^^^^^^^^^^^^^^^^^^^^^^^^^^^^^^^^^^^^^^
  File "/home/bond-servant-in-training/.pyenv/versions/3.12.10/lib/python3.12/unittest/mock.py", line 1198, in _execute_mock_call
    raise effect
  File "/home/bond-servant-in-training/Documents/Projects/Grade-Automator-Plus-cache-commit-race/AutoGrader/cache_generation.py", line 169, in bump_generation
    return _incr_or_create(key)
           ^^^^^^^^^^^^^^^^^^^^
  File "/home/bond-servant-in-training/Documents/Projects/Grade-Automator-Plus-cache-commit-race/AutoGrader/cache_generation.py", line 199, in _incr_or_create
    return cache.incr(key)
           ^^^^^^^^^^^^^^^
  File "/home/bond-servant-in-training/Documents/Virtualenvs/AutoGrader_env/lib/python3.12/site-packages/django_redis/cache.py", line 29, in _decorator
    return method(self, *args, **kwargs)
           ^^^^^^^^^^^^^^^^^^^^^^^^^^^^^
  File "/home/bond-servant-in-training/Documents/Virtualenvs/AutoGrader_env/lib/python3.12/site-packages/django_redis/cache.py", line 130, in incr
    return self.client.incr(*args, **kwargs)
           ^^^^^^^^^^^^^^^^^^^^^^^^^^^^^^^^^
  File "/home/bond-servant-in-training/Documents/Virtualenvs/AutoGrader_env/lib/python3.12/site-packages/django_redis/client/default.py", line 653, in incr
    return self._incr(
           ^^^^^^^^^^^
  File "/home/bond-servant-in-training/Documents/Virtualenvs/AutoGrader_env/lib/python3.12/site-packages/django_redis/client/default.py", line 595, in _incr
    client = self.get_client(write=True)
             ^^^^^^^^^^^^^^^^^^^^^^^^^^^
  File "/home/bond-servant-in-training/.pyenv/versions/3.12.10/lib/python3.12/unittest/mock.py", line 1139, in __call__
    return self._mock_call(*args, **kwargs)
           ^^^^^^^^^^^^^^^^^^^^^^^^^^^^^^^^
  File "/home/bond-servant-in-training/.pyenv/versions/3.12.10/lib/python3.12/unittest/mock.py", line 1143, in _mock_call
    return self._execute_mock_call(*args, **kwargs)
           ^^^^^^^^^^^^^^^^^^^^^^^^^^^^^^^^^^^^^^^^
  File "/home/bond-servant-in-training/.pyenv/versions/3.12.10/lib/python3.12/unittest/mock.py", line 1198, in _execute_mock_call
    raise effect
  File "/home/bond-servant-in-training/Documents/Projects/Grade-Automator-Plus-cache-commit-race/AutoGrader/cache_generation.py", line 275, in _bump_pipelined
    client = cache.client.get_client(write=True)
             ^^^^^^^^^^^^^^^^^^^^^^^^^^^^^^^^^^^
  File "/home/bond-servant-in-training/.pyenv/versions/3.12.10/lib/python3.12/unittest/mock.py", line 1139, in __call__
    return self._mock_call(*args, **kwargs)
           ^^^^^^^^^^^^^^^^^^^^^^^^^^^^^^^^
  File "/home/bond-servant-in-training/.pyenv/versions/3.12.10/lib/python3.12/unittest/mock.py", line 1143, in _mock_call
    return self._execute_mock_call(*args, **kwargs)
           ^^^^^^^^^^^^^^^^^^^^^^^^^^^^^^^^^^^^^^^^
  File "/home/bond-servant-in-training/.pyenv/versions/3.12.10/lib/python3.12/unittest/mock.py", line 1198, in _execute_mock_call
    raise effect
redis.exceptions.ConnectionError: redis unreachable
[2026-09-17 20:19:11,755: ERROR/MainProcess] Cache generation bump failed for cachegen:anyusr; entries keyed on it will serve stale data until their TTL expires.
Traceback (most recent call last):
  File "/home/bond-servant-in-training/Documents/Projects/Grade-Automator-Plus-cache-commit-race/AutoGrader/cache_generation.py", line 169, in bump_generation
    return _incr_or_create(key)
           ^^^^^^^^^^^^^^^^^^^^
  File "/home/bond-servant-in-training/Documents/Projects/Grade-Automator-Plus-cache-commit-race/AutoGrader/cache_generation.py", line 199, in _incr_or_create
    return cache.incr(key)
           ^^^^^^^^^^^^^^^
  File "/home/bond-servant-in-training/Documents/Virtualenvs/AutoGrader_env/lib/python3.12/site-packages/django_redis/cache.py", line 29, in _decorator
    return method(self, *args, **kwargs)
           ^^^^^^^^^^^^^^^^^^^^^^^^^^^^^
  File "/home/bond-servant-in-training/Documents/Virtualenvs/AutoGrader_env/lib/python3.12/site-packages/django_redis/cache.py", line 130, in incr
    return self.client.incr(*args, **kwargs)
           ^^^^^^^^^^^^^^^^^^^^^^^^^^^^^^^^^
  File "/home/bond-servant-in-training/Documents/Virtualenvs/AutoGrader_env/lib/python3.12/site-packages/django_redis/client/default.py", line 653, in incr
    return self._incr(
           ^^^^^^^^^^^
  File "/home/bond-servant-in-training/Documents/Virtualenvs/AutoGrader_env/lib/python3.12/site-packages/django_redis/client/default.py", line 595, in _incr
    client = self.get_client(write=True)
             ^^^^^^^^^^^^^^^^^^^^^^^^^^^
  File "/home/bond-servant-in-training/.pyenv/versions/3.12.10/lib/python3.12/unittest/mock.py", line 1139, in __call__
    return self._mock_call(*args, **kwargs)
           ^^^^^^^^^^^^^^^^^^^^^^^^^^^^^^^^
  File "/home/bond-servant-in-training/.pyenv/versions/3.12.10/lib/python3.12/unittest/mock.py", line 1143, in _mock_call
    return self._execute_mock_call(*args, **kwargs)
           ^^^^^^^^^^^^^^^^^^^^^^^^^^^^^^^^^^^^^^^^
  File "/home/bond-servant-in-training/.pyenv/versions/3.12.10/lib/python3.12/unittest/mock.py", line 1198, in _execute_mock_call
    raise effect
  File "/home/bond-servant-in-training/Documents/Projects/Grade-Automator-Plus-cache-commit-race/AutoGrader/cache_generation.py", line 169, in bump_generation
    return _incr_or_create(key)
           ^^^^^^^^^^^^^^^^^^^^
  File "/home/bond-servant-in-training/Documents/Projects/Grade-Automator-Plus-cache-commit-race/AutoGrader/cache_generation.py", line 199, in _incr_or_create
    return cache.incr(key)
           ^^^^^^^^^^^^^^^
  File "/home/bond-servant-in-training/Documents/Virtualenvs/AutoGrader_env/lib/python3.12/site-packages/django_redis/cache.py", line 29, in _decorator
    return method(self, *args, **kwargs)
           ^^^^^^^^^^^^^^^^^^^^^^^^^^^^^
  File "/home/bond-servant-in-training/Documents/Virtualenvs/AutoGrader_env/lib/python3.12/site-packages/django_redis/cache.py", line 130, in incr
    return self.client.incr(*args, **kwargs)
           ^^^^^^^^^^^^^^^^^^^^^^^^^^^^^^^^^
  File "/home/bond-servant-in-training/Documents/Virtualenvs/AutoGrader_env/lib/python3.12/site-packages/django_redis/client/default.py", line 653, in incr
    return self._incr(
           ^^^^^^^^^^^
  File "/home/bond-servant-in-training/Documents/Virtualenvs/AutoGrader_env/lib/python3.12/site-packages/django_redis/client/default.py", line 595, in _incr
    client = self.get_client(write=True)
             ^^^^^^^^^^^^^^^^^^^^^^^^^^^
  File "/home/bond-servant-in-training/.pyenv/versions/3.12.10/lib/python3.12/unittest/mock.py", line 1139, in __call__
    return self._mock_call(*args, **kwargs)
           ^^^^^^^^^^^^^^^^^^^^^^^^^^^^^^^^
  File "/home/bond-servant-in-training/.pyenv/versions/3.12.10/lib/python3.12/unittest/mock.py", line 1143, in _mock_call
    return self._execute_mock_call(*args, **kwargs)
           ^^^^^^^^^^^^^^^^^^^^^^^^^^^^^^^^^^^^^^^^
  File "/home/bond-servant-in-training/.pyenv/versions/3.12.10/lib/python3.12/unittest/mock.py", line 1198, in _execute_mock_call
    raise effect
  File "/home/bond-servant-in-training/Documents/Projects/Grade-Automator-Plus-cache-commit-race/AutoGrader/cache_generation.py", line 169, in bump_generation
    return _incr_or_create(key)
           ^^^^^^^^^^^^^^^^^^^^
  File "/home/bond-servant-in-training/Documents/Projects/Grade-Automator-Plus-cache-commit-race/AutoGrader/cache_generation.py", line 199, in _incr_or_create
    return cache.incr(key)
           ^^^^^^^^^^^^^^^
  File "/home/bond-servant-in-training/Documents/Virtualenvs/AutoGrader_env/lib/python3.12/site-packages/django_redis/cache.py", line 29, in _decorator
    return method(self, *args, **kwargs)
           ^^^^^^^^^^^^^^^^^^^^^^^^^^^^^
  File "/home/bond-servant-in-training/Documents/Virtualenvs/AutoGrader_env/lib/python3.12/site-packages/django_redis/cache.py", line 130, in incr
    return self.client.incr(*args, **kwargs)
           ^^^^^^^^^^^^^^^^^^^^^^^^^^^^^^^^^
  File "/home/bond-servant-in-training/Documents/Virtualenvs/AutoGrader_env/lib/python3.12/site-packages/django_redis/client/default.py", line 653, in incr
    return self._incr(
           ^^^^^^^^^^^
  File "/home/bond-servant-in-training/Documents/Virtualenvs/AutoGrader_env/lib/python3.12/site-packages/django_redis/client/default.py", line 595, in _incr
    client = self.get_client(write=True)
             ^^^^^^^^^^^^^^^^^^^^^^^^^^^
  File "/home/bond-servant-in-training/.pyenv/versions/3.12.10/lib/python3.12/unittest/mock.py", line 1139, in __call__
    return self._mock_call(*args, **kwargs)
           ^^^^^^^^^^^^^^^^^^^^^^^^^^^^^^^^
  File "/home/bond-servant-in-training/.pyenv/versions/3.12.10/lib/python3.12/unittest/mock.py", line 1143, in _mock_call
    return self._execute_mock_call(*args, **kwargs)
           ^^^^^^^^^^^^^^^^^^^^^^^^^^^^^^^^^^^^^^^^
  File "/home/bond-servant-in-training/.pyenv/versions/3.12.10/lib/python3.12/unittest/mock.py", line 1198, in _execute_mock_call
    raise effect
  File "/home/bond-servant-in-training/Documents/Projects/Grade-Automator-Plus-cache-commit-race/AutoGrader/cache_generation.py", line 169, in bump_generation
    return _incr_or_create(key)
           ^^^^^^^^^^^^^^^^^^^^
  File "/home/bond-servant-in-training/Documents/Projects/Grade-Automator-Plus-cache-commit-race/AutoGrader/cache_generation.py", line 199, in _incr_or_create
    return cache.incr(key)
           ^^^^^^^^^^^^^^^
  File "/home/bond-servant-in-training/Documents/Virtualenvs/AutoGrader_env/lib/python3.12/site-packages/django_redis/cache.py", line 29, in _decorator
    return method(self, *args, **kwargs)
           ^^^^^^^^^^^^^^^^^^^^^^^^^^^^^
  File "/home/bond-servant-in-training/Documents/Virtualenvs/AutoGrader_env/lib/python3.12/site-packages/django_redis/cache.py", line 130, in incr
    return self.client.incr(*args, **kwargs)
           ^^^^^^^^^^^^^^^^^^^^^^^^^^^^^^^^^
  File "/home/bond-servant-in-training/Documents/Virtualenvs/AutoGrader_env/lib/python3.12/site-packages/django_redis/client/default.py", line 653, in incr
    return self._incr(
           ^^^^^^^^^^^
  File "/home/bond-servant-in-training/Documents/Virtualenvs/AutoGrader_env/lib/python3.12/site-packages/django_redis/client/default.py", line 595, in _incr
    client = self.get_client(write=True)
             ^^^^^^^^^^^^^^^^^^^^^^^^^^^
  File "/home/bond-servant-in-training/.pyenv/versions/3.12.10/lib/python3.12/unittest/mock.py", line 1139, in __call__
    return self._mock_call(*args, **kwargs)
           ^^^^^^^^^^^^^^^^^^^^^^^^^^^^^^^^
  File "/home/bond-servant-in-training/.pyenv/versions/3.12.10/lib/python3.12/unittest/mock.py", line 1143, in _mock_call
    return self._execute_mock_call(*args, **kwargs)
           ^^^^^^^^^^^^^^^^^^^^^^^^^^^^^^^^^^^^^^^^
  File "/home/bond-servant-in-training/.pyenv/versions/3.12.10/lib/python3.12/unittest/mock.py", line 1198, in _execute_mock_call
    raise effect
  File "/home/bond-servant-in-training/Documents/Projects/Grade-Automator-Plus-cache-commit-race/AutoGrader/cache_generation.py", line 275, in _bump_pipelined
    client = cache.client.get_client(write=True)
             ^^^^^^^^^^^^^^^^^^^^^^^^^^^^^^^^^^^
  File "/home/bond-servant-in-training/.pyenv/versions/3.12.10/lib/python3.12/unittest/mock.py", line 1139, in __call__
    return self._mock_call(*args, **kwargs)
           ^^^^^^^^^^^^^^^^^^^^^^^^^^^^^^^^
  File "/home/bond-servant-in-training/.pyenv/versions/3.12.10/lib/python3.12/unittest/mock.py", line 1143, in _mock_call
    return self._execute_mock_call(*args, **kwargs)
           ^^^^^^^^^^^^^^^^^^^^^^^^^^^^^^^^^^^^^^^^
  File "/home/bond-servant-in-training/.pyenv/versions/3.12.10/lib/python3.12/unittest/mock.py", line 1198, in _execute_mock_call
    raise effect
redis.exceptions.ConnectionError: redis unreachable
[2026-09-17 20:19:11,757: ERROR/MainProcess] Cache generation bump failed for cachegen:usr:0dd2dd57-477f-457b-8270-3b5cee4b236d; entries keyed on it will serve stale data until their TTL expires.
Traceback (most recent call last):
  File "/home/bond-servant-in-training/Documents/Projects/Grade-Automator-Plus-cache-commit-race/AutoGrader/cache_generation.py", line 169, in bump_generation
    return _incr_or_create(key)
           ^^^^^^^^^^^^^^^^^^^^
  File "/home/bond-servant-in-training/Documents/Projects/Grade-Automator-Plus-cache-commit-race/AutoGrader/cache_generation.py", line 199, in _incr_or_create
    return cache.incr(key)
           ^^^^^^^^^^^^^^^
  File "/home/bond-servant-in-training/Documents/Virtualenvs/AutoGrader_env/lib/python3.12/site-packages/django_redis/cache.py", line 29, in _decorator
    return method(self, *args, **kwargs)
           ^^^^^^^^^^^^^^^^^^^^^^^^^^^^^
  File "/home/bond-servant-in-training/Documents/Virtualenvs/AutoGrader_env/lib/python3.12/site-packages/django_redis/cache.py", line 130, in incr
    return self.client.incr(*args, **kwargs)
           ^^^^^^^^^^^^^^^^^^^^^^^^^^^^^^^^^
  File "/home/bond-servant-in-training/Documents/Virtualenvs/AutoGrader_env/lib/python3.12/site-packages/django_redis/client/default.py", line 653, in incr
    return self._incr(
           ^^^^^^^^^^^
  File "/home/bond-servant-in-training/Documents/Virtualenvs/AutoGrader_env/lib/python3.12/site-packages/django_redis/client/default.py", line 595, in _incr
    client = self.get_client(write=True)
             ^^^^^^^^^^^^^^^^^^^^^^^^^^^
  File "/home/bond-servant-in-training/.pyenv/versions/3.12.10/lib/python3.12/unittest/mock.py", line 1139, in __call__
    return self._mock_call(*args, **kwargs)
           ^^^^^^^^^^^^^^^^^^^^^^^^^^^^^^^^
  File "/home/bond-servant-in-training/.pyenv/versions/3.12.10/lib/python3.12/unittest/mock.py", line 1143, in _mock_call
    return self._execute_mock_call(*args, **kwargs)
           ^^^^^^^^^^^^^^^^^^^^^^^^^^^^^^^^^^^^^^^^
  File "/home/bond-servant-in-training/.pyenv/versions/3.12.10/lib/python3.12/unittest/mock.py", line 1198, in _execute_mock_call
    raise effect
  File "/home/bond-servant-in-training/Documents/Projects/Grade-Automator-Plus-cache-commit-race/AutoGrader/cache_generation.py", line 169, in bump_generation
    return _incr_or_create(key)
           ^^^^^^^^^^^^^^^^^^^^
  File "/home/bond-servant-in-training/Documents/Projects/Grade-Automator-Plus-cache-commit-race/AutoGrader/cache_generation.py", line 199, in _incr_or_create
    return cache.incr(key)
           ^^^^^^^^^^^^^^^
  File "/home/bond-servant-in-training/Documents/Virtualenvs/AutoGrader_env/lib/python3.12/site-packages/django_redis/cache.py", line 29, in _decorator
    return method(self, *args, **kwargs)
           ^^^^^^^^^^^^^^^^^^^^^^^^^^^^^
  File "/home/bond-servant-in-training/Documents/Virtualenvs/AutoGrader_env/lib/python3.12/site-packages/django_redis/cache.py", line 130, in incr
    return self.client.incr(*args, **kwargs)
           ^^^^^^^^^^^^^^^^^^^^^^^^^^^^^^^^^
  File "/home/bond-servant-in-training/Documents/Virtualenvs/AutoGrader_env/lib/python3.12/site-packages/django_redis/client/default.py", line 653, in incr
    return self._incr(
           ^^^^^^^^^^^
  File "/home/bond-servant-in-training/Documents/Virtualenvs/AutoGrader_env/lib/python3.12/site-packages/django_redis/client/default.py", line 595, in _incr
    client = self.get_client(write=True)
             ^^^^^^^^^^^^^^^^^^^^^^^^^^^
  File "/home/bond-servant-in-training/.pyenv/versions/3.12.10/lib/python3.12/unittest/mock.py", line 1139, in __call__
    return self._mock_call(*args, **kwargs)
           ^^^^^^^^^^^^^^^^^^^^^^^^^^^^^^^^
  File "/home/bond-servant-in-training/.pyenv/versions/3.12.10/lib/python3.12/unittest/mock.py", line 1143, in _mock_call
    return self._execute_mock_call(*args, **kwargs)
           ^^^^^^^^^^^^^^^^^^^^^^^^^^^^^^^^^^^^^^^^
  File "/home/bond-servant-in-training/.pyenv/versions/3.12.10/lib/python3.12/unittest/mock.py", line 1198, in _execute_mock_call
    raise effect
  File "/home/bond-servant-in-training/Documents/Projects/Grade-Automator-Plus-cache-commit-race/AutoGrader/cache_generation.py", line 169, in bump_generation
    return _incr_or_create(key)
           ^^^^^^^^^^^^^^^^^^^^
  File "/home/bond-servant-in-training/Documents/Projects/Grade-Automator-Plus-cache-commit-race/AutoGrader/cache_generation.py", line 199, in _incr_or_create
    return cache.incr(key)
           ^^^^^^^^^^^^^^^
  File "/home/bond-servant-in-training/Documents/Virtualenvs/AutoGrader_env/lib/python3.12/site-packages/django_redis/cache.py", line 29, in _decorator
    return method(self, *args, **kwargs)
           ^^^^^^^^^^^^^^^^^^^^^^^^^^^^^
  File "/home/bond-servant-in-training/Documents/Virtualenvs/AutoGrader_env/lib/python3.12/site-packages/django_redis/cache.py", line 130, in incr
    return self.client.incr(*args, **kwargs)
           ^^^^^^^^^^^^^^^^^^^^^^^^^^^^^^^^^
  File "/home/bond-servant-in-training/Documents/Virtualenvs/AutoGrader_env/lib/python3.12/site-packages/django_redis/client/default.py", line 653, in incr
    return self._incr(
           ^^^^^^^^^^^
  File "/home/bond-servant-in-training/Documents/Virtualenvs/AutoGrader_env/lib/python3.12/site-packages/django_redis/client/default.py", line 595, in _incr
    client = self.get_client(write=True)
             ^^^^^^^^^^^^^^^^^^^^^^^^^^^
  File "/home/bond-servant-in-training/.pyenv/versions/3.12.10/lib/python3.12/unittest/mock.py", line 1139, in __call__
    return self._mock_call(*args, **kwargs)
           ^^^^^^^^^^^^^^^^^^^^^^^^^^^^^^^^
  File "/home/bond-servant-in-training/.pyenv/versions/3.12.10/lib/python3.12/unittest/mock.py", line 1143, in _mock_call
    return self._execute_mock_call(*args, **kwargs)
           ^^^^^^^^^^^^^^^^^^^^^^^^^^^^^^^^^^^^^^^^
  File "/home/bond-servant-in-training/.pyenv/versions/3.12.10/lib/python3.12/unittest/mock.py", line 1198, in _execute_mock_call
    raise effect
  File "/home/bond-servant-in-training/Documents/Projects/Grade-Automator-Plus-cache-commit-race/AutoGrader/cache_generation.py", line 169, in bump_generation
    return _incr_or_create(key)
           ^^^^^^^^^^^^^^^^^^^^
  File "/home/bond-servant-in-training/Documents/Projects/Grade-Automator-Plus-cache-commit-race/AutoGrader/cache_generation.py", line 199, in _incr_or_create
    return cache.incr(key)
           ^^^^^^^^^^^^^^^
  File "/home/bond-servant-in-training/Documents/Virtualenvs/AutoGrader_env/lib/python3.12/site-packages/django_redis/cache.py", line 29, in _decorator
    return method(self, *args, **kwargs)
           ^^^^^^^^^^^^^^^^^^^^^^^^^^^^^
  File "/home/bond-servant-in-training/Documents/Virtualenvs/AutoGrader_env/lib/python3.12/site-packages/django_redis/cache.py", line 130, in incr
    return self.client.incr(*args, **kwargs)
           ^^^^^^^^^^^^^^^^^^^^^^^^^^^^^^^^^
  File "/home/bond-servant-in-training/Documents/Virtualenvs/AutoGrader_env/lib/python3.12/site-packages/django_redis/client/default.py", line 653, in incr
    return self._incr(
           ^^^^^^^^^^^
  File "/home/bond-servant-in-training/Documents/Virtualenvs/AutoGrader_env/lib/python3.12/site-packages/django_redis/client/default.py", line 595, in _incr
    client = self.get_client(write=True)
             ^^^^^^^^^^^^^^^^^^^^^^^^^^^
  File "/home/bond-servant-in-training/.pyenv/versions/3.12.10/lib/python3.12/unittest/mock.py", line 1139, in __call__
    return self._mock_call(*args, **kwargs)
           ^^^^^^^^^^^^^^^^^^^^^^^^^^^^^^^^
  File "/home/bond-servant-in-training/.pyenv/versions/3.12.10/lib/python3.12/unittest/mock.py", line 1143, in _mock_call
    return self._execute_mock_call(*args, **kwargs)
           ^^^^^^^^^^^^^^^^^^^^^^^^^^^^^^^^^^^^^^^^
  File "/home/bond-servant-in-training/.pyenv/versions/3.12.10/lib/python3.12/unittest/mock.py", line 1198, in _execute_mock_call
    raise effect
  File "/home/bond-servant-in-training/Documents/Projects/Grade-Automator-Plus-cache-commit-race/AutoGrader/cache_generation.py", line 169, in bump_generation
    return _incr_or_create(key)
           ^^^^^^^^^^^^^^^^^^^^
  File "/home/bond-servant-in-training/Documents/Projects/Grade-Automator-Plus-cache-commit-race/AutoGrader/cache_generation.py", line 199, in _incr_or_create
    return cache.incr(key)
           ^^^^^^^^^^^^^^^
  File "/home/bond-servant-in-training/Documents/Virtualenvs/AutoGrader_env/lib/python3.12/site-packages/django_redis/cache.py", line 29, in _decorator
    return method(self, *args, **kwargs)
           ^^^^^^^^^^^^^^^^^^^^^^^^^^^^^
  File "/home/bond-servant-in-training/Documents/Virtualenvs/AutoGrader_env/lib/python3.12/site-packages/django_redis/cache.py", line 130, in incr
    return self.client.incr(*args, **kwargs)
           ^^^^^^^^^^^^^^^^^^^^^^^^^^^^^^^^^
  File "/home/bond-servant-in-training/Documents/Virtualenvs/AutoGrader_env/lib/python3.12/site-packages/django_redis/client/default.py", line 653, in incr
    return self._incr(
           ^^^^^^^^^^^
  File "/home/bond-servant-in-training/Documents/Virtualenvs/AutoGrader_env/lib/python3.12/site-packages/django_redis/client/default.py", line 595, in _incr
    client = self.get_client(write=True)
             ^^^^^^^^^^^^^^^^^^^^^^^^^^^
  File "/home/bond-servant-in-training/.pyenv/versions/3.12.10/lib/python3.12/unittest/mock.py", line 1139, in __call__
    return self._mock_call(*args, **kwargs)
           ^^^^^^^^^^^^^^^^^^^^^^^^^^^^^^^^
  File "/home/bond-servant-in-training/.pyenv/versions/3.12.10/lib/python3.12/unittest/mock.py", line 1143, in _mock_call
    return self._execute_mock_call(*args, **kwargs)
           ^^^^^^^^^^^^^^^^^^^^^^^^^^^^^^^^^^^^^^^^
  File "/home/bond-servant-in-training/.pyenv/versions/3.12.10/lib/python3.12/unittest/mock.py", line 1198, in _execute_mock_call
    raise effect
  File "/home/bond-servant-in-training/Documents/Projects/Grade-Automator-Plus-cache-commit-race/AutoGrader/cache_generation.py", line 275, in _bump_pipelined
    client = cache.client.get_client(write=True)
             ^^^^^^^^^^^^^^^^^^^^^^^^^^^^^^^^^^^
  File "/home/bond-servant-in-training/.pyenv/versions/3.12.10/lib/python3.12/unittest/mock.py", line 1139, in __call__
    return self._mock_call(*args, **kwargs)
           ^^^^^^^^^^^^^^^^^^^^^^^^^^^^^^^^
  File "/home/bond-servant-in-training/.pyenv/versions/3.12.10/lib/python3.12/unittest/mock.py", line 1143, in _mock_call
    return self._execute_mock_call(*args, **kwargs)
           ^^^^^^^^^^^^^^^^^^^^^^^^^^^^^^^^^^^^^^^^
  File "/home/bond-servant-in-training/.pyenv/versions/3.12.10/lib/python3.12/unittest/mock.py", line 1198, in _execute_mock_call
    raise effect
redis.exceptions.ConnectionError: redis unreachable
ok
test_m1_teacher_rename (AutoGrader.tests_cache_user_fanout.UserRowFreshnessTests.test_m1_teacher_rename) ... ok
test_m2_student_rename (AutoGrader.tests_cache_user_fanout.UserRowFreshnessTests.test_m2_student_rename) ... ok
test_m2_through_a_full_save_without_update_fields (AutoGrader.tests_cache_user_fanout.UserRowFreshnessTests.test_m2_through_a_full_save_without_update_fields)
`save()` with no update_fields is the admin/serializer path: the ... ok
test_m3_new_teacher_joins_the_school (AutoGrader.tests_cache_user_fanout.UserRowFreshnessTests.test_m3_new_teacher_joins_the_school) ... ok
test_m3_teacher_created_directly_in_the_school (AutoGrader.tests_cache_user_fanout.UserRowFreshnessTests.test_m3_teacher_created_directly_in_the_school)
Single-save creation (created=True with the school already set). ... ok
test_m4_teacher_moves_to_another_school (AutoGrader.tests_cache_user_fanout.UserRowFreshnessTests.test_m4_teacher_moves_to_another_school) ... ok
test_m5_student_deactivated (AutoGrader.tests_cache_user_fanout.UserRowFreshnessTests.test_m5_student_deactivated) ... ok
test_m6_student_email_change (AutoGrader.tests_cache_user_fanout.UserRowFreshnessTests.test_m6_student_email_change) ... ok
test_a_full_save_with_no_visible_change_does_not_fan_out (AutoGrader.tests_cache_user_fanout.UserRowPrecisionTests.test_a_full_save_with_no_visible_change_does_not_fan_out) ... ok
test_a_new_teacher_moves_their_school_only (AutoGrader.tests_cache_user_fanout.UserRowPrecisionTests.test_a_new_teacher_moves_their_school_only) ... ok
test_a_school_move_moves_the_old_and_new_school_only (AutoGrader.tests_cache_user_fanout.UserRowPrecisionTests.test_a_school_move_moves_the_old_and_new_school_only) ... ok
test_a_settings_save_does_not_fan_out (AutoGrader.tests_cache_user_fanout.UserRowPrecisionTests.test_a_settings_save_does_not_fan_out) ... ok
test_a_student_in_two_schools_moves_both_and_nothing_else (AutoGrader.tests_cache_user_fanout.UserRowPrecisionTests.test_a_student_in_two_schools_moves_both_and_nothing_else) ... ok
test_a_user_created_with_a_school_moves_that_school (AutoGrader.tests_cache_user_fanout.UserRowPrecisionTests.test_a_user_created_with_a_school_moves_that_school)
`create_user(..., school=...)` saves once, with created=True - the ... ok
test_deleting_a_student_reaches_their_teachers (AutoGrader.tests_cache_user_fanout.UserRowPrecisionTests.test_deleting_a_student_reaches_their_teachers)
Carried by the CASCADE: the student's enrolments are deleted first ... ok
test_deleting_a_teacher_with_no_courses_reaches_their_school (AutoGrader.tests_cache_user_fanout.UserRowPrecisionTests.test_deleting_a_teacher_with_no_courses_reaches_their_school)
Nothing cascades for a course-less teacher, yet the school's ... ok
test_invisible_field_changes_do_not_fan_out (AutoGrader.tests_cache_user_fanout.UserRowPrecisionTests.test_invisible_field_changes_do_not_fan_out)
Nobody else displays these. Each still moves the user's own ... ok
test_student_rename_moves_only_their_teachers_and_those_schools (AutoGrader.tests_cache_user_fanout.UserRowPrecisionTests.test_student_rename_moves_only_their_teachers_and_those_schools) ... ok
test_teacher_rename_moves_their_school_only (AutoGrader.tests_cache_user_fanout.UserRowPrecisionTests.test_teacher_rename_moves_their_school_only) ... ok
test_the_other_tenant_dashboards_are_byte_identical (AutoGrader.tests_cache_user_fanout.UserRowPrecisionTests.test_the_other_tenant_dashboards_are_byte_identical)
Response-level isolation: school B's admin dashboards, warmed ... ok
test_does_not_raise_when_headers_is_none (AutoGrader.tests_celery_signals.BeforeTaskPublishHandlerTests.test_does_not_raise_when_headers_is_none) ... ok
test_does_nothing_when_no_request_id_set (AutoGrader.tests_celery_signals.BeforeTaskPublishHandlerTests.test_does_nothing_when_no_request_id_set) ... ok
test_stamps_current_request_id_into_headers (AutoGrader.tests_celery_signals.BeforeTaskPublishHandlerTests.test_stamps_current_request_id_into_headers) ... ok
test_direct_attribute_is_used_when_present (AutoGrader.tests_celery_signals.ExtractRequestIdTests.test_direct_attribute_is_used_when_present) ... ok
test_falls_back_to_headers_dict (AutoGrader.tests_celery_signals.ExtractRequestIdTests.test_falls_back_to_headers_dict) ... ok
test_missing_request_returns_none (AutoGrader.tests_celery_signals.ExtractRequestIdTests.test_missing_request_returns_none) ... ok
test_no_request_id_anywhere_returns_none (AutoGrader.tests_celery_signals.ExtractRequestIdTests.test_no_request_id_anywhere_returns_none) ... ok
test_none_headers_does_not_raise (AutoGrader.tests_celery_signals.ExtractRequestIdTests.test_none_headers_does_not_raise) ... ok
test_none_task_returns_none (AutoGrader.tests_celery_signals.ExtractRequestIdTests.test_none_task_returns_none) ... ok
test_postrun_logs_a_warning_instead_of_raising_on_cross_context_token (AutoGrader.tests_celery_signals.TaskPrerunPostrunHandlerTests.test_postrun_logs_a_warning_instead_of_raising_on_cross_context_token)
reset_request_id() raises ValueError if the token wasn't created in ... ok
test_postrun_with_unknown_task_id_does_not_raise (AutoGrader.tests_celery_signals.TaskPrerunPostrunHandlerTests.test_postrun_with_unknown_task_id_does_not_raise) ... ok
test_prerun_does_not_raise_when_sentry_sdk_not_installed (AutoGrader.tests_celery_signals.TaskPrerunPostrunHandlerTests.test_prerun_does_not_raise_when_sentry_sdk_not_installed) ... ok
test_prerun_is_noop_when_task_has_no_request_id (AutoGrader.tests_celery_signals.TaskPrerunPostrunHandlerTests.test_prerun_is_noop_when_task_has_no_request_id) ... ok
test_prerun_sets_contextvar_from_task_request (AutoGrader.tests_celery_signals.TaskPrerunPostrunHandlerTests.test_prerun_sets_contextvar_from_task_request) ... ok
test_prerun_without_task_id_still_sets_contextvar_but_tracks_no_token (AutoGrader.tests_celery_signals.TaskPrerunPostrunHandlerTests.test_prerun_without_task_id_still_sets_contextvar_but_tracks_no_token) ... ok
test_sequential_tasks_do_not_leak_request_id (AutoGrader.tests_celery_signals.TaskPrerunPostrunHandlerTests.test_sequential_tasks_do_not_leak_request_id) ... ok
test_covers_every_layer_a_broker_outage_can_raise_through (AutoGrader.tests_dispatch.BrokerUnavailableErrorsTests.test_covers_every_layer_a_broker_outage_can_raise_through) ... ok
test_default_detail_is_clear_and_actionable (AutoGrader.tests_dispatch.ProcessingTemporarilyUnavailableTests.test_default_detail_is_clear_and_actionable) ... ok
test_status_code_is_503 (AutoGrader.tests_dispatch.ProcessingTemporarilyUnavailableTests.test_status_code_is_503) ... ok
test_does_not_swallow_unrelated_exceptions (AutoGrader.tests_dispatch.SafeDelayTests.test_does_not_swallow_unrelated_exceptions) ... ok
test_returns_async_result_on_success (AutoGrader.tests_dispatch.SafeDelayTests.test_returns_async_result_on_success) ... ok
test_swallows_builtin_connection_error (AutoGrader.tests_dispatch.SafeDelayTests.test_swallows_builtin_connection_error) ... [2026-09-17 20:20:18,966: ERROR/MainProcess] Could not dispatch task <Mock name='mock.name' id='130723248014352'> - broker unavailable
Traceback (most recent call last):
  File "/home/bond-servant-in-training/Documents/Projects/Grade-Automator-Plus-cache-commit-race/AutoGrader/dispatch.py", line 66, in safe_delay
    return task.delay(*args, **kwargs)
           ^^^^^^^^^^^^^^^^^^^^^^^^^^^
  File "/home/bond-servant-in-training/.pyenv/versions/3.12.10/lib/python3.12/unittest/mock.py", line 1139, in __call__
    return self._mock_call(*args, **kwargs)
           ^^^^^^^^^^^^^^^^^^^^^^^^^^^^^^^^
  File "/home/bond-servant-in-training/.pyenv/versions/3.12.10/lib/python3.12/unittest/mock.py", line 1143, in _mock_call
    return self._execute_mock_call(*args, **kwargs)
           ^^^^^^^^^^^^^^^^^^^^^^^^^^^^^^^^^^^^^^^^
  File "/home/bond-servant-in-training/.pyenv/versions/3.12.10/lib/python3.12/unittest/mock.py", line 1198, in _execute_mock_call
    raise effect
ConnectionError: refused
ok
test_swallows_builtin_timeout_error (AutoGrader.tests_dispatch.SafeDelayTests.test_swallows_builtin_timeout_error) ... [2026-09-17 20:20:18,968: ERROR/MainProcess] Could not dispatch task <Mock name='mock.name' id='130723259113040'> - broker unavailable
Traceback (most recent call last):
  File "/home/bond-servant-in-training/Documents/Projects/Grade-Automator-Plus-cache-commit-race/AutoGrader/dispatch.py", line 66, in safe_delay
    return task.delay(*args, **kwargs)
           ^^^^^^^^^^^^^^^^^^^^^^^^^^^
  File "/home/bond-servant-in-training/.pyenv/versions/3.12.10/lib/python3.12/unittest/mock.py", line 1139, in __call__
    return self._mock_call(*args, **kwargs)
           ^^^^^^^^^^^^^^^^^^^^^^^^^^^^^^^^
  File "/home/bond-servant-in-training/.pyenv/versions/3.12.10/lib/python3.12/unittest/mock.py", line 1143, in _mock_call
    return self._execute_mock_call(*args, **kwargs)
           ^^^^^^^^^^^^^^^^^^^^^^^^^^^^^^^^^^^^^^^^
  File "/home/bond-servant-in-training/.pyenv/versions/3.12.10/lib/python3.12/unittest/mock.py", line 1198, in _execute_mock_call
    raise effect
TimeoutError: timed out
ok
test_swallows_kombu_operational_error (AutoGrader.tests_dispatch.SafeDelayTests.test_swallows_kombu_operational_error) ... [2026-09-17 20:20:18,969: ERROR/MainProcess] Could not dispatch task <Mock name='mock.name' id='130723241957024'> - broker unavailable
Traceback (most recent call last):
  File "/home/bond-servant-in-training/Documents/Projects/Grade-Automator-Plus-cache-commit-race/AutoGrader/dispatch.py", line 66, in safe_delay
    return task.delay(*args, **kwargs)
           ^^^^^^^^^^^^^^^^^^^^^^^^^^^
  File "/home/bond-servant-in-training/.pyenv/versions/3.12.10/lib/python3.12/unittest/mock.py", line 1139, in __call__
    return self._mock_call(*args, **kwargs)
           ^^^^^^^^^^^^^^^^^^^^^^^^^^^^^^^^
  File "/home/bond-servant-in-training/.pyenv/versions/3.12.10/lib/python3.12/unittest/mock.py", line 1143, in _mock_call
    return self._execute_mock_call(*args, **kwargs)
           ^^^^^^^^^^^^^^^^^^^^^^^^^^^^^^^^^^^^^^^^
  File "/home/bond-servant-in-training/.pyenv/versions/3.12.10/lib/python3.12/unittest/mock.py", line 1198, in _execute_mock_call
    raise effect
kombu.exceptions.OperationalError: broker error
ok
test_swallows_redis_connection_error (AutoGrader.tests_dispatch.SafeDelayTests.test_swallows_redis_connection_error) ... [2026-09-17 20:20:18,972: ERROR/MainProcess] Could not dispatch task <Mock name='mock.name' id='130723241962448'> - broker unavailable
Traceback (most recent call last):
  File "/home/bond-servant-in-training/Documents/Projects/Grade-Automator-Plus-cache-commit-race/AutoGrader/dispatch.py", line 66, in safe_delay
    return task.delay(*args, **kwargs)
           ^^^^^^^^^^^^^^^^^^^^^^^^^^^
  File "/home/bond-servant-in-training/.pyenv/versions/3.12.10/lib/python3.12/unittest/mock.py", line 1139, in __call__
    return self._mock_call(*args, **kwargs)
           ^^^^^^^^^^^^^^^^^^^^^^^^^^^^^^^^
  File "/home/bond-servant-in-training/.pyenv/versions/3.12.10/lib/python3.12/unittest/mock.py", line 1143, in _mock_call
    return self._execute_mock_call(*args, **kwargs)
           ^^^^^^^^^^^^^^^^^^^^^^^^^^^^^^^^^^^^^^^^
  File "/home/bond-servant-in-training/.pyenv/versions/3.12.10/lib/python3.12/unittest/mock.py", line 1198, in _execute_mock_call
    raise effect
redis.exceptions.ConnectionError: connection refused
ok
test_swallows_redis_timeout_error (AutoGrader.tests_dispatch.SafeDelayTests.test_swallows_redis_timeout_error) ... [2026-09-17 20:20:18,977: ERROR/MainProcess] Could not dispatch task <Mock name='mock.name' id='130723239073872'> - broker unavailable
Traceback (most recent call last):
  File "/home/bond-servant-in-training/Documents/Projects/Grade-Automator-Plus-cache-commit-race/AutoGrader/dispatch.py", line 66, in safe_delay
    return task.delay(*args, **kwargs)
           ^^^^^^^^^^^^^^^^^^^^^^^^^^^
  File "/home/bond-servant-in-training/.pyenv/versions/3.12.10/lib/python3.12/unittest/mock.py", line 1139, in __call__
    return self._mock_call(*args, **kwargs)
           ^^^^^^^^^^^^^^^^^^^^^^^^^^^^^^^^
  File "/home/bond-servant-in-training/.pyenv/versions/3.12.10/lib/python3.12/unittest/mock.py", line 1143, in _mock_call
    return self._execute_mock_call(*args, **kwargs)
           ^^^^^^^^^^^^^^^^^^^^^^^^^^^^^^^^^^^^^^^^
  File "/home/bond-servant-in-training/.pyenv/versions/3.12.10/lib/python3.12/unittest/mock.py", line 1198, in _execute_mock_call
    raise effect
redis.exceptions.TimeoutError: timed out
ok
test_connection_error_is_recognized (AutoGrader.tests_error_messages.ClassifyInfraErrorTest.test_connection_error_is_recognized) ... ok
test_image_compression_error_is_recognized (AutoGrader.tests_error_messages.ClassifyInfraErrorTest.test_image_compression_error_is_recognized) ... ok
test_non_exception_returns_none (AutoGrader.tests_error_messages.ClassifyInfraErrorTest.test_non_exception_returns_none) ... ok
test_pdfinfo_not_installed_is_recognized_as_server_fault_not_file_fault (AutoGrader.tests_error_messages.ClassifyInfraErrorTest.test_pdfinfo_not_installed_is_recognized_as_server_fault_not_file_fault) ... ok
test_poppler_not_installed_is_recognized_as_server_fault_not_file_fault (AutoGrader.tests_error_messages.ClassifyInfraErrorTest.test_poppler_not_installed_is_recognized_as_server_fault_not_file_fault) ... ok
test_storage_oserror_is_recognized (AutoGrader.tests_error_messages.ClassifyInfraErrorTest.test_storage_oserror_is_recognized) ... ok
test_timeout_is_recognized (AutoGrader.tests_error_messages.ClassifyInfraErrorTest.test_timeout_is_recognized) ... ok
test_unidentified_image_is_recognized (AutoGrader.tests_error_messages.ClassifyInfraErrorTest.test_unidentified_image_is_recognized) ... ok
test_unrecognized_exception_returns_none (AutoGrader.tests_error_messages.ClassifyInfraErrorTest.test_unrecognized_exception_returns_none) ... ok
test_walks_cause_chain_through_generic_wrapper_exception (AutoGrader.tests_error_messages.ClassifyInfraErrorTest.test_walks_cause_chain_through_generic_wrapper_exception) ... ok
test_infra_failure_gets_distinct_message_over_generic_fallback (AutoGrader.tests_error_messages.DescribeBackgroundTaskErrorTest.test_infra_failure_gets_distinct_message_over_generic_fallback) ... ok
test_known_user_facing_exception_still_passes_through_verbatim (AutoGrader.tests_error_messages.DescribeBackgroundTaskErrorTest.test_known_user_facing_exception_still_passes_through_verbatim) ... ok
test_unclassified_exception_falls_back_like_describe_user_error (AutoGrader.tests_error_messages.DescribeBackgroundTaskErrorTest.test_unclassified_exception_falls_back_like_describe_user_error) ... ok
test_falls_back_to_generic_classifier_for_known_exceptions (AutoGrader.tests_error_messages.DescribeStripeErrorTest.test_falls_back_to_generic_classifier_for_known_exceptions) ... ok
test_falls_back_when_no_user_message (AutoGrader.tests_error_messages.DescribeStripeErrorTest.test_falls_back_when_no_user_message) ... ok
test_uses_stripe_user_message_when_present (AutoGrader.tests_error_messages.DescribeStripeErrorTest.test_uses_stripe_user_message_when_present) ... ok
test_empty_user_facing_exception_message_falls_back (AutoGrader.tests_error_messages.DescribeUserErrorTest.test_empty_user_facing_exception_message_falls_back) ... ok
test_known_user_facing_exceptions_pass_through_verbatim (AutoGrader.tests_error_messages.DescribeUserErrorTest.test_known_user_facing_exceptions_pass_through_verbatim) ... ok
test_none_error_uses_fallback (AutoGrader.tests_error_messages.DescribeUserErrorTest.test_none_error_uses_fallback) ... ok
test_plain_string_is_treated_as_unknown (AutoGrader.tests_error_messages.DescribeUserErrorTest.test_plain_string_is_treated_as_unknown) ... ok
test_unknown_exception_falls_back_to_default_when_no_fallback_given (AutoGrader.tests_error_messages.DescribeUserErrorTest.test_unknown_exception_falls_back_to_default_when_no_fallback_given) ... ok
test_unknown_exception_never_leaks_raw_technical_detail (AutoGrader.tests_error_messages.DescribeUserErrorTest.test_unknown_exception_never_leaks_raw_technical_detail) ... ok
test_json_400_reports_bad_request (AutoGrader.tests_handlers.ErrorHandlerMessageTests.test_json_400_reports_bad_request) ... ok
test_json_403_reports_forbidden (AutoGrader.tests_handlers.ErrorHandlerMessageTests.test_json_403_reports_forbidden) ... ok
test_json_404_reports_not_found (AutoGrader.tests_handlers.ErrorHandlerMessageTests.test_json_404_reports_not_found) ... ok
test_json_500_reports_server_error (AutoGrader.tests_handlers.ErrorHandlerMessageTests.test_json_500_reports_server_error) ... ok
test_contextvar_is_reset_after_response (AutoGrader.tests_middleware.RequestIDMiddlewareTests.test_contextvar_is_reset_after_response) ... ok
test_contextvar_is_reset_even_when_view_raises (AutoGrader.tests_middleware.RequestIDMiddlewareTests.test_contextvar_is_reset_even_when_view_raises) ... ok
test_does_not_raise_when_sentry_sdk_not_installed (AutoGrader.tests_middleware.RequestIDMiddlewareTests.test_does_not_raise_when_sentry_sdk_not_installed) ... ok
test_generates_id_when_no_inbound_header (AutoGrader.tests_middleware.RequestIDMiddlewareTests.test_generates_id_when_no_inbound_header) ... ok
test_generates_new_id_when_inbound_header_is_empty (AutoGrader.tests_middleware.RequestIDMiddlewareTests.test_generates_new_id_when_inbound_header_is_empty) ... ok
test_generates_new_id_when_inbound_header_is_malformed (AutoGrader.tests_middleware.RequestIDMiddlewareTests.test_generates_new_id_when_inbound_header_is_malformed) ... ok
test_reuses_valid_inbound_header (AutoGrader.tests_middleware.RequestIDMiddlewareTests.test_reuses_valid_inbound_header) ... ok
test_sets_sentry_tag_when_sentry_sdk_available (AutoGrader.tests_middleware.RequestIDMiddlewareTests.test_sets_sentry_tag_when_sentry_sdk_available) ... ok
test_two_sequential_requests_get_different_ids (AutoGrader.tests_middleware.RequestIDMiddlewareTests.test_two_sequential_requests_get_different_ids) ... ok
test_another_process_purging_the_same_queue_cannot_touch_our_messages (AutoGrader.tests_redis_test_isolation.CeleryBrokerIsolationTests.test_another_process_purging_the_same_queue_cannot_touch_our_messages)
THE ACCEPTANCE TEST for broker isolation. ... ok
test_no_test_module_builds_its_own_broker_client (AutoGrader.tests_redis_test_isolation.CeleryBrokerIsolationTests.test_no_test_module_builds_its_own_broker_client)
A raw Redis client built from the broker URL bypasses the prefix. ... ok
test_the_broker_and_result_backend_are_prefixed_per_process (AutoGrader.tests_redis_test_isolation.CeleryBrokerIsolationTests.test_the_broker_and_result_backend_are_prefixed_per_process) ... ok
test_a_concurrent_process_cannot_flush_our_cache (AutoGrader.tests_redis_test_isolation.RedisTestIsolationTests.test_a_concurrent_process_cannot_flush_our_cache)
THE ACCEPTANCE TEST FOR H-9 - now passing. ... ok
test_a_concurrent_process_cannot_reset_our_generation_counters (AutoGrader.tests_redis_test_isolation.RedisTestIsolationTests.test_a_concurrent_process_cannot_reset_our_generation_counters)
Same requirement, for the H-1 invariant specifically. ... ok
test_generation_counters_are_also_destroyed_by_a_flush (AutoGrader.tests_redis_test_isolation.RedisTestIsolationTests.test_generation_counters_are_also_destroyed_by_a_flush)
The blast radius is wider than the Django cache. ... ok
test_the_mechanism_a_cache_clear_destroys_a_warm_entry (AutoGrader.tests_redis_test_isolation.RedisTestIsolationTests.test_the_mechanism_a_cache_clear_destroys_a_warm_entry)
The mechanism, demonstrated deterministically in-process. ... ok
test_another_process_clearing_the_same_fixed_db_cannot_wipe_ours (AutoGrader.tests_redis_test_isolation.SuiteOverridesCannotBypassIsolationTests.test_another_process_clearing_the_same_fixed_db_cannot_wipe_ours)
THE ACCEPTANCE TEST for the regression. ... ok
test_no_test_module_configures_the_unscoped_redis_backend (AutoGrader.tests_redis_test_isolation.SuiteOverridesCannotBypassIsolationTests.test_no_test_module_configures_the_unscoped_redis_backend) ... ok
test_no_test_module_measures_redis_server_wide (AutoGrader.tests_redis_test_isolation.SuiteOverridesCannotBypassIsolationTests.test_no_test_module_measures_redis_server_wide)
Server-wide Redis statistics are shared by every concurrent run. ... ok
test_the_real_redis_override_is_scoped_to_this_process (AutoGrader.tests_redis_test_isolation.SuiteOverridesCannotBypassIsolationTests.test_the_real_redis_override_is_scoped_to_this_process) ... ok
test_generated_ids_are_always_valid (AutoGrader.tests_request_context.GenerateRequestIdTests.test_generated_ids_are_always_valid) ... ok
test_generates_32_char_lowercase_hex (AutoGrader.tests_request_context.GenerateRequestIdTests.test_generates_32_char_lowercase_hex) ... ok
test_generates_unique_values (AutoGrader.tests_request_context.GenerateRequestIdTests.test_generates_unique_values) ... ok
test_defaults_to_none (AutoGrader.tests_request_context.GetSetResetRequestIdTests.test_defaults_to_none) ... ok
test_reset_restores_prior_value (AutoGrader.tests_request_context.GetSetResetRequestIdTests.test_reset_restores_prior_value) ... ok
test_set_then_get_roundtrips (AutoGrader.tests_request_context.GetSetResetRequestIdTests.test_set_then_get_roundtrips) ... ok
test_128_chars_is_valid_boundary (AutoGrader.tests_request_context.IsValidRequestIdTests.test_128_chars_is_valid_boundary) ... ok
test_129_chars_is_invalid (AutoGrader.tests_request_context.IsValidRequestIdTests.test_129_chars_is_invalid) ... ok
test_comma_and_pipe_are_invalid (AutoGrader.tests_request_context.IsValidRequestIdTests.test_comma_and_pipe_are_invalid) ... ok
test_dashed_uuid_is_valid (AutoGrader.tests_request_context.IsValidRequestIdTests.test_dashed_uuid_is_valid) ... ok
test_dotted_and_underscored_tokens_are_valid (AutoGrader.tests_request_context.IsValidRequestIdTests.test_dotted_and_underscored_tokens_are_valid) ... ok
test_empty_string_is_invalid (AutoGrader.tests_request_context.IsValidRequestIdTests.test_empty_string_is_invalid) ... ok
test_html_special_chars_are_invalid (AutoGrader.tests_request_context.IsValidRequestIdTests.test_html_special_chars_are_invalid) ... ok
test_newline_injection_is_invalid (AutoGrader.tests_request_context.IsValidRequestIdTests.test_newline_injection_is_invalid) ... ok
test_none_is_invalid (AutoGrader.tests_request_context.IsValidRequestIdTests.test_none_is_invalid) ... ok
test_plain_uuid4_hex_is_valid (AutoGrader.tests_request_context.IsValidRequestIdTests.test_plain_uuid4_hex_is_valid) ... ok
test_unicode_lookalikes_are_invalid (AutoGrader.tests_request_context.IsValidRequestIdTests.test_unicode_lookalikes_are_invalid) ... ok
test_whitespace_is_invalid (AutoGrader.tests_request_context.IsValidRequestIdTests.test_whitespace_is_invalid) ... ok
test_always_returns_true_never_filters_out_a_record (AutoGrader.tests_request_context.RequestIDLogFilterTests.test_always_returns_true_never_filters_out_a_record) ... ok
test_injects_current_request_id (AutoGrader.tests_request_context.RequestIDLogFilterTests.test_injects_current_request_id) ... ok
test_injects_dash_when_no_request_id_set (AutoGrader.tests_request_context.RequestIDLogFilterTests.test_injects_dash_when_no_request_id_set) ... ok
test_failure_building_the_message_itself_propagates (AutoGrader.tests_send_email_impl.SendEmailImplTests.test_failure_building_the_message_itself_propagates)
A failure before the message is even sent (e.g. EmailMultiAlternatives ... [2026-09-17 20:20:32,123: ERROR/MainProcess] Error sending email: unexpected keyword argument
ok
test_falls_back_when_html_message_present_even_without_plain_message (AutoGrader.tests_send_email_impl.SendEmailImplTests.test_falls_back_when_html_message_present_even_without_plain_message) ... ok
test_flat_merge_data_is_wrapped_identically_for_every_recipient (AutoGrader.tests_send_email_impl.SendEmailImplTests.test_flat_merge_data_is_wrapped_identically_for_every_recipient) ... ok
test_html_message_is_attached_as_alternative_when_provided (AutoGrader.tests_send_email_impl.SendEmailImplTests.test_html_message_is_attached_as_alternative_when_provided) ... ok
test_no_html_message_means_no_alternative_attached (AutoGrader.tests_send_email_impl.SendEmailImplTests.test_no_html_message_means_no_alternative_attached) ... ok
test_no_template_id_means_merge_data_is_never_set (AutoGrader.tests_send_email_impl.SendEmailImplTests.test_no_template_id_means_merge_data_is_never_set) ... ok
test_per_recipient_merge_data_is_used_as_is_not_rewrapped (AutoGrader.tests_send_email_impl.SendEmailImplTests.test_per_recipient_merge_data_is_used_as_is_not_rewrapped) ... ok
test_raises_without_fallback_when_no_body_available (AutoGrader.tests_send_email_impl.SendEmailImplTests.test_raises_without_fallback_when_no_body_available)
A templated-only send (no plain `message`, no `html_message`) that ... [2026-09-17 20:20:32,132: ERROR/MainProcess] Templated email send failed for ['teacher@example.com'] and no plain-text body was provided, so no fallback is possible. Error: Template rejected by provider
[2026-09-17 20:20:32,133: ERROR/MainProcess] Error sending email: Template rejected by provider
ok
test_successful_send_returns_success_message_without_fallback (AutoGrader.tests_send_email_impl.SendEmailImplTests.test_successful_send_returns_success_message_without_fallback) ... ok
test_template_id_without_merge_data_sets_template_id_only (AutoGrader.tests_send_email_impl.SendEmailImplTests.test_template_id_without_merge_data_sets_template_id_only) ... ok
test_explicit_value_is_used_instead_of_falling_back (AutoGrader.tests_student_frontend_domain.StudentFrontendDomainSettingTests.test_explicit_value_is_used_instead_of_falling_back) ... ok
test_falls_back_to_frontend_domain_when_unset (AutoGrader.tests_student_frontend_domain.StudentFrontendDomainSettingTests.test_falls_back_to_frontend_domain_when_unset) ... ok
test_accepts_file_exactly_at_the_limit (AutoGrader.tests_uploads.ValidateUploadSizeTests.test_accepts_file_exactly_at_the_limit) ... ok
test_accepts_file_under_the_limit (AutoGrader.tests_uploads.ValidateUploadSizeTests.test_accepts_file_under_the_limit) ... ok
test_rejects_file_over_the_limit (AutoGrader.tests_uploads.ValidateUploadSizeTests.test_rejects_file_over_the_limit) ... ok
test_respects_a_custom_limit (AutoGrader.tests_uploads.ValidateUploadSizeTests.test_respects_a_custom_limit) ... ok

======================================================================
FAIL: test_one_transaction_at_600_and_6000_enrollments (AutoGrader.tests_cache_commit_race_cost.SingleTransactionRosterCostTests.test_one_transaction_at_600_and_6000_enrollments)
----------------------------------------------------------------------
Traceback (most recent call last):
  File "/home/bond-servant-in-training/Documents/Projects/Grade-Automator-Plus-cache-commit-race/AutoGrader/tests_cache_commit_race_cost.py", line 277, in test_one_transaction_at_600_and_6000_enrollments
    large = self.measure_size(SINGLE_TRANSACTION_STUDENTS)
            ^^^^^^^^^^^^^^^^^^^^^^^^^^^^^^^^^^^^^^^^^^^^^^
  File "/home/bond-servant-in-training/Documents/Projects/Grade-Automator-Plus-cache-commit-race/AutoGrader/tests_cache_commit_race_cost.py", line 255, in measure_size
    self.assertEqual(fixed_queries, unfixed_queries)
AssertionError: 0 != 1796

----------------------------------------------------------------------
Ran 356 tests in 1762.869s

FAILED (failures=1)
Destroying test database for alias 'default' ('test_cache_commit_race')...
app_exit=1
