Creating test database for alias 'default' ('test_cache_commit_race')...
Found 2 test(s).
Operations to perform:
  Synchronize unmigrated apps: anymail, cloudinary, cloudinary_storage, corsheaders, django_extensions, django_filters, djoser, drf_spectacular, encrypted_model_fields, humanize, messages, rest_framework, staticfiles
  Apply all migrations: admin, ai_processor, assignments, auth, authtoken, billing, classrooms, contenttypes, dashboard, django_celery_beat, django_celery_results, sessions, students, token_blacklist, users
Synchronizing apps without migrations:
  Creating tables...
    Running deferred SQL...
Running migrations:
  Applying contenttypes.0001_initial... OK
  Applying contenttypes.0002_remove_content_type_name... OK
  Applying auth.0001_initial... OK
  Applying auth.0002_alter_permission_name_max_length... OK
  Applying auth.0003_alter_user_email_max_length... OK
  Applying auth.0004_alter_user_username_opts... OK
  Applying auth.0005_alter_user_last_login_null... OK
  Applying auth.0006_require_contenttypes_0002... OK
  Applying auth.0007_alter_validators_add_error_messages... OK
  Applying auth.0008_alter_user_username_max_length... OK
  Applying auth.0009_alter_user_last_name_max_length... OK
  Applying auth.0010_alter_group_name_max_length... OK
  Applying auth.0011_update_proxy_permissions... OK
  Applying auth.0012_alter_user_first_name_max_length... OK
  Applying users.0001_initial... OK
  Applying admin.0001_initial... OK
  Applying admin.0002_logentry_remove_auto_add... OK
  Applying admin.0003_logentry_add_action_flag_choices... OK
  Applying classrooms.0001_initial... OK
  Applying ai_processor.0001_initial... OK
  Applying ai_processor.0002_initial... OK
  Applying ai_processor.0003_chatsession_user... OK
  Applying ai_processor.0004_chatsession_assistant_type... OK
  Applying ai_processor.0005_benchmarkrun_benchmarkquestionoutcome... OK
  Applying classrooms.0002_initial... OK
  Applying classrooms.0003_coursecategory_course_categories... OK
  Applying classrooms.0004_course_teacher... OK
  Applying classrooms.0005_rename_studentsection_studentcourse... OK
  Applying classrooms.0006_remove_course_unique_section_name_per_session_and_more... OK
  Applying classrooms.0007_remove_studentcourse_is_active_and_more... OK
  Applying classrooms.0008_alter_studentcourse_enrollment_status... OK
  Applying classrooms.0009_school... OK
  Applying classrooms.0010_alter_studentcourse_enrollment_status... OK
  Applying classrooms.0011_remove_course_categories_topic... OK
  Applying classrooms.0012_studentcourse_auto_added... OK
  Applying classrooms.0013_studentcourse_ai_summary_and_more... OK
  Applying classrooms.0014_remove_session_unique_session_name_per_teacher_and_more... OK
  Applying classrooms.0015_remove_session_unique_session_name_per_teacher_and_more... OK
  Applying classrooms.0016_school_is_active... OK
  Applying assignments.0001_initial... OK
  Applying assignments.0002_initial... OK
  Applying assignments.0003_initial... OK
  Applying assignments.0004_rename_created_by_assignment_teacher_and_more... OK
  Applying assignments.0005_alter_assignment_options... OK
  Applying assignments.0006_assignment_estimated_time... OK
  Applying assignments.0007_remove_assignment_estimated_time_and_more... OK
  Applying assignments.0008_alter_assignment_due_date... OK
  Applying assignments.0009_assignment_extraction_confidence_and_more... OK
  Applying assignments.0010_assignment_custom_ai_prompt... OK
  Applying assignments.0011_assignment_ai_generated_assignment_ai_generated_at_and_more... OK
  Applying assignments.0012_assignment_was_overridden... OK
  Applying assignments.0013_alter_assignment_ai_generated... OK
  Applying assignments.0014_assignment_self_assessment_and_more... OK
  Applying assignments.0015_alter_assignment_potential_issues... OK
  Applying assignments.0016_assignment_extraction_completed_at_and_more... OK
  Applying assignments.0017_assignment_grading_status... OK
  Applying assignments.0018_assignment_topic... OK
  Applying assignments.0019_alter_assignment_title_and_more... OK
  Applying assignments.0020_remove_assignment_grading_status_and_more... OK
  Applying assignments.0021_assignment_overridden_at... OK
  Applying assignments.0022_assignment_raw_input... OK
  Applying assignments.0023_delete_rubric... OK
  Applying assignments.0024_alter_assignment_instructions_and_more... OK
  Applying assignments.0025_alter_assignment_instructions... OK
  Applying assignments.0026_assignment_status... OK
  Applying assignments.0027_remove_assignment_unique_assignment_per_course_and_more... OK
  Applying assignments.0028_alter_assignment_raw_input_hash... OK
  Applying assignments.0029_assignment_auto_grade_on_due_date... OK
  Applying assignments.0030_alter_assignment_status... OK
  Applying assignments.0031_assignment_grading_task_name_and_more... OK
  Applying assignments.0032_assignmentgenerationsession_and_message... OK
  Applying assignments.0033_assignmentgenerationhistory_and_more... OK
  Applying assignments.0034_assignment_admin_grading_notified_at... OK
  Applying assignments.0035_assignment_rigor_blooms_coverage_and_more... OK
  Applying assignments.0036_backfill_assignment_rigor... OK
  Applying assignments.0037_assignment_course_title_index... OK
  Applying assignments.0038_assignment_updated_at... OK
  Applying assignments.0039_assignment_upload_fingerprint... OK
  Applying authtoken.0001_initial... OK
  Applying authtoken.0002_auto_20160226_1747... OK
  Applying authtoken.0003_tokenproxy... OK
  Applying authtoken.0004_alter_tokenproxy_options... OK
  Applying users.0002_customuser_activation_expires_and_more... OK
  Applying users.0003_passwordresetotp... OK
  Applying users.0004_customuser_email_verified_at... OK
  Applying users.0005_alter_passwordresetotp_code... OK
  Applying users.0006_alter_passwordresetotp_code... OK
  Applying users.0007_passwordchangeotp... OK
  Applying users.0008_passwordchangeotp_hash_value_and_more... OK
  Applying users.0009_remove_passwordchangeotp_hash_value_and_more... OK
  Applying users.0010_customuser_school_alter_customuser_user_type... OK
  Applying billing.0001_initial... OK
  Applying billing.0002_alter_subscriptionplan_options_and_more... OK
  Applying billing.0003_creditusagelog_creditwallet_and_more... OK
  Applying billing.0004_alter_creditwallet_options_alter_creditbucket_wallet... OK
  Applying billing.0005_usersubscription_pending_plan... OK
  Applying billing.0006_alter_subscriptionplan_name... OK
  Applying billing.0007_creditbucket_is_processed_creditusagelog_is_refunded... OK
  Applying billing.0008_betaprofile... OK
  Applying billing.0009_betaprofile_uuid_and_more... OK
  Applying billing.0010_alter_betaprofile_id... OK
  Applying billing.0011_remove_betaprofile_uuid_betaprofile_uid_and_more... OK
  Applying billing.0012_populate_beta_profile_uuids... OK
  Applying billing.0013_remove_betaprofile_id_alter_betaprofile_uid... OK
  Applying billing.0014_rename_uid_betaprofile_id... OK
  Applying billing.0015_betaprofile_credits_used_feedback... OK
  Applying billing.0016_planfeature_alter_subscriptionplan_options_and_more... OK
  Applying billing.0017_remove_subscriptionplan_overage_credit_price_cents_and_more... OK
  Applying billing.0018_subscriptionplan_overage_block_price_and_more... OK
  Applying billing.0019_licensesubscription_schoolcreditallocation... OK
  Applying billing.0020_licensesubscription_contract_months_and_more... OK
  Applying billing.0021_alter_creditbucket_bucket_type_and_more... OK
  Applying billing.0022_usersubscription_is_trial_usersubscription_trial_end_and_more... OK
  Applying billing.0023_alter_subscriptionplan_name... OK
  Applying billing.0024_licensesubscription_custom_price_cents... OK
  Applying billing.0025_alter_subscriptionplan_name... OK
  Applying billing.0026_licensesubscription_total_credits_consumed... OK
  Applying billing.0027_stripeevent_creditwallet_stripe_customer_id_and_more... OK
  Applying billing.0028_alter_usersubscription_is_trial... OK
  Applying billing.0029_usersubscription_next_credit_grant_at... OK
  Applying billing.0030_alter_subscriptionplan_interval_and_more... OK
  Applying billing.0031_alter_licensesubscription_custom_price_cents_and_more... OK
  Applying billing.0032_remove_subscriptionplan_price_cents_and_more... OK
  Applying billing.0033_rename_price_subscriptionplan_price_cents... OK
  Applying billing.0034_alter_licensesubscription_custom_price_cents... OK
  Applying billing.0035_licensesubscription_stripe_customer_id... OK
  Applying billing.0036_alter_licensesubscription_contract_months_and_more... OK
  Applying billing.0037_schoolcreditallocation_next_credit_grant_at... OK
  Applying billing.0038_licensesubscription_billing_method_and_more... OK
  Applying billing.0039_alter_subscriptionplan_overage_block_price... OK
  Applying billing.0040_usersubscription_pending_change_note_and_more... OK
  Applying billing.0041_alter_usersubscription_pending_change_note_and_more... OK
  Applying billing.0042_subscriptionplan_stripe_overage_price_id... OK
  Applying billing.0043_schoolcreditallocation_is_admin_allocation... OK
  Applying billing.0044_alter_creditusagelog_feature... OK
  Applying billing.0045_billingtransaction... OK
  Applying billing.0046_remove_subscriptionplan_carry_over_max_and_more... OK
  Applying billing.0047_subscriptionplan_carry_over_max... OK
  Applying billing.0048_alter_billingtransaction_transaction_type_and_more... OK
  Applying billing.0049_billingtransaction_receipt_url... OK
  Applying billing.0050_creditusagelog_course... OK
  Applying billing.0051_creditusagelog_task_id_index... OK
  Applying billing.0052_creditusagelog_school... OK
  Applying billing.0053_backfill_creditusagelog_school... OK
  Applying billing.0054_stripeevent_attempts_stripeevent_claimed_at_and_more... OK
  Applying billing.0055_licensesubscription_consumption_window_start_and_more... OK
  Applying billing.0056_liveqarun... OK
  Applying billing.0057_usersubscription_cancelled_at... OK
  Applying billing.0058_alter_licensebillingrecord_record_type... OK
  Applying billing.0059_append_only_audit_tables... OK
  Applying billing.0060_backfill_audit_identity...
  backfilled identity on 0 ledger row(s) and 0 usage log row(s)
 OK
  Applying billing.0061_add_audit_table_time_indexes... OK
  Applying billing.0062_liveqarun_skipped_and_error_status... OK
  Applying billing.0063_payment_disputes... OK
  Applying billing.0064_refund_credit_reversal... OK
  Applying billing.0065_backfill_ledger_payment_intent...
  attributed 0 ledger row(s) to their Stripe payment
 OK
  Applying billing.0066_dispute_deficit_by_wallet... OK
  Applying billing.0067_stripe_event_recovery... OK
  Applying billing.0068_price_reconciliation... OK
  Applying billing.0069_price_sync_audit... OK
  Applying dashboard.0001_initial... OK
  Applying dashboard.0002_schoolatrisksnapshot... OK
  Applying dashboard.0003_studentriskalertstate_alert_pending... OK
  Applying django_celery_beat.0001_initial... OK
  Applying django_celery_beat.0002_auto_20161118_0346... OK
  Applying django_celery_beat.0003_auto_20161209_0049... OK
  Applying django_celery_beat.0004_auto_20170221_0000... OK
  Applying django_celery_beat.0005_add_solarschedule_events_choices... OK
  Applying django_celery_beat.0006_auto_20180322_0932... OK
  Applying django_celery_beat.0007_auto_20180521_0826... OK
  Applying django_celery_beat.0008_auto_20180914_1922... OK
  Applying django_celery_beat.0006_auto_20180210_1226... OK
  Applying django_celery_beat.0006_periodictask_priority... OK
  Applying django_celery_beat.0009_periodictask_headers... OK
  Applying django_celery_beat.0010_auto_20190429_0326... OK
  Applying django_celery_beat.0011_auto_20190508_0153... OK
  Applying django_celery_beat.0012_periodictask_expire_seconds... OK
  Applying django_celery_beat.0013_auto_20200609_0727... OK
  Applying django_celery_beat.0014_remove_clockedschedule_enabled... OK
  Applying django_celery_beat.0015_edit_solarschedule_events_choices... OK
  Applying django_celery_beat.0016_alter_crontabschedule_timezone... OK
  Applying django_celery_beat.0017_alter_crontabschedule_month_of_year... OK
  Applying django_celery_beat.0018_improve_crontab_helptext... OK
  Applying django_celery_beat.0019_alter_periodictasks_options... OK
  Applying django_celery_results.0001_initial... OK
  Applying django_celery_results.0002_add_task_name_args_kwargs... OK
  Applying django_celery_results.0003_auto_20181106_1101... OK
  Applying django_celery_results.0004_auto_20190516_0412... OK
  Applying django_celery_results.0005_taskresult_worker... OK
  Applying django_celery_results.0006_taskresult_date_created... OK
  Applying django_celery_results.0007_remove_taskresult_hidden... OK
  Applying django_celery_results.0008_chordcounter... OK
  Applying django_celery_results.0009_groupresult... OK
  Applying django_celery_results.0010_remove_duplicate_indices... OK
  Applying django_celery_results.0011_taskresult_periodic_task_name... OK
  Applying django_celery_results.0012_taskresult_date_started... OK
  Applying django_celery_results.0013_taskresult_django_cele_periodi_1993cf_idx... OK
  Applying django_celery_results.0014_alter_taskresult_status... OK
  Applying sessions.0001_initial... OK
  Applying users.0011_concurrentusersnapshot_useractivity... OK
  Applying users.0012_alter_concurrentusersnapshot_timestamp... OK
  Applying users.0013_customuser_middle_name... OK
  Applying users.0014_alter_customuser_middle_name... OK
  Applying users.0015_customuser_bio_settings... OK
  Applying users.0016_remove_customuser_bio_delete_settings... OK
  Applying users.0017_settings... OK
  Applying users.0018_customuser_bio... OK
  Applying users.0019_betawhitelist... OK
  Applying users.0020_waitlist_betawhitelist_mode... OK
  Applying users.0021_betawhitelist_test_id_alter_betawhitelist_id... OK
  Applying users.0022_remove_betawhitelist_test_id_alter_betawhitelist_id... OK
  Applying users.0023_remove_waitlist_id_waitlist_test_id... OK
  Applying users.0024_remove_waitlist_test_id_waitlist_id... OK
  Applying users.0025_customuser_profile_image... OK
  Applying students.0001_initial... OK
  Applying students.0002_initial... OK
  Applying students.0003_studentsubmission_graded_at_and_more... OK
  Applying students.0004_alter_studentsubmission_graded_at... OK
  Applying students.0005_studentsubmission_ai_feedback_and_more... OK
  Applying students.0006_studentsubmission_ai_grading_completed_at... OK
  Applying students.0007_studentsubmission_extraction_confidence... OK
  Applying students.0008_studentsubmission_formatted_grade... OK
  Applying students.0009_studentsubmission_raw_input... OK
  Applying students.0010_batchuploadsession... OK
  Applying students.0011_batchuploadsession_course_and_more... OK
  Applying students.0012_alter_batchuploadsession_task_type... OK
  Applying students.0013_studentsubmission_max_points_and_more... OK
  Applying students.0014_alter_studentsubmission_score_percentage... OK
  Applying students.0015_studentsubmission_is_published... OK
  Applying students.0016_studentsubmission_grading_task_name_and_more... OK
  Applying students.0017_backgroundprocessingtask... OK
  Applying students.0018_studentsubmission_attempt_count... OK
  Applying students.0019_alter_studentsubmission_attempt_count... OK
  Applying students.0020_studentsubmission_grading_state... OK
  Applying students.0021_studentsubmission_needs_review... OK
  Applying students.0022_studentsubmission_review_severity... OK
  Applying students.0023_studentsubmission_review_tier_and_more... OK
  Applying students.0024_repair_raw_input_json... OK
  Applying students.0025_student_submission_hot_path_indexes... OK
  Applying students.0026_alter_backgroundprocessingtask_task_type... OK
  Applying students.0027_alter_studentsubmission_ai_grading_completed_at... OK
  Applying students.0028_backfill_ai_grading_completed_at... OK
  Applying token_blacklist.0001_initial... OK
  Applying token_blacklist.0002_outstandingtoken_jti_hex... OK
  Applying token_blacklist.0003_auto_20171017_2007... OK
  Applying token_blacklist.0004_auto_20171017_2013... OK
  Applying token_blacklist.0005_remove_outstandingtoken_jti... OK
  Applying token_blacklist.0006_auto_20171017_2113... OK
  Applying token_blacklist.0007_auto_20171017_2214... OK
  Applying token_blacklist.0008_migrate_to_bigautofield... OK
  Applying token_blacklist.0010_fix_migrate_to_bigautofield... OK
  Applying token_blacklist.0011_linearizes_history... OK
  Applying token_blacklist.0012_alter_outstandingtoken_user... OK
  Applying token_blacklist.0013_alter_blacklistedtoken_options_and_more... OK
  Applying users.0026_customuser_registration_method... OK
  Applying users.0027_customuser_profile_image_url... OK
  Applying users.0028_alter_customuser_middle_name... OK
  Applying users.0029_usergooglecredentials... OK
  Applying users.0030_usergooglecredentials_access_token_and_more... OK
  Applying users.0031_settings_notify_new_assignment_posted... OK
  Applying users.0032_alter_settings_notify_assignment_due_reminder_and_more... OK
  Applying users.0033_settings_notify_at_risk_student_alerts_and_more... OK
  Applying users.0034_passwordresetotp_attempts_and_more... OK
  Applying users.0035_settings_notify_assignment_edited... OK
  Applying users.0036_customuser_failed_login_attempts_and_more...System check identified some issues:

WARNINGS:
?: (billing.W001) PlanFeature catalogue is missing (or not marked is_gating_feature=True for) gating key(s): ['AI_PROMPT_ANALYTICS_SUMMARY', 'AI_PROMPT_ASSIGNMENT_CREATION']. Every user in this environment will be DENIED the corresponding AI feature(s) - see AI_FEATURE_GATING_MAP in billing/access_control.py - until `manage.py seed_plan_features` is run.

System check identified 1 issue (0 silenced).
test_import_roster_at_200_and_2000_rows (AutoGrader.tests_cache_commit_race_cost.PerRowRosterImportCostTests.test_import_roster_at_200_and_2000_rows) ... Cannot activate automatic trial for user race-t@x.test (validation): Free trial plan not found. Please create one in the admin panel.
 OK

=== 200-row import_roster, one transaction per row
fix OFF (before): wall=15.33s commit=0.000s
  open   round_trips=   200 commands=  2000 bumps=   200 bump p50=22.169ms p95=77.306ms
  commit round_trips=     0 commands=     0 bumps=     0 no bumps
fix ON  (after):  wall=27.37s commit=0.000s
  open   round_trips=   200 commands=  2000 bumps=   200 bump p50=33.050ms p95=84.456ms
  commit round_trips=   200 commands=  2000 bumps=   200 bump p50=37.977ms p95=97.563ms
added by the fix: round_trips=200 commands=2000 wall=+12.04s
per-row write: before p50=69.15ms p95=149.00ms | after p50=133.61ms p95=232.10ms
Failed to bulk-add student Cost277 Student
Traceback (most recent call last):
  File "/home/bond-servant-in-training/Documents/Projects/Grade-Automator-Plus-cache-commit-race/classrooms/services/roster_import.py", line 363, in import_roster
    result, succeeded = _import_row_with_email(course=course, row=row)
                        ^^^^^^^^^^^^^^^^^^^^^^^^^^^^^^^^^^^^^^^^^^^^^^
  File "/home/bond-servant-in-training/Documents/Projects/Grade-Automator-Plus-cache-commit-race/classrooms/services/roster_import.py", line 276, in _import_row_with_email
    StudentCourse.objects.create(
  File "/home/bond-servant-in-training/Documents/Virtualenvs/AutoGrader_env/lib/python3.12/site-packages/django/db/models/manager.py", line 87, in manager_method
    return getattr(self.get_queryset(), name)(*args, **kwargs)
           ^^^^^^^^^^^^^^^^^^^^^^^^^^^^^^^^^^^^^^^^^^^^^^^^^^^
  File "/home/bond-servant-in-training/Documents/Virtualenvs/AutoGrader_env/lib/python3.12/site-packages/django/db/models/query.py", line 663, in create
    obj.save(force_insert=True, using=self.db)
  File "/home/bond-servant-in-training/Documents/Projects/Grade-Automator-Plus-cache-commit-race/classrooms/models.py", line 369, in save
    self.full_clean()
  File "/home/bond-servant-in-training/Documents/Virtualenvs/AutoGrader_env/lib/python3.12/site-packages/django/db/models/base.py", line 1679, in full_clean
    raise ValidationError(errors)
django.core.exceptions.ValidationError: {'__all__': ["A student with the exact name 'Cost277 Student' is already enrolled in this course."]}
Failed to bulk-add student Cost125 Student
Traceback (most recent call last):
  File "/home/bond-servant-in-training/Documents/Projects/Grade-Automator-Plus-cache-commit-race/classrooms/services/roster_import.py", line 363, in import_roster
    result, succeeded = _import_row_with_email(course=course, row=row)
                        ^^^^^^^^^^^^^^^^^^^^^^^^^^^^^^^^^^^^^^^^^^^^^^
  File "/home/bond-servant-in-training/Documents/Projects/Grade-Automator-Plus-cache-commit-race/classrooms/services/roster_import.py", line 276, in _import_row_with_email
    StudentCourse.objects.create(
  File "/home/bond-servant-in-training/Documents/Virtualenvs/AutoGrader_env/lib/python3.12/site-packages/django/db/models/manager.py", line 87, in manager_method
    return getattr(self.get_queryset(), name)(*args, **kwargs)
           ^^^^^^^^^^^^^^^^^^^^^^^^^^^^^^^^^^^^^^^^^^^^^^^^^^^
  File "/home/bond-servant-in-training/Documents/Virtualenvs/AutoGrader_env/lib/python3.12/site-packages/django/db/models/query.py", line 663, in create
    obj.save(force_insert=True, using=self.db)
  File "/home/bond-servant-in-training/Documents/Projects/Grade-Automator-Plus-cache-commit-race/classrooms/models.py", line 369, in save
    self.full_clean()
  File "/home/bond-servant-in-training/Documents/Virtualenvs/AutoGrader_env/lib/python3.12/site-packages/django/db/models/base.py", line 1679, in full_clean
    raise ValidationError(errors)
django.core.exceptions.ValidationError: {'__all__': ["A student with the exact name 'Cost125 Student' is already enrolled in this course."]}
Failed to bulk-add student Cost214 Student
Traceback (most recent call last):
  File "/home/bond-servant-in-training/Documents/Projects/Grade-Automator-Plus-cache-commit-race/classrooms/services/roster_import.py", line 363, in import_roster
    result, succeeded = _import_row_with_email(course=course, row=row)
                        ^^^^^^^^^^^^^^^^^^^^^^^^^^^^^^^^^^^^^^^^^^^^^^
  File "/home/bond-servant-in-training/Documents/Projects/Grade-Automator-Plus-cache-commit-race/classrooms/services/roster_import.py", line 276, in _import_row_with_email
    StudentCourse.objects.create(
  File "/home/bond-servant-in-training/Documents/Virtualenvs/AutoGrader_env/lib/python3.12/site-packages/django/db/models/manager.py", line 87, in manager_method
    return getattr(self.get_queryset(), name)(*args, **kwargs)
           ^^^^^^^^^^^^^^^^^^^^^^^^^^^^^^^^^^^^^^^^^^^^^^^^^^^
  File "/home/bond-servant-in-training/Documents/Virtualenvs/AutoGrader_env/lib/python3.12/site-packages/django/db/models/query.py", line 663, in create
    obj.save(force_insert=True, using=self.db)
  File "/home/bond-servant-in-training/Documents/Projects/Grade-Automator-Plus-cache-commit-race/classrooms/models.py", line 369, in save
    self.full_clean()
  File "/home/bond-servant-in-training/Documents/Virtualenvs/AutoGrader_env/lib/python3.12/site-packages/django/db/models/base.py", line 1679, in full_clean
    raise ValidationError(errors)
django.core.exceptions.ValidationError: {'__all__': ["A student with the exact name 'Cost214 Student' is already enrolled in this course."]}
Failed to bulk-add student Cost355 Student
Traceback (most recent call last):
  File "/home/bond-servant-in-training/Documents/Projects/Grade-Automator-Plus-cache-commit-race/classrooms/services/roster_import.py", line 363, in import_roster
    result, succeeded = _import_row_with_email(course=course, row=row)
                        ^^^^^^^^^^^^^^^^^^^^^^^^^^^^^^^^^^^^^^^^^^^^^^
  File "/home/bond-servant-in-training/Documents/Projects/Grade-Automator-Plus-cache-commit-race/classrooms/services/roster_import.py", line 276, in _import_row_with_email
    StudentCourse.objects.create(
  File "/home/bond-servant-in-training/Documents/Virtualenvs/AutoGrader_env/lib/python3.12/site-packages/django/db/models/manager.py", line 87, in manager_method
    return getattr(self.get_queryset(), name)(*args, **kwargs)
           ^^^^^^^^^^^^^^^^^^^^^^^^^^^^^^^^^^^^^^^^^^^^^^^^^^^
  File "/home/bond-servant-in-training/Documents/Virtualenvs/AutoGrader_env/lib/python3.12/site-packages/django/db/models/query.py", line 663, in create
    obj.save(force_insert=True, using=self.db)
  File "/home/bond-servant-in-training/Documents/Projects/Grade-Automator-Plus-cache-commit-race/classrooms/models.py", line 369, in save
    self.full_clean()
  File "/home/bond-servant-in-training/Documents/Virtualenvs/AutoGrader_env/lib/python3.12/site-packages/django/db/models/base.py", line 1679, in full_clean
    raise ValidationError(errors)
django.core.exceptions.ValidationError: {'__all__': ["A student with the exact name 'Cost355 Student' is already enrolled in this course."]}
Failed to bulk-add student Cost170 Student
Traceback (most recent call last):
  File "/home/bond-servant-in-training/Documents/Projects/Grade-Automator-Plus-cache-commit-race/classrooms/services/roster_import.py", line 363, in import_roster
    result, succeeded = _import_row_with_email(course=course, row=row)
                        ^^^^^^^^^^^^^^^^^^^^^^^^^^^^^^^^^^^^^^^^^^^^^^
  File "/home/bond-servant-in-training/Documents/Projects/Grade-Automator-Plus-cache-commit-race/classrooms/services/roster_import.py", line 276, in _import_row_with_email
    StudentCourse.objects.create(
  File "/home/bond-servant-in-training/Documents/Virtualenvs/AutoGrader_env/lib/python3.12/site-packages/django/db/models/manager.py", line 87, in manager_method
    return getattr(self.get_queryset(), name)(*args, **kwargs)
           ^^^^^^^^^^^^^^^^^^^^^^^^^^^^^^^^^^^^^^^^^^^^^^^^^^^
  File "/home/bond-servant-in-training/Documents/Virtualenvs/AutoGrader_env/lib/python3.12/site-packages/django/db/models/query.py", line 663, in create
    obj.save(force_insert=True, using=self.db)
  File "/home/bond-servant-in-training/Documents/Projects/Grade-Automator-Plus-cache-commit-race/classrooms/models.py", line 369, in save
    self.full_clean()
  File "/home/bond-servant-in-training/Documents/Virtualenvs/AutoGrader_env/lib/python3.12/site-packages/django/db/models/base.py", line 1679, in full_clean
    raise ValidationError(errors)
django.core.exceptions.ValidationError: {'__all__': ["A student with the exact name 'Cost170 Student' is already enrolled in this course."]}
Failed to bulk-add student Cost358 Student
Traceback (most recent call last):
  File "/home/bond-servant-in-training/Documents/Projects/Grade-Automator-Plus-cache-commit-race/classrooms/services/roster_import.py", line 363, in import_roster
    result, succeeded = _import_row_with_email(course=course, row=row)
                        ^^^^^^^^^^^^^^^^^^^^^^^^^^^^^^^^^^^^^^^^^^^^^^
  File "/home/bond-servant-in-training/Documents/Projects/Grade-Automator-Plus-cache-commit-race/classrooms/services/roster_import.py", line 276, in _import_row_with_email
    StudentCourse.objects.create(
  File "/home/bond-servant-in-training/Documents/Virtualenvs/AutoGrader_env/lib/python3.12/site-packages/django/db/models/manager.py", line 87, in manager_method
    return getattr(self.get_queryset(), name)(*args, **kwargs)
           ^^^^^^^^^^^^^^^^^^^^^^^^^^^^^^^^^^^^^^^^^^^^^^^^^^^
  File "/home/bond-servant-in-training/Documents/Virtualenvs/AutoGrader_env/lib/python3.12/site-packages/django/db/models/query.py", line 663, in create
    obj.save(force_insert=True, using=self.db)
  File "/home/bond-servant-in-training/Documents/Projects/Grade-Automator-Plus-cache-commit-race/classrooms/models.py", line 369, in save
    self.full_clean()
  File "/home/bond-servant-in-training/Documents/Virtualenvs/AutoGrader_env/lib/python3.12/site-packages/django/db/models/base.py", line 1679, in full_clean
    raise ValidationError(errors)
django.core.exceptions.ValidationError: {'__all__': ["A student with the exact name 'Cost358 Student' is already enrolled in this course."]}
Failed to bulk-add student Cost363 Student
Traceback (most recent call last):
  File "/home/bond-servant-in-training/Documents/Projects/Grade-Automator-Plus-cache-commit-race/classrooms/services/roster_import.py", line 363, in import_roster
    result, succeeded = _import_row_with_email(course=course, row=row)
                        ^^^^^^^^^^^^^^^^^^^^^^^^^^^^^^^^^^^^^^^^^^^^^^
  File "/home/bond-servant-in-training/Documents/Projects/Grade-Automator-Plus-cache-commit-race/classrooms/services/roster_import.py", line 276, in _import_row_with_email
    StudentCourse.objects.create(
  File "/home/bond-servant-in-training/Documents/Virtualenvs/AutoGrader_env/lib/python3.12/site-packages/django/db/models/manager.py", line 87, in manager_method
    return getattr(self.get_queryset(), name)(*args, **kwargs)
           ^^^^^^^^^^^^^^^^^^^^^^^^^^^^^^^^^^^^^^^^^^^^^^^^^^^
  File "/home/bond-servant-in-training/Documents/Virtualenvs/AutoGrader_env/lib/python3.12/site-packages/django/db/models/query.py", line 663, in create
    obj.save(force_insert=True, using=self.db)
  File "/home/bond-servant-in-training/Documents/Projects/Grade-Automator-Plus-cache-commit-race/classrooms/models.py", line 369, in save
    self.full_clean()
  File "/home/bond-servant-in-training/Documents/Virtualenvs/AutoGrader_env/lib/python3.12/site-packages/django/db/models/base.py", line 1679, in full_clean
    raise ValidationError(errors)
django.core.exceptions.ValidationError: {'__all__': ["A student with the exact name 'Cost363 Student' is already enrolled in this course."]}
Failed to bulk-add student Cost161 Student
Traceback (most recent call last):
  File "/home/bond-servant-in-training/Documents/Projects/Grade-Automator-Plus-cache-commit-race/classrooms/services/roster_import.py", line 363, in import_roster
    result, succeeded = _import_row_with_email(course=course, row=row)
                        ^^^^^^^^^^^^^^^^^^^^^^^^^^^^^^^^^^^^^^^^^^^^^^
  File "/home/bond-servant-in-training/Documents/Projects/Grade-Automator-Plus-cache-commit-race/classrooms/services/roster_import.py", line 276, in _import_row_with_email
    StudentCourse.objects.create(
  File "/home/bond-servant-in-training/Documents/Virtualenvs/AutoGrader_env/lib/python3.12/site-packages/django/db/models/manager.py", line 87, in manager_method
    return getattr(self.get_queryset(), name)(*args, **kwargs)
           ^^^^^^^^^^^^^^^^^^^^^^^^^^^^^^^^^^^^^^^^^^^^^^^^^^^
  File "/home/bond-servant-in-training/Documents/Virtualenvs/AutoGrader_env/lib/python3.12/site-packages/django/db/models/query.py", line 663, in create
    obj.save(force_insert=True, using=self.db)
  File "/home/bond-servant-in-training/Documents/Projects/Grade-Automator-Plus-cache-commit-race/classrooms/models.py", line 369, in save
    self.full_clean()
  File "/home/bond-servant-in-training/Documents/Virtualenvs/AutoGrader_env/lib/python3.12/site-packages/django/db/models/base.py", line 1679, in full_clean
    raise ValidationError(errors)
django.core.exceptions.ValidationError: {'__all__': ["A student with the exact name 'Cost161 Student' is already enrolled in this course."]}
Failed to bulk-add student Cost360 Student
Traceback (most recent call last):
  File "/home/bond-servant-in-training/Documents/Projects/Grade-Automator-Plus-cache-commit-race/classrooms/services/roster_import.py", line 363, in import_roster
    result, succeeded = _import_row_with_email(course=course, row=row)
                        ^^^^^^^^^^^^^^^^^^^^^^^^^^^^^^^^^^^^^^^^^^^^^^
  File "/home/bond-servant-in-training/Documents/Projects/Grade-Automator-Plus-cache-commit-race/classrooms/services/roster_import.py", line 276, in _import_row_with_email
    StudentCourse.objects.create(
  File "/home/bond-servant-in-training/Documents/Virtualenvs/AutoGrader_env/lib/python3.12/site-packages/django/db/models/manager.py", line 87, in manager_method
    return getattr(self.get_queryset(), name)(*args, **kwargs)
           ^^^^^^^^^^^^^^^^^^^^^^^^^^^^^^^^^^^^^^^^^^^^^^^^^^^
  File "/home/bond-servant-in-training/Documents/Virtualenvs/AutoGrader_env/lib/python3.12/site-packages/django/db/models/query.py", line 663, in create
    obj.save(force_insert=True, using=self.db)
  File "/home/bond-servant-in-training/Documents/Projects/Grade-Automator-Plus-cache-commit-race/classrooms/models.py", line 369, in save
    self.full_clean()
  File "/home/bond-servant-in-training/Documents/Virtualenvs/AutoGrader_env/lib/python3.12/site-packages/django/db/models/base.py", line 1679, in full_clean
    raise ValidationError(errors)
django.core.exceptions.ValidationError: {'__all__': ["A student with the exact name 'Cost360 Student' is already enrolled in this course."]}
Failed to bulk-add student Cost119 Student
Traceback (most recent call last):
  File "/home/bond-servant-in-training/Documents/Projects/Grade-Automator-Plus-cache-commit-race/classrooms/services/roster_import.py", line 363, in import_roster
    result, succeeded = _import_row_with_email(course=course, row=row)
                        ^^^^^^^^^^^^^^^^^^^^^^^^^^^^^^^^^^^^^^^^^^^^^^
  File "/home/bond-servant-in-training/Documents/Projects/Grade-Automator-Plus-cache-commit-race/classrooms/services/roster_import.py", line 276, in _import_row_with_email
    StudentCourse.objects.create(
  File "/home/bond-servant-in-training/Documents/Virtualenvs/AutoGrader_env/lib/python3.12/site-packages/django/db/models/manager.py", line 87, in manager_method
    return getattr(self.get_queryset(), name)(*args, **kwargs)
           ^^^^^^^^^^^^^^^^^^^^^^^^^^^^^^^^^^^^^^^^^^^^^^^^^^^
  File "/home/bond-servant-in-training/Documents/Virtualenvs/AutoGrader_env/lib/python3.12/site-packages/django/db/models/query.py", line 663, in create
    obj.save(force_insert=True, using=self.db)
  File "/home/bond-servant-in-training/Documents/Projects/Grade-Automator-Plus-cache-commit-race/classrooms/models.py", line 369, in save
    self.full_clean()
  File "/home/bond-servant-in-training/Documents/Virtualenvs/AutoGrader_env/lib/python3.12/site-packages/django/db/models/base.py", line 1679, in full_clean
    raise ValidationError(errors)
django.core.exceptions.ValidationError: {'__all__': ["A student with the exact name 'Cost119 Student' is already enrolled in this course."]}
Failed to bulk-add student Cost356 Student
Traceback (most recent call last):
  File "/home/bond-servant-in-training/Documents/Projects/Grade-Automator-Plus-cache-commit-race/classrooms/services/roster_import.py", line 363, in import_roster
    result, succeeded = _import_row_with_email(course=course, row=row)
                        ^^^^^^^^^^^^^^^^^^^^^^^^^^^^^^^^^^^^^^^^^^^^^^
  File "/home/bond-servant-in-training/Documents/Projects/Grade-Automator-Plus-cache-commit-race/classrooms/services/roster_import.py", line 276, in _import_row_with_email
    StudentCourse.objects.create(
  File "/home/bond-servant-in-training/Documents/Virtualenvs/AutoGrader_env/lib/python3.12/site-packages/django/db/models/manager.py", line 87, in manager_method
    return getattr(self.get_queryset(), name)(*args, **kwargs)
           ^^^^^^^^^^^^^^^^^^^^^^^^^^^^^^^^^^^^^^^^^^^^^^^^^^^
  File "/home/bond-servant-in-training/Documents/Virtualenvs/AutoGrader_env/lib/python3.12/site-packages/django/db/models/query.py", line 663, in create
    obj.save(force_insert=True, using=self.db)
  File "/home/bond-servant-in-training/Documents/Projects/Grade-Automator-Plus-cache-commit-race/classrooms/models.py", line 369, in save
    self.full_clean()
  File "/home/bond-servant-in-training/Documents/Virtualenvs/AutoGrader_env/lib/python3.12/site-packages/django/db/models/base.py", line 1679, in full_clean
    raise ValidationError(errors)
django.core.exceptions.ValidationError: {'__all__': ["A student with the exact name 'Cost356 Student' is already enrolled in this course."]}
Failed to bulk-add student Cost395 Student
Traceback (most recent call last):
  File "/home/bond-servant-in-training/Documents/Projects/Grade-Automator-Plus-cache-commit-race/classrooms/services/roster_import.py", line 363, in import_roster
    result, succeeded = _import_row_with_email(course=course, row=row)
                        ^^^^^^^^^^^^^^^^^^^^^^^^^^^^^^^^^^^^^^^^^^^^^^
  File "/home/bond-servant-in-training/Documents/Projects/Grade-Automator-Plus-cache-commit-race/classrooms/services/roster_import.py", line 276, in _import_row_with_email
    StudentCourse.objects.create(
  File "/home/bond-servant-in-training/Documents/Virtualenvs/AutoGrader_env/lib/python3.12/site-packages/django/db/models/manager.py", line 87, in manager_method
    return getattr(self.get_queryset(), name)(*args, **kwargs)
           ^^^^^^^^^^^^^^^^^^^^^^^^^^^^^^^^^^^^^^^^^^^^^^^^^^^
  File "/home/bond-servant-in-training/Documents/Virtualenvs/AutoGrader_env/lib/python3.12/site-packages/django/db/models/query.py", line 663, in create
    obj.save(force_insert=True, using=self.db)
  File "/home/bond-servant-in-training/Documents/Projects/Grade-Automator-Plus-cache-commit-race/classrooms/models.py", line 369, in save
    self.full_clean()
  File "/home/bond-servant-in-training/Documents/Virtualenvs/AutoGrader_env/lib/python3.12/site-packages/django/db/models/base.py", line 1679, in full_clean
    raise ValidationError(errors)
django.core.exceptions.ValidationError: {'__all__': ["A student with the exact name 'Cost395 Student' is already enrolled in this course."]}
Failed to bulk-add student Cost274 Student
Traceback (most recent call last):
  File "/home/bond-servant-in-training/Documents/Projects/Grade-Automator-Plus-cache-commit-race/classrooms/services/roster_import.py", line 363, in import_roster
    result, succeeded = _import_row_with_email(course=course, row=row)
                        ^^^^^^^^^^^^^^^^^^^^^^^^^^^^^^^^^^^^^^^^^^^^^^
  File "/home/bond-servant-in-training/Documents/Projects/Grade-Automator-Plus-cache-commit-race/classrooms/services/roster_import.py", line 276, in _import_row_with_email
    StudentCourse.objects.create(
  File "/home/bond-servant-in-training/Documents/Virtualenvs/AutoGrader_env/lib/python3.12/site-packages/django/db/models/manager.py", line 87, in manager_method
    return getattr(self.get_queryset(), name)(*args, **kwargs)
           ^^^^^^^^^^^^^^^^^^^^^^^^^^^^^^^^^^^^^^^^^^^^^^^^^^^
  File "/home/bond-servant-in-training/Documents/Virtualenvs/AutoGrader_env/lib/python3.12/site-packages/django/db/models/query.py", line 663, in create
    obj.save(force_insert=True, using=self.db)
  File "/home/bond-servant-in-training/Documents/Projects/Grade-Automator-Plus-cache-commit-race/classrooms/models.py", line 369, in save
    self.full_clean()
  File "/home/bond-servant-in-training/Documents/Virtualenvs/AutoGrader_env/lib/python3.12/site-packages/django/db/models/base.py", line 1679, in full_clean
    raise ValidationError(errors)
django.core.exceptions.ValidationError: {'__all__': ["A student with the exact name 'Cost274 Student' is already enrolled in this course."]}
Failed to bulk-add student Cost244 Student
Traceback (most recent call last):
  File "/home/bond-servant-in-training/Documents/Projects/Grade-Automator-Plus-cache-commit-race/classrooms/services/roster_import.py", line 363, in import_roster
    result, succeeded = _import_row_with_email(course=course, row=row)
                        ^^^^^^^^^^^^^^^^^^^^^^^^^^^^^^^^^^^^^^^^^^^^^^
  File "/home/bond-servant-in-training/Documents/Projects/Grade-Automator-Plus-cache-commit-race/classrooms/services/roster_import.py", line 276, in _import_row_with_email
    StudentCourse.objects.create(
  File "/home/bond-servant-in-training/Documents/Virtualenvs/AutoGrader_env/lib/python3.12/site-packages/django/db/models/manager.py", line 87, in manager_method
    return getattr(self.get_queryset(), name)(*args, **kwargs)
           ^^^^^^^^^^^^^^^^^^^^^^^^^^^^^^^^^^^^^^^^^^^^^^^^^^^
  File "/home/bond-servant-in-training/Documents/Virtualenvs/AutoGrader_env/lib/python3.12/site-packages/django/db/models/query.py", line 663, in create
    obj.save(force_insert=True, using=self.db)
  File "/home/bond-servant-in-training/Documents/Projects/Grade-Automator-Plus-cache-commit-race/classrooms/models.py", line 369, in save
    self.full_clean()
  File "/home/bond-servant-in-training/Documents/Virtualenvs/AutoGrader_env/lib/python3.12/site-packages/django/db/models/base.py", line 1679, in full_clean
    raise ValidationError(errors)
django.core.exceptions.ValidationError: {'__all__': ["A student with the exact name 'Cost244 Student' is already enrolled in this course."]}
Failed to bulk-add student Cost391 Student
Traceback (most recent call last):
  File "/home/bond-servant-in-training/Documents/Projects/Grade-Automator-Plus-cache-commit-race/classrooms/services/roster_import.py", line 363, in import_roster
    result, succeeded = _import_row_with_email(course=course, row=row)
                        ^^^^^^^^^^^^^^^^^^^^^^^^^^^^^^^^^^^^^^^^^^^^^^
  File "/home/bond-servant-in-training/Documents/Projects/Grade-Automator-Plus-cache-commit-race/classrooms/services/roster_import.py", line 276, in _import_row_with_email
    StudentCourse.objects.create(
  File "/home/bond-servant-in-training/Documents/Virtualenvs/AutoGrader_env/lib/python3.12/site-packages/django/db/models/manager.py", line 87, in manager_method
    return getattr(self.get_queryset(), name)(*args, **kwargs)
           ^^^^^^^^^^^^^^^^^^^^^^^^^^^^^^^^^^^^^^^^^^^^^^^^^^^
  File "/home/bond-servant-in-training/Documents/Virtualenvs/AutoGrader_env/lib/python3.12/site-packages/django/db/models/query.py", line 663, in create
    obj.save(force_insert=True, using=self.db)
  File "/home/bond-servant-in-training/Documents/Projects/Grade-Automator-Plus-cache-commit-race/classrooms/models.py", line 369, in save
    self.full_clean()
  File "/home/bond-servant-in-training/Documents/Virtualenvs/AutoGrader_env/lib/python3.12/site-packages/django/db/models/base.py", line 1679, in full_clean
    raise ValidationError(errors)
django.core.exceptions.ValidationError: {'__all__': ["A student with the exact name 'Cost391 Student' is already enrolled in this course."]}
Failed to bulk-add student Cost308 Student
Traceback (most recent call last):
  File "/home/bond-servant-in-training/Documents/Projects/Grade-Automator-Plus-cache-commit-race/classrooms/services/roster_import.py", line 363, in import_roster
    result, succeeded = _import_row_with_email(course=course, row=row)
                        ^^^^^^^^^^^^^^^^^^^^^^^^^^^^^^^^^^^^^^^^^^^^^^
  File "/home/bond-servant-in-training/Documents/Projects/Grade-Automator-Plus-cache-commit-race/classrooms/services/roster_import.py", line 276, in _import_row_with_email
    StudentCourse.objects.create(
  File "/home/bond-servant-in-training/Documents/Virtualenvs/AutoGrader_env/lib/python3.12/site-packages/django/db/models/manager.py", line 87, in manager_method
    return getattr(self.get_queryset(), name)(*args, **kwargs)
           ^^^^^^^^^^^^^^^^^^^^^^^^^^^^^^^^^^^^^^^^^^^^^^^^^^^
  File "/home/bond-servant-in-training/Documents/Virtualenvs/AutoGrader_env/lib/python3.12/site-packages/django/db/models/query.py", line 663, in create
    obj.save(force_insert=True, using=self.db)
  File "/home/bond-servant-in-training/Documents/Projects/Grade-Automator-Plus-cache-commit-race/classrooms/models.py", line 369, in save
    self.full_clean()
  File "/home/bond-servant-in-training/Documents/Virtualenvs/AutoGrader_env/lib/python3.12/site-packages/django/db/models/base.py", line 1679, in full_clean
    raise ValidationError(errors)
django.core.exceptions.ValidationError: {'__all__': ["A student with the exact name 'Cost308 Student' is already enrolled in this course."]}
Failed to bulk-add student Cost138 Student
Traceback (most recent call last):
  File "/home/bond-servant-in-training/Documents/Projects/Grade-Automator-Plus-cache-commit-race/classrooms/services/roster_import.py", line 363, in import_roster
    result, succeeded = _import_row_with_email(course=course, row=row)
                        ^^^^^^^^^^^^^^^^^^^^^^^^^^^^^^^^^^^^^^^^^^^^^^
  File "/home/bond-servant-in-training/Documents/Projects/Grade-Automator-Plus-cache-commit-race/classrooms/services/roster_import.py", line 276, in _import_row_with_email
    StudentCourse.objects.create(
  File "/home/bond-servant-in-training/Documents/Virtualenvs/AutoGrader_env/lib/python3.12/site-packages/django/db/models/manager.py", line 87, in manager_method
    return getattr(self.get_queryset(), name)(*args, **kwargs)
           ^^^^^^^^^^^^^^^^^^^^^^^^^^^^^^^^^^^^^^^^^^^^^^^^^^^
  File "/home/bond-servant-in-training/Documents/Virtualenvs/AutoGrader_env/lib/python3.12/site-packages/django/db/models/query.py", line 663, in create
    obj.save(force_insert=True, using=self.db)
  File "/home/bond-servant-in-training/Documents/Projects/Grade-Automator-Plus-cache-commit-race/classrooms/models.py", line 369, in save
    self.full_clean()
  File "/home/bond-servant-in-training/Documents/Virtualenvs/AutoGrader_env/lib/python3.12/site-packages/django/db/models/base.py", line 1679, in full_clean
    raise ValidationError(errors)
django.core.exceptions.ValidationError: {'__all__': ["A student with the exact name 'Cost138 Student' is already enrolled in this course."]}
Failed to bulk-add student Cost7 Student
Traceback (most recent call last):
  File "/home/bond-servant-in-training/Documents/Projects/Grade-Automator-Plus-cache-commit-race/classrooms/services/roster_import.py", line 363, in import_roster
    result, succeeded = _import_row_with_email(course=course, row=row)
                        ^^^^^^^^^^^^^^^^^^^^^^^^^^^^^^^^^^^^^^^^^^^^^^
  File "/home/bond-servant-in-training/Documents/Projects/Grade-Automator-Plus-cache-commit-race/classrooms/services/roster_import.py", line 276, in _import_row_with_email
    StudentCourse.objects.create(
  File "/home/bond-servant-in-training/Documents/Virtualenvs/AutoGrader_env/lib/python3.12/site-packages/django/db/models/manager.py", line 87, in manager_method
    return getattr(self.get_queryset(), name)(*args, **kwargs)
           ^^^^^^^^^^^^^^^^^^^^^^^^^^^^^^^^^^^^^^^^^^^^^^^^^^^
  File "/home/bond-servant-in-training/Documents/Virtualenvs/AutoGrader_env/lib/python3.12/site-packages/django/db/models/query.py", line 663, in create
    obj.save(force_insert=True, using=self.db)
  File "/home/bond-servant-in-training/Documents/Projects/Grade-Automator-Plus-cache-commit-race/classrooms/models.py", line 369, in save
    self.full_clean()
  File "/home/bond-servant-in-training/Documents/Virtualenvs/AutoGrader_env/lib/python3.12/site-packages/django/db/models/base.py", line 1679, in full_clean
    raise ValidationError(errors)
django.core.exceptions.ValidationError: {'__all__': ["A student with the exact name 'Cost7 Student' is already enrolled in this course."]}
Failed to bulk-add student Cost372 Student
Traceback (most recent call last):
  File "/home/bond-servant-in-training/Documents/Projects/Grade-Automator-Plus-cache-commit-race/classrooms/services/roster_import.py", line 363, in import_roster
    result, succeeded = _import_row_with_email(course=course, row=row)
                        ^^^^^^^^^^^^^^^^^^^^^^^^^^^^^^^^^^^^^^^^^^^^^^
  File "/home/bond-servant-in-training/Documents/Projects/Grade-Automator-Plus-cache-commit-race/classrooms/services/roster_import.py", line 276, in _import_row_with_email
    StudentCourse.objects.create(
  File "/home/bond-servant-in-training/Documents/Virtualenvs/AutoGrader_env/lib/python3.12/site-packages/django/db/models/manager.py", line 87, in manager_method
    return getattr(self.get_queryset(), name)(*args, **kwargs)
           ^^^^^^^^^^^^^^^^^^^^^^^^^^^^^^^^^^^^^^^^^^^^^^^^^^^
  File "/home/bond-servant-in-training/Documents/Virtualenvs/AutoGrader_env/lib/python3.12/site-packages/django/db/models/query.py", line 663, in create
    obj.save(force_insert=True, using=self.db)
  File "/home/bond-servant-in-training/Documents/Projects/Grade-Automator-Plus-cache-commit-race/classrooms/models.py", line 369, in save
    self.full_clean()
  File "/home/bond-servant-in-training/Documents/Virtualenvs/AutoGrader_env/lib/python3.12/site-packages/django/db/models/base.py", line 1679, in full_clean
    raise ValidationError(errors)
django.core.exceptions.ValidationError: {'__all__': ["A student with the exact name 'Cost372 Student' is already enrolled in this course."]}
Failed to bulk-add student Cost135 Student
Traceback (most recent call last):
  File "/home/bond-servant-in-training/Documents/Projects/Grade-Automator-Plus-cache-commit-race/classrooms/services/roster_import.py", line 363, in import_roster
    result, succeeded = _import_row_with_email(course=course, row=row)
                        ^^^^^^^^^^^^^^^^^^^^^^^^^^^^^^^^^^^^^^^^^^^^^^
  File "/home/bond-servant-in-training/Documents/Projects/Grade-Automator-Plus-cache-commit-race/classrooms/services/roster_import.py", line 276, in _import_row_with_email
    StudentCourse.objects.create(
  File "/home/bond-servant-in-training/Documents/Virtualenvs/AutoGrader_env/lib/python3.12/site-packages/django/db/models/manager.py", line 87, in manager_method
    return getattr(self.get_queryset(), name)(*args, **kwargs)
           ^^^^^^^^^^^^^^^^^^^^^^^^^^^^^^^^^^^^^^^^^^^^^^^^^^^
  File "/home/bond-servant-in-training/Documents/Virtualenvs/AutoGrader_env/lib/python3.12/site-packages/django/db/models/query.py", line 663, in create
    obj.save(force_insert=True, using=self.db)
  File "/home/bond-servant-in-training/Documents/Projects/Grade-Automator-Plus-cache-commit-race/classrooms/models.py", line 369, in save
    self.full_clean()
  File "/home/bond-servant-in-training/Documents/Virtualenvs/AutoGrader_env/lib/python3.12/site-packages/django/db/models/base.py", line 1679, in full_clean
    raise ValidationError(errors)
django.core.exceptions.ValidationError: {'__all__': ["A student with the exact name 'Cost135 Student' is already enrolled in this course."]}
Failed to bulk-add student Cost325 Student
Traceback (most recent call last):
  File "/home/bond-servant-in-training/Documents/Projects/Grade-Automator-Plus-cache-commit-race/classrooms/services/roster_import.py", line 363, in import_roster
    result, succeeded = _import_row_with_email(course=course, row=row)
                        ^^^^^^^^^^^^^^^^^^^^^^^^^^^^^^^^^^^^^^^^^^^^^^
  File "/home/bond-servant-in-training/Documents/Projects/Grade-Automator-Plus-cache-commit-race/classrooms/services/roster_import.py", line 276, in _import_row_with_email
    StudentCourse.objects.create(
  File "/home/bond-servant-in-training/Documents/Virtualenvs/AutoGrader_env/lib/python3.12/site-packages/django/db/models/manager.py", line 87, in manager_method
    return getattr(self.get_queryset(), name)(*args, **kwargs)
           ^^^^^^^^^^^^^^^^^^^^^^^^^^^^^^^^^^^^^^^^^^^^^^^^^^^
  File "/home/bond-servant-in-training/Documents/Virtualenvs/AutoGrader_env/lib/python3.12/site-packages/django/db/models/query.py", line 663, in create
    obj.save(force_insert=True, using=self.db)
  File "/home/bond-servant-in-training/Documents/Projects/Grade-Automator-Plus-cache-commit-race/classrooms/models.py", line 369, in save
    self.full_clean()
  File "/home/bond-servant-in-training/Documents/Virtualenvs/AutoGrader_env/lib/python3.12/site-packages/django/db/models/base.py", line 1679, in full_clean
    raise ValidationError(errors)
django.core.exceptions.ValidationError: {'__all__': ["A student with the exact name 'Cost325 Student' is already enrolled in this course."]}
Failed to bulk-add student Cost92 Student
Traceback (most recent call last):
  File "/home/bond-servant-in-training/Documents/Projects/Grade-Automator-Plus-cache-commit-race/classrooms/services/roster_import.py", line 363, in import_roster
    result, succeeded = _import_row_with_email(course=course, row=row)
                        ^^^^^^^^^^^^^^^^^^^^^^^^^^^^^^^^^^^^^^^^^^^^^^
  File "/home/bond-servant-in-training/Documents/Projects/Grade-Automator-Plus-cache-commit-race/classrooms/services/roster_import.py", line 276, in _import_row_with_email
    StudentCourse.objects.create(
  File "/home/bond-servant-in-training/Documents/Virtualenvs/AutoGrader_env/lib/python3.12/site-packages/django/db/models/manager.py", line 87, in manager_method
    return getattr(self.get_queryset(), name)(*args, **kwargs)
           ^^^^^^^^^^^^^^^^^^^^^^^^^^^^^^^^^^^^^^^^^^^^^^^^^^^
  File "/home/bond-servant-in-training/Documents/Virtualenvs/AutoGrader_env/lib/python3.12/site-packages/django/db/models/query.py", line 663, in create
    obj.save(force_insert=True, using=self.db)
  File "/home/bond-servant-in-training/Documents/Projects/Grade-Automator-Plus-cache-commit-race/classrooms/models.py", line 369, in save
    self.full_clean()
  File "/home/bond-servant-in-training/Documents/Virtualenvs/AutoGrader_env/lib/python3.12/site-packages/django/db/models/base.py", line 1679, in full_clean
    raise ValidationError(errors)
django.core.exceptions.ValidationError: {'__all__': ["A student with the exact name 'Cost92 Student' is already enrolled in this course."]}
Failed to bulk-add student Cost210 Student
Traceback (most recent call last):
  File "/home/bond-servant-in-training/Documents/Projects/Grade-Automator-Plus-cache-commit-race/classrooms/services/roster_import.py", line 363, in import_roster
    result, succeeded = _import_row_with_email(course=course, row=row)
                        ^^^^^^^^^^^^^^^^^^^^^^^^^^^^^^^^^^^^^^^^^^^^^^
  File "/home/bond-servant-in-training/Documents/Projects/Grade-Automator-Plus-cache-commit-race/classrooms/services/roster_import.py", line 276, in _import_row_with_email
    StudentCourse.objects.create(
  File "/home/bond-servant-in-training/Documents/Virtualenvs/AutoGrader_env/lib/python3.12/site-packages/django/db/models/manager.py", line 87, in manager_method
    return getattr(self.get_queryset(), name)(*args, **kwargs)
           ^^^^^^^^^^^^^^^^^^^^^^^^^^^^^^^^^^^^^^^^^^^^^^^^^^^
  File "/home/bond-servant-in-training/Documents/Virtualenvs/AutoGrader_env/lib/python3.12/site-packages/django/db/models/query.py", line 663, in create
    obj.save(force_insert=True, using=self.db)
  File "/home/bond-servant-in-training/Documents/Projects/Grade-Automator-Plus-cache-commit-race/classrooms/models.py", line 369, in save
    self.full_clean()
  File "/home/bond-servant-in-training/Documents/Virtualenvs/AutoGrader_env/lib/python3.12/site-packages/django/db/models/base.py", line 1679, in full_clean
    raise ValidationError(errors)
django.core.exceptions.ValidationError: {'__all__': ["A student with the exact name 'Cost210 Student' is already enrolled in this course."]}
Failed to bulk-add student Cost1 Student
Traceback (most recent call last):
  File "/home/bond-servant-in-training/Documents/Projects/Grade-Automator-Plus-cache-commit-race/classrooms/services/roster_import.py", line 363, in import_roster
    result, succeeded = _import_row_with_email(course=course, row=row)
                        ^^^^^^^^^^^^^^^^^^^^^^^^^^^^^^^^^^^^^^^^^^^^^^
  File "/home/bond-servant-in-training/Documents/Projects/Grade-Automator-Plus-cache-commit-race/classrooms/services/roster_import.py", line 276, in _import_row_with_email
    StudentCourse.objects.create(
  File "/home/bond-servant-in-training/Documents/Virtualenvs/AutoGrader_env/lib/python3.12/site-packages/django/db/models/manager.py", line 87, in manager_method
    return getattr(self.get_queryset(), name)(*args, **kwargs)
           ^^^^^^^^^^^^^^^^^^^^^^^^^^^^^^^^^^^^^^^^^^^^^^^^^^^
  File "/home/bond-servant-in-training/Documents/Virtualenvs/AutoGrader_env/lib/python3.12/site-packages/django/db/models/query.py", line 663, in create
    obj.save(force_insert=True, using=self.db)
  File "/home/bond-servant-in-training/Documents/Projects/Grade-Automator-Plus-cache-commit-race/classrooms/models.py", line 369, in save
    self.full_clean()
  File "/home/bond-servant-in-training/Documents/Virtualenvs/AutoGrader_env/lib/python3.12/site-packages/django/db/models/base.py", line 1679, in full_clean
    raise ValidationError(errors)
django.core.exceptions.ValidationError: {'__all__': ["A student with the exact name 'Cost1 Student' is already enrolled in this course."]}
Failed to bulk-add student Cost49 Student
Traceback (most recent call last):
  File "/home/bond-servant-in-training/Documents/Projects/Grade-Automator-Plus-cache-commit-race/classrooms/services/roster_import.py", line 363, in import_roster
    result, succeeded = _import_row_with_email(course=course, row=row)
                        ^^^^^^^^^^^^^^^^^^^^^^^^^^^^^^^^^^^^^^^^^^^^^^
  File "/home/bond-servant-in-training/Documents/Projects/Grade-Automator-Plus-cache-commit-race/classrooms/services/roster_import.py", line 276, in _import_row_with_email
    StudentCourse.objects.create(
  File "/home/bond-servant-in-training/Documents/Virtualenvs/AutoGrader_env/lib/python3.12/site-packages/django/db/models/manager.py", line 87, in manager_method
    return getattr(self.get_queryset(), name)(*args, **kwargs)
           ^^^^^^^^^^^^^^^^^^^^^^^^^^^^^^^^^^^^^^^^^^^^^^^^^^^
  File "/home/bond-servant-in-training/Documents/Virtualenvs/AutoGrader_env/lib/python3.12/site-packages/django/db/models/query.py", line 663, in create
    obj.save(force_insert=True, using=self.db)
  File "/home/bond-servant-in-training/Documents/Projects/Grade-Automator-Plus-cache-commit-race/classrooms/models.py", line 369, in save
    self.full_clean()
  File "/home/bond-servant-in-training/Documents/Virtualenvs/AutoGrader_env/lib/python3.12/site-packages/django/db/models/base.py", line 1679, in full_clean
    raise ValidationError(errors)
django.core.exceptions.ValidationError: {'__all__': ["A student with the exact name 'Cost49 Student' is already enrolled in this course."]}
Failed to bulk-add student Cost359 Student
Traceback (most recent call last):
  File "/home/bond-servant-in-training/Documents/Projects/Grade-Automator-Plus-cache-commit-race/classrooms/services/roster_import.py", line 363, in import_roster
    result, succeeded = _import_row_with_email(course=course, row=row)
                        ^^^^^^^^^^^^^^^^^^^^^^^^^^^^^^^^^^^^^^^^^^^^^^
  File "/home/bond-servant-in-training/Documents/Projects/Grade-Automator-Plus-cache-commit-race/classrooms/services/roster_import.py", line 276, in _import_row_with_email
    StudentCourse.objects.create(
  File "/home/bond-servant-in-training/Documents/Virtualenvs/AutoGrader_env/lib/python3.12/site-packages/django/db/models/manager.py", line 87, in manager_method
    return getattr(self.get_queryset(), name)(*args, **kwargs)
           ^^^^^^^^^^^^^^^^^^^^^^^^^^^^^^^^^^^^^^^^^^^^^^^^^^^
  File "/home/bond-servant-in-training/Documents/Virtualenvs/AutoGrader_env/lib/python3.12/site-packages/django/db/models/query.py", line 663, in create
    obj.save(force_insert=True, using=self.db)
  File "/home/bond-servant-in-training/Documents/Projects/Grade-Automator-Plus-cache-commit-race/classrooms/models.py", line 369, in save
    self.full_clean()
  File "/home/bond-servant-in-training/Documents/Virtualenvs/AutoGrader_env/lib/python3.12/site-packages/django/db/models/base.py", line 1679, in full_clean
    raise ValidationError(errors)
django.core.exceptions.ValidationError: {'__all__': ["A student with the exact name 'Cost359 Student' is already enrolled in this course."]}
Failed to bulk-add student Cost194 Student
Traceback (most recent call last):
  File "/home/bond-servant-in-training/Documents/Projects/Grade-Automator-Plus-cache-commit-race/classrooms/services/roster_import.py", line 363, in import_roster
    result, succeeded = _import_row_with_email(course=course, row=row)
                        ^^^^^^^^^^^^^^^^^^^^^^^^^^^^^^^^^^^^^^^^^^^^^^
  File "/home/bond-servant-in-training/Documents/Projects/Grade-Automator-Plus-cache-commit-race/classrooms/services/roster_import.py", line 276, in _import_row_with_email
    StudentCourse.objects.create(
  File "/home/bond-servant-in-training/Documents/Virtualenvs/AutoGrader_env/lib/python3.12/site-packages/django/db/models/manager.py", line 87, in manager_method
    return getattr(self.get_queryset(), name)(*args, **kwargs)
           ^^^^^^^^^^^^^^^^^^^^^^^^^^^^^^^^^^^^^^^^^^^^^^^^^^^
  File "/home/bond-servant-in-training/Documents/Virtualenvs/AutoGrader_env/lib/python3.12/site-packages/django/db/models/query.py", line 663, in create
    obj.save(force_insert=True, using=self.db)
  File "/home/bond-servant-in-training/Documents/Projects/Grade-Automator-Plus-cache-commit-race/classrooms/models.py", line 369, in save
    self.full_clean()
  File "/home/bond-servant-in-training/Documents/Virtualenvs/AutoGrader_env/lib/python3.12/site-packages/django/db/models/base.py", line 1679, in full_clean
    raise ValidationError(errors)
django.core.exceptions.ValidationError: {'__all__': ["A student with the exact name 'Cost194 Student' is already enrolled in this course."]}
Failed to bulk-add student Cost323 Student
Traceback (most recent call last):
  File "/home/bond-servant-in-training/Documents/Projects/Grade-Automator-Plus-cache-commit-race/classrooms/services/roster_import.py", line 363, in import_roster
    result, succeeded = _import_row_with_email(course=course, row=row)
                        ^^^^^^^^^^^^^^^^^^^^^^^^^^^^^^^^^^^^^^^^^^^^^^
  File "/home/bond-servant-in-training/Documents/Projects/Grade-Automator-Plus-cache-commit-race/classrooms/services/roster_import.py", line 276, in _import_row_with_email
    StudentCourse.objects.create(
  File "/home/bond-servant-in-training/Documents/Virtualenvs/AutoGrader_env/lib/python3.12/site-packages/django/db/models/manager.py", line 87, in manager_method
    return getattr(self.get_queryset(), name)(*args, **kwargs)
           ^^^^^^^^^^^^^^^^^^^^^^^^^^^^^^^^^^^^^^^^^^^^^^^^^^^
  File "/home/bond-servant-in-training/Documents/Virtualenvs/AutoGrader_env/lib/python3.12/site-packages/django/db/models/query.py", line 663, in create
    obj.save(force_insert=True, using=self.db)
  File "/home/bond-servant-in-training/Documents/Projects/Grade-Automator-Plus-cache-commit-race/classrooms/models.py", line 369, in save
    self.full_clean()
  File "/home/bond-servant-in-training/Documents/Virtualenvs/AutoGrader_env/lib/python3.12/site-packages/django/db/models/base.py", line 1679, in full_clean
    raise ValidationError(errors)
django.core.exceptions.ValidationError: {'__all__': ["A student with the exact name 'Cost323 Student' is already enrolled in this course."]}
Failed to bulk-add student Cost349 Student
Traceback (most recent call last):
  File "/home/bond-servant-in-training/Documents/Projects/Grade-Automator-Plus-cache-commit-race/classrooms/services/roster_import.py", line 363, in import_roster
    result, succeeded = _import_row_with_email(course=course, row=row)
                        ^^^^^^^^^^^^^^^^^^^^^^^^^^^^^^^^^^^^^^^^^^^^^^
  File "/home/bond-servant-in-training/Documents/Projects/Grade-Automator-Plus-cache-commit-race/classrooms/services/roster_import.py", line 276, in _import_row_with_email
    StudentCourse.objects.create(
  File "/home/bond-servant-in-training/Documents/Virtualenvs/AutoGrader_env/lib/python3.12/site-packages/django/db/models/manager.py", line 87, in manager_method
    return getattr(self.get_queryset(), name)(*args, **kwargs)
           ^^^^^^^^^^^^^^^^^^^^^^^^^^^^^^^^^^^^^^^^^^^^^^^^^^^
  File "/home/bond-servant-in-training/Documents/Virtualenvs/AutoGrader_env/lib/python3.12/site-packages/django/db/models/query.py", line 663, in create
    obj.save(force_insert=True, using=self.db)
  File "/home/bond-servant-in-training/Documents/Projects/Grade-Automator-Plus-cache-commit-race/classrooms/models.py", line 369, in save
    self.full_clean()
  File "/home/bond-servant-in-training/Documents/Virtualenvs/AutoGrader_env/lib/python3.12/site-packages/django/db/models/base.py", line 1679, in full_clean
    raise ValidationError(errors)
django.core.exceptions.ValidationError: {'__all__': ["A student with the exact name 'Cost349 Student' is already enrolled in this course."]}
Failed to bulk-add student Cost386 Student
Traceback (most recent call last):
  File "/home/bond-servant-in-training/Documents/Projects/Grade-Automator-Plus-cache-commit-race/classrooms/services/roster_import.py", line 363, in import_roster
    result, succeeded = _import_row_with_email(course=course, row=row)
                        ^^^^^^^^^^^^^^^^^^^^^^^^^^^^^^^^^^^^^^^^^^^^^^
  File "/home/bond-servant-in-training/Documents/Projects/Grade-Automator-Plus-cache-commit-race/classrooms/services/roster_import.py", line 276, in _import_row_with_email
    StudentCourse.objects.create(
  File "/home/bond-servant-in-training/Documents/Virtualenvs/AutoGrader_env/lib/python3.12/site-packages/django/db/models/manager.py", line 87, in manager_method
    return getattr(self.get_queryset(), name)(*args, **kwargs)
           ^^^^^^^^^^^^^^^^^^^^^^^^^^^^^^^^^^^^^^^^^^^^^^^^^^^
  File "/home/bond-servant-in-training/Documents/Virtualenvs/AutoGrader_env/lib/python3.12/site-packages/django/db/models/query.py", line 663, in create
    obj.save(force_insert=True, using=self.db)
  File "/home/bond-servant-in-training/Documents/Projects/Grade-Automator-Plus-cache-commit-race/classrooms/models.py", line 369, in save
    self.full_clean()
  File "/home/bond-servant-in-training/Documents/Virtualenvs/AutoGrader_env/lib/python3.12/site-packages/django/db/models/base.py", line 1679, in full_clean
    raise ValidationError(errors)
django.core.exceptions.ValidationError: {'__all__': ["A student with the exact name 'Cost386 Student' is already enrolled in this course."]}
Failed to bulk-add student Cost32 Student
Traceback (most recent call last):
  File "/home/bond-servant-in-training/Documents/Projects/Grade-Automator-Plus-cache-commit-race/classrooms/services/roster_import.py", line 363, in import_roster
    result, succeeded = _import_row_with_email(course=course, row=row)
                        ^^^^^^^^^^^^^^^^^^^^^^^^^^^^^^^^^^^^^^^^^^^^^^
  File "/home/bond-servant-in-training/Documents/Projects/Grade-Automator-Plus-cache-commit-race/classrooms/services/roster_import.py", line 276, in _import_row_with_email
    StudentCourse.objects.create(
  File "/home/bond-servant-in-training/Documents/Virtualenvs/AutoGrader_env/lib/python3.12/site-packages/django/db/models/manager.py", line 87, in manager_method
    return getattr(self.get_queryset(), name)(*args, **kwargs)
           ^^^^^^^^^^^^^^^^^^^^^^^^^^^^^^^^^^^^^^^^^^^^^^^^^^^
  File "/home/bond-servant-in-training/Documents/Virtualenvs/AutoGrader_env/lib/python3.12/site-packages/django/db/models/query.py", line 663, in create
    obj.save(force_insert=True, using=self.db)
  File "/home/bond-servant-in-training/Documents/Projects/Grade-Automator-Plus-cache-commit-race/classrooms/models.py", line 369, in save
    self.full_clean()
  File "/home/bond-servant-in-training/Documents/Virtualenvs/AutoGrader_env/lib/python3.12/site-packages/django/db/models/base.py", line 1679, in full_clean
    raise ValidationError(errors)
django.core.exceptions.ValidationError: {'__all__': ["A student with the exact name 'Cost32 Student' is already enrolled in this course."]}
Failed to bulk-add student Cost247 Student
Traceback (most recent call last):
  File "/home/bond-servant-in-training/Documents/Projects/Grade-Automator-Plus-cache-commit-race/classrooms/services/roster_import.py", line 363, in import_roster
    result, succeeded = _import_row_with_email(course=course, row=row)
                        ^^^^^^^^^^^^^^^^^^^^^^^^^^^^^^^^^^^^^^^^^^^^^^
  File "/home/bond-servant-in-training/Documents/Projects/Grade-Automator-Plus-cache-commit-race/classrooms/services/roster_import.py", line 276, in _import_row_with_email
    StudentCourse.objects.create(
  File "/home/bond-servant-in-training/Documents/Virtualenvs/AutoGrader_env/lib/python3.12/site-packages/django/db/models/manager.py", line 87, in manager_method
    return getattr(self.get_queryset(), name)(*args, **kwargs)
           ^^^^^^^^^^^^^^^^^^^^^^^^^^^^^^^^^^^^^^^^^^^^^^^^^^^
  File "/home/bond-servant-in-training/Documents/Virtualenvs/AutoGrader_env/lib/python3.12/site-packages/django/db/models/query.py", line 663, in create
    obj.save(force_insert=True, using=self.db)
  File "/home/bond-servant-in-training/Documents/Projects/Grade-Automator-Plus-cache-commit-race/classrooms/models.py", line 369, in save
    self.full_clean()
  File "/home/bond-servant-in-training/Documents/Virtualenvs/AutoGrader_env/lib/python3.12/site-packages/django/db/models/base.py", line 1679, in full_clean
    raise ValidationError(errors)
django.core.exceptions.ValidationError: {'__all__': ["A student with the exact name 'Cost247 Student' is already enrolled in this course."]}
Failed to bulk-add student Cost9 Student
Traceback (most recent call last):
  File "/home/bond-servant-in-training/Documents/Projects/Grade-Automator-Plus-cache-commit-race/classrooms/services/roster_import.py", line 363, in import_roster
    result, succeeded = _import_row_with_email(course=course, row=row)
                        ^^^^^^^^^^^^^^^^^^^^^^^^^^^^^^^^^^^^^^^^^^^^^^
  File "/home/bond-servant-in-training/Documents/Projects/Grade-Automator-Plus-cache-commit-race/classrooms/services/roster_import.py", line 276, in _import_row_with_email
    StudentCourse.objects.create(
  File "/home/bond-servant-in-training/Documents/Virtualenvs/AutoGrader_env/lib/python3.12/site-packages/django/db/models/manager.py", line 87, in manager_method
    return getattr(self.get_queryset(), name)(*args, **kwargs)
           ^^^^^^^^^^^^^^^^^^^^^^^^^^^^^^^^^^^^^^^^^^^^^^^^^^^
  File "/home/bond-servant-in-training/Documents/Virtualenvs/AutoGrader_env/lib/python3.12/site-packages/django/db/models/query.py", line 663, in create
    obj.save(force_insert=True, using=self.db)
  File "/home/bond-servant-in-training/Documents/Projects/Grade-Automator-Plus-cache-commit-race/classrooms/models.py", line 369, in save
    self.full_clean()
  File "/home/bond-servant-in-training/Documents/Virtualenvs/AutoGrader_env/lib/python3.12/site-packages/django/db/models/base.py", line 1679, in full_clean
    raise ValidationError(errors)
django.core.exceptions.ValidationError: {'__all__': ["A student with the exact name 'Cost9 Student' is already enrolled in this course."]}
Failed to bulk-add student Cost169 Student
Traceback (most recent call last):
  File "/home/bond-servant-in-training/Documents/Projects/Grade-Automator-Plus-cache-commit-race/classrooms/services/roster_import.py", line 363, in import_roster
    result, succeeded = _import_row_with_email(course=course, row=row)
                        ^^^^^^^^^^^^^^^^^^^^^^^^^^^^^^^^^^^^^^^^^^^^^^
  File "/home/bond-servant-in-training/Documents/Projects/Grade-Automator-Plus-cache-commit-race/classrooms/services/roster_import.py", line 276, in _import_row_with_email
    StudentCourse.objects.create(
  File "/home/bond-servant-in-training/Documents/Virtualenvs/AutoGrader_env/lib/python3.12/site-packages/django/db/models/manager.py", line 87, in manager_method
    return getattr(self.get_queryset(), name)(*args, **kwargs)
           ^^^^^^^^^^^^^^^^^^^^^^^^^^^^^^^^^^^^^^^^^^^^^^^^^^^
  File "/home/bond-servant-in-training/Documents/Virtualenvs/AutoGrader_env/lib/python3.12/site-packages/django/db/models/query.py", line 663, in create
    obj.save(force_insert=True, using=self.db)
  File "/home/bond-servant-in-training/Documents/Projects/Grade-Automator-Plus-cache-commit-race/classrooms/models.py", line 369, in save
    self.full_clean()
  File "/home/bond-servant-in-training/Documents/Virtualenvs/AutoGrader_env/lib/python3.12/site-packages/django/db/models/base.py", line 1679, in full_clean
    raise ValidationError(errors)
django.core.exceptions.ValidationError: {'__all__': ["A student with the exact name 'Cost169 Student' is already enrolled in this course."]}
Failed to bulk-add student Cost298 Student
Traceback (most recent call last):
  File "/home/bond-servant-in-training/Documents/Projects/Grade-Automator-Plus-cache-commit-race/classrooms/services/roster_import.py", line 363, in import_roster
    result, succeeded = _import_row_with_email(course=course, row=row)
                        ^^^^^^^^^^^^^^^^^^^^^^^^^^^^^^^^^^^^^^^^^^^^^^
  File "/home/bond-servant-in-training/Documents/Projects/Grade-Automator-Plus-cache-commit-race/classrooms/services/roster_import.py", line 276, in _import_row_with_email
    StudentCourse.objects.create(
  File "/home/bond-servant-in-training/Documents/Virtualenvs/AutoGrader_env/lib/python3.12/site-packages/django/db/models/manager.py", line 87, in manager_method
    return getattr(self.get_queryset(), name)(*args, **kwargs)
           ^^^^^^^^^^^^^^^^^^^^^^^^^^^^^^^^^^^^^^^^^^^^^^^^^^^
  File "/home/bond-servant-in-training/Documents/Virtualenvs/AutoGrader_env/lib/python3.12/site-packages/django/db/models/query.py", line 663, in create
    obj.save(force_insert=True, using=self.db)
  File "/home/bond-servant-in-training/Documents/Projects/Grade-Automator-Plus-cache-commit-race/classrooms/models.py", line 369, in save
    self.full_clean()
  File "/home/bond-servant-in-training/Documents/Virtualenvs/AutoGrader_env/lib/python3.12/site-packages/django/db/models/base.py", line 1679, in full_clean
    raise ValidationError(errors)
django.core.exceptions.ValidationError: {'__all__': ["A student with the exact name 'Cost298 Student' is already enrolled in this course."]}
Failed to bulk-add student Cost387 Student
Traceback (most recent call last):
  File "/home/bond-servant-in-training/Documents/Projects/Grade-Automator-Plus-cache-commit-race/classrooms/services/roster_import.py", line 363, in import_roster
    result, succeeded = _import_row_with_email(course=course, row=row)
                        ^^^^^^^^^^^^^^^^^^^^^^^^^^^^^^^^^^^^^^^^^^^^^^
  File "/home/bond-servant-in-training/Documents/Projects/Grade-Automator-Plus-cache-commit-race/classrooms/services/roster_import.py", line 276, in _import_row_with_email
    StudentCourse.objects.create(
  File "/home/bond-servant-in-training/Documents/Virtualenvs/AutoGrader_env/lib/python3.12/site-packages/django/db/models/manager.py", line 87, in manager_method
    return getattr(self.get_queryset(), name)(*args, **kwargs)
           ^^^^^^^^^^^^^^^^^^^^^^^^^^^^^^^^^^^^^^^^^^^^^^^^^^^
  File "/home/bond-servant-in-training/Documents/Virtualenvs/AutoGrader_env/lib/python3.12/site-packages/django/db/models/query.py", line 663, in create
    obj.save(force_insert=True, using=self.db)
  File "/home/bond-servant-in-training/Documents/Projects/Grade-Automator-Plus-cache-commit-race/classrooms/models.py", line 369, in save
    self.full_clean()
  File "/home/bond-servant-in-training/Documents/Virtualenvs/AutoGrader_env/lib/python3.12/site-packages/django/db/models/base.py", line 1679, in full_clean
    raise ValidationError(errors)
django.core.exceptions.ValidationError: {'__all__': ["A student with the exact name 'Cost387 Student' is already enrolled in this course."]}
Failed to bulk-add student Cost33 Student
Traceback (most recent call last):
  File "/home/bond-servant-in-training/Documents/Projects/Grade-Automator-Plus-cache-commit-race/classrooms/services/roster_import.py", line 363, in import_roster
    result, succeeded = _import_row_with_email(course=course, row=row)
                        ^^^^^^^^^^^^^^^^^^^^^^^^^^^^^^^^^^^^^^^^^^^^^^
  File "/home/bond-servant-in-training/Documents/Projects/Grade-Automator-Plus-cache-commit-race/classrooms/services/roster_import.py", line 276, in _import_row_with_email
    StudentCourse.objects.create(
  File "/home/bond-servant-in-training/Documents/Virtualenvs/AutoGrader_env/lib/python3.12/site-packages/django/db/models/manager.py", line 87, in manager_method
    return getattr(self.get_queryset(), name)(*args, **kwargs)
           ^^^^^^^^^^^^^^^^^^^^^^^^^^^^^^^^^^^^^^^^^^^^^^^^^^^
  File "/home/bond-servant-in-training/Documents/Virtualenvs/AutoGrader_env/lib/python3.12/site-packages/django/db/models/query.py", line 663, in create
    obj.save(force_insert=True, using=self.db)
  File "/home/bond-servant-in-training/Documents/Projects/Grade-Automator-Plus-cache-commit-race/classrooms/models.py", line 369, in save
    self.full_clean()
  File "/home/bond-servant-in-training/Documents/Virtualenvs/AutoGrader_env/lib/python3.12/site-packages/django/db/models/base.py", line 1679, in full_clean
    raise ValidationError(errors)
django.core.exceptions.ValidationError: {'__all__': ["A student with the exact name 'Cost33 Student' is already enrolled in this course."]}
Failed to bulk-add student Cost179 Student
Traceback (most recent call last):
  File "/home/bond-servant-in-training/Documents/Projects/Grade-Automator-Plus-cache-commit-race/classrooms/services/roster_import.py", line 363, in import_roster
    result, succeeded = _import_row_with_email(course=course, row=row)
                        ^^^^^^^^^^^^^^^^^^^^^^^^^^^^^^^^^^^^^^^^^^^^^^
  File "/home/bond-servant-in-training/Documents/Projects/Grade-Automator-Plus-cache-commit-race/classrooms/services/roster_import.py", line 276, in _import_row_with_email
    StudentCourse.objects.create(
  File "/home/bond-servant-in-training/Documents/Virtualenvs/AutoGrader_env/lib/python3.12/site-packages/django/db/models/manager.py", line 87, in manager_method
    return getattr(self.get_queryset(), name)(*args, **kwargs)
           ^^^^^^^^^^^^^^^^^^^^^^^^^^^^^^^^^^^^^^^^^^^^^^^^^^^
  File "/home/bond-servant-in-training/Documents/Virtualenvs/AutoGrader_env/lib/python3.12/site-packages/django/db/models/query.py", line 663, in create
    obj.save(force_insert=True, using=self.db)
  File "/home/bond-servant-in-training/Documents/Projects/Grade-Automator-Plus-cache-commit-race/classrooms/models.py", line 369, in save
    self.full_clean()
  File "/home/bond-servant-in-training/Documents/Virtualenvs/AutoGrader_env/lib/python3.12/site-packages/django/db/models/base.py", line 1679, in full_clean
    raise ValidationError(errors)
django.core.exceptions.ValidationError: {'__all__': ["A student with the exact name 'Cost179 Student' is already enrolled in this course."]}
Failed to bulk-add student Cost216 Student
Traceback (most recent call last):
  File "/home/bond-servant-in-training/Documents/Projects/Grade-Automator-Plus-cache-commit-race/classrooms/services/roster_import.py", line 363, in import_roster
    result, succeeded = _import_row_with_email(course=course, row=row)
                        ^^^^^^^^^^^^^^^^^^^^^^^^^^^^^^^^^^^^^^^^^^^^^^
  File "/home/bond-servant-in-training/Documents/Projects/Grade-Automator-Plus-cache-commit-race/classrooms/services/roster_import.py", line 276, in _import_row_with_email
    StudentCourse.objects.create(
  File "/home/bond-servant-in-training/Documents/Virtualenvs/AutoGrader_env/lib/python3.12/site-packages/django/db/models/manager.py", line 87, in manager_method
    return getattr(self.get_queryset(), name)(*args, **kwargs)
           ^^^^^^^^^^^^^^^^^^^^^^^^^^^^^^^^^^^^^^^^^^^^^^^^^^^
  File "/home/bond-servant-in-training/Documents/Virtualenvs/AutoGrader_env/lib/python3.12/site-packages/django/db/models/query.py", line 663, in create
    obj.save(force_insert=True, using=self.db)
  File "/home/bond-servant-in-training/Documents/Projects/Grade-Automator-Plus-cache-commit-race/classrooms/models.py", line 369, in save
    self.full_clean()
  File "/home/bond-servant-in-training/Documents/Virtualenvs/AutoGrader_env/lib/python3.12/site-packages/django/db/models/base.py", line 1679, in full_clean
    raise ValidationError(errors)
django.core.exceptions.ValidationError: {'__all__': ["A student with the exact name 'Cost216 Student' is already enrolled in this course."]}
Failed to bulk-add student Cost79 Student
Traceback (most recent call last):
  File "/home/bond-servant-in-training/Documents/Projects/Grade-Automator-Plus-cache-commit-race/classrooms/services/roster_import.py", line 363, in import_roster
    result, succeeded = _import_row_with_email(course=course, row=row)
                        ^^^^^^^^^^^^^^^^^^^^^^^^^^^^^^^^^^^^^^^^^^^^^^
  File "/home/bond-servant-in-training/Documents/Projects/Grade-Automator-Plus-cache-commit-race/classrooms/services/roster_import.py", line 276, in _import_row_with_email
    StudentCourse.objects.create(
  File "/home/bond-servant-in-training/Documents/Virtualenvs/AutoGrader_env/lib/python3.12/site-packages/django/db/models/manager.py", line 87, in manager_method
    return getattr(self.get_queryset(), name)(*args, **kwargs)
           ^^^^^^^^^^^^^^^^^^^^^^^^^^^^^^^^^^^^^^^^^^^^^^^^^^^
  File "/home/bond-servant-in-training/Documents/Virtualenvs/AutoGrader_env/lib/python3.12/site-packages/django/db/models/query.py", line 663, in create
    obj.save(force_insert=True, using=self.db)
  File "/home/bond-servant-in-training/Documents/Projects/Grade-Automator-Plus-cache-commit-race/classrooms/models.py", line 369, in save
    self.full_clean()
  File "/home/bond-servant-in-training/Documents/Virtualenvs/AutoGrader_env/lib/python3.12/site-packages/django/db/models/base.py", line 1679, in full_clean
    raise ValidationError(errors)
django.core.exceptions.ValidationError: {'__all__': ["A student with the exact name 'Cost79 Student' is already enrolled in this course."]}
Failed to bulk-add student Cost222 Student
Traceback (most recent call last):
  File "/home/bond-servant-in-training/Documents/Projects/Grade-Automator-Plus-cache-commit-race/classrooms/services/roster_import.py", line 363, in import_roster
    result, succeeded = _import_row_with_email(course=course, row=row)
                        ^^^^^^^^^^^^^^^^^^^^^^^^^^^^^^^^^^^^^^^^^^^^^^
  File "/home/bond-servant-in-training/Documents/Projects/Grade-Automator-Plus-cache-commit-race/classrooms/services/roster_import.py", line 276, in _import_row_with_email
    StudentCourse.objects.create(
  File "/home/bond-servant-in-training/Documents/Virtualenvs/AutoGrader_env/lib/python3.12/site-packages/django/db/models/manager.py", line 87, in manager_method
    return getattr(self.get_queryset(), name)(*args, **kwargs)
           ^^^^^^^^^^^^^^^^^^^^^^^^^^^^^^^^^^^^^^^^^^^^^^^^^^^
  File "/home/bond-servant-in-training/Documents/Virtualenvs/AutoGrader_env/lib/python3.12/site-packages/django/db/models/query.py", line 663, in create
    obj.save(force_insert=True, using=self.db)
  File "/home/bond-servant-in-training/Documents/Projects/Grade-Automator-Plus-cache-commit-race/classrooms/models.py", line 369, in save
    self.full_clean()
  File "/home/bond-servant-in-training/Documents/Virtualenvs/AutoGrader_env/lib/python3.12/site-packages/django/db/models/base.py", line 1679, in full_clean
    raise ValidationError(errors)
django.core.exceptions.ValidationError: {'__all__': ["A student with the exact name 'Cost222 Student' is already enrolled in this course."]}
Failed to bulk-add student Cost388 Student
Traceback (most recent call last):
  File "/home/bond-servant-in-training/Documents/Projects/Grade-Automator-Plus-cache-commit-race/classrooms/services/roster_import.py", line 363, in import_roster
    result, succeeded = _import_row_with_email(course=course, row=row)
                        ^^^^^^^^^^^^^^^^^^^^^^^^^^^^^^^^^^^^^^^^^^^^^^
  File "/home/bond-servant-in-training/Documents/Projects/Grade-Automator-Plus-cache-commit-race/classrooms/services/roster_import.py", line 276, in _import_row_with_email
    StudentCourse.objects.create(
  File "/home/bond-servant-in-training/Documents/Virtualenvs/AutoGrader_env/lib/python3.12/site-packages/django/db/models/manager.py", line 87, in manager_method
    return getattr(self.get_queryset(), name)(*args, **kwargs)
           ^^^^^^^^^^^^^^^^^^^^^^^^^^^^^^^^^^^^^^^^^^^^^^^^^^^
  File "/home/bond-servant-in-training/Documents/Virtualenvs/AutoGrader_env/lib/python3.12/site-packages/django/db/models/query.py", line 663, in create
    obj.save(force_insert=True, using=self.db)
  File "/home/bond-servant-in-training/Documents/Projects/Grade-Automator-Plus-cache-commit-race/classrooms/models.py", line 369, in save
    self.full_clean()
  File "/home/bond-servant-in-training/Documents/Virtualenvs/AutoGrader_env/lib/python3.12/site-packages/django/db/models/base.py", line 1679, in full_clean
    raise ValidationError(errors)
django.core.exceptions.ValidationError: {'__all__': ["A student with the exact name 'Cost388 Student' is already enrolled in this course."]}
Failed to bulk-add student Cost129 Student
Traceback (most recent call last):
  File "/home/bond-servant-in-training/Documents/Projects/Grade-Automator-Plus-cache-commit-race/classrooms/services/roster_import.py", line 363, in import_roster
    result, succeeded = _import_row_with_email(course=course, row=row)
                        ^^^^^^^^^^^^^^^^^^^^^^^^^^^^^^^^^^^^^^^^^^^^^^
  File "/home/bond-servant-in-training/Documents/Projects/Grade-Automator-Plus-cache-commit-race/classrooms/services/roster_import.py", line 276, in _import_row_with_email
    StudentCourse.objects.create(
  File "/home/bond-servant-in-training/Documents/Virtualenvs/AutoGrader_env/lib/python3.12/site-packages/django/db/models/manager.py", line 87, in manager_method
    return getattr(self.get_queryset(), name)(*args, **kwargs)
           ^^^^^^^^^^^^^^^^^^^^^^^^^^^^^^^^^^^^^^^^^^^^^^^^^^^
  File "/home/bond-servant-in-training/Documents/Virtualenvs/AutoGrader_env/lib/python3.12/site-packages/django/db/models/query.py", line 663, in create
    obj.save(force_insert=True, using=self.db)
  File "/home/bond-servant-in-training/Documents/Projects/Grade-Automator-Plus-cache-commit-race/classrooms/models.py", line 369, in save
    self.full_clean()
  File "/home/bond-servant-in-training/Documents/Virtualenvs/AutoGrader_env/lib/python3.12/site-packages/django/db/models/base.py", line 1679, in full_clean
    raise ValidationError(errors)
django.core.exceptions.ValidationError: {'__all__': ["A student with the exact name 'Cost129 Student' is already enrolled in this course."]}
Failed to bulk-add student Cost116 Student
Traceback (most recent call last):
  File "/home/bond-servant-in-training/Documents/Projects/Grade-Automator-Plus-cache-commit-race/classrooms/services/roster_import.py", line 363, in import_roster
    result, succeeded = _import_row_with_email(course=course, row=row)
                        ^^^^^^^^^^^^^^^^^^^^^^^^^^^^^^^^^^^^^^^^^^^^^^
  File "/home/bond-servant-in-training/Documents/Projects/Grade-Automator-Plus-cache-commit-race/classrooms/services/roster_import.py", line 276, in _import_row_with_email
    StudentCourse.objects.create(
  File "/home/bond-servant-in-training/Documents/Virtualenvs/AutoGrader_env/lib/python3.12/site-packages/django/db/models/manager.py", line 87, in manager_method
    return getattr(self.get_queryset(), name)(*args, **kwargs)
           ^^^^^^^^^^^^^^^^^^^^^^^^^^^^^^^^^^^^^^^^^^^^^^^^^^^
  File "/home/bond-servant-in-training/Documents/Virtualenvs/AutoGrader_env/lib/python3.12/site-packages/django/db/models/query.py", line 663, in create
    obj.save(force_insert=True, using=self.db)
  File "/home/bond-servant-in-training/Documents/Projects/Grade-Automator-Plus-cache-commit-race/classrooms/models.py", line 369, in save
    self.full_clean()
  File "/home/bond-servant-in-training/Documents/Virtualenvs/AutoGrader_env/lib/python3.12/site-packages/django/db/models/base.py", line 1679, in full_clean
    raise ValidationError(errors)
django.core.exceptions.ValidationError: {'__all__': ["A student with the exact name 'Cost116 Student' is already enrolled in this course."]}
Failed to bulk-add student Cost176 Student
Traceback (most recent call last):
  File "/home/bond-servant-in-training/Documents/Projects/Grade-Automator-Plus-cache-commit-race/classrooms/services/roster_import.py", line 363, in import_roster
    result, succeeded = _import_row_with_email(course=course, row=row)
                        ^^^^^^^^^^^^^^^^^^^^^^^^^^^^^^^^^^^^^^^^^^^^^^
  File "/home/bond-servant-in-training/Documents/Projects/Grade-Automator-Plus-cache-commit-race/classrooms/services/roster_import.py", line 276, in _import_row_with_email
    StudentCourse.objects.create(
  File "/home/bond-servant-in-training/Documents/Virtualenvs/AutoGrader_env/lib/python3.12/site-packages/django/db/models/manager.py", line 87, in manager_method
    return getattr(self.get_queryset(), name)(*args, **kwargs)
           ^^^^^^^^^^^^^^^^^^^^^^^^^^^^^^^^^^^^^^^^^^^^^^^^^^^
  File "/home/bond-servant-in-training/Documents/Virtualenvs/AutoGrader_env/lib/python3.12/site-packages/django/db/models/query.py", line 663, in create
    obj.save(force_insert=True, using=self.db)
  File "/home/bond-servant-in-training/Documents/Projects/Grade-Automator-Plus-cache-commit-race/classrooms/models.py", line 369, in save
    self.full_clean()
  File "/home/bond-servant-in-training/Documents/Virtualenvs/AutoGrader_env/lib/python3.12/site-packages/django/db/models/base.py", line 1679, in full_clean
    raise ValidationError(errors)
django.core.exceptions.ValidationError: {'__all__': ["A student with the exact name 'Cost176 Student' is already enrolled in this course."]}
Failed to bulk-add student Cost399 Student
Traceback (most recent call last):
  File "/home/bond-servant-in-training/Documents/Projects/Grade-Automator-Plus-cache-commit-race/classrooms/services/roster_import.py", line 363, in import_roster
    result, succeeded = _import_row_with_email(course=course, row=row)
                        ^^^^^^^^^^^^^^^^^^^^^^^^^^^^^^^^^^^^^^^^^^^^^^
  File "/home/bond-servant-in-training/Documents/Projects/Grade-Automator-Plus-cache-commit-race/classrooms/services/roster_import.py", line 276, in _import_row_with_email
    StudentCourse.objects.create(
  File "/home/bond-servant-in-training/Documents/Virtualenvs/AutoGrader_env/lib/python3.12/site-packages/django/db/models/manager.py", line 87, in manager_method
    return getattr(self.get_queryset(), name)(*args, **kwargs)
           ^^^^^^^^^^^^^^^^^^^^^^^^^^^^^^^^^^^^^^^^^^^^^^^^^^^
  File "/home/bond-servant-in-training/Documents/Virtualenvs/AutoGrader_env/lib/python3.12/site-packages/django/db/models/query.py", line 663, in create
    obj.save(force_insert=True, using=self.db)
  File "/home/bond-servant-in-training/Documents/Projects/Grade-Automator-Plus-cache-commit-race/classrooms/models.py", line 369, in save
    self.full_clean()
  File "/home/bond-servant-in-training/Documents/Virtualenvs/AutoGrader_env/lib/python3.12/site-packages/django/db/models/base.py", line 1679, in full_clean
    raise ValidationError(errors)
django.core.exceptions.ValidationError: {'__all__': ["A student with the exact name 'Cost399 Student' is already enrolled in this course."]}
Failed to bulk-add student Cost26 Student
Traceback (most recent call last):
  File "/home/bond-servant-in-training/Documents/Projects/Grade-Automator-Plus-cache-commit-race/classrooms/services/roster_import.py", line 363, in import_roster
    result, succeeded = _import_row_with_email(course=course, row=row)
                        ^^^^^^^^^^^^^^^^^^^^^^^^^^^^^^^^^^^^^^^^^^^^^^
  File "/home/bond-servant-in-training/Documents/Projects/Grade-Automator-Plus-cache-commit-race/classrooms/services/roster_import.py", line 276, in _import_row_with_email
    StudentCourse.objects.create(
  File "/home/bond-servant-in-training/Documents/Virtualenvs/AutoGrader_env/lib/python3.12/site-packages/django/db/models/manager.py", line 87, in manager_method
    return getattr(self.get_queryset(), name)(*args, **kwargs)
           ^^^^^^^^^^^^^^^^^^^^^^^^^^^^^^^^^^^^^^^^^^^^^^^^^^^
  File "/home/bond-servant-in-training/Documents/Virtualenvs/AutoGrader_env/lib/python3.12/site-packages/django/db/models/query.py", line 663, in create
    obj.save(force_insert=True, using=self.db)
  File "/home/bond-servant-in-training/Documents/Projects/Grade-Automator-Plus-cache-commit-race/classrooms/models.py", line 369, in save
    self.full_clean()
  File "/home/bond-servant-in-training/Documents/Virtualenvs/AutoGrader_env/lib/python3.12/site-packages/django/db/models/base.py", line 1679, in full_clean
    raise ValidationError(errors)
django.core.exceptions.ValidationError: {'__all__': ["A student with the exact name 'Cost26 Student' is already enrolled in this course."]}
Failed to bulk-add student Cost82 Student
Traceback (most recent call last):
  File "/home/bond-servant-in-training/Documents/Projects/Grade-Automator-Plus-cache-commit-race/classrooms/services/roster_import.py", line 363, in import_roster
    result, succeeded = _import_row_with_email(course=course, row=row)
                        ^^^^^^^^^^^^^^^^^^^^^^^^^^^^^^^^^^^^^^^^^^^^^^
  File "/home/bond-servant-in-training/Documents/Projects/Grade-Automator-Plus-cache-commit-race/classrooms/services/roster_import.py", line 276, in _import_row_with_email
    StudentCourse.objects.create(
  File "/home/bond-servant-in-training/Documents/Virtualenvs/AutoGrader_env/lib/python3.12/site-packages/django/db/models/manager.py", line 87, in manager_method
    return getattr(self.get_queryset(), name)(*args, **kwargs)
           ^^^^^^^^^^^^^^^^^^^^^^^^^^^^^^^^^^^^^^^^^^^^^^^^^^^
  File "/home/bond-servant-in-training/Documents/Virtualenvs/AutoGrader_env/lib/python3.12/site-packages/django/db/models/query.py", line 663, in create
    obj.save(force_insert=True, using=self.db)
  File "/home/bond-servant-in-training/Documents/Projects/Grade-Automator-Plus-cache-commit-race/classrooms/models.py", line 369, in save
    self.full_clean()
  File "/home/bond-servant-in-training/Documents/Virtualenvs/AutoGrader_env/lib/python3.12/site-packages/django/db/models/base.py", line 1679, in full_clean
    raise ValidationError(errors)
django.core.exceptions.ValidationError: {'__all__': ["A student with the exact name 'Cost82 Student' is already enrolled in this course."]}
Failed to bulk-add student Cost137 Student
Traceback (most recent call last):
  File "/home/bond-servant-in-training/Documents/Projects/Grade-Automator-Plus-cache-commit-race/classrooms/services/roster_import.py", line 363, in import_roster
    result, succeeded = _import_row_with_email(course=course, row=row)
                        ^^^^^^^^^^^^^^^^^^^^^^^^^^^^^^^^^^^^^^^^^^^^^^
  File "/home/bond-servant-in-training/Documents/Projects/Grade-Automator-Plus-cache-commit-race/classrooms/services/roster_import.py", line 276, in _import_row_with_email
    StudentCourse.objects.create(
  File "/home/bond-servant-in-training/Documents/Virtualenvs/AutoGrader_env/lib/python3.12/site-packages/django/db/models/manager.py", line 87, in manager_method
    return getattr(self.get_queryset(), name)(*args, **kwargs)
           ^^^^^^^^^^^^^^^^^^^^^^^^^^^^^^^^^^^^^^^^^^^^^^^^^^^
  File "/home/bond-servant-in-training/Documents/Virtualenvs/AutoGrader_env/lib/python3.12/site-packages/django/db/models/query.py", line 663, in create
    obj.save(force_insert=True, using=self.db)
  File "/home/bond-servant-in-training/Documents/Projects/Grade-Automator-Plus-cache-commit-race/classrooms/models.py", line 369, in save
    self.full_clean()
  File "/home/bond-servant-in-training/Documents/Virtualenvs/AutoGrader_env/lib/python3.12/site-packages/django/db/models/base.py", line 1679, in full_clean
    raise ValidationError(errors)
django.core.exceptions.ValidationError: {'__all__': ["A student with the exact name 'Cost137 Student' is already enrolled in this course."]}
Failed to bulk-add student Cost396 Student
Traceback (most recent call last):
  File "/home/bond-servant-in-training/Documents/Projects/Grade-Automator-Plus-cache-commit-race/classrooms/services/roster_import.py", line 363, in import_roster
    result, succeeded = _import_row_with_email(course=course, row=row)
                        ^^^^^^^^^^^^^^^^^^^^^^^^^^^^^^^^^^^^^^^^^^^^^^
  File "/home/bond-servant-in-training/Documents/Projects/Grade-Automator-Plus-cache-commit-race/classrooms/services/roster_import.py", line 276, in _import_row_with_email
    StudentCourse.objects.create(
  File "/home/bond-servant-in-training/Documents/Virtualenvs/AutoGrader_env/lib/python3.12/site-packages/django/db/models/manager.py", line 87, in manager_method
    return getattr(self.get_queryset(), name)(*args, **kwargs)
           ^^^^^^^^^^^^^^^^^^^^^^^^^^^^^^^^^^^^^^^^^^^^^^^^^^^
  File "/home/bond-servant-in-training/Documents/Virtualenvs/AutoGrader_env/lib/python3.12/site-packages/django/db/models/query.py", line 663, in create
    obj.save(force_insert=True, using=self.db)
  File "/home/bond-servant-in-training/Documents/Projects/Grade-Automator-Plus-cache-commit-race/classrooms/models.py", line 369, in save
    self.full_clean()
  File "/home/bond-servant-in-training/Documents/Virtualenvs/AutoGrader_env/lib/python3.12/site-packages/django/db/models/base.py", line 1679, in full_clean
    raise ValidationError(errors)
django.core.exceptions.ValidationError: {'__all__': ["A student with the exact name 'Cost396 Student' is already enrolled in this course."]}
Failed to bulk-add student Cost324 Student
Traceback (most recent call last):
  File "/home/bond-servant-in-training/Documents/Projects/Grade-Automator-Plus-cache-commit-race/classrooms/services/roster_import.py", line 363, in import_roster
    result, succeeded = _import_row_with_email(course=course, row=row)
                        ^^^^^^^^^^^^^^^^^^^^^^^^^^^^^^^^^^^^^^^^^^^^^^
  File "/home/bond-servant-in-training/Documents/Projects/Grade-Automator-Plus-cache-commit-race/classrooms/services/roster_import.py", line 276, in _import_row_with_email
    StudentCourse.objects.create(
  File "/home/bond-servant-in-training/Documents/Virtualenvs/AutoGrader_env/lib/python3.12/site-packages/django/db/models/manager.py", line 87, in manager_method
    return getattr(self.get_queryset(), name)(*args, **kwargs)
           ^^^^^^^^^^^^^^^^^^^^^^^^^^^^^^^^^^^^^^^^^^^^^^^^^^^
  File "/home/bond-servant-in-training/Documents/Virtualenvs/AutoGrader_env/lib/python3.12/site-packages/django/db/models/query.py", line 663, in create
    obj.save(force_insert=True, using=self.db)
  File "/home/bond-servant-in-training/Documents/Projects/Grade-Automator-Plus-cache-commit-race/classrooms/models.py", line 369, in save
    self.full_clean()
  File "/home/bond-servant-in-training/Documents/Virtualenvs/AutoGrader_env/lib/python3.12/site-packages/django/db/models/base.py", line 1679, in full_clean
    raise ValidationError(errors)
django.core.exceptions.ValidationError: {'__all__': ["A student with the exact name 'Cost324 Student' is already enrolled in this course."]}
Failed to bulk-add student Cost35 Student
Traceback (most recent call last):
  File "/home/bond-servant-in-training/Documents/Projects/Grade-Automator-Plus-cache-commit-race/classrooms/services/roster_import.py", line 363, in import_roster
    result, succeeded = _import_row_with_email(course=course, row=row)
                        ^^^^^^^^^^^^^^^^^^^^^^^^^^^^^^^^^^^^^^^^^^^^^^
  File "/home/bond-servant-in-training/Documents/Projects/Grade-Automator-Plus-cache-commit-race/classrooms/services/roster_import.py", line 276, in _import_row_with_email
    StudentCourse.objects.create(
  File "/home/bond-servant-in-training/Documents/Virtualenvs/AutoGrader_env/lib/python3.12/site-packages/django/db/models/manager.py", line 87, in manager_method
    return getattr(self.get_queryset(), name)(*args, **kwargs)
           ^^^^^^^^^^^^^^^^^^^^^^^^^^^^^^^^^^^^^^^^^^^^^^^^^^^
  File "/home/bond-servant-in-training/Documents/Virtualenvs/AutoGrader_env/lib/python3.12/site-packages/django/db/models/query.py", line 663, in create
    obj.save(force_insert=True, using=self.db)
  File "/home/bond-servant-in-training/Documents/Projects/Grade-Automator-Plus-cache-commit-race/classrooms/models.py", line 369, in save
    self.full_clean()
  File "/home/bond-servant-in-training/Documents/Virtualenvs/AutoGrader_env/lib/python3.12/site-packages/django/db/models/base.py", line 1679, in full_clean
    raise ValidationError(errors)
django.core.exceptions.ValidationError: {'__all__': ["A student with the exact name 'Cost35 Student' is already enrolled in this course."]}
Failed to bulk-add student Cost291 Student
Traceback (most recent call last):
  File "/home/bond-servant-in-training/Documents/Projects/Grade-Automator-Plus-cache-commit-race/classrooms/services/roster_import.py", line 363, in import_roster
    result, succeeded = _import_row_with_email(course=course, row=row)
                        ^^^^^^^^^^^^^^^^^^^^^^^^^^^^^^^^^^^^^^^^^^^^^^
  File "/home/bond-servant-in-training/Documents/Projects/Grade-Automator-Plus-cache-commit-race/classrooms/services/roster_import.py", line 276, in _import_row_with_email
    StudentCourse.objects.create(
  File "/home/bond-servant-in-training/Documents/Virtualenvs/AutoGrader_env/lib/python3.12/site-packages/django/db/models/manager.py", line 87, in manager_method
    return getattr(self.get_queryset(), name)(*args, **kwargs)
           ^^^^^^^^^^^^^^^^^^^^^^^^^^^^^^^^^^^^^^^^^^^^^^^^^^^
  File "/home/bond-servant-in-training/Documents/Virtualenvs/AutoGrader_env/lib/python3.12/site-packages/django/db/models/query.py", line 663, in create
    obj.save(force_insert=True, using=self.db)
  File "/home/bond-servant-in-training/Documents/Projects/Grade-Automator-Plus-cache-commit-race/classrooms/models.py", line 369, in save
    self.full_clean()
  File "/home/bond-servant-in-training/Documents/Virtualenvs/AutoGrader_env/lib/python3.12/site-packages/django/db/models/base.py", line 1679, in full_clean
    raise ValidationError(errors)
django.core.exceptions.ValidationError: {'__all__': ["A student with the exact name 'Cost291 Student' is already enrolled in this course."]}
Failed to bulk-add student Cost23 Student
Traceback (most recent call last):
  File "/home/bond-servant-in-training/Documents/Projects/Grade-Automator-Plus-cache-commit-race/classrooms/services/roster_import.py", line 363, in import_roster
    result, succeeded = _import_row_with_email(course=course, row=row)
                        ^^^^^^^^^^^^^^^^^^^^^^^^^^^^^^^^^^^^^^^^^^^^^^
  File "/home/bond-servant-in-training/Documents/Projects/Grade-Automator-Plus-cache-commit-race/classrooms/services/roster_import.py", line 276, in _import_row_with_email
    StudentCourse.objects.create(
  File "/home/bond-servant-in-training/Documents/Virtualenvs/AutoGrader_env/lib/python3.12/site-packages/django/db/models/manager.py", line 87, in manager_method
    return getattr(self.get_queryset(), name)(*args, **kwargs)
           ^^^^^^^^^^^^^^^^^^^^^^^^^^^^^^^^^^^^^^^^^^^^^^^^^^^
  File "/home/bond-servant-in-training/Documents/Virtualenvs/AutoGrader_env/lib/python3.12/site-packages/django/db/models/query.py", line 663, in create
    obj.save(force_insert=True, using=self.db)
  File "/home/bond-servant-in-training/Documents/Projects/Grade-Automator-Plus-cache-commit-race/classrooms/models.py", line 369, in save
    self.full_clean()
  File "/home/bond-servant-in-training/Documents/Virtualenvs/AutoGrader_env/lib/python3.12/site-packages/django/db/models/base.py", line 1679, in full_clean
    raise ValidationError(errors)
django.core.exceptions.ValidationError: {'__all__': ["A student with the exact name 'Cost23 Student' is already enrolled in this course."]}
Failed to bulk-add student Cost240 Student
Traceback (most recent call last):
  File "/home/bond-servant-in-training/Documents/Projects/Grade-Automator-Plus-cache-commit-race/classrooms/services/roster_import.py", line 363, in import_roster
    result, succeeded = _import_row_with_email(course=course, row=row)
                        ^^^^^^^^^^^^^^^^^^^^^^^^^^^^^^^^^^^^^^^^^^^^^^
  File "/home/bond-servant-in-training/Documents/Projects/Grade-Automator-Plus-cache-commit-race/classrooms/services/roster_import.py", line 276, in _import_row_with_email
    StudentCourse.objects.create(
  File "/home/bond-servant-in-training/Documents/Virtualenvs/AutoGrader_env/lib/python3.12/site-packages/django/db/models/manager.py", line 87, in manager_method
    return getattr(self.get_queryset(), name)(*args, **kwargs)
           ^^^^^^^^^^^^^^^^^^^^^^^^^^^^^^^^^^^^^^^^^^^^^^^^^^^
  File "/home/bond-servant-in-training/Documents/Virtualenvs/AutoGrader_env/lib/python3.12/site-packages/django/db/models/query.py", line 663, in create
    obj.save(force_insert=True, using=self.db)
  File "/home/bond-servant-in-training/Documents/Projects/Grade-Automator-Plus-cache-commit-race/classrooms/models.py", line 369, in save
    self.full_clean()
  File "/home/bond-servant-in-training/Documents/Virtualenvs/AutoGrader_env/lib/python3.12/site-packages/django/db/models/base.py", line 1679, in full_clean
    raise ValidationError(errors)
django.core.exceptions.ValidationError: {'__all__': ["A student with the exact name 'Cost240 Student' is already enrolled in this course."]}
Failed to bulk-add student Cost241 Student
Traceback (most recent call last):
  File "/home/bond-servant-in-training/Documents/Projects/Grade-Automator-Plus-cache-commit-race/classrooms/services/roster_import.py", line 363, in import_roster
    result, succeeded = _import_row_with_email(course=course, row=row)
                        ^^^^^^^^^^^^^^^^^^^^^^^^^^^^^^^^^^^^^^^^^^^^^^
  File "/home/bond-servant-in-training/Documents/Projects/Grade-Automator-Plus-cache-commit-race/classrooms/services/roster_import.py", line 276, in _import_row_with_email
    StudentCourse.objects.create(
  File "/home/bond-servant-in-training/Documents/Virtualenvs/AutoGrader_env/lib/python3.12/site-packages/django/db/models/manager.py", line 87, in manager_method
    return getattr(self.get_queryset(), name)(*args, **kwargs)
           ^^^^^^^^^^^^^^^^^^^^^^^^^^^^^^^^^^^^^^^^^^^^^^^^^^^
  File "/home/bond-servant-in-training/Documents/Virtualenvs/AutoGrader_env/lib/python3.12/site-packages/django/db/models/query.py", line 663, in create
    obj.save(force_insert=True, using=self.db)
  File "/home/bond-servant-in-training/Documents/Projects/Grade-Automator-Plus-cache-commit-race/classrooms/models.py", line 369, in save
    self.full_clean()
  File "/home/bond-servant-in-training/Documents/Virtualenvs/AutoGrader_env/lib/python3.12/site-packages/django/db/models/base.py", line 1679, in full_clean
    raise ValidationError(errors)
django.core.exceptions.ValidationError: {'__all__': ["A student with the exact name 'Cost241 Student' is already enrolled in this course."]}
Failed to bulk-add student Cost43 Student
Traceback (most recent call last):
  File "/home/bond-servant-in-training/Documents/Projects/Grade-Automator-Plus-cache-commit-race/classrooms/services/roster_import.py", line 363, in import_roster
    result, succeeded = _import_row_with_email(course=course, row=row)
                        ^^^^^^^^^^^^^^^^^^^^^^^^^^^^^^^^^^^^^^^^^^^^^^
  File "/home/bond-servant-in-training/Documents/Projects/Grade-Automator-Plus-cache-commit-race/classrooms/services/roster_import.py", line 276, in _import_row_with_email
    StudentCourse.objects.create(
  File "/home/bond-servant-in-training/Documents/Virtualenvs/AutoGrader_env/lib/python3.12/site-packages/django/db/models/manager.py", line 87, in manager_method
    return getattr(self.get_queryset(), name)(*args, **kwargs)
           ^^^^^^^^^^^^^^^^^^^^^^^^^^^^^^^^^^^^^^^^^^^^^^^^^^^
  File "/home/bond-servant-in-training/Documents/Virtualenvs/AutoGrader_env/lib/python3.12/site-packages/django/db/models/query.py", line 663, in create
    obj.save(force_insert=True, using=self.db)
  File "/home/bond-servant-in-training/Documents/Projects/Grade-Automator-Plus-cache-commit-race/classrooms/models.py", line 369, in save
    self.full_clean()
  File "/home/bond-servant-in-training/Documents/Virtualenvs/AutoGrader_env/lib/python3.12/site-packages/django/db/models/base.py", line 1679, in full_clean
    raise ValidationError(errors)
django.core.exceptions.ValidationError: {'__all__': ["A student with the exact name 'Cost43 Student' is already enrolled in this course."]}
Failed to bulk-add student Cost173 Student
Traceback (most recent call last):
  File "/home/bond-servant-in-training/Documents/Projects/Grade-Automator-Plus-cache-commit-race/classrooms/services/roster_import.py", line 363, in import_roster
    result, succeeded = _import_row_with_email(course=course, row=row)
                        ^^^^^^^^^^^^^^^^^^^^^^^^^^^^^^^^^^^^^^^^^^^^^^
  File "/home/bond-servant-in-training/Documents/Projects/Grade-Automator-Plus-cache-commit-race/classrooms/services/roster_import.py", line 276, in _import_row_with_email
    StudentCourse.objects.create(
  File "/home/bond-servant-in-training/Documents/Virtualenvs/AutoGrader_env/lib/python3.12/site-packages/django/db/models/manager.py", line 87, in manager_method
    return getattr(self.get_queryset(), name)(*args, **kwargs)
           ^^^^^^^^^^^^^^^^^^^^^^^^^^^^^^^^^^^^^^^^^^^^^^^^^^^
  File "/home/bond-servant-in-training/Documents/Virtualenvs/AutoGrader_env/lib/python3.12/site-packages/django/db/models/query.py", line 663, in create
    obj.save(force_insert=True, using=self.db)
  File "/home/bond-servant-in-training/Documents/Projects/Grade-Automator-Plus-cache-commit-race/classrooms/models.py", line 369, in save
    self.full_clean()
  File "/home/bond-servant-in-training/Documents/Virtualenvs/AutoGrader_env/lib/python3.12/site-packages/django/db/models/base.py", line 1679, in full_clean
    raise ValidationError(errors)
django.core.exceptions.ValidationError: {'__all__': ["A student with the exact name 'Cost173 Student' is already enrolled in this course."]}
Failed to bulk-add student Cost158 Student
Traceback (most recent call last):
  File "/home/bond-servant-in-training/Documents/Projects/Grade-Automator-Plus-cache-commit-race/classrooms/services/roster_import.py", line 363, in import_roster
    result, succeeded = _import_row_with_email(course=course, row=row)
                        ^^^^^^^^^^^^^^^^^^^^^^^^^^^^^^^^^^^^^^^^^^^^^^
  File "/home/bond-servant-in-training/Documents/Projects/Grade-Automator-Plus-cache-commit-race/classrooms/services/roster_import.py", line 276, in _import_row_with_email
    StudentCourse.objects.create(
  File "/home/bond-servant-in-training/Documents/Virtualenvs/AutoGrader_env/lib/python3.12/site-packages/django/db/models/manager.py", line 87, in manager_method
    return getattr(self.get_queryset(), name)(*args, **kwargs)
           ^^^^^^^^^^^^^^^^^^^^^^^^^^^^^^^^^^^^^^^^^^^^^^^^^^^
  File "/home/bond-servant-in-training/Documents/Virtualenvs/AutoGrader_env/lib/python3.12/site-packages/django/db/models/query.py", line 663, in create
    obj.save(force_insert=True, using=self.db)
  File "/home/bond-servant-in-training/Documents/Projects/Grade-Automator-Plus-cache-commit-race/classrooms/models.py", line 369, in save
    self.full_clean()
  File "/home/bond-servant-in-training/Documents/Virtualenvs/AutoGrader_env/lib/python3.12/site-packages/django/db/models/base.py", line 1679, in full_clean
    raise ValidationError(errors)
django.core.exceptions.ValidationError: {'__all__': ["A student with the exact name 'Cost158 Student' is already enrolled in this course."]}
Failed to bulk-add student Cost201 Student
Traceback (most recent call last):
  File "/home/bond-servant-in-training/Documents/Projects/Grade-Automator-Plus-cache-commit-race/classrooms/services/roster_import.py", line 363, in import_roster
    result, succeeded = _import_row_with_email(course=course, row=row)
                        ^^^^^^^^^^^^^^^^^^^^^^^^^^^^^^^^^^^^^^^^^^^^^^
  File "/home/bond-servant-in-training/Documents/Projects/Grade-Automator-Plus-cache-commit-race/classrooms/services/roster_import.py", line 276, in _import_row_with_email
    StudentCourse.objects.create(
  File "/home/bond-servant-in-training/Documents/Virtualenvs/AutoGrader_env/lib/python3.12/site-packages/django/db/models/manager.py", line 87, in manager_method
    return getattr(self.get_queryset(), name)(*args, **kwargs)
           ^^^^^^^^^^^^^^^^^^^^^^^^^^^^^^^^^^^^^^^^^^^^^^^^^^^
  File "/home/bond-servant-in-training/Documents/Virtualenvs/AutoGrader_env/lib/python3.12/site-packages/django/db/models/query.py", line 663, in create
    obj.save(force_insert=True, using=self.db)
  File "/home/bond-servant-in-training/Documents/Projects/Grade-Automator-Plus-cache-commit-race/classrooms/models.py", line 369, in save
    self.full_clean()
  File "/home/bond-servant-in-training/Documents/Virtualenvs/AutoGrader_env/lib/python3.12/site-packages/django/db/models/base.py", line 1679, in full_clean
    raise ValidationError(errors)
django.core.exceptions.ValidationError: {'__all__': ["A student with the exact name 'Cost201 Student' is already enrolled in this course."]}
Failed to bulk-add student Cost239 Student
Traceback (most recent call last):
  File "/home/bond-servant-in-training/Documents/Projects/Grade-Automator-Plus-cache-commit-race/classrooms/services/roster_import.py", line 363, in import_roster
    result, succeeded = _import_row_with_email(course=course, row=row)
                        ^^^^^^^^^^^^^^^^^^^^^^^^^^^^^^^^^^^^^^^^^^^^^^
  File "/home/bond-servant-in-training/Documents/Projects/Grade-Automator-Plus-cache-commit-race/classrooms/services/roster_import.py", line 276, in _import_row_with_email
    StudentCourse.objects.create(
  File "/home/bond-servant-in-training/Documents/Virtualenvs/AutoGrader_env/lib/python3.12/site-packages/django/db/models/manager.py", line 87, in manager_method
    return getattr(self.get_queryset(), name)(*args, **kwargs)
           ^^^^^^^^^^^^^^^^^^^^^^^^^^^^^^^^^^^^^^^^^^^^^^^^^^^
  File "/home/bond-servant-in-training/Documents/Virtualenvs/AutoGrader_env/lib/python3.12/site-packages/django/db/models/query.py", line 663, in create
    obj.save(force_insert=True, using=self.db)
  File "/home/bond-servant-in-training/Documents/Projects/Grade-Automator-Plus-cache-commit-race/classrooms/models.py", line 369, in save
    self.full_clean()
  File "/home/bond-servant-in-training/Documents/Virtualenvs/AutoGrader_env/lib/python3.12/site-packages/django/db/models/base.py", line 1679, in full_clean
    raise ValidationError(errors)
django.core.exceptions.ValidationError: {'__all__': ["A student with the exact name 'Cost239 Student' is already enrolled in this course."]}
Failed to bulk-add student Cost2 Student
Traceback (most recent call last):
  File "/home/bond-servant-in-training/Documents/Projects/Grade-Automator-Plus-cache-commit-race/classrooms/services/roster_import.py", line 363, in import_roster
    result, succeeded = _import_row_with_email(course=course, row=row)
                        ^^^^^^^^^^^^^^^^^^^^^^^^^^^^^^^^^^^^^^^^^^^^^^
  File "/home/bond-servant-in-training/Documents/Projects/Grade-Automator-Plus-cache-commit-race/classrooms/services/roster_import.py", line 276, in _import_row_with_email
    StudentCourse.objects.create(
  File "/home/bond-servant-in-training/Documents/Virtualenvs/AutoGrader_env/lib/python3.12/site-packages/django/db/models/manager.py", line 87, in manager_method
    return getattr(self.get_queryset(), name)(*args, **kwargs)
           ^^^^^^^^^^^^^^^^^^^^^^^^^^^^^^^^^^^^^^^^^^^^^^^^^^^
  File "/home/bond-servant-in-training/Documents/Virtualenvs/AutoGrader_env/lib/python3.12/site-packages/django/db/models/query.py", line 663, in create
    obj.save(force_insert=True, using=self.db)
  File "/home/bond-servant-in-training/Documents/Projects/Grade-Automator-Plus-cache-commit-race/classrooms/models.py", line 369, in save
    self.full_clean()
  File "/home/bond-servant-in-training/Documents/Virtualenvs/AutoGrader_env/lib/python3.12/site-packages/django/db/models/base.py", line 1679, in full_clean
    raise ValidationError(errors)
django.core.exceptions.ValidationError: {'__all__': ["A student with the exact name 'Cost2 Student' is already enrolled in this course."]}
Failed to bulk-add student Cost153 Student
Traceback (most recent call last):
  File "/home/bond-servant-in-training/Documents/Projects/Grade-Automator-Plus-cache-commit-race/classrooms/services/roster_import.py", line 363, in import_roster
    result, succeeded = _import_row_with_email(course=course, row=row)
                        ^^^^^^^^^^^^^^^^^^^^^^^^^^^^^^^^^^^^^^^^^^^^^^
  File "/home/bond-servant-in-training/Documents/Projects/Grade-Automator-Plus-cache-commit-race/classrooms/services/roster_import.py", line 276, in _import_row_with_email
    StudentCourse.objects.create(
  File "/home/bond-servant-in-training/Documents/Virtualenvs/AutoGrader_env/lib/python3.12/site-packages/django/db/models/manager.py", line 87, in manager_method
    return getattr(self.get_queryset(), name)(*args, **kwargs)
           ^^^^^^^^^^^^^^^^^^^^^^^^^^^^^^^^^^^^^^^^^^^^^^^^^^^
  File "/home/bond-servant-in-training/Documents/Virtualenvs/AutoGrader_env/lib/python3.12/site-packages/django/db/models/query.py", line 663, in create
    obj.save(force_insert=True, using=self.db)
  File "/home/bond-servant-in-training/Documents/Projects/Grade-Automator-Plus-cache-commit-race/classrooms/models.py", line 369, in save
    self.full_clean()
  File "/home/bond-servant-in-training/Documents/Virtualenvs/AutoGrader_env/lib/python3.12/site-packages/django/db/models/base.py", line 1679, in full_clean
    raise ValidationError(errors)
django.core.exceptions.ValidationError: {'__all__': ["A student with the exact name 'Cost153 Student' is already enrolled in this course."]}
Failed to bulk-add student Cost293 Student
Traceback (most recent call last):
  File "/home/bond-servant-in-training/Documents/Projects/Grade-Automator-Plus-cache-commit-race/classrooms/services/roster_import.py", line 363, in import_roster
    result, succeeded = _import_row_with_email(course=course, row=row)
                        ^^^^^^^^^^^^^^^^^^^^^^^^^^^^^^^^^^^^^^^^^^^^^^
  File "/home/bond-servant-in-training/Documents/Projects/Grade-Automator-Plus-cache-commit-race/classrooms/services/roster_import.py", line 276, in _import_row_with_email
    StudentCourse.objects.create(
  File "/home/bond-servant-in-training/Documents/Virtualenvs/AutoGrader_env/lib/python3.12/site-packages/django/db/models/manager.py", line 87, in manager_method
    return getattr(self.get_queryset(), name)(*args, **kwargs)
           ^^^^^^^^^^^^^^^^^^^^^^^^^^^^^^^^^^^^^^^^^^^^^^^^^^^
  File "/home/bond-servant-in-training/Documents/Virtualenvs/AutoGrader_env/lib/python3.12/site-packages/django/db/models/query.py", line 663, in create
    obj.save(force_insert=True, using=self.db)
  File "/home/bond-servant-in-training/Documents/Projects/Grade-Automator-Plus-cache-commit-race/classrooms/models.py", line 369, in save
    self.full_clean()
  File "/home/bond-servant-in-training/Documents/Virtualenvs/AutoGrader_env/lib/python3.12/site-packages/django/db/models/base.py", line 1679, in full_clean
    raise ValidationError(errors)
django.core.exceptions.ValidationError: {'__all__': ["A student with the exact name 'Cost293 Student' is already enrolled in this course."]}
Failed to bulk-add student Cost157 Student
Traceback (most recent call last):
  File "/home/bond-servant-in-training/Documents/Projects/Grade-Automator-Plus-cache-commit-race/classrooms/services/roster_import.py", line 363, in import_roster
    result, succeeded = _import_row_with_email(course=course, row=row)
                        ^^^^^^^^^^^^^^^^^^^^^^^^^^^^^^^^^^^^^^^^^^^^^^
  File "/home/bond-servant-in-training/Documents/Projects/Grade-Automator-Plus-cache-commit-race/classrooms/services/roster_import.py", line 276, in _import_row_with_email
    StudentCourse.objects.create(
  File "/home/bond-servant-in-training/Documents/Virtualenvs/AutoGrader_env/lib/python3.12/site-packages/django/db/models/manager.py", line 87, in manager_method
    return getattr(self.get_queryset(), name)(*args, **kwargs)
           ^^^^^^^^^^^^^^^^^^^^^^^^^^^^^^^^^^^^^^^^^^^^^^^^^^^
  File "/home/bond-servant-in-training/Documents/Virtualenvs/AutoGrader_env/lib/python3.12/site-packages/django/db/models/query.py", line 663, in create
    obj.save(force_insert=True, using=self.db)
  File "/home/bond-servant-in-training/Documents/Projects/Grade-Automator-Plus-cache-commit-race/classrooms/models.py", line 369, in save
    self.full_clean()
  File "/home/bond-servant-in-training/Documents/Virtualenvs/AutoGrader_env/lib/python3.12/site-packages/django/db/models/base.py", line 1679, in full_clean
    raise ValidationError(errors)
django.core.exceptions.ValidationError: {'__all__': ["A student with the exact name 'Cost157 Student' is already enrolled in this course."]}
Failed to bulk-add student Cost76 Student
Traceback (most recent call last):
  File "/home/bond-servant-in-training/Documents/Projects/Grade-Automator-Plus-cache-commit-race/classrooms/services/roster_import.py", line 363, in import_roster
    result, succeeded = _import_row_with_email(course=course, row=row)
                        ^^^^^^^^^^^^^^^^^^^^^^^^^^^^^^^^^^^^^^^^^^^^^^
  File "/home/bond-servant-in-training/Documents/Projects/Grade-Automator-Plus-cache-commit-race/classrooms/services/roster_import.py", line 276, in _import_row_with_email
    StudentCourse.objects.create(
  File "/home/bond-servant-in-training/Documents/Virtualenvs/AutoGrader_env/lib/python3.12/site-packages/django/db/models/manager.py", line 87, in manager_method
    return getattr(self.get_queryset(), name)(*args, **kwargs)
           ^^^^^^^^^^^^^^^^^^^^^^^^^^^^^^^^^^^^^^^^^^^^^^^^^^^
  File "/home/bond-servant-in-training/Documents/Virtualenvs/AutoGrader_env/lib/python3.12/site-packages/django/db/models/query.py", line 663, in create
    obj.save(force_insert=True, using=self.db)
  File "/home/bond-servant-in-training/Documents/Projects/Grade-Automator-Plus-cache-commit-race/classrooms/models.py", line 369, in save
    self.full_clean()
  File "/home/bond-servant-in-training/Documents/Virtualenvs/AutoGrader_env/lib/python3.12/site-packages/django/db/models/base.py", line 1679, in full_clean
    raise ValidationError(errors)
django.core.exceptions.ValidationError: {'__all__': ["A student with the exact name 'Cost76 Student' is already enrolled in this course."]}
Failed to bulk-add student Cost252 Student
Traceback (most recent call last):
  File "/home/bond-servant-in-training/Documents/Projects/Grade-Automator-Plus-cache-commit-race/classrooms/services/roster_import.py", line 363, in import_roster
    result, succeeded = _import_row_with_email(course=course, row=row)
                        ^^^^^^^^^^^^^^^^^^^^^^^^^^^^^^^^^^^^^^^^^^^^^^
  File "/home/bond-servant-in-training/Documents/Projects/Grade-Automator-Plus-cache-commit-race/classrooms/services/roster_import.py", line 276, in _import_row_with_email
    StudentCourse.objects.create(
  File "/home/bond-servant-in-training/Documents/Virtualenvs/AutoGrader_env/lib/python3.12/site-packages/django/db/models/manager.py", line 87, in manager_method
    return getattr(self.get_queryset(), name)(*args, **kwargs)
           ^^^^^^^^^^^^^^^^^^^^^^^^^^^^^^^^^^^^^^^^^^^^^^^^^^^
  File "/home/bond-servant-in-training/Documents/Virtualenvs/AutoGrader_env/lib/python3.12/site-packages/django/db/models/query.py", line 663, in create
    obj.save(force_insert=True, using=self.db)
  File "/home/bond-servant-in-training/Documents/Projects/Grade-Automator-Plus-cache-commit-race/classrooms/models.py", line 369, in save
    self.full_clean()
  File "/home/bond-servant-in-training/Documents/Virtualenvs/AutoGrader_env/lib/python3.12/site-packages/django/db/models/base.py", line 1679, in full_clean
    raise ValidationError(errors)
django.core.exceptions.ValidationError: {'__all__': ["A student with the exact name 'Cost252 Student' is already enrolled in this course."]}
Failed to bulk-add student Cost30 Student
Traceback (most recent call last):
  File "/home/bond-servant-in-training/Documents/Projects/Grade-Automator-Plus-cache-commit-race/classrooms/services/roster_import.py", line 363, in import_roster
    result, succeeded = _import_row_with_email(course=course, row=row)
                        ^^^^^^^^^^^^^^^^^^^^^^^^^^^^^^^^^^^^^^^^^^^^^^
  File "/home/bond-servant-in-training/Documents/Projects/Grade-Automator-Plus-cache-commit-race/classrooms/services/roster_import.py", line 276, in _import_row_with_email
    StudentCourse.objects.create(
  File "/home/bond-servant-in-training/Documents/Virtualenvs/AutoGrader_env/lib/python3.12/site-packages/django/db/models/manager.py", line 87, in manager_method
    return getattr(self.get_queryset(), name)(*args, **kwargs)
           ^^^^^^^^^^^^^^^^^^^^^^^^^^^^^^^^^^^^^^^^^^^^^^^^^^^
  File "/home/bond-servant-in-training/Documents/Virtualenvs/AutoGrader_env/lib/python3.12/site-packages/django/db/models/query.py", line 663, in create
    obj.save(force_insert=True, using=self.db)
  File "/home/bond-servant-in-training/Documents/Projects/Grade-Automator-Plus-cache-commit-race/classrooms/models.py", line 369, in save
    self.full_clean()
  File "/home/bond-servant-in-training/Documents/Virtualenvs/AutoGrader_env/lib/python3.12/site-packages/django/db/models/base.py", line 1679, in full_clean
    raise ValidationError(errors)
django.core.exceptions.ValidationError: {'__all__': ["A student with the exact name 'Cost30 Student' is already enrolled in this course."]}
Failed to bulk-add student Cost223 Student
Traceback (most recent call last):
  File "/home/bond-servant-in-training/Documents/Projects/Grade-Automator-Plus-cache-commit-race/classrooms/services/roster_import.py", line 363, in import_roster
    result, succeeded = _import_row_with_email(course=course, row=row)
                        ^^^^^^^^^^^^^^^^^^^^^^^^^^^^^^^^^^^^^^^^^^^^^^
  File "/home/bond-servant-in-training/Documents/Projects/Grade-Automator-Plus-cache-commit-race/classrooms/services/roster_import.py", line 276, in _import_row_with_email
    StudentCourse.objects.create(
  File "/home/bond-servant-in-training/Documents/Virtualenvs/AutoGrader_env/lib/python3.12/site-packages/django/db/models/manager.py", line 87, in manager_method
    return getattr(self.get_queryset(), name)(*args, **kwargs)
           ^^^^^^^^^^^^^^^^^^^^^^^^^^^^^^^^^^^^^^^^^^^^^^^^^^^
  File "/home/bond-servant-in-training/Documents/Virtualenvs/AutoGrader_env/lib/python3.12/site-packages/django/db/models/query.py", line 663, in create
    obj.save(force_insert=True, using=self.db)
  File "/home/bond-servant-in-training/Documents/Projects/Grade-Automator-Plus-cache-commit-race/classrooms/models.py", line 369, in save
    self.full_clean()
  File "/home/bond-servant-in-training/Documents/Virtualenvs/AutoGrader_env/lib/python3.12/site-packages/django/db/models/base.py", line 1679, in full_clean
    raise ValidationError(errors)
django.core.exceptions.ValidationError: {'__all__': ["A student with the exact name 'Cost223 Student' is already enrolled in this course."]}
Failed to bulk-add student Cost36 Student
Traceback (most recent call last):
  File "/home/bond-servant-in-training/Documents/Projects/Grade-Automator-Plus-cache-commit-race/classrooms/services/roster_import.py", line 363, in import_roster
    result, succeeded = _import_row_with_email(course=course, row=row)
                        ^^^^^^^^^^^^^^^^^^^^^^^^^^^^^^^^^^^^^^^^^^^^^^
  File "/home/bond-servant-in-training/Documents/Projects/Grade-Automator-Plus-cache-commit-race/classrooms/services/roster_import.py", line 276, in _import_row_with_email
    StudentCourse.objects.create(
  File "/home/bond-servant-in-training/Documents/Virtualenvs/AutoGrader_env/lib/python3.12/site-packages/django/db/models/manager.py", line 87, in manager_method
    return getattr(self.get_queryset(), name)(*args, **kwargs)
           ^^^^^^^^^^^^^^^^^^^^^^^^^^^^^^^^^^^^^^^^^^^^^^^^^^^
  File "/home/bond-servant-in-training/Documents/Virtualenvs/AutoGrader_env/lib/python3.12/site-packages/django/db/models/query.py", line 663, in create
    obj.save(force_insert=True, using=self.db)
  File "/home/bond-servant-in-training/Documents/Projects/Grade-Automator-Plus-cache-commit-race/classrooms/models.py", line 369, in save
    self.full_clean()
  File "/home/bond-servant-in-training/Documents/Virtualenvs/AutoGrader_env/lib/python3.12/site-packages/django/db/models/base.py", line 1679, in full_clean
    raise ValidationError(errors)
django.core.exceptions.ValidationError: {'__all__': ["A student with the exact name 'Cost36 Student' is already enrolled in this course."]}
Failed to bulk-add student Cost238 Student
Traceback (most recent call last):
  File "/home/bond-servant-in-training/Documents/Projects/Grade-Automator-Plus-cache-commit-race/classrooms/services/roster_import.py", line 363, in import_roster
    result, succeeded = _import_row_with_email(course=course, row=row)
                        ^^^^^^^^^^^^^^^^^^^^^^^^^^^^^^^^^^^^^^^^^^^^^^
  File "/home/bond-servant-in-training/Documents/Projects/Grade-Automator-Plus-cache-commit-race/classrooms/services/roster_import.py", line 276, in _import_row_with_email
    StudentCourse.objects.create(
  File "/home/bond-servant-in-training/Documents/Virtualenvs/AutoGrader_env/lib/python3.12/site-packages/django/db/models/manager.py", line 87, in manager_method
    return getattr(self.get_queryset(), name)(*args, **kwargs)
           ^^^^^^^^^^^^^^^^^^^^^^^^^^^^^^^^^^^^^^^^^^^^^^^^^^^
  File "/home/bond-servant-in-training/Documents/Virtualenvs/AutoGrader_env/lib/python3.12/site-packages/django/db/models/query.py", line 663, in create
    obj.save(force_insert=True, using=self.db)
  File "/home/bond-servant-in-training/Documents/Projects/Grade-Automator-Plus-cache-commit-race/classrooms/models.py", line 369, in save
    self.full_clean()
  File "/home/bond-servant-in-training/Documents/Virtualenvs/AutoGrader_env/lib/python3.12/site-packages/django/db/models/base.py", line 1679, in full_clean
    raise ValidationError(errors)
django.core.exceptions.ValidationError: {'__all__': ["A student with the exact name 'Cost238 Student' is already enrolled in this course."]}
Failed to bulk-add student Cost205 Student
Traceback (most recent call last):
  File "/home/bond-servant-in-training/Documents/Projects/Grade-Automator-Plus-cache-commit-race/classrooms/services/roster_import.py", line 363, in import_roster
    result, succeeded = _import_row_with_email(course=course, row=row)
                        ^^^^^^^^^^^^^^^^^^^^^^^^^^^^^^^^^^^^^^^^^^^^^^
  File "/home/bond-servant-in-training/Documents/Projects/Grade-Automator-Plus-cache-commit-race/classrooms/services/roster_import.py", line 276, in _import_row_with_email
    StudentCourse.objects.create(
  File "/home/bond-servant-in-training/Documents/Virtualenvs/AutoGrader_env/lib/python3.12/site-packages/django/db/models/manager.py", line 87, in manager_method
    return getattr(self.get_queryset(), name)(*args, **kwargs)
           ^^^^^^^^^^^^^^^^^^^^^^^^^^^^^^^^^^^^^^^^^^^^^^^^^^^
  File "/home/bond-servant-in-training/Documents/Virtualenvs/AutoGrader_env/lib/python3.12/site-packages/django/db/models/query.py", line 663, in create
    obj.save(force_insert=True, using=self.db)
  File "/home/bond-servant-in-training/Documents/Projects/Grade-Automator-Plus-cache-commit-race/classrooms/models.py", line 369, in save
    self.full_clean()
  File "/home/bond-servant-in-training/Documents/Virtualenvs/AutoGrader_env/lib/python3.12/site-packages/django/db/models/base.py", line 1679, in full_clean
    raise ValidationError(errors)
django.core.exceptions.ValidationError: {'__all__': ["A student with the exact name 'Cost205 Student' is already enrolled in this course."]}
Failed to bulk-add student Cost232 Student
Traceback (most recent call last):
  File "/home/bond-servant-in-training/Documents/Projects/Grade-Automator-Plus-cache-commit-race/classrooms/services/roster_import.py", line 363, in import_roster
    result, succeeded = _import_row_with_email(course=course, row=row)
                        ^^^^^^^^^^^^^^^^^^^^^^^^^^^^^^^^^^^^^^^^^^^^^^
  File "/home/bond-servant-in-training/Documents/Projects/Grade-Automator-Plus-cache-commit-race/classrooms/services/roster_import.py", line 276, in _import_row_with_email
    StudentCourse.objects.create(
  File "/home/bond-servant-in-training/Documents/Virtualenvs/AutoGrader_env/lib/python3.12/site-packages/django/db/models/manager.py", line 87, in manager_method
    return getattr(self.get_queryset(), name)(*args, **kwargs)
           ^^^^^^^^^^^^^^^^^^^^^^^^^^^^^^^^^^^^^^^^^^^^^^^^^^^
  File "/home/bond-servant-in-training/Documents/Virtualenvs/AutoGrader_env/lib/python3.12/site-packages/django/db/models/query.py", line 663, in create
    obj.save(force_insert=True, using=self.db)
  File "/home/bond-servant-in-training/Documents/Projects/Grade-Automator-Plus-cache-commit-race/classrooms/models.py", line 369, in save
    self.full_clean()
  File "/home/bond-servant-in-training/Documents/Virtualenvs/AutoGrader_env/lib/python3.12/site-packages/django/db/models/base.py", line 1679, in full_clean
    raise ValidationError(errors)
django.core.exceptions.ValidationError: {'__all__': ["A student with the exact name 'Cost232 Student' is already enrolled in this course."]}
Failed to bulk-add student Cost304 Student
Traceback (most recent call last):
  File "/home/bond-servant-in-training/Documents/Projects/Grade-Automator-Plus-cache-commit-race/classrooms/services/roster_import.py", line 363, in import_roster
    result, succeeded = _import_row_with_email(course=course, row=row)
                        ^^^^^^^^^^^^^^^^^^^^^^^^^^^^^^^^^^^^^^^^^^^^^^
  File "/home/bond-servant-in-training/Documents/Projects/Grade-Automator-Plus-cache-commit-race/classrooms/services/roster_import.py", line 276, in _import_row_with_email
    StudentCourse.objects.create(
  File "/home/bond-servant-in-training/Documents/Virtualenvs/AutoGrader_env/lib/python3.12/site-packages/django/db/models/manager.py", line 87, in manager_method
    return getattr(self.get_queryset(), name)(*args, **kwargs)
           ^^^^^^^^^^^^^^^^^^^^^^^^^^^^^^^^^^^^^^^^^^^^^^^^^^^
  File "/home/bond-servant-in-training/Documents/Virtualenvs/AutoGrader_env/lib/python3.12/site-packages/django/db/models/query.py", line 663, in create
    obj.save(force_insert=True, using=self.db)
  File "/home/bond-servant-in-training/Documents/Projects/Grade-Automator-Plus-cache-commit-race/classrooms/models.py", line 369, in save
    self.full_clean()
  File "/home/bond-servant-in-training/Documents/Virtualenvs/AutoGrader_env/lib/python3.12/site-packages/django/db/models/base.py", line 1679, in full_clean
    raise ValidationError(errors)
django.core.exceptions.ValidationError: {'__all__': ["A student with the exact name 'Cost304 Student' is already enrolled in this course."]}
Failed to bulk-add student Cost218 Student
Traceback (most recent call last):
  File "/home/bond-servant-in-training/Documents/Projects/Grade-Automator-Plus-cache-commit-race/classrooms/services/roster_import.py", line 363, in import_roster
    result, succeeded = _import_row_with_email(course=course, row=row)
                        ^^^^^^^^^^^^^^^^^^^^^^^^^^^^^^^^^^^^^^^^^^^^^^
  File "/home/bond-servant-in-training/Documents/Projects/Grade-Automator-Plus-cache-commit-race/classrooms/services/roster_import.py", line 276, in _import_row_with_email
    StudentCourse.objects.create(
  File "/home/bond-servant-in-training/Documents/Virtualenvs/AutoGrader_env/lib/python3.12/site-packages/django/db/models/manager.py", line 87, in manager_method
    return getattr(self.get_queryset(), name)(*args, **kwargs)
           ^^^^^^^^^^^^^^^^^^^^^^^^^^^^^^^^^^^^^^^^^^^^^^^^^^^
  File "/home/bond-servant-in-training/Documents/Virtualenvs/AutoGrader_env/lib/python3.12/site-packages/django/db/models/query.py", line 663, in create
    obj.save(force_insert=True, using=self.db)
  File "/home/bond-servant-in-training/Documents/Projects/Grade-Automator-Plus-cache-commit-race/classrooms/models.py", line 369, in save
    self.full_clean()
  File "/home/bond-servant-in-training/Documents/Virtualenvs/AutoGrader_env/lib/python3.12/site-packages/django/db/models/base.py", line 1679, in full_clean
    raise ValidationError(errors)
django.core.exceptions.ValidationError: {'__all__': ["A student with the exact name 'Cost218 Student' is already enrolled in this course."]}
Failed to bulk-add student Cost265 Student
Traceback (most recent call last):
  File "/home/bond-servant-in-training/Documents/Projects/Grade-Automator-Plus-cache-commit-race/classrooms/services/roster_import.py", line 363, in import_roster
    result, succeeded = _import_row_with_email(course=course, row=row)
                        ^^^^^^^^^^^^^^^^^^^^^^^^^^^^^^^^^^^^^^^^^^^^^^
  File "/home/bond-servant-in-training/Documents/Projects/Grade-Automator-Plus-cache-commit-race/classrooms/services/roster_import.py", line 276, in _import_row_with_email
    StudentCourse.objects.create(
  File "/home/bond-servant-in-training/Documents/Virtualenvs/AutoGrader_env/lib/python3.12/site-packages/django/db/models/manager.py", line 87, in manager_method
    return getattr(self.get_queryset(), name)(*args, **kwargs)
           ^^^^^^^^^^^^^^^^^^^^^^^^^^^^^^^^^^^^^^^^^^^^^^^^^^^
  File "/home/bond-servant-in-training/Documents/Virtualenvs/AutoGrader_env/lib/python3.12/site-packages/django/db/models/query.py", line 663, in create
    obj.save(force_insert=True, using=self.db)
  File "/home/bond-servant-in-training/Documents/Projects/Grade-Automator-Plus-cache-commit-race/classrooms/models.py", line 369, in save
    self.full_clean()
  File "/home/bond-servant-in-training/Documents/Virtualenvs/AutoGrader_env/lib/python3.12/site-packages/django/db/models/base.py", line 1679, in full_clean
    raise ValidationError(errors)
django.core.exceptions.ValidationError: {'__all__': ["A student with the exact name 'Cost265 Student' is already enrolled in this course."]}
Failed to bulk-add student Cost215 Student
Traceback (most recent call last):
  File "/home/bond-servant-in-training/Documents/Projects/Grade-Automator-Plus-cache-commit-race/classrooms/services/roster_import.py", line 363, in import_roster
    result, succeeded = _import_row_with_email(course=course, row=row)
                        ^^^^^^^^^^^^^^^^^^^^^^^^^^^^^^^^^^^^^^^^^^^^^^
  File "/home/bond-servant-in-training/Documents/Projects/Grade-Automator-Plus-cache-commit-race/classrooms/services/roster_import.py", line 276, in _import_row_with_email
    StudentCourse.objects.create(
  File "/home/bond-servant-in-training/Documents/Virtualenvs/AutoGrader_env/lib/python3.12/site-packages/django/db/models/manager.py", line 87, in manager_method
    return getattr(self.get_queryset(), name)(*args, **kwargs)
           ^^^^^^^^^^^^^^^^^^^^^^^^^^^^^^^^^^^^^^^^^^^^^^^^^^^
  File "/home/bond-servant-in-training/Documents/Virtualenvs/AutoGrader_env/lib/python3.12/site-packages/django/db/models/query.py", line 663, in create
    obj.save(force_insert=True, using=self.db)
  File "/home/bond-servant-in-training/Documents/Projects/Grade-Automator-Plus-cache-commit-race/classrooms/models.py", line 369, in save
    self.full_clean()
  File "/home/bond-servant-in-training/Documents/Virtualenvs/AutoGrader_env/lib/python3.12/site-packages/django/db/models/base.py", line 1679, in full_clean
    raise ValidationError(errors)
django.core.exceptions.ValidationError: {'__all__': ["A student with the exact name 'Cost215 Student' is already enrolled in this course."]}
Failed to bulk-add student Cost334 Student
Traceback (most recent call last):
  File "/home/bond-servant-in-training/Documents/Projects/Grade-Automator-Plus-cache-commit-race/classrooms/services/roster_import.py", line 363, in import_roster
    result, succeeded = _import_row_with_email(course=course, row=row)
                        ^^^^^^^^^^^^^^^^^^^^^^^^^^^^^^^^^^^^^^^^^^^^^^
  File "/home/bond-servant-in-training/Documents/Projects/Grade-Automator-Plus-cache-commit-race/classrooms/services/roster_import.py", line 276, in _import_row_with_email
    StudentCourse.objects.create(
  File "/home/bond-servant-in-training/Documents/Virtualenvs/AutoGrader_env/lib/python3.12/site-packages/django/db/models/manager.py", line 87, in manager_method
    return getattr(self.get_queryset(), name)(*args, **kwargs)
           ^^^^^^^^^^^^^^^^^^^^^^^^^^^^^^^^^^^^^^^^^^^^^^^^^^^
  File "/home/bond-servant-in-training/Documents/Virtualenvs/AutoGrader_env/lib/python3.12/site-packages/django/db/models/query.py", line 663, in create
    obj.save(force_insert=True, using=self.db)
  File "/home/bond-servant-in-training/Documents/Projects/Grade-Automator-Plus-cache-commit-race/classrooms/models.py", line 369, in save
    self.full_clean()
  File "/home/bond-servant-in-training/Documents/Virtualenvs/AutoGrader_env/lib/python3.12/site-packages/django/db/models/base.py", line 1679, in full_clean
    raise ValidationError(errors)
django.core.exceptions.ValidationError: {'__all__': ["A student with the exact name 'Cost334 Student' is already enrolled in this course."]}
Failed to bulk-add student Cost134 Student
Traceback (most recent call last):
  File "/home/bond-servant-in-training/Documents/Projects/Grade-Automator-Plus-cache-commit-race/classrooms/services/roster_import.py", line 363, in import_roster
    result, succeeded = _import_row_with_email(course=course, row=row)
                        ^^^^^^^^^^^^^^^^^^^^^^^^^^^^^^^^^^^^^^^^^^^^^^
  File "/home/bond-servant-in-training/Documents/Projects/Grade-Automator-Plus-cache-commit-race/classrooms/services/roster_import.py", line 276, in _import_row_with_email
    StudentCourse.objects.create(
  File "/home/bond-servant-in-training/Documents/Virtualenvs/AutoGrader_env/lib/python3.12/site-packages/django/db/models/manager.py", line 87, in manager_method
    return getattr(self.get_queryset(), name)(*args, **kwargs)
           ^^^^^^^^^^^^^^^^^^^^^^^^^^^^^^^^^^^^^^^^^^^^^^^^^^^
  File "/home/bond-servant-in-training/Documents/Virtualenvs/AutoGrader_env/lib/python3.12/site-packages/django/db/models/query.py", line 663, in create
    obj.save(force_insert=True, using=self.db)
  File "/home/bond-servant-in-training/Documents/Projects/Grade-Automator-Plus-cache-commit-race/classrooms/models.py", line 369, in save
    self.full_clean()
  File "/home/bond-servant-in-training/Documents/Virtualenvs/AutoGrader_env/lib/python3.12/site-packages/django/db/models/base.py", line 1679, in full_clean
    raise ValidationError(errors)
django.core.exceptions.ValidationError: {'__all__': ["A student with the exact name 'Cost134 Student' is already enrolled in this course."]}
Failed to bulk-add student Cost4 Student
Traceback (most recent call last):
  File "/home/bond-servant-in-training/Documents/Projects/Grade-Automator-Plus-cache-commit-race/classrooms/services/roster_import.py", line 363, in import_roster
    result, succeeded = _import_row_with_email(course=course, row=row)
                        ^^^^^^^^^^^^^^^^^^^^^^^^^^^^^^^^^^^^^^^^^^^^^^
  File "/home/bond-servant-in-training/Documents/Projects/Grade-Automator-Plus-cache-commit-race/classrooms/services/roster_import.py", line 276, in _import_row_with_email
    StudentCourse.objects.create(
  File "/home/bond-servant-in-training/Documents/Virtualenvs/AutoGrader_env/lib/python3.12/site-packages/django/db/models/manager.py", line 87, in manager_method
    return getattr(self.get_queryset(), name)(*args, **kwargs)
           ^^^^^^^^^^^^^^^^^^^^^^^^^^^^^^^^^^^^^^^^^^^^^^^^^^^
  File "/home/bond-servant-in-training/Documents/Virtualenvs/AutoGrader_env/lib/python3.12/site-packages/django/db/models/query.py", line 663, in create
    obj.save(force_insert=True, using=self.db)
  File "/home/bond-servant-in-training/Documents/Projects/Grade-Automator-Plus-cache-commit-race/classrooms/models.py", line 369, in save
    self.full_clean()
  File "/home/bond-servant-in-training/Documents/Virtualenvs/AutoGrader_env/lib/python3.12/site-packages/django/db/models/base.py", line 1679, in full_clean
    raise ValidationError(errors)
django.core.exceptions.ValidationError: {'__all__': ["A student with the exact name 'Cost4 Student' is already enrolled in this course."]}
Failed to bulk-add student Cost61 Student
Traceback (most recent call last):
  File "/home/bond-servant-in-training/Documents/Projects/Grade-Automator-Plus-cache-commit-race/classrooms/services/roster_import.py", line 363, in import_roster
    result, succeeded = _import_row_with_email(course=course, row=row)
                        ^^^^^^^^^^^^^^^^^^^^^^^^^^^^^^^^^^^^^^^^^^^^^^
  File "/home/bond-servant-in-training/Documents/Projects/Grade-Automator-Plus-cache-commit-race/classrooms/services/roster_import.py", line 276, in _import_row_with_email
    StudentCourse.objects.create(
  File "/home/bond-servant-in-training/Documents/Virtualenvs/AutoGrader_env/lib/python3.12/site-packages/django/db/models/manager.py", line 87, in manager_method
    return getattr(self.get_queryset(), name)(*args, **kwargs)
           ^^^^^^^^^^^^^^^^^^^^^^^^^^^^^^^^^^^^^^^^^^^^^^^^^^^
  File "/home/bond-servant-in-training/Documents/Virtualenvs/AutoGrader_env/lib/python3.12/site-packages/django/db/models/query.py", line 663, in create
    obj.save(force_insert=True, using=self.db)
  File "/home/bond-servant-in-training/Documents/Projects/Grade-Automator-Plus-cache-commit-race/classrooms/models.py", line 369, in save
    self.full_clean()
  File "/home/bond-servant-in-training/Documents/Virtualenvs/AutoGrader_env/lib/python3.12/site-packages/django/db/models/base.py", line 1679, in full_clean
    raise ValidationError(errors)
django.core.exceptions.ValidationError: {'__all__': ["A student with the exact name 'Cost61 Student' is already enrolled in this course."]}
Failed to bulk-add student Cost163 Student
Traceback (most recent call last):
  File "/home/bond-servant-in-training/Documents/Projects/Grade-Automator-Plus-cache-commit-race/classrooms/services/roster_import.py", line 363, in import_roster
    result, succeeded = _import_row_with_email(course=course, row=row)
                        ^^^^^^^^^^^^^^^^^^^^^^^^^^^^^^^^^^^^^^^^^^^^^^
  File "/home/bond-servant-in-training/Documents/Projects/Grade-Automator-Plus-cache-commit-race/classrooms/services/roster_import.py", line 276, in _import_row_with_email
    StudentCourse.objects.create(
  File "/home/bond-servant-in-training/Documents/Virtualenvs/AutoGrader_env/lib/python3.12/site-packages/django/db/models/manager.py", line 87, in manager_method
    return getattr(self.get_queryset(), name)(*args, **kwargs)
           ^^^^^^^^^^^^^^^^^^^^^^^^^^^^^^^^^^^^^^^^^^^^^^^^^^^
  File "/home/bond-servant-in-training/Documents/Virtualenvs/AutoGrader_env/lib/python3.12/site-packages/django/db/models/query.py", line 663, in create
    obj.save(force_insert=True, using=self.db)
  File "/home/bond-servant-in-training/Documents/Projects/Grade-Automator-Plus-cache-commit-race/classrooms/models.py", line 369, in save
    self.full_clean()
  File "/home/bond-servant-in-training/Documents/Virtualenvs/AutoGrader_env/lib/python3.12/site-packages/django/db/models/base.py", line 1679, in full_clean
    raise ValidationError(errors)
django.core.exceptions.ValidationError: {'__all__': ["A student with the exact name 'Cost163 Student' is already enrolled in this course."]}
Failed to bulk-add student Cost283 Student
Traceback (most recent call last):
  File "/home/bond-servant-in-training/Documents/Projects/Grade-Automator-Plus-cache-commit-race/classrooms/services/roster_import.py", line 363, in import_roster
    result, succeeded = _import_row_with_email(course=course, row=row)
                        ^^^^^^^^^^^^^^^^^^^^^^^^^^^^^^^^^^^^^^^^^^^^^^
  File "/home/bond-servant-in-training/Documents/Projects/Grade-Automator-Plus-cache-commit-race/classrooms/services/roster_import.py", line 276, in _import_row_with_email
    StudentCourse.objects.create(
  File "/home/bond-servant-in-training/Documents/Virtualenvs/AutoGrader_env/lib/python3.12/site-packages/django/db/models/manager.py", line 87, in manager_method
    return getattr(self.get_queryset(), name)(*args, **kwargs)
           ^^^^^^^^^^^^^^^^^^^^^^^^^^^^^^^^^^^^^^^^^^^^^^^^^^^
  File "/home/bond-servant-in-training/Documents/Virtualenvs/AutoGrader_env/lib/python3.12/site-packages/django/db/models/query.py", line 663, in create
    obj.save(force_insert=True, using=self.db)
  File "/home/bond-servant-in-training/Documents/Projects/Grade-Automator-Plus-cache-commit-race/classrooms/models.py", line 369, in save
    self.full_clean()
  File "/home/bond-servant-in-training/Documents/Virtualenvs/AutoGrader_env/lib/python3.12/site-packages/django/db/models/base.py", line 1679, in full_clean
    raise ValidationError(errors)
django.core.exceptions.ValidationError: {'__all__': ["A student with the exact name 'Cost283 Student' is already enrolled in this course."]}
Failed to bulk-add student Cost285 Student
Traceback (most recent call last):
  File "/home/bond-servant-in-training/Documents/Projects/Grade-Automator-Plus-cache-commit-race/classrooms/services/roster_import.py", line 363, in import_roster
    result, succeeded = _import_row_with_email(course=course, row=row)
                        ^^^^^^^^^^^^^^^^^^^^^^^^^^^^^^^^^^^^^^^^^^^^^^
  File "/home/bond-servant-in-training/Documents/Projects/Grade-Automator-Plus-cache-commit-race/classrooms/services/roster_import.py", line 276, in _import_row_with_email
    StudentCourse.objects.create(
  File "/home/bond-servant-in-training/Documents/Virtualenvs/AutoGrader_env/lib/python3.12/site-packages/django/db/models/manager.py", line 87, in manager_method
    return getattr(self.get_queryset(), name)(*args, **kwargs)
           ^^^^^^^^^^^^^^^^^^^^^^^^^^^^^^^^^^^^^^^^^^^^^^^^^^^
  File "/home/bond-servant-in-training/Documents/Virtualenvs/AutoGrader_env/lib/python3.12/site-packages/django/db/models/query.py", line 663, in create
    obj.save(force_insert=True, using=self.db)
  File "/home/bond-servant-in-training/Documents/Projects/Grade-Automator-Plus-cache-commit-race/classrooms/models.py", line 369, in save
    self.full_clean()
  File "/home/bond-servant-in-training/Documents/Virtualenvs/AutoGrader_env/lib/python3.12/site-packages/django/db/models/base.py", line 1679, in full_clean
    raise ValidationError(errors)
django.core.exceptions.ValidationError: {'__all__': ["A student with the exact name 'Cost285 Student' is already enrolled in this course."]}
Failed to bulk-add student Cost74 Student
Traceback (most recent call last):
  File "/home/bond-servant-in-training/Documents/Projects/Grade-Automator-Plus-cache-commit-race/classrooms/services/roster_import.py", line 363, in import_roster
    result, succeeded = _import_row_with_email(course=course, row=row)
                        ^^^^^^^^^^^^^^^^^^^^^^^^^^^^^^^^^^^^^^^^^^^^^^
  File "/home/bond-servant-in-training/Documents/Projects/Grade-Automator-Plus-cache-commit-race/classrooms/services/roster_import.py", line 276, in _import_row_with_email
    StudentCourse.objects.create(
  File "/home/bond-servant-in-training/Documents/Virtualenvs/AutoGrader_env/lib/python3.12/site-packages/django/db/models/manager.py", line 87, in manager_method
    return getattr(self.get_queryset(), name)(*args, **kwargs)
           ^^^^^^^^^^^^^^^^^^^^^^^^^^^^^^^^^^^^^^^^^^^^^^^^^^^
  File "/home/bond-servant-in-training/Documents/Virtualenvs/AutoGrader_env/lib/python3.12/site-packages/django/db/models/query.py", line 663, in create
    obj.save(force_insert=True, using=self.db)
  File "/home/bond-servant-in-training/Documents/Projects/Grade-Automator-Plus-cache-commit-race/classrooms/models.py", line 369, in save
    self.full_clean()
  File "/home/bond-servant-in-training/Documents/Virtualenvs/AutoGrader_env/lib/python3.12/site-packages/django/db/models/base.py", line 1679, in full_clean
    raise ValidationError(errors)
django.core.exceptions.ValidationError: {'__all__': ["A student with the exact name 'Cost74 Student' is already enrolled in this course."]}
Failed to bulk-add student Cost220 Student
Traceback (most recent call last):
  File "/home/bond-servant-in-training/Documents/Projects/Grade-Automator-Plus-cache-commit-race/classrooms/services/roster_import.py", line 363, in import_roster
    result, succeeded = _import_row_with_email(course=course, row=row)
                        ^^^^^^^^^^^^^^^^^^^^^^^^^^^^^^^^^^^^^^^^^^^^^^
  File "/home/bond-servant-in-training/Documents/Projects/Grade-Automator-Plus-cache-commit-race/classrooms/services/roster_import.py", line 276, in _import_row_with_email
    StudentCourse.objects.create(
  File "/home/bond-servant-in-training/Documents/Virtualenvs/AutoGrader_env/lib/python3.12/site-packages/django/db/models/manager.py", line 87, in manager_method
    return getattr(self.get_queryset(), name)(*args, **kwargs)
           ^^^^^^^^^^^^^^^^^^^^^^^^^^^^^^^^^^^^^^^^^^^^^^^^^^^
  File "/home/bond-servant-in-training/Documents/Virtualenvs/AutoGrader_env/lib/python3.12/site-packages/django/db/models/query.py", line 663, in create
    obj.save(force_insert=True, using=self.db)
  File "/home/bond-servant-in-training/Documents/Projects/Grade-Automator-Plus-cache-commit-race/classrooms/models.py", line 369, in save
    self.full_clean()
  File "/home/bond-servant-in-training/Documents/Virtualenvs/AutoGrader_env/lib/python3.12/site-packages/django/db/models/base.py", line 1679, in full_clean
    raise ValidationError(errors)
django.core.exceptions.ValidationError: {'__all__': ["A student with the exact name 'Cost220 Student' is already enrolled in this course."]}
Failed to bulk-add student Cost212 Student
Traceback (most recent call last):
  File "/home/bond-servant-in-training/Documents/Projects/Grade-Automator-Plus-cache-commit-race/classrooms/services/roster_import.py", line 363, in import_roster
    result, succeeded = _import_row_with_email(course=course, row=row)
                        ^^^^^^^^^^^^^^^^^^^^^^^^^^^^^^^^^^^^^^^^^^^^^^
  File "/home/bond-servant-in-training/Documents/Projects/Grade-Automator-Plus-cache-commit-race/classrooms/services/roster_import.py", line 276, in _import_row_with_email
    StudentCourse.objects.create(
  File "/home/bond-servant-in-training/Documents/Virtualenvs/AutoGrader_env/lib/python3.12/site-packages/django/db/models/manager.py", line 87, in manager_method
    return getattr(self.get_queryset(), name)(*args, **kwargs)
           ^^^^^^^^^^^^^^^^^^^^^^^^^^^^^^^^^^^^^^^^^^^^^^^^^^^
  File "/home/bond-servant-in-training/Documents/Virtualenvs/AutoGrader_env/lib/python3.12/site-packages/django/db/models/query.py", line 663, in create
    obj.save(force_insert=True, using=self.db)
  File "/home/bond-servant-in-training/Documents/Projects/Grade-Automator-Plus-cache-commit-race/classrooms/models.py", line 369, in save
    self.full_clean()
  File "/home/bond-servant-in-training/Documents/Virtualenvs/AutoGrader_env/lib/python3.12/site-packages/django/db/models/base.py", line 1679, in full_clean
    raise ValidationError(errors)
django.core.exceptions.ValidationError: {'__all__': ["A student with the exact name 'Cost212 Student' is already enrolled in this course."]}
Failed to bulk-add student Cost164 Student
Traceback (most recent call last):
  File "/home/bond-servant-in-training/Documents/Projects/Grade-Automator-Plus-cache-commit-race/classrooms/services/roster_import.py", line 363, in import_roster
    result, succeeded = _import_row_with_email(course=course, row=row)
                        ^^^^^^^^^^^^^^^^^^^^^^^^^^^^^^^^^^^^^^^^^^^^^^
  File "/home/bond-servant-in-training/Documents/Projects/Grade-Automator-Plus-cache-commit-race/classrooms/services/roster_import.py", line 276, in _import_row_with_email
    StudentCourse.objects.create(
  File "/home/bond-servant-in-training/Documents/Virtualenvs/AutoGrader_env/lib/python3.12/site-packages/django/db/models/manager.py", line 87, in manager_method
    return getattr(self.get_queryset(), name)(*args, **kwargs)
           ^^^^^^^^^^^^^^^^^^^^^^^^^^^^^^^^^^^^^^^^^^^^^^^^^^^
  File "/home/bond-servant-in-training/Documents/Virtualenvs/AutoGrader_env/lib/python3.12/site-packages/django/db/models/query.py", line 663, in create
    obj.save(force_insert=True, using=self.db)
  File "/home/bond-servant-in-training/Documents/Projects/Grade-Automator-Plus-cache-commit-race/classrooms/models.py", line 369, in save
    self.full_clean()
  File "/home/bond-servant-in-training/Documents/Virtualenvs/AutoGrader_env/lib/python3.12/site-packages/django/db/models/base.py", line 1679, in full_clean
    raise ValidationError(errors)
django.core.exceptions.ValidationError: {'__all__': ["A student with the exact name 'Cost164 Student' is already enrolled in this course."]}
Failed to bulk-add student Cost45 Student
Traceback (most recent call last):
  File "/home/bond-servant-in-training/Documents/Projects/Grade-Automator-Plus-cache-commit-race/classrooms/services/roster_import.py", line 363, in import_roster
    result, succeeded = _import_row_with_email(course=course, row=row)
                        ^^^^^^^^^^^^^^^^^^^^^^^^^^^^^^^^^^^^^^^^^^^^^^
  File "/home/bond-servant-in-training/Documents/Projects/Grade-Automator-Plus-cache-commit-race/classrooms/services/roster_import.py", line 276, in _import_row_with_email
    StudentCourse.objects.create(
  File "/home/bond-servant-in-training/Documents/Virtualenvs/AutoGrader_env/lib/python3.12/site-packages/django/db/models/manager.py", line 87, in manager_method
    return getattr(self.get_queryset(), name)(*args, **kwargs)
           ^^^^^^^^^^^^^^^^^^^^^^^^^^^^^^^^^^^^^^^^^^^^^^^^^^^
  File "/home/bond-servant-in-training/Documents/Virtualenvs/AutoGrader_env/lib/python3.12/site-packages/django/db/models/query.py", line 663, in create
    obj.save(force_insert=True, using=self.db)
  File "/home/bond-servant-in-training/Documents/Projects/Grade-Automator-Plus-cache-commit-race/classrooms/models.py", line 369, in save
    self.full_clean()
  File "/home/bond-servant-in-training/Documents/Virtualenvs/AutoGrader_env/lib/python3.12/site-packages/django/db/models/base.py", line 1679, in full_clean
    raise ValidationError(errors)
django.core.exceptions.ValidationError: {'__all__': ["A student with the exact name 'Cost45 Student' is already enrolled in this course."]}
Failed to bulk-add student Cost379 Student
Traceback (most recent call last):
  File "/home/bond-servant-in-training/Documents/Projects/Grade-Automator-Plus-cache-commit-race/classrooms/services/roster_import.py", line 363, in import_roster
    result, succeeded = _import_row_with_email(course=course, row=row)
                        ^^^^^^^^^^^^^^^^^^^^^^^^^^^^^^^^^^^^^^^^^^^^^^
  File "/home/bond-servant-in-training/Documents/Projects/Grade-Automator-Plus-cache-commit-race/classrooms/services/roster_import.py", line 276, in _import_row_with_email
    StudentCourse.objects.create(
  File "/home/bond-servant-in-training/Documents/Virtualenvs/AutoGrader_env/lib/python3.12/site-packages/django/db/models/manager.py", line 87, in manager_method
    return getattr(self.get_queryset(), name)(*args, **kwargs)
           ^^^^^^^^^^^^^^^^^^^^^^^^^^^^^^^^^^^^^^^^^^^^^^^^^^^
  File "/home/bond-servant-in-training/Documents/Virtualenvs/AutoGrader_env/lib/python3.12/site-packages/django/db/models/query.py", line 663, in create
    obj.save(force_insert=True, using=self.db)
  File "/home/bond-servant-in-training/Documents/Projects/Grade-Automator-Plus-cache-commit-race/classrooms/models.py", line 369, in save
    self.full_clean()
  File "/home/bond-servant-in-training/Documents/Virtualenvs/AutoGrader_env/lib/python3.12/site-packages/django/db/models/base.py", line 1679, in full_clean
    raise ValidationError(errors)
django.core.exceptions.ValidationError: {'__all__': ["A student with the exact name 'Cost379 Student' is already enrolled in this course."]}
Failed to bulk-add student Cost272 Student
Traceback (most recent call last):
  File "/home/bond-servant-in-training/Documents/Projects/Grade-Automator-Plus-cache-commit-race/classrooms/services/roster_import.py", line 363, in import_roster
    result, succeeded = _import_row_with_email(course=course, row=row)
                        ^^^^^^^^^^^^^^^^^^^^^^^^^^^^^^^^^^^^^^^^^^^^^^
  File "/home/bond-servant-in-training/Documents/Projects/Grade-Automator-Plus-cache-commit-race/classrooms/services/roster_import.py", line 276, in _import_row_with_email
    StudentCourse.objects.create(
  File "/home/bond-servant-in-training/Documents/Virtualenvs/AutoGrader_env/lib/python3.12/site-packages/django/db/models/manager.py", line 87, in manager_method
    return getattr(self.get_queryset(), name)(*args, **kwargs)
           ^^^^^^^^^^^^^^^^^^^^^^^^^^^^^^^^^^^^^^^^^^^^^^^^^^^
  File "/home/bond-servant-in-training/Documents/Virtualenvs/AutoGrader_env/lib/python3.12/site-packages/django/db/models/query.py", line 663, in create
    obj.save(force_insert=True, using=self.db)
  File "/home/bond-servant-in-training/Documents/Projects/Grade-Automator-Plus-cache-commit-race/classrooms/models.py", line 369, in save
    self.full_clean()
  File "/home/bond-servant-in-training/Documents/Virtualenvs/AutoGrader_env/lib/python3.12/site-packages/django/db/models/base.py", line 1679, in full_clean
    raise ValidationError(errors)
django.core.exceptions.ValidationError: {'__all__': ["A student with the exact name 'Cost272 Student' is already enrolled in this course."]}
Failed to bulk-add student Cost305 Student
Traceback (most recent call last):
  File "/home/bond-servant-in-training/Documents/Projects/Grade-Automator-Plus-cache-commit-race/classrooms/services/roster_import.py", line 363, in import_roster
    result, succeeded = _import_row_with_email(course=course, row=row)
                        ^^^^^^^^^^^^^^^^^^^^^^^^^^^^^^^^^^^^^^^^^^^^^^
  File "/home/bond-servant-in-training/Documents/Projects/Grade-Automator-Plus-cache-commit-race/classrooms/services/roster_import.py", line 276, in _import_row_with_email
    StudentCourse.objects.create(
  File "/home/bond-servant-in-training/Documents/Virtualenvs/AutoGrader_env/lib/python3.12/site-packages/django/db/models/manager.py", line 87, in manager_method
    return getattr(self.get_queryset(), name)(*args, **kwargs)
           ^^^^^^^^^^^^^^^^^^^^^^^^^^^^^^^^^^^^^^^^^^^^^^^^^^^
  File "/home/bond-servant-in-training/Documents/Virtualenvs/AutoGrader_env/lib/python3.12/site-packages/django/db/models/query.py", line 663, in create
    obj.save(force_insert=True, using=self.db)
  File "/home/bond-servant-in-training/Documents/Projects/Grade-Automator-Plus-cache-commit-race/classrooms/models.py", line 369, in save
    self.full_clean()
  File "/home/bond-servant-in-training/Documents/Virtualenvs/AutoGrader_env/lib/python3.12/site-packages/django/db/models/base.py", line 1679, in full_clean
    raise ValidationError(errors)
django.core.exceptions.ValidationError: {'__all__': ["A student with the exact name 'Cost305 Student' is already enrolled in this course."]}
Failed to bulk-add student Cost326 Student
Traceback (most recent call last):
  File "/home/bond-servant-in-training/Documents/Projects/Grade-Automator-Plus-cache-commit-race/classrooms/services/roster_import.py", line 363, in import_roster
    result, succeeded = _import_row_with_email(course=course, row=row)
                        ^^^^^^^^^^^^^^^^^^^^^^^^^^^^^^^^^^^^^^^^^^^^^^
  File "/home/bond-servant-in-training/Documents/Projects/Grade-Automator-Plus-cache-commit-race/classrooms/services/roster_import.py", line 276, in _import_row_with_email
    StudentCourse.objects.create(
  File "/home/bond-servant-in-training/Documents/Virtualenvs/AutoGrader_env/lib/python3.12/site-packages/django/db/models/manager.py", line 87, in manager_method
    return getattr(self.get_queryset(), name)(*args, **kwargs)
           ^^^^^^^^^^^^^^^^^^^^^^^^^^^^^^^^^^^^^^^^^^^^^^^^^^^
  File "/home/bond-servant-in-training/Documents/Virtualenvs/AutoGrader_env/lib/python3.12/site-packages/django/db/models/query.py", line 663, in create
    obj.save(force_insert=True, using=self.db)
  File "/home/bond-servant-in-training/Documents/Projects/Grade-Automator-Plus-cache-commit-race/classrooms/models.py", line 369, in save
    self.full_clean()
  File "/home/bond-servant-in-training/Documents/Virtualenvs/AutoGrader_env/lib/python3.12/site-packages/django/db/models/base.py", line 1679, in full_clean
    raise ValidationError(errors)
django.core.exceptions.ValidationError: {'__all__': ["A student with the exact name 'Cost326 Student' is already enrolled in this course."]}
Failed to bulk-add student Cost267 Student
Traceback (most recent call last):
  File "/home/bond-servant-in-training/Documents/Projects/Grade-Automator-Plus-cache-commit-race/classrooms/services/roster_import.py", line 363, in import_roster
    result, succeeded = _import_row_with_email(course=course, row=row)
                        ^^^^^^^^^^^^^^^^^^^^^^^^^^^^^^^^^^^^^^^^^^^^^^
  File "/home/bond-servant-in-training/Documents/Projects/Grade-Automator-Plus-cache-commit-race/classrooms/services/roster_import.py", line 276, in _import_row_with_email
    StudentCourse.objects.create(
  File "/home/bond-servant-in-training/Documents/Virtualenvs/AutoGrader_env/lib/python3.12/site-packages/django/db/models/manager.py", line 87, in manager_method
    return getattr(self.get_queryset(), name)(*args, **kwargs)
           ^^^^^^^^^^^^^^^^^^^^^^^^^^^^^^^^^^^^^^^^^^^^^^^^^^^
  File "/home/bond-servant-in-training/Documents/Virtualenvs/AutoGrader_env/lib/python3.12/site-packages/django/db/models/query.py", line 663, in create
    obj.save(force_insert=True, using=self.db)
  File "/home/bond-servant-in-training/Documents/Projects/Grade-Automator-Plus-cache-commit-race/classrooms/models.py", line 369, in save
    self.full_clean()
  File "/home/bond-servant-in-training/Documents/Virtualenvs/AutoGrader_env/lib/python3.12/site-packages/django/db/models/base.py", line 1679, in full_clean
    raise ValidationError(errors)
django.core.exceptions.ValidationError: {'__all__': ["A student with the exact name 'Cost267 Student' is already enrolled in this course."]}
Failed to bulk-add student Cost369 Student
Traceback (most recent call last):
  File "/home/bond-servant-in-training/Documents/Projects/Grade-Automator-Plus-cache-commit-race/classrooms/services/roster_import.py", line 363, in import_roster
    result, succeeded = _import_row_with_email(course=course, row=row)
                        ^^^^^^^^^^^^^^^^^^^^^^^^^^^^^^^^^^^^^^^^^^^^^^
  File "/home/bond-servant-in-training/Documents/Projects/Grade-Automator-Plus-cache-commit-race/classrooms/services/roster_import.py", line 276, in _import_row_with_email
    StudentCourse.objects.create(
  File "/home/bond-servant-in-training/Documents/Virtualenvs/AutoGrader_env/lib/python3.12/site-packages/django/db/models/manager.py", line 87, in manager_method
    return getattr(self.get_queryset(), name)(*args, **kwargs)
           ^^^^^^^^^^^^^^^^^^^^^^^^^^^^^^^^^^^^^^^^^^^^^^^^^^^
  File "/home/bond-servant-in-training/Documents/Virtualenvs/AutoGrader_env/lib/python3.12/site-packages/django/db/models/query.py", line 663, in create
    obj.save(force_insert=True, using=self.db)
  File "/home/bond-servant-in-training/Documents/Projects/Grade-Automator-Plus-cache-commit-race/classrooms/models.py", line 369, in save
    self.full_clean()
  File "/home/bond-servant-in-training/Documents/Virtualenvs/AutoGrader_env/lib/python3.12/site-packages/django/db/models/base.py", line 1679, in full_clean
    raise ValidationError(errors)
django.core.exceptions.ValidationError: {'__all__': ["A student with the exact name 'Cost369 Student' is already enrolled in this course."]}
Failed to bulk-add student Cost104 Student
Traceback (most recent call last):
  File "/home/bond-servant-in-training/Documents/Projects/Grade-Automator-Plus-cache-commit-race/classrooms/services/roster_import.py", line 363, in import_roster
    result, succeeded = _import_row_with_email(course=course, row=row)
                        ^^^^^^^^^^^^^^^^^^^^^^^^^^^^^^^^^^^^^^^^^^^^^^
  File "/home/bond-servant-in-training/Documents/Projects/Grade-Automator-Plus-cache-commit-race/classrooms/services/roster_import.py", line 276, in _import_row_with_email
    StudentCourse.objects.create(
  File "/home/bond-servant-in-training/Documents/Virtualenvs/AutoGrader_env/lib/python3.12/site-packages/django/db/models/manager.py", line 87, in manager_method
    return getattr(self.get_queryset(), name)(*args, **kwargs)
           ^^^^^^^^^^^^^^^^^^^^^^^^^^^^^^^^^^^^^^^^^^^^^^^^^^^
  File "/home/bond-servant-in-training/Documents/Virtualenvs/AutoGrader_env/lib/python3.12/site-packages/django/db/models/query.py", line 663, in create
    obj.save(force_insert=True, using=self.db)
  File "/home/bond-servant-in-training/Documents/Projects/Grade-Automator-Plus-cache-commit-race/classrooms/models.py", line 369, in save
    self.full_clean()
  File "/home/bond-servant-in-training/Documents/Virtualenvs/AutoGrader_env/lib/python3.12/site-packages/django/db/models/base.py", line 1679, in full_clean
    raise ValidationError(errors)
django.core.exceptions.ValidationError: {'__all__': ["A student with the exact name 'Cost104 Student' is already enrolled in this course."]}
Failed to bulk-add student Cost343 Student
Traceback (most recent call last):
  File "/home/bond-servant-in-training/Documents/Projects/Grade-Automator-Plus-cache-commit-race/classrooms/services/roster_import.py", line 363, in import_roster
    result, succeeded = _import_row_with_email(course=course, row=row)
                        ^^^^^^^^^^^^^^^^^^^^^^^^^^^^^^^^^^^^^^^^^^^^^^
  File "/home/bond-servant-in-training/Documents/Projects/Grade-Automator-Plus-cache-commit-race/classrooms/services/roster_import.py", line 276, in _import_row_with_email
    StudentCourse.objects.create(
  File "/home/bond-servant-in-training/Documents/Virtualenvs/AutoGrader_env/lib/python3.12/site-packages/django/db/models/manager.py", line 87, in manager_method
    return getattr(self.get_queryset(), name)(*args, **kwargs)
           ^^^^^^^^^^^^^^^^^^^^^^^^^^^^^^^^^^^^^^^^^^^^^^^^^^^
  File "/home/bond-servant-in-training/Documents/Virtualenvs/AutoGrader_env/lib/python3.12/site-packages/django/db/models/query.py", line 663, in create
    obj.save(force_insert=True, using=self.db)
  File "/home/bond-servant-in-training/Documents/Projects/Grade-Automator-Plus-cache-commit-race/classrooms/models.py", line 369, in save
    self.full_clean()
  File "/home/bond-servant-in-training/Documents/Virtualenvs/AutoGrader_env/lib/python3.12/site-packages/django/db/models/base.py", line 1679, in full_clean
    raise ValidationError(errors)
django.core.exceptions.ValidationError: {'__all__': ["A student with the exact name 'Cost343 Student' is already enrolled in this course."]}
Failed to bulk-add student Cost245 Student
Traceback (most recent call last):
  File "/home/bond-servant-in-training/Documents/Projects/Grade-Automator-Plus-cache-commit-race/classrooms/services/roster_import.py", line 363, in import_roster
    result, succeeded = _import_row_with_email(course=course, row=row)
                        ^^^^^^^^^^^^^^^^^^^^^^^^^^^^^^^^^^^^^^^^^^^^^^
  File "/home/bond-servant-in-training/Documents/Projects/Grade-Automator-Plus-cache-commit-race/classrooms/services/roster_import.py", line 276, in _import_row_with_email
    StudentCourse.objects.create(
  File "/home/bond-servant-in-training/Documents/Virtualenvs/AutoGrader_env/lib/python3.12/site-packages/django/db/models/manager.py", line 87, in manager_method
    return getattr(self.get_queryset(), name)(*args, **kwargs)
           ^^^^^^^^^^^^^^^^^^^^^^^^^^^^^^^^^^^^^^^^^^^^^^^^^^^
  File "/home/bond-servant-in-training/Documents/Virtualenvs/AutoGrader_env/lib/python3.12/site-packages/django/db/models/query.py", line 663, in create
    obj.save(force_insert=True, using=self.db)
  File "/home/bond-servant-in-training/Documents/Projects/Grade-Automator-Plus-cache-commit-race/classrooms/models.py", line 369, in save
    self.full_clean()
  File "/home/bond-servant-in-training/Documents/Virtualenvs/AutoGrader_env/lib/python3.12/site-packages/django/db/models/base.py", line 1679, in full_clean
    raise ValidationError(errors)
django.core.exceptions.ValidationError: {'__all__': ["A student with the exact name 'Cost245 Student' is already enrolled in this course."]}
Failed to bulk-add student Cost319 Student
Traceback (most recent call last):
  File "/home/bond-servant-in-training/Documents/Projects/Grade-Automator-Plus-cache-commit-race/classrooms/services/roster_import.py", line 363, in import_roster
    result, succeeded = _import_row_with_email(course=course, row=row)
                        ^^^^^^^^^^^^^^^^^^^^^^^^^^^^^^^^^^^^^^^^^^^^^^
  File "/home/bond-servant-in-training/Documents/Projects/Grade-Automator-Plus-cache-commit-race/classrooms/services/roster_import.py", line 276, in _import_row_with_email
    StudentCourse.objects.create(
  File "/home/bond-servant-in-training/Documents/Virtualenvs/AutoGrader_env/lib/python3.12/site-packages/django/db/models/manager.py", line 87, in manager_method
    return getattr(self.get_queryset(), name)(*args, **kwargs)
           ^^^^^^^^^^^^^^^^^^^^^^^^^^^^^^^^^^^^^^^^^^^^^^^^^^^
  File "/home/bond-servant-in-training/Documents/Virtualenvs/AutoGrader_env/lib/python3.12/site-packages/django/db/models/query.py", line 663, in create
    obj.save(force_insert=True, using=self.db)
  File "/home/bond-servant-in-training/Documents/Projects/Grade-Automator-Plus-cache-commit-race/classrooms/models.py", line 369, in save
    self.full_clean()
  File "/home/bond-servant-in-training/Documents/Virtualenvs/AutoGrader_env/lib/python3.12/site-packages/django/db/models/base.py", line 1679, in full_clean
    raise ValidationError(errors)
django.core.exceptions.ValidationError: {'__all__': ["A student with the exact name 'Cost319 Student' is already enrolled in this course."]}
Failed to bulk-add student Cost202 Student
Traceback (most recent call last):
  File "/home/bond-servant-in-training/Documents/Projects/Grade-Automator-Plus-cache-commit-race/classrooms/services/roster_import.py", line 363, in import_roster
    result, succeeded = _import_row_with_email(course=course, row=row)
                        ^^^^^^^^^^^^^^^^^^^^^^^^^^^^^^^^^^^^^^^^^^^^^^
  File "/home/bond-servant-in-training/Documents/Projects/Grade-Automator-Plus-cache-commit-race/classrooms/services/roster_import.py", line 276, in _import_row_with_email
    StudentCourse.objects.create(
  File "/home/bond-servant-in-training/Documents/Virtualenvs/AutoGrader_env/lib/python3.12/site-packages/django/db/models/manager.py", line 87, in manager_method
    return getattr(self.get_queryset(), name)(*args, **kwargs)
           ^^^^^^^^^^^^^^^^^^^^^^^^^^^^^^^^^^^^^^^^^^^^^^^^^^^
  File "/home/bond-servant-in-training/Documents/Virtualenvs/AutoGrader_env/lib/python3.12/site-packages/django/db/models/query.py", line 663, in create
    obj.save(force_insert=True, using=self.db)
  File "/home/bond-servant-in-training/Documents/Projects/Grade-Automator-Plus-cache-commit-race/classrooms/models.py", line 369, in save
    self.full_clean()
  File "/home/bond-servant-in-training/Documents/Virtualenvs/AutoGrader_env/lib/python3.12/site-packages/django/db/models/base.py", line 1679, in full_clean
    raise ValidationError(errors)
django.core.exceptions.ValidationError: {'__all__': ["A student with the exact name 'Cost202 Student' is already enrolled in this course."]}
Failed to bulk-add student Cost159 Student
Traceback (most recent call last):
  File "/home/bond-servant-in-training/Documents/Projects/Grade-Automator-Plus-cache-commit-race/classrooms/services/roster_import.py", line 363, in import_roster
    result, succeeded = _import_row_with_email(course=course, row=row)
                        ^^^^^^^^^^^^^^^^^^^^^^^^^^^^^^^^^^^^^^^^^^^^^^
  File "/home/bond-servant-in-training/Documents/Projects/Grade-Automator-Plus-cache-commit-race/classrooms/services/roster_import.py", line 276, in _import_row_with_email
    StudentCourse.objects.create(
  File "/home/bond-servant-in-training/Documents/Virtualenvs/AutoGrader_env/lib/python3.12/site-packages/django/db/models/manager.py", line 87, in manager_method
    return getattr(self.get_queryset(), name)(*args, **kwargs)
           ^^^^^^^^^^^^^^^^^^^^^^^^^^^^^^^^^^^^^^^^^^^^^^^^^^^
  File "/home/bond-servant-in-training/Documents/Virtualenvs/AutoGrader_env/lib/python3.12/site-packages/django/db/models/query.py", line 663, in create
    obj.save(force_insert=True, using=self.db)
  File "/home/bond-servant-in-training/Documents/Projects/Grade-Automator-Plus-cache-commit-race/classrooms/models.py", line 369, in save
    self.full_clean()
  File "/home/bond-servant-in-training/Documents/Virtualenvs/AutoGrader_env/lib/python3.12/site-packages/django/db/models/base.py", line 1679, in full_clean
    raise ValidationError(errors)
django.core.exceptions.ValidationError: {'__all__': ["A student with the exact name 'Cost159 Student' is already enrolled in this course."]}
Failed to bulk-add student Cost37 Student
Traceback (most recent call last):
  File "/home/bond-servant-in-training/Documents/Projects/Grade-Automator-Plus-cache-commit-race/classrooms/services/roster_import.py", line 363, in import_roster
    result, succeeded = _import_row_with_email(course=course, row=row)
                        ^^^^^^^^^^^^^^^^^^^^^^^^^^^^^^^^^^^^^^^^^^^^^^
  File "/home/bond-servant-in-training/Documents/Projects/Grade-Automator-Plus-cache-commit-race/classrooms/services/roster_import.py", line 276, in _import_row_with_email
    StudentCourse.objects.create(
  File "/home/bond-servant-in-training/Documents/Virtualenvs/AutoGrader_env/lib/python3.12/site-packages/django/db/models/manager.py", line 87, in manager_method
    return getattr(self.get_queryset(), name)(*args, **kwargs)
           ^^^^^^^^^^^^^^^^^^^^^^^^^^^^^^^^^^^^^^^^^^^^^^^^^^^
  File "/home/bond-servant-in-training/Documents/Virtualenvs/AutoGrader_env/lib/python3.12/site-packages/django/db/models/query.py", line 663, in create
    obj.save(force_insert=True, using=self.db)
  File "/home/bond-servant-in-training/Documents/Projects/Grade-Automator-Plus-cache-commit-race/classrooms/models.py", line 369, in save
    self.full_clean()
  File "/home/bond-servant-in-training/Documents/Virtualenvs/AutoGrader_env/lib/python3.12/site-packages/django/db/models/base.py", line 1679, in full_clean
    raise ValidationError(errors)
django.core.exceptions.ValidationError: {'__all__': ["A student with the exact name 'Cost37 Student' is already enrolled in this course."]}
Failed to bulk-add student Cost6 Student
Traceback (most recent call last):
  File "/home/bond-servant-in-training/Documents/Projects/Grade-Automator-Plus-cache-commit-race/classrooms/services/roster_import.py", line 363, in import_roster
    result, succeeded = _import_row_with_email(course=course, row=row)
                        ^^^^^^^^^^^^^^^^^^^^^^^^^^^^^^^^^^^^^^^^^^^^^^
  File "/home/bond-servant-in-training/Documents/Projects/Grade-Automator-Plus-cache-commit-race/classrooms/services/roster_import.py", line 276, in _import_row_with_email
    StudentCourse.objects.create(
  File "/home/bond-servant-in-training/Documents/Virtualenvs/AutoGrader_env/lib/python3.12/site-packages/django/db/models/manager.py", line 87, in manager_method
    return getattr(self.get_queryset(), name)(*args, **kwargs)
           ^^^^^^^^^^^^^^^^^^^^^^^^^^^^^^^^^^^^^^^^^^^^^^^^^^^
  File "/home/bond-servant-in-training/Documents/Virtualenvs/AutoGrader_env/lib/python3.12/site-packages/django/db/models/query.py", line 663, in create
    obj.save(force_insert=True, using=self.db)
  File "/home/bond-servant-in-training/Documents/Projects/Grade-Automator-Plus-cache-commit-race/classrooms/models.py", line 369, in save
    self.full_clean()
  File "/home/bond-servant-in-training/Documents/Virtualenvs/AutoGrader_env/lib/python3.12/site-packages/django/db/models/base.py", line 1679, in full_clean
    raise ValidationError(errors)
django.core.exceptions.ValidationError: {'__all__': ["A student with the exact name 'Cost6 Student' is already enrolled in this course."]}
Failed to bulk-add student Cost270 Student
Traceback (most recent call last):
  File "/home/bond-servant-in-training/Documents/Projects/Grade-Automator-Plus-cache-commit-race/classrooms/services/roster_import.py", line 363, in import_roster
    result, succeeded = _import_row_with_email(course=course, row=row)
                        ^^^^^^^^^^^^^^^^^^^^^^^^^^^^^^^^^^^^^^^^^^^^^^
  File "/home/bond-servant-in-training/Documents/Projects/Grade-Automator-Plus-cache-commit-race/classrooms/services/roster_import.py", line 276, in _import_row_with_email
    StudentCourse.objects.create(
  File "/home/bond-servant-in-training/Documents/Virtualenvs/AutoGrader_env/lib/python3.12/site-packages/django/db/models/manager.py", line 87, in manager_method
    return getattr(self.get_queryset(), name)(*args, **kwargs)
           ^^^^^^^^^^^^^^^^^^^^^^^^^^^^^^^^^^^^^^^^^^^^^^^^^^^
  File "/home/bond-servant-in-training/Documents/Virtualenvs/AutoGrader_env/lib/python3.12/site-packages/django/db/models/query.py", line 663, in create
    obj.save(force_insert=True, using=self.db)
  File "/home/bond-servant-in-training/Documents/Projects/Grade-Automator-Plus-cache-commit-race/classrooms/models.py", line 369, in save
    self.full_clean()
  File "/home/bond-servant-in-training/Documents/Virtualenvs/AutoGrader_env/lib/python3.12/site-packages/django/db/models/base.py", line 1679, in full_clean
    raise ValidationError(errors)
django.core.exceptions.ValidationError: {'__all__': ["A student with the exact name 'Cost270 Student' is already enrolled in this course."]}
Failed to bulk-add student Cost339 Student
Traceback (most recent call last):
  File "/home/bond-servant-in-training/Documents/Projects/Grade-Automator-Plus-cache-commit-race/classrooms/services/roster_import.py", line 363, in import_roster
    result, succeeded = _import_row_with_email(course=course, row=row)
                        ^^^^^^^^^^^^^^^^^^^^^^^^^^^^^^^^^^^^^^^^^^^^^^
  File "/home/bond-servant-in-training/Documents/Projects/Grade-Automator-Plus-cache-commit-race/classrooms/services/roster_import.py", line 276, in _import_row_with_email
    StudentCourse.objects.create(
  File "/home/bond-servant-in-training/Documents/Virtualenvs/AutoGrader_env/lib/python3.12/site-packages/django/db/models/manager.py", line 87, in manager_method
    return getattr(self.get_queryset(), name)(*args, **kwargs)
           ^^^^^^^^^^^^^^^^^^^^^^^^^^^^^^^^^^^^^^^^^^^^^^^^^^^
  File "/home/bond-servant-in-training/Documents/Virtualenvs/AutoGrader_env/lib/python3.12/site-packages/django/db/models/query.py", line 663, in create
    obj.save(force_insert=True, using=self.db)
  File "/home/bond-servant-in-training/Documents/Projects/Grade-Automator-Plus-cache-commit-race/classrooms/models.py", line 369, in save
    self.full_clean()
  File "/home/bond-servant-in-training/Documents/Virtualenvs/AutoGrader_env/lib/python3.12/site-packages/django/db/models/base.py", line 1679, in full_clean
    raise ValidationError(errors)
django.core.exceptions.ValidationError: {'__all__': ["A student with the exact name 'Cost339 Student' is already enrolled in this course."]}
Failed to bulk-add student Cost3 Student
Traceback (most recent call last):
  File "/home/bond-servant-in-training/Documents/Projects/Grade-Automator-Plus-cache-commit-race/classrooms/services/roster_import.py", line 363, in import_roster
    result, succeeded = _import_row_with_email(course=course, row=row)
                        ^^^^^^^^^^^^^^^^^^^^^^^^^^^^^^^^^^^^^^^^^^^^^^
  File "/home/bond-servant-in-training/Documents/Projects/Grade-Automator-Plus-cache-commit-race/classrooms/services/roster_import.py", line 276, in _import_row_with_email
    StudentCourse.objects.create(
  File "/home/bond-servant-in-training/Documents/Virtualenvs/AutoGrader_env/lib/python3.12/site-packages/django/db/models/manager.py", line 87, in manager_method
    return getattr(self.get_queryset(), name)(*args, **kwargs)
           ^^^^^^^^^^^^^^^^^^^^^^^^^^^^^^^^^^^^^^^^^^^^^^^^^^^
  File "/home/bond-servant-in-training/Documents/Virtualenvs/AutoGrader_env/lib/python3.12/site-packages/django/db/models/query.py", line 663, in create
    obj.save(force_insert=True, using=self.db)
  File "/home/bond-servant-in-training/Documents/Projects/Grade-Automator-Plus-cache-commit-race/classrooms/models.py", line 369, in save
    self.full_clean()
  File "/home/bond-servant-in-training/Documents/Virtualenvs/AutoGrader_env/lib/python3.12/site-packages/django/db/models/base.py", line 1679, in full_clean
    raise ValidationError(errors)
django.core.exceptions.ValidationError: {'__all__': ["A student with the exact name 'Cost3 Student' is already enrolled in this course."]}
Failed to bulk-add student Cost340 Student
Traceback (most recent call last):
  File "/home/bond-servant-in-training/Documents/Projects/Grade-Automator-Plus-cache-commit-race/classrooms/services/roster_import.py", line 363, in import_roster
    result, succeeded = _import_row_with_email(course=course, row=row)
                        ^^^^^^^^^^^^^^^^^^^^^^^^^^^^^^^^^^^^^^^^^^^^^^
  File "/home/bond-servant-in-training/Documents/Projects/Grade-Automator-Plus-cache-commit-race/classrooms/services/roster_import.py", line 276, in _import_row_with_email
    StudentCourse.objects.create(
  File "/home/bond-servant-in-training/Documents/Virtualenvs/AutoGrader_env/lib/python3.12/site-packages/django/db/models/manager.py", line 87, in manager_method
    return getattr(self.get_queryset(), name)(*args, **kwargs)
           ^^^^^^^^^^^^^^^^^^^^^^^^^^^^^^^^^^^^^^^^^^^^^^^^^^^
  File "/home/bond-servant-in-training/Documents/Virtualenvs/AutoGrader_env/lib/python3.12/site-packages/django/db/models/query.py", line 663, in create
    obj.save(force_insert=True, using=self.db)
  File "/home/bond-servant-in-training/Documents/Projects/Grade-Automator-Plus-cache-commit-race/classrooms/models.py", line 369, in save
    self.full_clean()
  File "/home/bond-servant-in-training/Documents/Virtualenvs/AutoGrader_env/lib/python3.12/site-packages/django/db/models/base.py", line 1679, in full_clean
    raise ValidationError(errors)
django.core.exceptions.ValidationError: {'__all__': ["A student with the exact name 'Cost340 Student' is already enrolled in this course."]}
Failed to bulk-add student Cost348 Student
Traceback (most recent call last):
  File "/home/bond-servant-in-training/Documents/Projects/Grade-Automator-Plus-cache-commit-race/classrooms/services/roster_import.py", line 363, in import_roster
    result, succeeded = _import_row_with_email(course=course, row=row)
                        ^^^^^^^^^^^^^^^^^^^^^^^^^^^^^^^^^^^^^^^^^^^^^^
  File "/home/bond-servant-in-training/Documents/Projects/Grade-Automator-Plus-cache-commit-race/classrooms/services/roster_import.py", line 276, in _import_row_with_email
    StudentCourse.objects.create(
  File "/home/bond-servant-in-training/Documents/Virtualenvs/AutoGrader_env/lib/python3.12/site-packages/django/db/models/manager.py", line 87, in manager_method
    return getattr(self.get_queryset(), name)(*args, **kwargs)
           ^^^^^^^^^^^^^^^^^^^^^^^^^^^^^^^^^^^^^^^^^^^^^^^^^^^
  File "/home/bond-servant-in-training/Documents/Virtualenvs/AutoGrader_env/lib/python3.12/site-packages/django/db/models/query.py", line 663, in create
    obj.save(force_insert=True, using=self.db)
  File "/home/bond-servant-in-training/Documents/Projects/Grade-Automator-Plus-cache-commit-race/classrooms/models.py", line 369, in save
    self.full_clean()
  File "/home/bond-servant-in-training/Documents/Virtualenvs/AutoGrader_env/lib/python3.12/site-packages/django/db/models/base.py", line 1679, in full_clean
    raise ValidationError(errors)
django.core.exceptions.ValidationError: {'__all__': ["A student with the exact name 'Cost348 Student' is already enrolled in this course."]}
Failed to bulk-add student Cost341 Student
Traceback (most recent call last):
  File "/home/bond-servant-in-training/Documents/Projects/Grade-Automator-Plus-cache-commit-race/classrooms/services/roster_import.py", line 363, in import_roster
    result, succeeded = _import_row_with_email(course=course, row=row)
                        ^^^^^^^^^^^^^^^^^^^^^^^^^^^^^^^^^^^^^^^^^^^^^^
  File "/home/bond-servant-in-training/Documents/Projects/Grade-Automator-Plus-cache-commit-race/classrooms/services/roster_import.py", line 276, in _import_row_with_email
    StudentCourse.objects.create(
  File "/home/bond-servant-in-training/Documents/Virtualenvs/AutoGrader_env/lib/python3.12/site-packages/django/db/models/manager.py", line 87, in manager_method
    return getattr(self.get_queryset(), name)(*args, **kwargs)
           ^^^^^^^^^^^^^^^^^^^^^^^^^^^^^^^^^^^^^^^^^^^^^^^^^^^
  File "/home/bond-servant-in-training/Documents/Virtualenvs/AutoGrader_env/lib/python3.12/site-packages/django/db/models/query.py", line 663, in create
    obj.save(force_insert=True, using=self.db)
  File "/home/bond-servant-in-training/Documents/Projects/Grade-Automator-Plus-cache-commit-race/classrooms/models.py", line 369, in save
    self.full_clean()
  File "/home/bond-servant-in-training/Documents/Virtualenvs/AutoGrader_env/lib/python3.12/site-packages/django/db/models/base.py", line 1679, in full_clean
    raise ValidationError(errors)
django.core.exceptions.ValidationError: {'__all__': ["A student with the exact name 'Cost341 Student' is already enrolled in this course."]}
Failed to bulk-add student Cost290 Student
Traceback (most recent call last):
  File "/home/bond-servant-in-training/Documents/Projects/Grade-Automator-Plus-cache-commit-race/classrooms/services/roster_import.py", line 363, in import_roster
    result, succeeded = _import_row_with_email(course=course, row=row)
                        ^^^^^^^^^^^^^^^^^^^^^^^^^^^^^^^^^^^^^^^^^^^^^^
  File "/home/bond-servant-in-training/Documents/Projects/Grade-Automator-Plus-cache-commit-race/classrooms/services/roster_import.py", line 276, in _import_row_with_email
    StudentCourse.objects.create(
  File "/home/bond-servant-in-training/Documents/Virtualenvs/AutoGrader_env/lib/python3.12/site-packages/django/db/models/manager.py", line 87, in manager_method
    return getattr(self.get_queryset(), name)(*args, **kwargs)
           ^^^^^^^^^^^^^^^^^^^^^^^^^^^^^^^^^^^^^^^^^^^^^^^^^^^
  File "/home/bond-servant-in-training/Documents/Virtualenvs/AutoGrader_env/lib/python3.12/site-packages/django/db/models/query.py", line 663, in create
    obj.save(force_insert=True, using=self.db)
  File "/home/bond-servant-in-training/Documents/Projects/Grade-Automator-Plus-cache-commit-race/classrooms/models.py", line 369, in save
    self.full_clean()
  File "/home/bond-servant-in-training/Documents/Virtualenvs/AutoGrader_env/lib/python3.12/site-packages/django/db/models/base.py", line 1679, in full_clean
    raise ValidationError(errors)
django.core.exceptions.ValidationError: {'__all__': ["A student with the exact name 'Cost290 Student' is already enrolled in this course."]}
Failed to bulk-add student Cost52 Student
Traceback (most recent call last):
  File "/home/bond-servant-in-training/Documents/Projects/Grade-Automator-Plus-cache-commit-race/classrooms/services/roster_import.py", line 363, in import_roster
    result, succeeded = _import_row_with_email(course=course, row=row)
                        ^^^^^^^^^^^^^^^^^^^^^^^^^^^^^^^^^^^^^^^^^^^^^^
  File "/home/bond-servant-in-training/Documents/Projects/Grade-Automator-Plus-cache-commit-race/classrooms/services/roster_import.py", line 276, in _import_row_with_email
    StudentCourse.objects.create(
  File "/home/bond-servant-in-training/Documents/Virtualenvs/AutoGrader_env/lib/python3.12/site-packages/django/db/models/manager.py", line 87, in manager_method
    return getattr(self.get_queryset(), name)(*args, **kwargs)
           ^^^^^^^^^^^^^^^^^^^^^^^^^^^^^^^^^^^^^^^^^^^^^^^^^^^
  File "/home/bond-servant-in-training/Documents/Virtualenvs/AutoGrader_env/lib/python3.12/site-packages/django/db/models/query.py", line 663, in create
    obj.save(force_insert=True, using=self.db)
  File "/home/bond-servant-in-training/Documents/Projects/Grade-Automator-Plus-cache-commit-race/classrooms/models.py", line 369, in save
    self.full_clean()
  File "/home/bond-servant-in-training/Documents/Virtualenvs/AutoGrader_env/lib/python3.12/site-packages/django/db/models/base.py", line 1679, in full_clean
    raise ValidationError(errors)
django.core.exceptions.ValidationError: {'__all__': ["A student with the exact name 'Cost52 Student' is already enrolled in this course."]}
Failed to bulk-add student Cost177 Student
Traceback (most recent call last):
  File "/home/bond-servant-in-training/Documents/Projects/Grade-Automator-Plus-cache-commit-race/classrooms/services/roster_import.py", line 363, in import_roster
    result, succeeded = _import_row_with_email(course=course, row=row)
                        ^^^^^^^^^^^^^^^^^^^^^^^^^^^^^^^^^^^^^^^^^^^^^^
  File "/home/bond-servant-in-training/Documents/Projects/Grade-Automator-Plus-cache-commit-race/classrooms/services/roster_import.py", line 276, in _import_row_with_email
    StudentCourse.objects.create(
  File "/home/bond-servant-in-training/Documents/Virtualenvs/AutoGrader_env/lib/python3.12/site-packages/django/db/models/manager.py", line 87, in manager_method
    return getattr(self.get_queryset(), name)(*args, **kwargs)
           ^^^^^^^^^^^^^^^^^^^^^^^^^^^^^^^^^^^^^^^^^^^^^^^^^^^
  File "/home/bond-servant-in-training/Documents/Virtualenvs/AutoGrader_env/lib/python3.12/site-packages/django/db/models/query.py", line 663, in create
    obj.save(force_insert=True, using=self.db)
  File "/home/bond-servant-in-training/Documents/Projects/Grade-Automator-Plus-cache-commit-race/classrooms/models.py", line 369, in save
    self.full_clean()
  File "/home/bond-servant-in-training/Documents/Virtualenvs/AutoGrader_env/lib/python3.12/site-packages/django/db/models/base.py", line 1679, in full_clean
    raise ValidationError(errors)
django.core.exceptions.ValidationError: {'__all__': ["A student with the exact name 'Cost177 Student' is already enrolled in this course."]}
Failed to bulk-add student Cost299 Student
Traceback (most recent call last):
  File "/home/bond-servant-in-training/Documents/Projects/Grade-Automator-Plus-cache-commit-race/classrooms/services/roster_import.py", line 363, in import_roster
    result, succeeded = _import_row_with_email(course=course, row=row)
                        ^^^^^^^^^^^^^^^^^^^^^^^^^^^^^^^^^^^^^^^^^^^^^^
  File "/home/bond-servant-in-training/Documents/Projects/Grade-Automator-Plus-cache-commit-race/classrooms/services/roster_import.py", line 276, in _import_row_with_email
    StudentCourse.objects.create(
  File "/home/bond-servant-in-training/Documents/Virtualenvs/AutoGrader_env/lib/python3.12/site-packages/django/db/models/manager.py", line 87, in manager_method
    return getattr(self.get_queryset(), name)(*args, **kwargs)
           ^^^^^^^^^^^^^^^^^^^^^^^^^^^^^^^^^^^^^^^^^^^^^^^^^^^
  File "/home/bond-servant-in-training/Documents/Virtualenvs/AutoGrader_env/lib/python3.12/site-packages/django/db/models/query.py", line 663, in create
    obj.save(force_insert=True, using=self.db)
  File "/home/bond-servant-in-training/Documents/Projects/Grade-Automator-Plus-cache-commit-race/classrooms/models.py", line 369, in save
    self.full_clean()
  File "/home/bond-servant-in-training/Documents/Virtualenvs/AutoGrader_env/lib/python3.12/site-packages/django/db/models/base.py", line 1679, in full_clean
    raise ValidationError(errors)
django.core.exceptions.ValidationError: {'__all__': ["A student with the exact name 'Cost299 Student' is already enrolled in this course."]}
Failed to bulk-add student Cost167 Student
Traceback (most recent call last):
  File "/home/bond-servant-in-training/Documents/Projects/Grade-Automator-Plus-cache-commit-race/classrooms/services/roster_import.py", line 363, in import_roster
    result, succeeded = _import_row_with_email(course=course, row=row)
                        ^^^^^^^^^^^^^^^^^^^^^^^^^^^^^^^^^^^^^^^^^^^^^^
  File "/home/bond-servant-in-training/Documents/Projects/Grade-Automator-Plus-cache-commit-race/classrooms/services/roster_import.py", line 276, in _import_row_with_email
    StudentCourse.objects.create(
  File "/home/bond-servant-in-training/Documents/Virtualenvs/AutoGrader_env/lib/python3.12/site-packages/django/db/models/manager.py", line 87, in manager_method
    return getattr(self.get_queryset(), name)(*args, **kwargs)
           ^^^^^^^^^^^^^^^^^^^^^^^^^^^^^^^^^^^^^^^^^^^^^^^^^^^
  File "/home/bond-servant-in-training/Documents/Virtualenvs/AutoGrader_env/lib/python3.12/site-packages/django/db/models/query.py", line 663, in create
    obj.save(force_insert=True, using=self.db)
  File "/home/bond-servant-in-training/Documents/Projects/Grade-Automator-Plus-cache-commit-race/classrooms/models.py", line 369, in save
    self.full_clean()
  File "/home/bond-servant-in-training/Documents/Virtualenvs/AutoGrader_env/lib/python3.12/site-packages/django/db/models/base.py", line 1679, in full_clean
    raise ValidationError(errors)
django.core.exceptions.ValidationError: {'__all__': ["A student with the exact name 'Cost167 Student' is already enrolled in this course."]}
Failed to bulk-add student Cost309 Student
Traceback (most recent call last):
  File "/home/bond-servant-in-training/Documents/Projects/Grade-Automator-Plus-cache-commit-race/classrooms/services/roster_import.py", line 363, in import_roster
    result, succeeded = _import_row_with_email(course=course, row=row)
                        ^^^^^^^^^^^^^^^^^^^^^^^^^^^^^^^^^^^^^^^^^^^^^^
  File "/home/bond-servant-in-training/Documents/Projects/Grade-Automator-Plus-cache-commit-race/classrooms/services/roster_import.py", line 276, in _import_row_with_email
    StudentCourse.objects.create(
  File "/home/bond-servant-in-training/Documents/Virtualenvs/AutoGrader_env/lib/python3.12/site-packages/django/db/models/manager.py", line 87, in manager_method
    return getattr(self.get_queryset(), name)(*args, **kwargs)
           ^^^^^^^^^^^^^^^^^^^^^^^^^^^^^^^^^^^^^^^^^^^^^^^^^^^
  File "/home/bond-servant-in-training/Documents/Virtualenvs/AutoGrader_env/lib/python3.12/site-packages/django/db/models/query.py", line 663, in create
    obj.save(force_insert=True, using=self.db)
  File "/home/bond-servant-in-training/Documents/Projects/Grade-Automator-Plus-cache-commit-race/classrooms/models.py", line 369, in save
    self.full_clean()
  File "/home/bond-servant-in-training/Documents/Virtualenvs/AutoGrader_env/lib/python3.12/site-packages/django/db/models/base.py", line 1679, in full_clean
    raise ValidationError(errors)
django.core.exceptions.ValidationError: {'__all__': ["A student with the exact name 'Cost309 Student' is already enrolled in this course."]}
Failed to bulk-add student Cost130 Student
Traceback (most recent call last):
  File "/home/bond-servant-in-training/Documents/Projects/Grade-Automator-Plus-cache-commit-race/classrooms/services/roster_import.py", line 363, in import_roster
    result, succeeded = _import_row_with_email(course=course, row=row)
                        ^^^^^^^^^^^^^^^^^^^^^^^^^^^^^^^^^^^^^^^^^^^^^^
  File "/home/bond-servant-in-training/Documents/Projects/Grade-Automator-Plus-cache-commit-race/classrooms/services/roster_import.py", line 276, in _import_row_with_email
    StudentCourse.objects.create(
  File "/home/bond-servant-in-training/Documents/Virtualenvs/AutoGrader_env/lib/python3.12/site-packages/django/db/models/manager.py", line 87, in manager_method
    return getattr(self.get_queryset(), name)(*args, **kwargs)
           ^^^^^^^^^^^^^^^^^^^^^^^^^^^^^^^^^^^^^^^^^^^^^^^^^^^
  File "/home/bond-servant-in-training/Documents/Virtualenvs/AutoGrader_env/lib/python3.12/site-packages/django/db/models/query.py", line 663, in create
    obj.save(force_insert=True, using=self.db)
  File "/home/bond-servant-in-training/Documents/Projects/Grade-Automator-Plus-cache-commit-race/classrooms/models.py", line 369, in save
    self.full_clean()
  File "/home/bond-servant-in-training/Documents/Virtualenvs/AutoGrader_env/lib/python3.12/site-packages/django/db/models/base.py", line 1679, in full_clean
    raise ValidationError(errors)
django.core.exceptions.ValidationError: {'__all__': ["A student with the exact name 'Cost130 Student' is already enrolled in this course."]}
Failed to bulk-add student Cost208 Student
Traceback (most recent call last):
  File "/home/bond-servant-in-training/Documents/Projects/Grade-Automator-Plus-cache-commit-race/classrooms/services/roster_import.py", line 363, in import_roster
    result, succeeded = _import_row_with_email(course=course, row=row)
                        ^^^^^^^^^^^^^^^^^^^^^^^^^^^^^^^^^^^^^^^^^^^^^^
  File "/home/bond-servant-in-training/Documents/Projects/Grade-Automator-Plus-cache-commit-race/classrooms/services/roster_import.py", line 276, in _import_row_with_email
    StudentCourse.objects.create(
  File "/home/bond-servant-in-training/Documents/Virtualenvs/AutoGrader_env/lib/python3.12/site-packages/django/db/models/manager.py", line 87, in manager_method
    return getattr(self.get_queryset(), name)(*args, **kwargs)
           ^^^^^^^^^^^^^^^^^^^^^^^^^^^^^^^^^^^^^^^^^^^^^^^^^^^
  File "/home/bond-servant-in-training/Documents/Virtualenvs/AutoGrader_env/lib/python3.12/site-packages/django/db/models/query.py", line 663, in create
    obj.save(force_insert=True, using=self.db)
  File "/home/bond-servant-in-training/Documents/Projects/Grade-Automator-Plus-cache-commit-race/classrooms/models.py", line 369, in save
    self.full_clean()
  File "/home/bond-servant-in-training/Documents/Virtualenvs/AutoGrader_env/lib/python3.12/site-packages/django/db/models/base.py", line 1679, in full_clean
    raise ValidationError(errors)
django.core.exceptions.ValidationError: {'__all__': ["A student with the exact name 'Cost208 Student' is already enrolled in this course."]}
Failed to bulk-add student Cost206 Student
Traceback (most recent call last):
  File "/home/bond-servant-in-training/Documents/Projects/Grade-Automator-Plus-cache-commit-race/classrooms/services/roster_import.py", line 363, in import_roster
    result, succeeded = _import_row_with_email(course=course, row=row)
                        ^^^^^^^^^^^^^^^^^^^^^^^^^^^^^^^^^^^^^^^^^^^^^^
  File "/home/bond-servant-in-training/Documents/Projects/Grade-Automator-Plus-cache-commit-race/classrooms/services/roster_import.py", line 276, in _import_row_with_email
    StudentCourse.objects.create(
  File "/home/bond-servant-in-training/Documents/Virtualenvs/AutoGrader_env/lib/python3.12/site-packages/django/db/models/manager.py", line 87, in manager_method
    return getattr(self.get_queryset(), name)(*args, **kwargs)
           ^^^^^^^^^^^^^^^^^^^^^^^^^^^^^^^^^^^^^^^^^^^^^^^^^^^
  File "/home/bond-servant-in-training/Documents/Virtualenvs/AutoGrader_env/lib/python3.12/site-packages/django/db/models/query.py", line 663, in create
    obj.save(force_insert=True, using=self.db)
  File "/home/bond-servant-in-training/Documents/Projects/Grade-Automator-Plus-cache-commit-race/classrooms/models.py", line 369, in save
    self.full_clean()
  File "/home/bond-servant-in-training/Documents/Virtualenvs/AutoGrader_env/lib/python3.12/site-packages/django/db/models/base.py", line 1679, in full_clean
    raise ValidationError(errors)
django.core.exceptions.ValidationError: {'__all__': ["A student with the exact name 'Cost206 Student' is already enrolled in this course."]}
Failed to bulk-add student Cost264 Student
Traceback (most recent call last):
  File "/home/bond-servant-in-training/Documents/Projects/Grade-Automator-Plus-cache-commit-race/classrooms/services/roster_import.py", line 363, in import_roster
    result, succeeded = _import_row_with_email(course=course, row=row)
                        ^^^^^^^^^^^^^^^^^^^^^^^^^^^^^^^^^^^^^^^^^^^^^^
  File "/home/bond-servant-in-training/Documents/Projects/Grade-Automator-Plus-cache-commit-race/classrooms/services/roster_import.py", line 276, in _import_row_with_email
    StudentCourse.objects.create(
  File "/home/bond-servant-in-training/Documents/Virtualenvs/AutoGrader_env/lib/python3.12/site-packages/django/db/models/manager.py", line 87, in manager_method
    return getattr(self.get_queryset(), name)(*args, **kwargs)
           ^^^^^^^^^^^^^^^^^^^^^^^^^^^^^^^^^^^^^^^^^^^^^^^^^^^
  File "/home/bond-servant-in-training/Documents/Virtualenvs/AutoGrader_env/lib/python3.12/site-packages/django/db/models/query.py", line 663, in create
    obj.save(force_insert=True, using=self.db)
  File "/home/bond-servant-in-training/Documents/Projects/Grade-Automator-Plus-cache-commit-race/classrooms/models.py", line 369, in save
    self.full_clean()
  File "/home/bond-servant-in-training/Documents/Virtualenvs/AutoGrader_env/lib/python3.12/site-packages/django/db/models/base.py", line 1679, in full_clean
    raise ValidationError(errors)
django.core.exceptions.ValidationError: {'__all__': ["A student with the exact name 'Cost264 Student' is already enrolled in this course."]}
Failed to bulk-add student Cost84 Student
Traceback (most recent call last):
  File "/home/bond-servant-in-training/Documents/Projects/Grade-Automator-Plus-cache-commit-race/classrooms/services/roster_import.py", line 363, in import_roster
    result, succeeded = _import_row_with_email(course=course, row=row)
                        ^^^^^^^^^^^^^^^^^^^^^^^^^^^^^^^^^^^^^^^^^^^^^^
  File "/home/bond-servant-in-training/Documents/Projects/Grade-Automator-Plus-cache-commit-race/classrooms/services/roster_import.py", line 276, in _import_row_with_email
    StudentCourse.objects.create(
  File "/home/bond-servant-in-training/Documents/Virtualenvs/AutoGrader_env/lib/python3.12/site-packages/django/db/models/manager.py", line 87, in manager_method
    return getattr(self.get_queryset(), name)(*args, **kwargs)
           ^^^^^^^^^^^^^^^^^^^^^^^^^^^^^^^^^^^^^^^^^^^^^^^^^^^
  File "/home/bond-servant-in-training/Documents/Virtualenvs/AutoGrader_env/lib/python3.12/site-packages/django/db/models/query.py", line 663, in create
    obj.save(force_insert=True, using=self.db)
  File "/home/bond-servant-in-training/Documents/Projects/Grade-Automator-Plus-cache-commit-race/classrooms/models.py", line 369, in save
    self.full_clean()
  File "/home/bond-servant-in-training/Documents/Virtualenvs/AutoGrader_env/lib/python3.12/site-packages/django/db/models/base.py", line 1679, in full_clean
    raise ValidationError(errors)
django.core.exceptions.ValidationError: {'__all__': ["A student with the exact name 'Cost84 Student' is already enrolled in this course."]}
Failed to bulk-add student Cost330 Student
Traceback (most recent call last):
  File "/home/bond-servant-in-training/Documents/Projects/Grade-Automator-Plus-cache-commit-race/classrooms/services/roster_import.py", line 363, in import_roster
    result, succeeded = _import_row_with_email(course=course, row=row)
                        ^^^^^^^^^^^^^^^^^^^^^^^^^^^^^^^^^^^^^^^^^^^^^^
  File "/home/bond-servant-in-training/Documents/Projects/Grade-Automator-Plus-cache-commit-race/classrooms/services/roster_import.py", line 276, in _import_row_with_email
    StudentCourse.objects.create(
  File "/home/bond-servant-in-training/Documents/Virtualenvs/AutoGrader_env/lib/python3.12/site-packages/django/db/models/manager.py", line 87, in manager_method
    return getattr(self.get_queryset(), name)(*args, **kwargs)
           ^^^^^^^^^^^^^^^^^^^^^^^^^^^^^^^^^^^^^^^^^^^^^^^^^^^
  File "/home/bond-servant-in-training/Documents/Virtualenvs/AutoGrader_env/lib/python3.12/site-packages/django/db/models/query.py", line 663, in create
    obj.save(force_insert=True, using=self.db)
  File "/home/bond-servant-in-training/Documents/Projects/Grade-Automator-Plus-cache-commit-race/classrooms/models.py", line 369, in save
    self.full_clean()
  File "/home/bond-servant-in-training/Documents/Virtualenvs/AutoGrader_env/lib/python3.12/site-packages/django/db/models/base.py", line 1679, in full_clean
    raise ValidationError(errors)
django.core.exceptions.ValidationError: {'__all__': ["A student with the exact name 'Cost330 Student' is already enrolled in this course."]}
Failed to bulk-add student Cost284 Student
Traceback (most recent call last):
  File "/home/bond-servant-in-training/Documents/Projects/Grade-Automator-Plus-cache-commit-race/classrooms/services/roster_import.py", line 363, in import_roster
    result, succeeded = _import_row_with_email(course=course, row=row)
                        ^^^^^^^^^^^^^^^^^^^^^^^^^^^^^^^^^^^^^^^^^^^^^^
  File "/home/bond-servant-in-training/Documents/Projects/Grade-Automator-Plus-cache-commit-race/classrooms/services/roster_import.py", line 276, in _import_row_with_email
    StudentCourse.objects.create(
  File "/home/bond-servant-in-training/Documents/Virtualenvs/AutoGrader_env/lib/python3.12/site-packages/django/db/models/manager.py", line 87, in manager_method
    return getattr(self.get_queryset(), name)(*args, **kwargs)
           ^^^^^^^^^^^^^^^^^^^^^^^^^^^^^^^^^^^^^^^^^^^^^^^^^^^
  File "/home/bond-servant-in-training/Documents/Virtualenvs/AutoGrader_env/lib/python3.12/site-packages/django/db/models/query.py", line 663, in create
    obj.save(force_insert=True, using=self.db)
  File "/home/bond-servant-in-training/Documents/Projects/Grade-Automator-Plus-cache-commit-race/classrooms/models.py", line 369, in save
    self.full_clean()
  File "/home/bond-servant-in-training/Documents/Virtualenvs/AutoGrader_env/lib/python3.12/site-packages/django/db/models/base.py", line 1679, in full_clean
    raise ValidationError(errors)
django.core.exceptions.ValidationError: {'__all__': ["A student with the exact name 'Cost284 Student' is already enrolled in this course."]}
Failed to bulk-add student Cost268 Student
Traceback (most recent call last):
  File "/home/bond-servant-in-training/Documents/Projects/Grade-Automator-Plus-cache-commit-race/classrooms/services/roster_import.py", line 363, in import_roster
    result, succeeded = _import_row_with_email(course=course, row=row)
                        ^^^^^^^^^^^^^^^^^^^^^^^^^^^^^^^^^^^^^^^^^^^^^^
  File "/home/bond-servant-in-training/Documents/Projects/Grade-Automator-Plus-cache-commit-race/classrooms/services/roster_import.py", line 276, in _import_row_with_email
    StudentCourse.objects.create(
  File "/home/bond-servant-in-training/Documents/Virtualenvs/AutoGrader_env/lib/python3.12/site-packages/django/db/models/manager.py", line 87, in manager_method
    return getattr(self.get_queryset(), name)(*args, **kwargs)
           ^^^^^^^^^^^^^^^^^^^^^^^^^^^^^^^^^^^^^^^^^^^^^^^^^^^
  File "/home/bond-servant-in-training/Documents/Virtualenvs/AutoGrader_env/lib/python3.12/site-packages/django/db/models/query.py", line 663, in create
    obj.save(force_insert=True, using=self.db)
  File "/home/bond-servant-in-training/Documents/Projects/Grade-Automator-Plus-cache-commit-race/classrooms/models.py", line 369, in save
    self.full_clean()
  File "/home/bond-servant-in-training/Documents/Virtualenvs/AutoGrader_env/lib/python3.12/site-packages/django/db/models/base.py", line 1679, in full_clean
    raise ValidationError(errors)
django.core.exceptions.ValidationError: {'__all__': ["A student with the exact name 'Cost268 Student' is already enrolled in this course."]}
Failed to bulk-add student Cost100 Student
Traceback (most recent call last):
  File "/home/bond-servant-in-training/Documents/Projects/Grade-Automator-Plus-cache-commit-race/classrooms/services/roster_import.py", line 363, in import_roster
    result, succeeded = _import_row_with_email(course=course, row=row)
                        ^^^^^^^^^^^^^^^^^^^^^^^^^^^^^^^^^^^^^^^^^^^^^^
  File "/home/bond-servant-in-training/Documents/Projects/Grade-Automator-Plus-cache-commit-race/classrooms/services/roster_import.py", line 276, in _import_row_with_email
    StudentCourse.objects.create(
  File "/home/bond-servant-in-training/Documents/Virtualenvs/AutoGrader_env/lib/python3.12/site-packages/django/db/models/manager.py", line 87, in manager_method
    return getattr(self.get_queryset(), name)(*args, **kwargs)
           ^^^^^^^^^^^^^^^^^^^^^^^^^^^^^^^^^^^^^^^^^^^^^^^^^^^
  File "/home/bond-servant-in-training/Documents/Virtualenvs/AutoGrader_env/lib/python3.12/site-packages/django/db/models/query.py", line 663, in create
    obj.save(force_insert=True, using=self.db)
  File "/home/bond-servant-in-training/Documents/Projects/Grade-Automator-Plus-cache-commit-race/classrooms/models.py", line 369, in save
    self.full_clean()
  File "/home/bond-servant-in-training/Documents/Virtualenvs/AutoGrader_env/lib/python3.12/site-packages/django/db/models/base.py", line 1679, in full_clean
    raise ValidationError(errors)
django.core.exceptions.ValidationError: {'__all__': ["A student with the exact name 'Cost100 Student' is already enrolled in this course."]}
Failed to bulk-add student Cost67 Student
Traceback (most recent call last):
  File "/home/bond-servant-in-training/Documents/Projects/Grade-Automator-Plus-cache-commit-race/classrooms/services/roster_import.py", line 363, in import_roster
    result, succeeded = _import_row_with_email(course=course, row=row)
                        ^^^^^^^^^^^^^^^^^^^^^^^^^^^^^^^^^^^^^^^^^^^^^^
  File "/home/bond-servant-in-training/Documents/Projects/Grade-Automator-Plus-cache-commit-race/classrooms/services/roster_import.py", line 276, in _import_row_with_email
    StudentCourse.objects.create(
  File "/home/bond-servant-in-training/Documents/Virtualenvs/AutoGrader_env/lib/python3.12/site-packages/django/db/models/manager.py", line 87, in manager_method
    return getattr(self.get_queryset(), name)(*args, **kwargs)
           ^^^^^^^^^^^^^^^^^^^^^^^^^^^^^^^^^^^^^^^^^^^^^^^^^^^
  File "/home/bond-servant-in-training/Documents/Virtualenvs/AutoGrader_env/lib/python3.12/site-packages/django/db/models/query.py", line 663, in create
    obj.save(force_insert=True, using=self.db)
  File "/home/bond-servant-in-training/Documents/Projects/Grade-Automator-Plus-cache-commit-race/classrooms/models.py", line 369, in save
    self.full_clean()
  File "/home/bond-servant-in-training/Documents/Virtualenvs/AutoGrader_env/lib/python3.12/site-packages/django/db/models/base.py", line 1679, in full_clean
    raise ValidationError(errors)
django.core.exceptions.ValidationError: {'__all__': ["A student with the exact name 'Cost67 Student' is already enrolled in this course."]}
Failed to bulk-add student Cost88 Student
Traceback (most recent call last):
  File "/home/bond-servant-in-training/Documents/Projects/Grade-Automator-Plus-cache-commit-race/classrooms/services/roster_import.py", line 363, in import_roster
    result, succeeded = _import_row_with_email(course=course, row=row)
                        ^^^^^^^^^^^^^^^^^^^^^^^^^^^^^^^^^^^^^^^^^^^^^^
  File "/home/bond-servant-in-training/Documents/Projects/Grade-Automator-Plus-cache-commit-race/classrooms/services/roster_import.py", line 276, in _import_row_with_email
    StudentCourse.objects.create(
  File "/home/bond-servant-in-training/Documents/Virtualenvs/AutoGrader_env/lib/python3.12/site-packages/django/db/models/manager.py", line 87, in manager_method
    return getattr(self.get_queryset(), name)(*args, **kwargs)
           ^^^^^^^^^^^^^^^^^^^^^^^^^^^^^^^^^^^^^^^^^^^^^^^^^^^
  File "/home/bond-servant-in-training/Documents/Virtualenvs/AutoGrader_env/lib/python3.12/site-packages/django/db/models/query.py", line 663, in create
    obj.save(force_insert=True, using=self.db)
  File "/home/bond-servant-in-training/Documents/Projects/Grade-Automator-Plus-cache-commit-race/classrooms/models.py", line 369, in save
    self.full_clean()
  File "/home/bond-servant-in-training/Documents/Virtualenvs/AutoGrader_env/lib/python3.12/site-packages/django/db/models/base.py", line 1679, in full_clean
    raise ValidationError(errors)
django.core.exceptions.ValidationError: {'__all__': ["A student with the exact name 'Cost88 Student' is already enrolled in this course."]}
Failed to bulk-add student Cost127 Student
Traceback (most recent call last):
  File "/home/bond-servant-in-training/Documents/Projects/Grade-Automator-Plus-cache-commit-race/classrooms/services/roster_import.py", line 363, in import_roster
    result, succeeded = _import_row_with_email(course=course, row=row)
                        ^^^^^^^^^^^^^^^^^^^^^^^^^^^^^^^^^^^^^^^^^^^^^^
  File "/home/bond-servant-in-training/Documents/Projects/Grade-Automator-Plus-cache-commit-race/classrooms/services/roster_import.py", line 276, in _import_row_with_email
    StudentCourse.objects.create(
  File "/home/bond-servant-in-training/Documents/Virtualenvs/AutoGrader_env/lib/python3.12/site-packages/django/db/models/manager.py", line 87, in manager_method
    return getattr(self.get_queryset(), name)(*args, **kwargs)
           ^^^^^^^^^^^^^^^^^^^^^^^^^^^^^^^^^^^^^^^^^^^^^^^^^^^
  File "/home/bond-servant-in-training/Documents/Virtualenvs/AutoGrader_env/lib/python3.12/site-packages/django/db/models/query.py", line 663, in create
    obj.save(force_insert=True, using=self.db)
  File "/home/bond-servant-in-training/Documents/Projects/Grade-Automator-Plus-cache-commit-race/classrooms/models.py", line 369, in save
    self.full_clean()
  File "/home/bond-servant-in-training/Documents/Virtualenvs/AutoGrader_env/lib/python3.12/site-packages/django/db/models/base.py", line 1679, in full_clean
    raise ValidationError(errors)
django.core.exceptions.ValidationError: {'__all__': ["A student with the exact name 'Cost127 Student' is already enrolled in this course."]}
Failed to bulk-add student Cost228 Student
Traceback (most recent call last):
  File "/home/bond-servant-in-training/Documents/Projects/Grade-Automator-Plus-cache-commit-race/classrooms/services/roster_import.py", line 363, in import_roster
    result, succeeded = _import_row_with_email(course=course, row=row)
                        ^^^^^^^^^^^^^^^^^^^^^^^^^^^^^^^^^^^^^^^^^^^^^^
  File "/home/bond-servant-in-training/Documents/Projects/Grade-Automator-Plus-cache-commit-race/classrooms/services/roster_import.py", line 276, in _import_row_with_email
    StudentCourse.objects.create(
  File "/home/bond-servant-in-training/Documents/Virtualenvs/AutoGrader_env/lib/python3.12/site-packages/django/db/models/manager.py", line 87, in manager_method
    return getattr(self.get_queryset(), name)(*args, **kwargs)
           ^^^^^^^^^^^^^^^^^^^^^^^^^^^^^^^^^^^^^^^^^^^^^^^^^^^
  File "/home/bond-servant-in-training/Documents/Virtualenvs/AutoGrader_env/lib/python3.12/site-packages/django/db/models/query.py", line 663, in create
    obj.save(force_insert=True, using=self.db)
  File "/home/bond-servant-in-training/Documents/Projects/Grade-Automator-Plus-cache-commit-race/classrooms/models.py", line 369, in save
    self.full_clean()
  File "/home/bond-servant-in-training/Documents/Virtualenvs/AutoGrader_env/lib/python3.12/site-packages/django/db/models/base.py", line 1679, in full_clean
    raise ValidationError(errors)
django.core.exceptions.ValidationError: {'__all__': ["A student with the exact name 'Cost228 Student' is already enrolled in this course."]}
Failed to bulk-add student Cost21 Student
Traceback (most recent call last):
  File "/home/bond-servant-in-training/Documents/Projects/Grade-Automator-Plus-cache-commit-race/classrooms/services/roster_import.py", line 363, in import_roster
    result, succeeded = _import_row_with_email(course=course, row=row)
                        ^^^^^^^^^^^^^^^^^^^^^^^^^^^^^^^^^^^^^^^^^^^^^^
  File "/home/bond-servant-in-training/Documents/Projects/Grade-Automator-Plus-cache-commit-race/classrooms/services/roster_import.py", line 276, in _import_row_with_email
    StudentCourse.objects.create(
  File "/home/bond-servant-in-training/Documents/Virtualenvs/AutoGrader_env/lib/python3.12/site-packages/django/db/models/manager.py", line 87, in manager_method
    return getattr(self.get_queryset(), name)(*args, **kwargs)
           ^^^^^^^^^^^^^^^^^^^^^^^^^^^^^^^^^^^^^^^^^^^^^^^^^^^
  File "/home/bond-servant-in-training/Documents/Virtualenvs/AutoGrader_env/lib/python3.12/site-packages/django/db/models/query.py", line 663, in create
    obj.save(force_insert=True, using=self.db)
  File "/home/bond-servant-in-training/Documents/Projects/Grade-Automator-Plus-cache-commit-race/classrooms/models.py", line 369, in save
    self.full_clean()
  File "/home/bond-servant-in-training/Documents/Virtualenvs/AutoGrader_env/lib/python3.12/site-packages/django/db/models/base.py", line 1679, in full_clean
    raise ValidationError(errors)
django.core.exceptions.ValidationError: {'__all__': ["A student with the exact name 'Cost21 Student' is already enrolled in this course."]}
Failed to bulk-add student Cost120 Student
Traceback (most recent call last):
  File "/home/bond-servant-in-training/Documents/Projects/Grade-Automator-Plus-cache-commit-race/classrooms/services/roster_import.py", line 363, in import_roster
    result, succeeded = _import_row_with_email(course=course, row=row)
                        ^^^^^^^^^^^^^^^^^^^^^^^^^^^^^^^^^^^^^^^^^^^^^^
  File "/home/bond-servant-in-training/Documents/Projects/Grade-Automator-Plus-cache-commit-race/classrooms/services/roster_import.py", line 276, in _import_row_with_email
    StudentCourse.objects.create(
  File "/home/bond-servant-in-training/Documents/Virtualenvs/AutoGrader_env/lib/python3.12/site-packages/django/db/models/manager.py", line 87, in manager_method
    return getattr(self.get_queryset(), name)(*args, **kwargs)
           ^^^^^^^^^^^^^^^^^^^^^^^^^^^^^^^^^^^^^^^^^^^^^^^^^^^
  File "/home/bond-servant-in-training/Documents/Virtualenvs/AutoGrader_env/lib/python3.12/site-packages/django/db/models/query.py", line 663, in create
    obj.save(force_insert=True, using=self.db)
  File "/home/bond-servant-in-training/Documents/Projects/Grade-Automator-Plus-cache-commit-race/classrooms/models.py", line 369, in save
    self.full_clean()
  File "/home/bond-servant-in-training/Documents/Virtualenvs/AutoGrader_env/lib/python3.12/site-packages/django/db/models/base.py", line 1679, in full_clean
    raise ValidationError(errors)
django.core.exceptions.ValidationError: {'__all__': ["A student with the exact name 'Cost120 Student' is already enrolled in this course."]}
Failed to bulk-add student Cost191 Student
Traceback (most recent call last):
  File "/home/bond-servant-in-training/Documents/Projects/Grade-Automator-Plus-cache-commit-race/classrooms/services/roster_import.py", line 363, in import_roster
    result, succeeded = _import_row_with_email(course=course, row=row)
                        ^^^^^^^^^^^^^^^^^^^^^^^^^^^^^^^^^^^^^^^^^^^^^^
  File "/home/bond-servant-in-training/Documents/Projects/Grade-Automator-Plus-cache-commit-race/classrooms/services/roster_import.py", line 276, in _import_row_with_email
    StudentCourse.objects.create(
  File "/home/bond-servant-in-training/Documents/Virtualenvs/AutoGrader_env/lib/python3.12/site-packages/django/db/models/manager.py", line 87, in manager_method
    return getattr(self.get_queryset(), name)(*args, **kwargs)
           ^^^^^^^^^^^^^^^^^^^^^^^^^^^^^^^^^^^^^^^^^^^^^^^^^^^
  File "/home/bond-servant-in-training/Documents/Virtualenvs/AutoGrader_env/lib/python3.12/site-packages/django/db/models/query.py", line 663, in create
    obj.save(force_insert=True, using=self.db)
  File "/home/bond-servant-in-training/Documents/Projects/Grade-Automator-Plus-cache-commit-race/classrooms/models.py", line 369, in save
    self.full_clean()
  File "/home/bond-servant-in-training/Documents/Virtualenvs/AutoGrader_env/lib/python3.12/site-packages/django/db/models/base.py", line 1679, in full_clean
    raise ValidationError(errors)
django.core.exceptions.ValidationError: {'__all__': ["A student with the exact name 'Cost191 Student' is already enrolled in this course."]}
Failed to bulk-add student Cost196 Student
Traceback (most recent call last):
  File "/home/bond-servant-in-training/Documents/Projects/Grade-Automator-Plus-cache-commit-race/classrooms/services/roster_import.py", line 363, in import_roster
    result, succeeded = _import_row_with_email(course=course, row=row)
                        ^^^^^^^^^^^^^^^^^^^^^^^^^^^^^^^^^^^^^^^^^^^^^^
  File "/home/bond-servant-in-training/Documents/Projects/Grade-Automator-Plus-cache-commit-race/classrooms/services/roster_import.py", line 276, in _import_row_with_email
    StudentCourse.objects.create(
  File "/home/bond-servant-in-training/Documents/Virtualenvs/AutoGrader_env/lib/python3.12/site-packages/django/db/models/manager.py", line 87, in manager_method
    return getattr(self.get_queryset(), name)(*args, **kwargs)
           ^^^^^^^^^^^^^^^^^^^^^^^^^^^^^^^^^^^^^^^^^^^^^^^^^^^
  File "/home/bond-servant-in-training/Documents/Virtualenvs/AutoGrader_env/lib/python3.12/site-packages/django/db/models/query.py", line 663, in create
    obj.save(force_insert=True, using=self.db)
  File "/home/bond-servant-in-training/Documents/Projects/Grade-Automator-Plus-cache-commit-race/classrooms/models.py", line 369, in save
    self.full_clean()
  File "/home/bond-servant-in-training/Documents/Virtualenvs/AutoGrader_env/lib/python3.12/site-packages/django/db/models/base.py", line 1679, in full_clean
    raise ValidationError(errors)
django.core.exceptions.ValidationError: {'__all__': ["A student with the exact name 'Cost196 Student' is already enrolled in this course."]}
Failed to bulk-add student Cost276 Student
Traceback (most recent call last):
  File "/home/bond-servant-in-training/Documents/Projects/Grade-Automator-Plus-cache-commit-race/classrooms/services/roster_import.py", line 363, in import_roster
    result, succeeded = _import_row_with_email(course=course, row=row)
                        ^^^^^^^^^^^^^^^^^^^^^^^^^^^^^^^^^^^^^^^^^^^^^^
  File "/home/bond-servant-in-training/Documents/Projects/Grade-Automator-Plus-cache-commit-race/classrooms/services/roster_import.py", line 276, in _import_row_with_email
    StudentCourse.objects.create(
  File "/home/bond-servant-in-training/Documents/Virtualenvs/AutoGrader_env/lib/python3.12/site-packages/django/db/models/manager.py", line 87, in manager_method
    return getattr(self.get_queryset(), name)(*args, **kwargs)
           ^^^^^^^^^^^^^^^^^^^^^^^^^^^^^^^^^^^^^^^^^^^^^^^^^^^
  File "/home/bond-servant-in-training/Documents/Virtualenvs/AutoGrader_env/lib/python3.12/site-packages/django/db/models/query.py", line 663, in create
    obj.save(force_insert=True, using=self.db)
  File "/home/bond-servant-in-training/Documents/Projects/Grade-Automator-Plus-cache-commit-race/classrooms/models.py", line 369, in save
    self.full_clean()
  File "/home/bond-servant-in-training/Documents/Virtualenvs/AutoGrader_env/lib/python3.12/site-packages/django/db/models/base.py", line 1679, in full_clean
    raise ValidationError(errors)
django.core.exceptions.ValidationError: {'__all__': ["A student with the exact name 'Cost276 Student' is already enrolled in this course."]}
Failed to bulk-add student Cost102 Student
Traceback (most recent call last):
  File "/home/bond-servant-in-training/Documents/Projects/Grade-Automator-Plus-cache-commit-race/classrooms/services/roster_import.py", line 363, in import_roster
    result, succeeded = _import_row_with_email(course=course, row=row)
                        ^^^^^^^^^^^^^^^^^^^^^^^^^^^^^^^^^^^^^^^^^^^^^^
  File "/home/bond-servant-in-training/Documents/Projects/Grade-Automator-Plus-cache-commit-race/classrooms/services/roster_import.py", line 276, in _import_row_with_email
    StudentCourse.objects.create(
  File "/home/bond-servant-in-training/Documents/Virtualenvs/AutoGrader_env/lib/python3.12/site-packages/django/db/models/manager.py", line 87, in manager_method
    return getattr(self.get_queryset(), name)(*args, **kwargs)
           ^^^^^^^^^^^^^^^^^^^^^^^^^^^^^^^^^^^^^^^^^^^^^^^^^^^
  File "/home/bond-servant-in-training/Documents/Virtualenvs/AutoGrader_env/lib/python3.12/site-packages/django/db/models/query.py", line 663, in create
    obj.save(force_insert=True, using=self.db)
  File "/home/bond-servant-in-training/Documents/Projects/Grade-Automator-Plus-cache-commit-race/classrooms/models.py", line 369, in save
    self.full_clean()
  File "/home/bond-servant-in-training/Documents/Virtualenvs/AutoGrader_env/lib/python3.12/site-packages/django/db/models/base.py", line 1679, in full_clean
    raise ValidationError(errors)
django.core.exceptions.ValidationError: {'__all__': ["A student with the exact name 'Cost102 Student' is already enrolled in this course."]}
Failed to bulk-add student Cost123 Student
Traceback (most recent call last):
  File "/home/bond-servant-in-training/Documents/Projects/Grade-Automator-Plus-cache-commit-race/classrooms/services/roster_import.py", line 363, in import_roster
    result, succeeded = _import_row_with_email(course=course, row=row)
                        ^^^^^^^^^^^^^^^^^^^^^^^^^^^^^^^^^^^^^^^^^^^^^^
  File "/home/bond-servant-in-training/Documents/Projects/Grade-Automator-Plus-cache-commit-race/classrooms/services/roster_import.py", line 276, in _import_row_with_email
    StudentCourse.objects.create(
  File "/home/bond-servant-in-training/Documents/Virtualenvs/AutoGrader_env/lib/python3.12/site-packages/django/db/models/manager.py", line 87, in manager_method
    return getattr(self.get_queryset(), name)(*args, **kwargs)
           ^^^^^^^^^^^^^^^^^^^^^^^^^^^^^^^^^^^^^^^^^^^^^^^^^^^
  File "/home/bond-servant-in-training/Documents/Virtualenvs/AutoGrader_env/lib/python3.12/site-packages/django/db/models/query.py", line 663, in create
    obj.save(force_insert=True, using=self.db)
  File "/home/bond-servant-in-training/Documents/Projects/Grade-Automator-Plus-cache-commit-race/classrooms/models.py", line 369, in save
    self.full_clean()
  File "/home/bond-servant-in-training/Documents/Virtualenvs/AutoGrader_env/lib/python3.12/site-packages/django/db/models/base.py", line 1679, in full_clean
    raise ValidationError(errors)
django.core.exceptions.ValidationError: {'__all__': ["A student with the exact name 'Cost123 Student' is already enrolled in this course."]}
Failed to bulk-add student Cost345 Student
Traceback (most recent call last):
  File "/home/bond-servant-in-training/Documents/Projects/Grade-Automator-Plus-cache-commit-race/classrooms/services/roster_import.py", line 363, in import_roster
    result, succeeded = _import_row_with_email(course=course, row=row)
                        ^^^^^^^^^^^^^^^^^^^^^^^^^^^^^^^^^^^^^^^^^^^^^^
  File "/home/bond-servant-in-training/Documents/Projects/Grade-Automator-Plus-cache-commit-race/classrooms/services/roster_import.py", line 276, in _import_row_with_email
    StudentCourse.objects.create(
  File "/home/bond-servant-in-training/Documents/Virtualenvs/AutoGrader_env/lib/python3.12/site-packages/django/db/models/manager.py", line 87, in manager_method
    return getattr(self.get_queryset(), name)(*args, **kwargs)
           ^^^^^^^^^^^^^^^^^^^^^^^^^^^^^^^^^^^^^^^^^^^^^^^^^^^
  File "/home/bond-servant-in-training/Documents/Virtualenvs/AutoGrader_env/lib/python3.12/site-packages/django/db/models/query.py", line 663, in create
    obj.save(force_insert=True, using=self.db)
  File "/home/bond-servant-in-training/Documents/Projects/Grade-Automator-Plus-cache-commit-race/classrooms/models.py", line 369, in save
    self.full_clean()
  File "/home/bond-servant-in-training/Documents/Virtualenvs/AutoGrader_env/lib/python3.12/site-packages/django/db/models/base.py", line 1679, in full_clean
    raise ValidationError(errors)
django.core.exceptions.ValidationError: {'__all__': ["A student with the exact name 'Cost345 Student' is already enrolled in this course."]}
Failed to bulk-add student Cost142 Student
Traceback (most recent call last):
  File "/home/bond-servant-in-training/Documents/Projects/Grade-Automator-Plus-cache-commit-race/classrooms/services/roster_import.py", line 363, in import_roster
    result, succeeded = _import_row_with_email(course=course, row=row)
                        ^^^^^^^^^^^^^^^^^^^^^^^^^^^^^^^^^^^^^^^^^^^^^^
  File "/home/bond-servant-in-training/Documents/Projects/Grade-Automator-Plus-cache-commit-race/classrooms/services/roster_import.py", line 276, in _import_row_with_email
    StudentCourse.objects.create(
  File "/home/bond-servant-in-training/Documents/Virtualenvs/AutoGrader_env/lib/python3.12/site-packages/django/db/models/manager.py", line 87, in manager_method
    return getattr(self.get_queryset(), name)(*args, **kwargs)
           ^^^^^^^^^^^^^^^^^^^^^^^^^^^^^^^^^^^^^^^^^^^^^^^^^^^
  File "/home/bond-servant-in-training/Documents/Virtualenvs/AutoGrader_env/lib/python3.12/site-packages/django/db/models/query.py", line 663, in create
    obj.save(force_insert=True, using=self.db)
  File "/home/bond-servant-in-training/Documents/Projects/Grade-Automator-Plus-cache-commit-race/classrooms/models.py", line 369, in save
    self.full_clean()
  File "/home/bond-servant-in-training/Documents/Virtualenvs/AutoGrader_env/lib/python3.12/site-packages/django/db/models/base.py", line 1679, in full_clean
    raise ValidationError(errors)
django.core.exceptions.ValidationError: {'__all__': ["A student with the exact name 'Cost142 Student' is already enrolled in this course."]}
Failed to bulk-add student Cost48 Student
Traceback (most recent call last):
  File "/home/bond-servant-in-training/Documents/Projects/Grade-Automator-Plus-cache-commit-race/classrooms/services/roster_import.py", line 363, in import_roster
    result, succeeded = _import_row_with_email(course=course, row=row)
                        ^^^^^^^^^^^^^^^^^^^^^^^^^^^^^^^^^^^^^^^^^^^^^^
  File "/home/bond-servant-in-training/Documents/Projects/Grade-Automator-Plus-cache-commit-race/classrooms/services/roster_import.py", line 276, in _import_row_with_email
    StudentCourse.objects.create(
  File "/home/bond-servant-in-training/Documents/Virtualenvs/AutoGrader_env/lib/python3.12/site-packages/django/db/models/manager.py", line 87, in manager_method
    return getattr(self.get_queryset(), name)(*args, **kwargs)
           ^^^^^^^^^^^^^^^^^^^^^^^^^^^^^^^^^^^^^^^^^^^^^^^^^^^
  File "/home/bond-servant-in-training/Documents/Virtualenvs/AutoGrader_env/lib/python3.12/site-packages/django/db/models/query.py", line 663, in create
    obj.save(force_insert=True, using=self.db)
  File "/home/bond-servant-in-training/Documents/Projects/Grade-Automator-Plus-cache-commit-race/classrooms/models.py", line 369, in save
    self.full_clean()
  File "/home/bond-servant-in-training/Documents/Virtualenvs/AutoGrader_env/lib/python3.12/site-packages/django/db/models/base.py", line 1679, in full_clean
    raise ValidationError(errors)
django.core.exceptions.ValidationError: {'__all__': ["A student with the exact name 'Cost48 Student' is already enrolled in this course."]}
Failed to bulk-add student Cost200 Student
Traceback (most recent call last):
  File "/home/bond-servant-in-training/Documents/Projects/Grade-Automator-Plus-cache-commit-race/classrooms/services/roster_import.py", line 363, in import_roster
    result, succeeded = _import_row_with_email(course=course, row=row)
                        ^^^^^^^^^^^^^^^^^^^^^^^^^^^^^^^^^^^^^^^^^^^^^^
  File "/home/bond-servant-in-training/Documents/Projects/Grade-Automator-Plus-cache-commit-race/classrooms/services/roster_import.py", line 276, in _import_row_with_email
    StudentCourse.objects.create(
  File "/home/bond-servant-in-training/Documents/Virtualenvs/AutoGrader_env/lib/python3.12/site-packages/django/db/models/manager.py", line 87, in manager_method
    return getattr(self.get_queryset(), name)(*args, **kwargs)
           ^^^^^^^^^^^^^^^^^^^^^^^^^^^^^^^^^^^^^^^^^^^^^^^^^^^
  File "/home/bond-servant-in-training/Documents/Virtualenvs/AutoGrader_env/lib/python3.12/site-packages/django/db/models/query.py", line 663, in create
    obj.save(force_insert=True, using=self.db)
  File "/home/bond-servant-in-training/Documents/Projects/Grade-Automator-Plus-cache-commit-race/classrooms/models.py", line 369, in save
    self.full_clean()
  File "/home/bond-servant-in-training/Documents/Virtualenvs/AutoGrader_env/lib/python3.12/site-packages/django/db/models/base.py", line 1679, in full_clean
    raise ValidationError(errors)
django.core.exceptions.ValidationError: {'__all__': ["A student with the exact name 'Cost200 Student' is already enrolled in this course."]}
Failed to bulk-add student Cost292 Student
Traceback (most recent call last):
  File "/home/bond-servant-in-training/Documents/Projects/Grade-Automator-Plus-cache-commit-race/classrooms/services/roster_import.py", line 363, in import_roster
    result, succeeded = _import_row_with_email(course=course, row=row)
                        ^^^^^^^^^^^^^^^^^^^^^^^^^^^^^^^^^^^^^^^^^^^^^^
  File "/home/bond-servant-in-training/Documents/Projects/Grade-Automator-Plus-cache-commit-race/classrooms/services/roster_import.py", line 276, in _import_row_with_email
    StudentCourse.objects.create(
  File "/home/bond-servant-in-training/Documents/Virtualenvs/AutoGrader_env/lib/python3.12/site-packages/django/db/models/manager.py", line 87, in manager_method
    return getattr(self.get_queryset(), name)(*args, **kwargs)
           ^^^^^^^^^^^^^^^^^^^^^^^^^^^^^^^^^^^^^^^^^^^^^^^^^^^
  File "/home/bond-servant-in-training/Documents/Virtualenvs/AutoGrader_env/lib/python3.12/site-packages/django/db/models/query.py", line 663, in create
    obj.save(force_insert=True, using=self.db)
  File "/home/bond-servant-in-training/Documents/Projects/Grade-Automator-Plus-cache-commit-race/classrooms/models.py", line 369, in save
    self.full_clean()
  File "/home/bond-servant-in-training/Documents/Virtualenvs/AutoGrader_env/lib/python3.12/site-packages/django/db/models/base.py", line 1679, in full_clean
    raise ValidationError(errors)
django.core.exceptions.ValidationError: {'__all__': ["A student with the exact name 'Cost292 Student' is already enrolled in this course."]}
Failed to bulk-add student Cost94 Student
Traceback (most recent call last):
  File "/home/bond-servant-in-training/Documents/Projects/Grade-Automator-Plus-cache-commit-race/classrooms/services/roster_import.py", line 363, in import_roster
    result, succeeded = _import_row_with_email(course=course, row=row)
                        ^^^^^^^^^^^^^^^^^^^^^^^^^^^^^^^^^^^^^^^^^^^^^^
  File "/home/bond-servant-in-training/Documents/Projects/Grade-Automator-Plus-cache-commit-race/classrooms/services/roster_import.py", line 276, in _import_row_with_email
    StudentCourse.objects.create(
  File "/home/bond-servant-in-training/Documents/Virtualenvs/AutoGrader_env/lib/python3.12/site-packages/django/db/models/manager.py", line 87, in manager_method
    return getattr(self.get_queryset(), name)(*args, **kwargs)
           ^^^^^^^^^^^^^^^^^^^^^^^^^^^^^^^^^^^^^^^^^^^^^^^^^^^
  File "/home/bond-servant-in-training/Documents/Virtualenvs/AutoGrader_env/lib/python3.12/site-packages/django/db/models/query.py", line 663, in create
    obj.save(force_insert=True, using=self.db)
  File "/home/bond-servant-in-training/Documents/Projects/Grade-Automator-Plus-cache-commit-race/classrooms/models.py", line 369, in save
    self.full_clean()
  File "/home/bond-servant-in-training/Documents/Virtualenvs/AutoGrader_env/lib/python3.12/site-packages/django/db/models/base.py", line 1679, in full_clean
    raise ValidationError(errors)
django.core.exceptions.ValidationError: {'__all__': ["A student with the exact name 'Cost94 Student' is already enrolled in this course."]}
Failed to bulk-add student Cost117 Student
Traceback (most recent call last):
  File "/home/bond-servant-in-training/Documents/Projects/Grade-Automator-Plus-cache-commit-race/classrooms/services/roster_import.py", line 363, in import_roster
    result, succeeded = _import_row_with_email(course=course, row=row)
                        ^^^^^^^^^^^^^^^^^^^^^^^^^^^^^^^^^^^^^^^^^^^^^^
  File "/home/bond-servant-in-training/Documents/Projects/Grade-Automator-Plus-cache-commit-race/classrooms/services/roster_import.py", line 276, in _import_row_with_email
    StudentCourse.objects.create(
  File "/home/bond-servant-in-training/Documents/Virtualenvs/AutoGrader_env/lib/python3.12/site-packages/django/db/models/manager.py", line 87, in manager_method
    return getattr(self.get_queryset(), name)(*args, **kwargs)
           ^^^^^^^^^^^^^^^^^^^^^^^^^^^^^^^^^^^^^^^^^^^^^^^^^^^
  File "/home/bond-servant-in-training/Documents/Virtualenvs/AutoGrader_env/lib/python3.12/site-packages/django/db/models/query.py", line 663, in create
    obj.save(force_insert=True, using=self.db)
  File "/home/bond-servant-in-training/Documents/Projects/Grade-Automator-Plus-cache-commit-race/classrooms/models.py", line 369, in save
    self.full_clean()
  File "/home/bond-servant-in-training/Documents/Virtualenvs/AutoGrader_env/lib/python3.12/site-packages/django/db/models/base.py", line 1679, in full_clean
    raise ValidationError(errors)
django.core.exceptions.ValidationError: {'__all__': ["A student with the exact name 'Cost117 Student' is already enrolled in this course."]}
Failed to bulk-add student Cost180 Student
Traceback (most recent call last):
  File "/home/bond-servant-in-training/Documents/Projects/Grade-Automator-Plus-cache-commit-race/classrooms/services/roster_import.py", line 363, in import_roster
    result, succeeded = _import_row_with_email(course=course, row=row)
                        ^^^^^^^^^^^^^^^^^^^^^^^^^^^^^^^^^^^^^^^^^^^^^^
  File "/home/bond-servant-in-training/Documents/Projects/Grade-Automator-Plus-cache-commit-race/classrooms/services/roster_import.py", line 276, in _import_row_with_email
    StudentCourse.objects.create(
  File "/home/bond-servant-in-training/Documents/Virtualenvs/AutoGrader_env/lib/python3.12/site-packages/django/db/models/manager.py", line 87, in manager_method
    return getattr(self.get_queryset(), name)(*args, **kwargs)
           ^^^^^^^^^^^^^^^^^^^^^^^^^^^^^^^^^^^^^^^^^^^^^^^^^^^
  File "/home/bond-servant-in-training/Documents/Virtualenvs/AutoGrader_env/lib/python3.12/site-packages/django/db/models/query.py", line 663, in create
    obj.save(force_insert=True, using=self.db)
  File "/home/bond-servant-in-training/Documents/Projects/Grade-Automator-Plus-cache-commit-race/classrooms/models.py", line 369, in save
    self.full_clean()
  File "/home/bond-servant-in-training/Documents/Virtualenvs/AutoGrader_env/lib/python3.12/site-packages/django/db/models/base.py", line 1679, in full_clean
    raise ValidationError(errors)
django.core.exceptions.ValidationError: {'__all__': ["A student with the exact name 'Cost180 Student' is already enrolled in this course."]}
Failed to bulk-add student Cost64 Student
Traceback (most recent call last):
  File "/home/bond-servant-in-training/Documents/Projects/Grade-Automator-Plus-cache-commit-race/classrooms/services/roster_import.py", line 363, in import_roster
    result, succeeded = _import_row_with_email(course=course, row=row)
                        ^^^^^^^^^^^^^^^^^^^^^^^^^^^^^^^^^^^^^^^^^^^^^^
  File "/home/bond-servant-in-training/Documents/Projects/Grade-Automator-Plus-cache-commit-race/classrooms/services/roster_import.py", line 276, in _import_row_with_email
    StudentCourse.objects.create(
  File "/home/bond-servant-in-training/Documents/Virtualenvs/AutoGrader_env/lib/python3.12/site-packages/django/db/models/manager.py", line 87, in manager_method
    return getattr(self.get_queryset(), name)(*args, **kwargs)
           ^^^^^^^^^^^^^^^^^^^^^^^^^^^^^^^^^^^^^^^^^^^^^^^^^^^
  File "/home/bond-servant-in-training/Documents/Virtualenvs/AutoGrader_env/lib/python3.12/site-packages/django/db/models/query.py", line 663, in create
    obj.save(force_insert=True, using=self.db)
  File "/home/bond-servant-in-training/Documents/Projects/Grade-Automator-Plus-cache-commit-race/classrooms/models.py", line 369, in save
    self.full_clean()
  File "/home/bond-servant-in-training/Documents/Virtualenvs/AutoGrader_env/lib/python3.12/site-packages/django/db/models/base.py", line 1679, in full_clean
    raise ValidationError(errors)
django.core.exceptions.ValidationError: {'__all__': ["A student with the exact name 'Cost64 Student' is already enrolled in this course."]}
Failed to bulk-add student Cost217 Student
Traceback (most recent call last):
  File "/home/bond-servant-in-training/Documents/Projects/Grade-Automator-Plus-cache-commit-race/classrooms/services/roster_import.py", line 363, in import_roster
    result, succeeded = _import_row_with_email(course=course, row=row)
                        ^^^^^^^^^^^^^^^^^^^^^^^^^^^^^^^^^^^^^^^^^^^^^^
  File "/home/bond-servant-in-training/Documents/Projects/Grade-Automator-Plus-cache-commit-race/classrooms/services/roster_import.py", line 276, in _import_row_with_email
    StudentCourse.objects.create(
  File "/home/bond-servant-in-training/Documents/Virtualenvs/AutoGrader_env/lib/python3.12/site-packages/django/db/models/manager.py", line 87, in manager_method
    return getattr(self.get_queryset(), name)(*args, **kwargs)
           ^^^^^^^^^^^^^^^^^^^^^^^^^^^^^^^^^^^^^^^^^^^^^^^^^^^
  File "/home/bond-servant-in-training/Documents/Virtualenvs/AutoGrader_env/lib/python3.12/site-packages/django/db/models/query.py", line 663, in create
    obj.save(force_insert=True, using=self.db)
  File "/home/bond-servant-in-training/Documents/Projects/Grade-Automator-Plus-cache-commit-race/classrooms/models.py", line 369, in save
    self.full_clean()
  File "/home/bond-servant-in-training/Documents/Virtualenvs/AutoGrader_env/lib/python3.12/site-packages/django/db/models/base.py", line 1679, in full_clean
    raise ValidationError(errors)
django.core.exceptions.ValidationError: {'__all__': ["A student with the exact name 'Cost217 Student' is already enrolled in this course."]}
Failed to bulk-add student Cost226 Student
Traceback (most recent call last):
  File "/home/bond-servant-in-training/Documents/Projects/Grade-Automator-Plus-cache-commit-race/classrooms/services/roster_import.py", line 363, in import_roster
    result, succeeded = _import_row_with_email(course=course, row=row)
                        ^^^^^^^^^^^^^^^^^^^^^^^^^^^^^^^^^^^^^^^^^^^^^^
  File "/home/bond-servant-in-training/Documents/Projects/Grade-Automator-Plus-cache-commit-race/classrooms/services/roster_import.py", line 276, in _import_row_with_email
    StudentCourse.objects.create(
  File "/home/bond-servant-in-training/Documents/Virtualenvs/AutoGrader_env/lib/python3.12/site-packages/django/db/models/manager.py", line 87, in manager_method
    return getattr(self.get_queryset(), name)(*args, **kwargs)
           ^^^^^^^^^^^^^^^^^^^^^^^^^^^^^^^^^^^^^^^^^^^^^^^^^^^
  File "/home/bond-servant-in-training/Documents/Virtualenvs/AutoGrader_env/lib/python3.12/site-packages/django/db/models/query.py", line 663, in create
    obj.save(force_insert=True, using=self.db)
  File "/home/bond-servant-in-training/Documents/Projects/Grade-Automator-Plus-cache-commit-race/classrooms/models.py", line 369, in save
    self.full_clean()
  File "/home/bond-servant-in-training/Documents/Virtualenvs/AutoGrader_env/lib/python3.12/site-packages/django/db/models/base.py", line 1679, in full_clean
    raise ValidationError(errors)
django.core.exceptions.ValidationError: {'__all__': ["A student with the exact name 'Cost226 Student' is already enrolled in this course."]}
Failed to bulk-add student Cost312 Student
Traceback (most recent call last):
  File "/home/bond-servant-in-training/Documents/Projects/Grade-Automator-Plus-cache-commit-race/classrooms/services/roster_import.py", line 363, in import_roster
    result, succeeded = _import_row_with_email(course=course, row=row)
                        ^^^^^^^^^^^^^^^^^^^^^^^^^^^^^^^^^^^^^^^^^^^^^^
  File "/home/bond-servant-in-training/Documents/Projects/Grade-Automator-Plus-cache-commit-race/classrooms/services/roster_import.py", line 276, in _import_row_with_email
    StudentCourse.objects.create(
  File "/home/bond-servant-in-training/Documents/Virtualenvs/AutoGrader_env/lib/python3.12/site-packages/django/db/models/manager.py", line 87, in manager_method
    return getattr(self.get_queryset(), name)(*args, **kwargs)
           ^^^^^^^^^^^^^^^^^^^^^^^^^^^^^^^^^^^^^^^^^^^^^^^^^^^
  File "/home/bond-servant-in-training/Documents/Virtualenvs/AutoGrader_env/lib/python3.12/site-packages/django/db/models/query.py", line 663, in create
    obj.save(force_insert=True, using=self.db)
  File "/home/bond-servant-in-training/Documents/Projects/Grade-Automator-Plus-cache-commit-race/classrooms/models.py", line 369, in save
    self.full_clean()
  File "/home/bond-servant-in-training/Documents/Virtualenvs/AutoGrader_env/lib/python3.12/site-packages/django/db/models/base.py", line 1679, in full_clean
    raise ValidationError(errors)
django.core.exceptions.ValidationError: {'__all__': ["A student with the exact name 'Cost312 Student' is already enrolled in this course."]}
Failed to bulk-add student Cost381 Student
Traceback (most recent call last):
  File "/home/bond-servant-in-training/Documents/Projects/Grade-Automator-Plus-cache-commit-race/classrooms/services/roster_import.py", line 363, in import_roster
    result, succeeded = _import_row_with_email(course=course, row=row)
                        ^^^^^^^^^^^^^^^^^^^^^^^^^^^^^^^^^^^^^^^^^^^^^^
  File "/home/bond-servant-in-training/Documents/Projects/Grade-Automator-Plus-cache-commit-race/classrooms/services/roster_import.py", line 276, in _import_row_with_email
    StudentCourse.objects.create(
  File "/home/bond-servant-in-training/Documents/Virtualenvs/AutoGrader_env/lib/python3.12/site-packages/django/db/models/manager.py", line 87, in manager_method
    return getattr(self.get_queryset(), name)(*args, **kwargs)
           ^^^^^^^^^^^^^^^^^^^^^^^^^^^^^^^^^^^^^^^^^^^^^^^^^^^
  File "/home/bond-servant-in-training/Documents/Virtualenvs/AutoGrader_env/lib/python3.12/site-packages/django/db/models/query.py", line 663, in create
    obj.save(force_insert=True, using=self.db)
  File "/home/bond-servant-in-training/Documents/Projects/Grade-Automator-Plus-cache-commit-race/classrooms/models.py", line 369, in save
    self.full_clean()
  File "/home/bond-servant-in-training/Documents/Virtualenvs/AutoGrader_env/lib/python3.12/site-packages/django/db/models/base.py", line 1679, in full_clean
    raise ValidationError(errors)
django.core.exceptions.ValidationError: {'__all__': ["A student with the exact name 'Cost381 Student' is already enrolled in this course."]}
Failed to bulk-add student Cost27 Student
Traceback (most recent call last):
  File "/home/bond-servant-in-training/Documents/Projects/Grade-Automator-Plus-cache-commit-race/classrooms/services/roster_import.py", line 363, in import_roster
    result, succeeded = _import_row_with_email(course=course, row=row)
                        ^^^^^^^^^^^^^^^^^^^^^^^^^^^^^^^^^^^^^^^^^^^^^^
  File "/home/bond-servant-in-training/Documents/Projects/Grade-Automator-Plus-cache-commit-race/classrooms/services/roster_import.py", line 276, in _import_row_with_email
    StudentCourse.objects.create(
  File "/home/bond-servant-in-training/Documents/Virtualenvs/AutoGrader_env/lib/python3.12/site-packages/django/db/models/manager.py", line 87, in manager_method
    return getattr(self.get_queryset(), name)(*args, **kwargs)
           ^^^^^^^^^^^^^^^^^^^^^^^^^^^^^^^^^^^^^^^^^^^^^^^^^^^
  File "/home/bond-servant-in-training/Documents/Virtualenvs/AutoGrader_env/lib/python3.12/site-packages/django/db/models/query.py", line 663, in create
    obj.save(force_insert=True, using=self.db)
  File "/home/bond-servant-in-training/Documents/Projects/Grade-Automator-Plus-cache-commit-race/classrooms/models.py", line 369, in save
    self.full_clean()
  File "/home/bond-servant-in-training/Documents/Virtualenvs/AutoGrader_env/lib/python3.12/site-packages/django/db/models/base.py", line 1679, in full_clean
    raise ValidationError(errors)
django.core.exceptions.ValidationError: {'__all__': ["A student with the exact name 'Cost27 Student' is already enrolled in this course."]}
Failed to bulk-add student Cost96 Student
Traceback (most recent call last):
  File "/home/bond-servant-in-training/Documents/Projects/Grade-Automator-Plus-cache-commit-race/classrooms/services/roster_import.py", line 363, in import_roster
    result, succeeded = _import_row_with_email(course=course, row=row)
                        ^^^^^^^^^^^^^^^^^^^^^^^^^^^^^^^^^^^^^^^^^^^^^^
  File "/home/bond-servant-in-training/Documents/Projects/Grade-Automator-Plus-cache-commit-race/classrooms/services/roster_import.py", line 276, in _import_row_with_email
    StudentCourse.objects.create(
  File "/home/bond-servant-in-training/Documents/Virtualenvs/AutoGrader_env/lib/python3.12/site-packages/django/db/models/manager.py", line 87, in manager_method
    return getattr(self.get_queryset(), name)(*args, **kwargs)
           ^^^^^^^^^^^^^^^^^^^^^^^^^^^^^^^^^^^^^^^^^^^^^^^^^^^
  File "/home/bond-servant-in-training/Documents/Virtualenvs/AutoGrader_env/lib/python3.12/site-packages/django/db/models/query.py", line 663, in create
    obj.save(force_insert=True, using=self.db)
  File "/home/bond-servant-in-training/Documents/Projects/Grade-Automator-Plus-cache-commit-race/classrooms/models.py", line 369, in save
    self.full_clean()
  File "/home/bond-servant-in-training/Documents/Virtualenvs/AutoGrader_env/lib/python3.12/site-packages/django/db/models/base.py", line 1679, in full_clean
    raise ValidationError(errors)
django.core.exceptions.ValidationError: {'__all__': ["A student with the exact name 'Cost96 Student' is already enrolled in this course."]}
Failed to bulk-add student Cost338 Student
Traceback (most recent call last):
  File "/home/bond-servant-in-training/Documents/Projects/Grade-Automator-Plus-cache-commit-race/classrooms/services/roster_import.py", line 363, in import_roster
    result, succeeded = _import_row_with_email(course=course, row=row)
                        ^^^^^^^^^^^^^^^^^^^^^^^^^^^^^^^^^^^^^^^^^^^^^^
  File "/home/bond-servant-in-training/Documents/Projects/Grade-Automator-Plus-cache-commit-race/classrooms/services/roster_import.py", line 276, in _import_row_with_email
    StudentCourse.objects.create(
  File "/home/bond-servant-in-training/Documents/Virtualenvs/AutoGrader_env/lib/python3.12/site-packages/django/db/models/manager.py", line 87, in manager_method
    return getattr(self.get_queryset(), name)(*args, **kwargs)
           ^^^^^^^^^^^^^^^^^^^^^^^^^^^^^^^^^^^^^^^^^^^^^^^^^^^
  File "/home/bond-servant-in-training/Documents/Virtualenvs/AutoGrader_env/lib/python3.12/site-packages/django/db/models/query.py", line 663, in create
    obj.save(force_insert=True, using=self.db)
  File "/home/bond-servant-in-training/Documents/Projects/Grade-Automator-Plus-cache-commit-race/classrooms/models.py", line 369, in save
    self.full_clean()
  File "/home/bond-servant-in-training/Documents/Virtualenvs/AutoGrader_env/lib/python3.12/site-packages/django/db/models/base.py", line 1679, in full_clean
    raise ValidationError(errors)
django.core.exceptions.ValidationError: {'__all__': ["A student with the exact name 'Cost338 Student' is already enrolled in this course."]}
Failed to bulk-add student Cost367 Student
Traceback (most recent call last):
  File "/home/bond-servant-in-training/Documents/Projects/Grade-Automator-Plus-cache-commit-race/classrooms/services/roster_import.py", line 363, in import_roster
    result, succeeded = _import_row_with_email(course=course, row=row)
                        ^^^^^^^^^^^^^^^^^^^^^^^^^^^^^^^^^^^^^^^^^^^^^^
  File "/home/bond-servant-in-training/Documents/Projects/Grade-Automator-Plus-cache-commit-race/classrooms/services/roster_import.py", line 276, in _import_row_with_email
    StudentCourse.objects.create(
  File "/home/bond-servant-in-training/Documents/Virtualenvs/AutoGrader_env/lib/python3.12/site-packages/django/db/models/manager.py", line 87, in manager_method
    return getattr(self.get_queryset(), name)(*args, **kwargs)
           ^^^^^^^^^^^^^^^^^^^^^^^^^^^^^^^^^^^^^^^^^^^^^^^^^^^
  File "/home/bond-servant-in-training/Documents/Virtualenvs/AutoGrader_env/lib/python3.12/site-packages/django/db/models/query.py", line 663, in create
    obj.save(force_insert=True, using=self.db)
  File "/home/bond-servant-in-training/Documents/Projects/Grade-Automator-Plus-cache-commit-race/classrooms/models.py", line 369, in save
    self.full_clean()
  File "/home/bond-servant-in-training/Documents/Virtualenvs/AutoGrader_env/lib/python3.12/site-packages/django/db/models/base.py", line 1679, in full_clean
    raise ValidationError(errors)
django.core.exceptions.ValidationError: {'__all__': ["A student with the exact name 'Cost367 Student' is already enrolled in this course."]}
Failed to bulk-add student Cost253 Student
Traceback (most recent call last):
  File "/home/bond-servant-in-training/Documents/Projects/Grade-Automator-Plus-cache-commit-race/classrooms/services/roster_import.py", line 363, in import_roster
    result, succeeded = _import_row_with_email(course=course, row=row)
                        ^^^^^^^^^^^^^^^^^^^^^^^^^^^^^^^^^^^^^^^^^^^^^^
  File "/home/bond-servant-in-training/Documents/Projects/Grade-Automator-Plus-cache-commit-race/classrooms/services/roster_import.py", line 276, in _import_row_with_email
    StudentCourse.objects.create(
  File "/home/bond-servant-in-training/Documents/Virtualenvs/AutoGrader_env/lib/python3.12/site-packages/django/db/models/manager.py", line 87, in manager_method
    return getattr(self.get_queryset(), name)(*args, **kwargs)
           ^^^^^^^^^^^^^^^^^^^^^^^^^^^^^^^^^^^^^^^^^^^^^^^^^^^
  File "/home/bond-servant-in-training/Documents/Virtualenvs/AutoGrader_env/lib/python3.12/site-packages/django/db/models/query.py", line 663, in create
    obj.save(force_insert=True, using=self.db)
  File "/home/bond-servant-in-training/Documents/Projects/Grade-Automator-Plus-cache-commit-race/classrooms/models.py", line 369, in save
    self.full_clean()
  File "/home/bond-servant-in-training/Documents/Virtualenvs/AutoGrader_env/lib/python3.12/site-packages/django/db/models/base.py", line 1679, in full_clean
    raise ValidationError(errors)
django.core.exceptions.ValidationError: {'__all__': ["A student with the exact name 'Cost253 Student' is already enrolled in this course."]}
Failed to bulk-add student Cost156 Student
Traceback (most recent call last):
  File "/home/bond-servant-in-training/Documents/Projects/Grade-Automator-Plus-cache-commit-race/classrooms/services/roster_import.py", line 363, in import_roster
    result, succeeded = _import_row_with_email(course=course, row=row)
                        ^^^^^^^^^^^^^^^^^^^^^^^^^^^^^^^^^^^^^^^^^^^^^^
  File "/home/bond-servant-in-training/Documents/Projects/Grade-Automator-Plus-cache-commit-race/classrooms/services/roster_import.py", line 276, in _import_row_with_email
    StudentCourse.objects.create(
  File "/home/bond-servant-in-training/Documents/Virtualenvs/AutoGrader_env/lib/python3.12/site-packages/django/db/models/manager.py", line 87, in manager_method
    return getattr(self.get_queryset(), name)(*args, **kwargs)
           ^^^^^^^^^^^^^^^^^^^^^^^^^^^^^^^^^^^^^^^^^^^^^^^^^^^
  File "/home/bond-servant-in-training/Documents/Virtualenvs/AutoGrader_env/lib/python3.12/site-packages/django/db/models/query.py", line 663, in create
    obj.save(force_insert=True, using=self.db)
  File "/home/bond-servant-in-training/Documents/Projects/Grade-Automator-Plus-cache-commit-race/classrooms/models.py", line 369, in save
    self.full_clean()
  File "/home/bond-servant-in-training/Documents/Virtualenvs/AutoGrader_env/lib/python3.12/site-packages/django/db/models/base.py", line 1679, in full_clean
    raise ValidationError(errors)
django.core.exceptions.ValidationError: {'__all__': ["A student with the exact name 'Cost156 Student' is already enrolled in this course."]}
Failed to bulk-add student Cost78 Student
Traceback (most recent call last):
  File "/home/bond-servant-in-training/Documents/Projects/Grade-Automator-Plus-cache-commit-race/classrooms/services/roster_import.py", line 363, in import_roster
    result, succeeded = _import_row_with_email(course=course, row=row)
                        ^^^^^^^^^^^^^^^^^^^^^^^^^^^^^^^^^^^^^^^^^^^^^^
  File "/home/bond-servant-in-training/Documents/Projects/Grade-Automator-Plus-cache-commit-race/classrooms/services/roster_import.py", line 276, in _import_row_with_email
    StudentCourse.objects.create(
  File "/home/bond-servant-in-training/Documents/Virtualenvs/AutoGrader_env/lib/python3.12/site-packages/django/db/models/manager.py", line 87, in manager_method
    return getattr(self.get_queryset(), name)(*args, **kwargs)
           ^^^^^^^^^^^^^^^^^^^^^^^^^^^^^^^^^^^^^^^^^^^^^^^^^^^
  File "/home/bond-servant-in-training/Documents/Virtualenvs/AutoGrader_env/lib/python3.12/site-packages/django/db/models/query.py", line 663, in create
    obj.save(force_insert=True, using=self.db)
  File "/home/bond-servant-in-training/Documents/Projects/Grade-Automator-Plus-cache-commit-race/classrooms/models.py", line 369, in save
    self.full_clean()
  File "/home/bond-servant-in-training/Documents/Virtualenvs/AutoGrader_env/lib/python3.12/site-packages/django/db/models/base.py", line 1679, in full_clean
    raise ValidationError(errors)
django.core.exceptions.ValidationError: {'__all__': ["A student with the exact name 'Cost78 Student' is already enrolled in this course."]}
Failed to bulk-add student Cost199 Student
Traceback (most recent call last):
  File "/home/bond-servant-in-training/Documents/Projects/Grade-Automator-Plus-cache-commit-race/classrooms/services/roster_import.py", line 363, in import_roster
    result, succeeded = _import_row_with_email(course=course, row=row)
                        ^^^^^^^^^^^^^^^^^^^^^^^^^^^^^^^^^^^^^^^^^^^^^^
  File "/home/bond-servant-in-training/Documents/Projects/Grade-Automator-Plus-cache-commit-race/classrooms/services/roster_import.py", line 276, in _import_row_with_email
    StudentCourse.objects.create(
  File "/home/bond-servant-in-training/Documents/Virtualenvs/AutoGrader_env/lib/python3.12/site-packages/django/db/models/manager.py", line 87, in manager_method
    return getattr(self.get_queryset(), name)(*args, **kwargs)
           ^^^^^^^^^^^^^^^^^^^^^^^^^^^^^^^^^^^^^^^^^^^^^^^^^^^
  File "/home/bond-servant-in-training/Documents/Virtualenvs/AutoGrader_env/lib/python3.12/site-packages/django/db/models/query.py", line 663, in create
    obj.save(force_insert=True, using=self.db)
  File "/home/bond-servant-in-training/Documents/Projects/Grade-Automator-Plus-cache-commit-race/classrooms/models.py", line 369, in save
    self.full_clean()
  File "/home/bond-servant-in-training/Documents/Virtualenvs/AutoGrader_env/lib/python3.12/site-packages/django/db/models/base.py", line 1679, in full_clean
    raise ValidationError(errors)
django.core.exceptions.ValidationError: {'__all__': ["A student with the exact name 'Cost199 Student' is already enrolled in this course."]}
Failed to bulk-add student Cost383 Student
Traceback (most recent call last):
  File "/home/bond-servant-in-training/Documents/Projects/Grade-Automator-Plus-cache-commit-race/classrooms/services/roster_import.py", line 363, in import_roster
    result, succeeded = _import_row_with_email(course=course, row=row)
                        ^^^^^^^^^^^^^^^^^^^^^^^^^^^^^^^^^^^^^^^^^^^^^^
  File "/home/bond-servant-in-training/Documents/Projects/Grade-Automator-Plus-cache-commit-race/classrooms/services/roster_import.py", line 276, in _import_row_with_email
    StudentCourse.objects.create(
  File "/home/bond-servant-in-training/Documents/Virtualenvs/AutoGrader_env/lib/python3.12/site-packages/django/db/models/manager.py", line 87, in manager_method
    return getattr(self.get_queryset(), name)(*args, **kwargs)
           ^^^^^^^^^^^^^^^^^^^^^^^^^^^^^^^^^^^^^^^^^^^^^^^^^^^
  File "/home/bond-servant-in-training/Documents/Virtualenvs/AutoGrader_env/lib/python3.12/site-packages/django/db/models/query.py", line 663, in create
    obj.save(force_insert=True, using=self.db)
  File "/home/bond-servant-in-training/Documents/Projects/Grade-Automator-Plus-cache-commit-race/classrooms/models.py", line 369, in save
    self.full_clean()
  File "/home/bond-servant-in-training/Documents/Virtualenvs/AutoGrader_env/lib/python3.12/site-packages/django/db/models/base.py", line 1679, in full_clean
    raise ValidationError(errors)
django.core.exceptions.ValidationError: {'__all__': ["A student with the exact name 'Cost383 Student' is already enrolled in this course."]}
Failed to bulk-add student Cost271 Student
Traceback (most recent call last):
  File "/home/bond-servant-in-training/Documents/Projects/Grade-Automator-Plus-cache-commit-race/classrooms/services/roster_import.py", line 363, in import_roster
    result, succeeded = _import_row_with_email(course=course, row=row)
                        ^^^^^^^^^^^^^^^^^^^^^^^^^^^^^^^^^^^^^^^^^^^^^^
  File "/home/bond-servant-in-training/Documents/Projects/Grade-Automator-Plus-cache-commit-race/classrooms/services/roster_import.py", line 276, in _import_row_with_email
    StudentCourse.objects.create(
  File "/home/bond-servant-in-training/Documents/Virtualenvs/AutoGrader_env/lib/python3.12/site-packages/django/db/models/manager.py", line 87, in manager_method
    return getattr(self.get_queryset(), name)(*args, **kwargs)
           ^^^^^^^^^^^^^^^^^^^^^^^^^^^^^^^^^^^^^^^^^^^^^^^^^^^
  File "/home/bond-servant-in-training/Documents/Virtualenvs/AutoGrader_env/lib/python3.12/site-packages/django/db/models/query.py", line 663, in create
    obj.save(force_insert=True, using=self.db)
  File "/home/bond-servant-in-training/Documents/Projects/Grade-Automator-Plus-cache-commit-race/classrooms/models.py", line 369, in save
    self.full_clean()
  File "/home/bond-servant-in-training/Documents/Virtualenvs/AutoGrader_env/lib/python3.12/site-packages/django/db/models/base.py", line 1679, in full_clean
    raise ValidationError(errors)
django.core.exceptions.ValidationError: {'__all__': ["A student with the exact name 'Cost271 Student' is already enrolled in this course."]}
Failed to bulk-add student Cost262 Student
Traceback (most recent call last):
  File "/home/bond-servant-in-training/Documents/Projects/Grade-Automator-Plus-cache-commit-race/classrooms/services/roster_import.py", line 363, in import_roster
    result, succeeded = _import_row_with_email(course=course, row=row)
                        ^^^^^^^^^^^^^^^^^^^^^^^^^^^^^^^^^^^^^^^^^^^^^^
  File "/home/bond-servant-in-training/Documents/Projects/Grade-Automator-Plus-cache-commit-race/classrooms/services/roster_import.py", line 276, in _import_row_with_email
    StudentCourse.objects.create(
  File "/home/bond-servant-in-training/Documents/Virtualenvs/AutoGrader_env/lib/python3.12/site-packages/django/db/models/manager.py", line 87, in manager_method
    return getattr(self.get_queryset(), name)(*args, **kwargs)
           ^^^^^^^^^^^^^^^^^^^^^^^^^^^^^^^^^^^^^^^^^^^^^^^^^^^
  File "/home/bond-servant-in-training/Documents/Virtualenvs/AutoGrader_env/lib/python3.12/site-packages/django/db/models/query.py", line 663, in create
    obj.save(force_insert=True, using=self.db)
  File "/home/bond-servant-in-training/Documents/Projects/Grade-Automator-Plus-cache-commit-race/classrooms/models.py", line 369, in save
    self.full_clean()
  File "/home/bond-servant-in-training/Documents/Virtualenvs/AutoGrader_env/lib/python3.12/site-packages/django/db/models/base.py", line 1679, in full_clean
    raise ValidationError(errors)
django.core.exceptions.ValidationError: {'__all__': ["A student with the exact name 'Cost262 Student' is already enrolled in this course."]}
Failed to bulk-add student Cost141 Student
Traceback (most recent call last):
  File "/home/bond-servant-in-training/Documents/Projects/Grade-Automator-Plus-cache-commit-race/classrooms/services/roster_import.py", line 363, in import_roster
    result, succeeded = _import_row_with_email(course=course, row=row)
                        ^^^^^^^^^^^^^^^^^^^^^^^^^^^^^^^^^^^^^^^^^^^^^^
  File "/home/bond-servant-in-training/Documents/Projects/Grade-Automator-Plus-cache-commit-race/classrooms/services/roster_import.py", line 276, in _import_row_with_email
    StudentCourse.objects.create(
  File "/home/bond-servant-in-training/Documents/Virtualenvs/AutoGrader_env/lib/python3.12/site-packages/django/db/models/manager.py", line 87, in manager_method
    return getattr(self.get_queryset(), name)(*args, **kwargs)
           ^^^^^^^^^^^^^^^^^^^^^^^^^^^^^^^^^^^^^^^^^^^^^^^^^^^
  File "/home/bond-servant-in-training/Documents/Virtualenvs/AutoGrader_env/lib/python3.12/site-packages/django/db/models/query.py", line 663, in create
    obj.save(force_insert=True, using=self.db)
  File "/home/bond-servant-in-training/Documents/Projects/Grade-Automator-Plus-cache-commit-race/classrooms/models.py", line 369, in save
    self.full_clean()
  File "/home/bond-servant-in-training/Documents/Virtualenvs/AutoGrader_env/lib/python3.12/site-packages/django/db/models/base.py", line 1679, in full_clean
    raise ValidationError(errors)
django.core.exceptions.ValidationError: {'__all__': ["A student with the exact name 'Cost141 Student' is already enrolled in this course."]}
Failed to bulk-add student Cost160 Student
Traceback (most recent call last):
  File "/home/bond-servant-in-training/Documents/Projects/Grade-Automator-Plus-cache-commit-race/classrooms/services/roster_import.py", line 363, in import_roster
    result, succeeded = _import_row_with_email(course=course, row=row)
                        ^^^^^^^^^^^^^^^^^^^^^^^^^^^^^^^^^^^^^^^^^^^^^^
  File "/home/bond-servant-in-training/Documents/Projects/Grade-Automator-Plus-cache-commit-race/classrooms/services/roster_import.py", line 276, in _import_row_with_email
    StudentCourse.objects.create(
  File "/home/bond-servant-in-training/Documents/Virtualenvs/AutoGrader_env/lib/python3.12/site-packages/django/db/models/manager.py", line 87, in manager_method
    return getattr(self.get_queryset(), name)(*args, **kwargs)
           ^^^^^^^^^^^^^^^^^^^^^^^^^^^^^^^^^^^^^^^^^^^^^^^^^^^
  File "/home/bond-servant-in-training/Documents/Virtualenvs/AutoGrader_env/lib/python3.12/site-packages/django/db/models/query.py", line 663, in create
    obj.save(force_insert=True, using=self.db)
  File "/home/bond-servant-in-training/Documents/Projects/Grade-Automator-Plus-cache-commit-race/classrooms/models.py", line 369, in save
    self.full_clean()
  File "/home/bond-servant-in-training/Documents/Virtualenvs/AutoGrader_env/lib/python3.12/site-packages/django/db/models/base.py", line 1679, in full_clean
    raise ValidationError(errors)
django.core.exceptions.ValidationError: {'__all__': ["A student with the exact name 'Cost160 Student' is already enrolled in this course."]}
Failed to bulk-add student Cost279 Student
Traceback (most recent call last):
  File "/home/bond-servant-in-training/Documents/Projects/Grade-Automator-Plus-cache-commit-race/classrooms/services/roster_import.py", line 363, in import_roster
    result, succeeded = _import_row_with_email(course=course, row=row)
                        ^^^^^^^^^^^^^^^^^^^^^^^^^^^^^^^^^^^^^^^^^^^^^^
  File "/home/bond-servant-in-training/Documents/Projects/Grade-Automator-Plus-cache-commit-race/classrooms/services/roster_import.py", line 276, in _import_row_with_email
    StudentCourse.objects.create(
  File "/home/bond-servant-in-training/Documents/Virtualenvs/AutoGrader_env/lib/python3.12/site-packages/django/db/models/manager.py", line 87, in manager_method
    return getattr(self.get_queryset(), name)(*args, **kwargs)
           ^^^^^^^^^^^^^^^^^^^^^^^^^^^^^^^^^^^^^^^^^^^^^^^^^^^
  File "/home/bond-servant-in-training/Documents/Virtualenvs/AutoGrader_env/lib/python3.12/site-packages/django/db/models/query.py", line 663, in create
    obj.save(force_insert=True, using=self.db)
  File "/home/bond-servant-in-training/Documents/Projects/Grade-Automator-Plus-cache-commit-race/classrooms/models.py", line 369, in save
    self.full_clean()
  File "/home/bond-servant-in-training/Documents/Virtualenvs/AutoGrader_env/lib/python3.12/site-packages/django/db/models/base.py", line 1679, in full_clean
    raise ValidationError(errors)
django.core.exceptions.ValidationError: {'__all__': ["A student with the exact name 'Cost279 Student' is already enrolled in this course."]}
Failed to bulk-add student Cost87 Student
Traceback (most recent call last):
  File "/home/bond-servant-in-training/Documents/Projects/Grade-Automator-Plus-cache-commit-race/classrooms/services/roster_import.py", line 363, in import_roster
    result, succeeded = _import_row_with_email(course=course, row=row)
                        ^^^^^^^^^^^^^^^^^^^^^^^^^^^^^^^^^^^^^^^^^^^^^^
  File "/home/bond-servant-in-training/Documents/Projects/Grade-Automator-Plus-cache-commit-race/classrooms/services/roster_import.py", line 276, in _import_row_with_email
    StudentCourse.objects.create(
  File "/home/bond-servant-in-training/Documents/Virtualenvs/AutoGrader_env/lib/python3.12/site-packages/django/db/models/manager.py", line 87, in manager_method
    return getattr(self.get_queryset(), name)(*args, **kwargs)
           ^^^^^^^^^^^^^^^^^^^^^^^^^^^^^^^^^^^^^^^^^^^^^^^^^^^
  File "/home/bond-servant-in-training/Documents/Virtualenvs/AutoGrader_env/lib/python3.12/site-packages/django/db/models/query.py", line 663, in create
    obj.save(force_insert=True, using=self.db)
  File "/home/bond-servant-in-training/Documents/Projects/Grade-Automator-Plus-cache-commit-race/classrooms/models.py", line 369, in save
    self.full_clean()
  File "/home/bond-servant-in-training/Documents/Virtualenvs/AutoGrader_env/lib/python3.12/site-packages/django/db/models/base.py", line 1679, in full_clean
    raise ValidationError(errors)
django.core.exceptions.ValidationError: {'__all__': ["A student with the exact name 'Cost87 Student' is already enrolled in this course."]}
Failed to bulk-add student Cost68 Student
Traceback (most recent call last):
  File "/home/bond-servant-in-training/Documents/Projects/Grade-Automator-Plus-cache-commit-race/classrooms/services/roster_import.py", line 363, in import_roster
    result, succeeded = _import_row_with_email(course=course, row=row)
                        ^^^^^^^^^^^^^^^^^^^^^^^^^^^^^^^^^^^^^^^^^^^^^^
  File "/home/bond-servant-in-training/Documents/Projects/Grade-Automator-Plus-cache-commit-race/classrooms/services/roster_import.py", line 276, in _import_row_with_email
    StudentCourse.objects.create(
  File "/home/bond-servant-in-training/Documents/Virtualenvs/AutoGrader_env/lib/python3.12/site-packages/django/db/models/manager.py", line 87, in manager_method
    return getattr(self.get_queryset(), name)(*args, **kwargs)
           ^^^^^^^^^^^^^^^^^^^^^^^^^^^^^^^^^^^^^^^^^^^^^^^^^^^
  File "/home/bond-servant-in-training/Documents/Virtualenvs/AutoGrader_env/lib/python3.12/site-packages/django/db/models/query.py", line 663, in create
    obj.save(force_insert=True, using=self.db)
  File "/home/bond-servant-in-training/Documents/Projects/Grade-Automator-Plus-cache-commit-race/classrooms/models.py", line 369, in save
    self.full_clean()
  File "/home/bond-servant-in-training/Documents/Virtualenvs/AutoGrader_env/lib/python3.12/site-packages/django/db/models/base.py", line 1679, in full_clean
    raise ValidationError(errors)
django.core.exceptions.ValidationError: {'__all__': ["A student with the exact name 'Cost68 Student' is already enrolled in this course."]}
Failed to bulk-add student Cost34 Student
Traceback (most recent call last):
  File "/home/bond-servant-in-training/Documents/Projects/Grade-Automator-Plus-cache-commit-race/classrooms/services/roster_import.py", line 363, in import_roster
    result, succeeded = _import_row_with_email(course=course, row=row)
                        ^^^^^^^^^^^^^^^^^^^^^^^^^^^^^^^^^^^^^^^^^^^^^^
  File "/home/bond-servant-in-training/Documents/Projects/Grade-Automator-Plus-cache-commit-race/classrooms/services/roster_import.py", line 276, in _import_row_with_email
    StudentCourse.objects.create(
  File "/home/bond-servant-in-training/Documents/Virtualenvs/AutoGrader_env/lib/python3.12/site-packages/django/db/models/manager.py", line 87, in manager_method
    return getattr(self.get_queryset(), name)(*args, **kwargs)
           ^^^^^^^^^^^^^^^^^^^^^^^^^^^^^^^^^^^^^^^^^^^^^^^^^^^
  File "/home/bond-servant-in-training/Documents/Virtualenvs/AutoGrader_env/lib/python3.12/site-packages/django/db/models/query.py", line 663, in create
    obj.save(force_insert=True, using=self.db)
  File "/home/bond-servant-in-training/Documents/Projects/Grade-Automator-Plus-cache-commit-race/classrooms/models.py", line 369, in save
    self.full_clean()
  File "/home/bond-servant-in-training/Documents/Virtualenvs/AutoGrader_env/lib/python3.12/site-packages/django/db/models/base.py", line 1679, in full_clean
    raise ValidationError(errors)
django.core.exceptions.ValidationError: {'__all__': ["A student with the exact name 'Cost34 Student' is already enrolled in this course."]}
Failed to bulk-add student Cost397 Student
Traceback (most recent call last):
  File "/home/bond-servant-in-training/Documents/Projects/Grade-Automator-Plus-cache-commit-race/classrooms/services/roster_import.py", line 363, in import_roster
    result, succeeded = _import_row_with_email(course=course, row=row)
                        ^^^^^^^^^^^^^^^^^^^^^^^^^^^^^^^^^^^^^^^^^^^^^^
  File "/home/bond-servant-in-training/Documents/Projects/Grade-Automator-Plus-cache-commit-race/classrooms/services/roster_import.py", line 276, in _import_row_with_email
    StudentCourse.objects.create(
  File "/home/bond-servant-in-training/Documents/Virtualenvs/AutoGrader_env/lib/python3.12/site-packages/django/db/models/manager.py", line 87, in manager_method
    return getattr(self.get_queryset(), name)(*args, **kwargs)
           ^^^^^^^^^^^^^^^^^^^^^^^^^^^^^^^^^^^^^^^^^^^^^^^^^^^
  File "/home/bond-servant-in-training/Documents/Virtualenvs/AutoGrader_env/lib/python3.12/site-packages/django/db/models/query.py", line 663, in create
    obj.save(force_insert=True, using=self.db)
  File "/home/bond-servant-in-training/Documents/Projects/Grade-Automator-Plus-cache-commit-race/classrooms/models.py", line 369, in save
    self.full_clean()
  File "/home/bond-servant-in-training/Documents/Virtualenvs/AutoGrader_env/lib/python3.12/site-packages/django/db/models/base.py", line 1679, in full_clean
    raise ValidationError(errors)
django.core.exceptions.ValidationError: {'__all__': ["A student with the exact name 'Cost397 Student' is already enrolled in this course."]}
Failed to bulk-add student Cost233 Student
Traceback (most recent call last):
  File "/home/bond-servant-in-training/Documents/Projects/Grade-Automator-Plus-cache-commit-race/classrooms/services/roster_import.py", line 363, in import_roster
    result, succeeded = _import_row_with_email(course=course, row=row)
                        ^^^^^^^^^^^^^^^^^^^^^^^^^^^^^^^^^^^^^^^^^^^^^^
  File "/home/bond-servant-in-training/Documents/Projects/Grade-Automator-Plus-cache-commit-race/classrooms/services/roster_import.py", line 276, in _import_row_with_email
    StudentCourse.objects.create(
  File "/home/bond-servant-in-training/Documents/Virtualenvs/AutoGrader_env/lib/python3.12/site-packages/django/db/models/manager.py", line 87, in manager_method
    return getattr(self.get_queryset(), name)(*args, **kwargs)
           ^^^^^^^^^^^^^^^^^^^^^^^^^^^^^^^^^^^^^^^^^^^^^^^^^^^
  File "/home/bond-servant-in-training/Documents/Virtualenvs/AutoGrader_env/lib/python3.12/site-packages/django/db/models/query.py", line 663, in create
    obj.save(force_insert=True, using=self.db)
  File "/home/bond-servant-in-training/Documents/Projects/Grade-Automator-Plus-cache-commit-race/classrooms/models.py", line 369, in save
    self.full_clean()
  File "/home/bond-servant-in-training/Documents/Virtualenvs/AutoGrader_env/lib/python3.12/site-packages/django/db/models/base.py", line 1679, in full_clean
    raise ValidationError(errors)
django.core.exceptions.ValidationError: {'__all__': ["A student with the exact name 'Cost233 Student' is already enrolled in this course."]}
Failed to bulk-add student Cost19 Student
Traceback (most recent call last):
  File "/home/bond-servant-in-training/Documents/Projects/Grade-Automator-Plus-cache-commit-race/classrooms/services/roster_import.py", line 363, in import_roster
    result, succeeded = _import_row_with_email(course=course, row=row)
                        ^^^^^^^^^^^^^^^^^^^^^^^^^^^^^^^^^^^^^^^^^^^^^^
  File "/home/bond-servant-in-training/Documents/Projects/Grade-Automator-Plus-cache-commit-race/classrooms/services/roster_import.py", line 276, in _import_row_with_email
    StudentCourse.objects.create(
  File "/home/bond-servant-in-training/Documents/Virtualenvs/AutoGrader_env/lib/python3.12/site-packages/django/db/models/manager.py", line 87, in manager_method
    return getattr(self.get_queryset(), name)(*args, **kwargs)
           ^^^^^^^^^^^^^^^^^^^^^^^^^^^^^^^^^^^^^^^^^^^^^^^^^^^
  File "/home/bond-servant-in-training/Documents/Virtualenvs/AutoGrader_env/lib/python3.12/site-packages/django/db/models/query.py", line 663, in create
    obj.save(force_insert=True, using=self.db)
  File "/home/bond-servant-in-training/Documents/Projects/Grade-Automator-Plus-cache-commit-race/classrooms/models.py", line 369, in save
    self.full_clean()
  File "/home/bond-servant-in-training/Documents/Virtualenvs/AutoGrader_env/lib/python3.12/site-packages/django/db/models/base.py", line 1679, in full_clean
    raise ValidationError(errors)
django.core.exceptions.ValidationError: {'__all__': ["A student with the exact name 'Cost19 Student' is already enrolled in this course."]}
Failed to bulk-add student Cost257 Student
Traceback (most recent call last):
  File "/home/bond-servant-in-training/Documents/Projects/Grade-Automator-Plus-cache-commit-race/classrooms/services/roster_import.py", line 363, in import_roster
    result, succeeded = _import_row_with_email(course=course, row=row)
                        ^^^^^^^^^^^^^^^^^^^^^^^^^^^^^^^^^^^^^^^^^^^^^^
  File "/home/bond-servant-in-training/Documents/Projects/Grade-Automator-Plus-cache-commit-race/classrooms/services/roster_import.py", line 276, in _import_row_with_email
    StudentCourse.objects.create(
  File "/home/bond-servant-in-training/Documents/Virtualenvs/AutoGrader_env/lib/python3.12/site-packages/django/db/models/manager.py", line 87, in manager_method
    return getattr(self.get_queryset(), name)(*args, **kwargs)
           ^^^^^^^^^^^^^^^^^^^^^^^^^^^^^^^^^^^^^^^^^^^^^^^^^^^
  File "/home/bond-servant-in-training/Documents/Virtualenvs/AutoGrader_env/lib/python3.12/site-packages/django/db/models/query.py", line 663, in create
    obj.save(force_insert=True, using=self.db)
  File "/home/bond-servant-in-training/Documents/Projects/Grade-Automator-Plus-cache-commit-race/classrooms/models.py", line 369, in save
    self.full_clean()
  File "/home/bond-servant-in-training/Documents/Virtualenvs/AutoGrader_env/lib/python3.12/site-packages/django/db/models/base.py", line 1679, in full_clean
    raise ValidationError(errors)
django.core.exceptions.ValidationError: {'__all__': ["A student with the exact name 'Cost257 Student' is already enrolled in this course."]}
Failed to bulk-add student Cost154 Student
Traceback (most recent call last):
  File "/home/bond-servant-in-training/Documents/Projects/Grade-Automator-Plus-cache-commit-race/classrooms/services/roster_import.py", line 363, in import_roster
    result, succeeded = _import_row_with_email(course=course, row=row)
                        ^^^^^^^^^^^^^^^^^^^^^^^^^^^^^^^^^^^^^^^^^^^^^^
  File "/home/bond-servant-in-training/Documents/Projects/Grade-Automator-Plus-cache-commit-race/classrooms/services/roster_import.py", line 276, in _import_row_with_email
    StudentCourse.objects.create(
  File "/home/bond-servant-in-training/Documents/Virtualenvs/AutoGrader_env/lib/python3.12/site-packages/django/db/models/manager.py", line 87, in manager_method
    return getattr(self.get_queryset(), name)(*args, **kwargs)
           ^^^^^^^^^^^^^^^^^^^^^^^^^^^^^^^^^^^^^^^^^^^^^^^^^^^
  File "/home/bond-servant-in-training/Documents/Virtualenvs/AutoGrader_env/lib/python3.12/site-packages/django/db/models/query.py", line 663, in create
    obj.save(force_insert=True, using=self.db)
  File "/home/bond-servant-in-training/Documents/Projects/Grade-Automator-Plus-cache-commit-race/classrooms/models.py", line 369, in save
    self.full_clean()
  File "/home/bond-servant-in-training/Documents/Virtualenvs/AutoGrader_env/lib/python3.12/site-packages/django/db/models/base.py", line 1679, in full_clean
    raise ValidationError(errors)
django.core.exceptions.ValidationError: {'__all__': ["A student with the exact name 'Cost154 Student' is already enrolled in this course."]}
