billing.tests.test_abandoned_claim_recovery.BrokerOutageDuringRecoveryTests.test_a_broker_failure_releases_the_claim_for_the_next_sweep ... ok
billing.tests.test_abandoned_claim_recovery.BrokerOutageDuringRecoveryTests.test_the_broker_failure_is_recorded_on_the_row ... ok
billing.tests.test_abandoned_claim_recovery.BrokerOutageDuringRecoveryTests.test_the_next_sweep_recovers_it_once_the_broker_is_back ... ok
billing.tests.test_abandoned_claim_recovery.DeadWorkerRecoveryTests.test_THE_REGRESSION_a_worker_dying_before_processing_does_not_lose_the_event ... ok
billing.tests.test_abandoned_claim_recovery.DeadWorkerRecoveryTests.test_recovery_is_counted_so_it_can_be_bounded ... ok
billing.tests.test_abandoned_claim_recovery.DeadWorkerRecoveryTests.test_the_claim_is_refreshed_so_a_redelivery_sees_a_LIVE_claim ... ok
billing.tests.test_abandoned_claim_recovery.DeadWorkerRecoveryTests.test_the_redispatch_carries_the_NEW_claim_token ... ok
billing.tests.test_abandoned_claim_recovery.MidHandlerDeathIsNotReplayedTests.test_a_worker_dying_DURING_the_handler_is_not_replayed ... ok
billing.tests.test_abandoned_claim_recovery.MidHandlerDeathIsNotReplayedTests.test_it_is_marked_FAILED_for_a_human_instead ... ok
billing.tests.test_abandoned_claim_recovery.MidHandlerDeathIsNotReplayedTests.test_the_reason_says_why_it_was_not_replayed ... ok
billing.tests.test_abandoned_claim_recovery.RecoveryIsBoundedTests.test_an_unhandled_event_type_is_not_re_dispatched ... ok
billing.tests.test_abandoned_claim_recovery.RecoveryIsBoundedTests.test_each_sweep_advances_the_counter_by_exactly_one ... ok
billing.tests.test_abandoned_claim_recovery.RecoveryIsBoundedTests.test_past_the_cap_it_is_marked_FAILED_not_left_PROCESSING ... ok
billing.tests.test_abandoned_claim_recovery.RecoveryIsBoundedTests.test_repeated_reaping_stops_at_the_cap ... ok
billing.tests.test_abandoned_claim_recovery.SlowWorkerIsNotMistakenForDeadTests.test_a_claim_inside_the_window_is_left_completely_alone ... ok
billing.tests.test_abandoned_claim_recovery.SlowWorkerIsNotMistakenForDeadTests.test_a_slow_worker_that_HAS_started_is_never_re_dispatched ... ok
billing.tests.test_abandoned_claim_recovery.SlowWorkerIsNotMistakenForDeadTests.test_the_original_worker_cannot_settle_a_row_it_no_longer_owns ... ok
billing.tests.test_abandoned_claim_recovery.SucceededEventsAreNeverTouchedTests.test_a_succeeded_event_is_not_recovered_however_old ... ok
billing.tests.test_access_control.BaseAccessChecksTests.test_inactive_account_blocked ... ok
billing.tests.test_access_control.BaseAccessChecksTests.test_paid_user_zero_credits ... ok
billing.tests.test_access_control.BaseAccessChecksTests.test_trial_expired ... ok
billing.tests.test_access_control.BaseAccessChecksTests.test_trial_user_zero_credits_gets_distinct_message ... ok
billing.tests.test_access_control.BaseAccessChecksTests.test_trial_within_window_and_has_credits ... ok
billing.tests.test_access_control.FeatureTierGatingTests.test_display_only_feature_never_gates_even_if_included ... ok
billing.tests.test_access_control.FeatureTierGatingTests.test_gated_feature_allowed_when_included ... ok
billing.tests.test_access_control.FeatureTierGatingTests.test_gated_feature_denied_when_not_included ... ok
billing.tests.test_access_control.FeatureTierGatingTests.test_missing_plan_feature_row_denies_by_default ... ok
billing.tests.test_access_control.FeatureTierGatingTests.test_ungated_baseline_feature_always_allowed ... ok
billing.tests.test_access_control.GetUserAIAccessStatusTests.test_license_admin_status ... ok
billing.tests.test_access_control.GetUserAIAccessStatusTests.test_license_teacher_status ... ok
billing.tests.test_access_control.GetUserAIAccessStatusTests.test_trial_status_fields ... ok
billing.tests.test_access_control.GetUserAIAccessStatusTests.test_unauthenticated_returns_safe_defaults ... ok
billing.tests.test_access_control.LicenseAdminAllowlistTests.test_allowlisted_feature_allowed ... ok
billing.tests.test_access_control.LicenseAdminAllowlistTests.test_grading_assignment_denied_for_admin ... ok
billing.tests.test_access_control.LicenseAdminAllowlistTests.test_non_allowlisted_feature_denied_even_if_plan_includes_it ... ok
billing.tests.test_access_control.ResolveAccessContextTests.test_inactive_allocation_does_not_resolve ... ok
billing.tests.test_access_control.ResolveAccessContextTests.test_individual_paid_subscription ... ok
billing.tests.test_access_control.ResolveAccessContextTests.test_license_admin_resolves_separately_from_teacher ... ok
billing.tests.test_access_control.ResolveAccessContextTests.test_license_teacher_resolves_to_license_plan ... ok
billing.tests.test_access_control.ResolveAccessContextTests.test_no_subscription_at_all ... ok
billing.tests.test_access_control.ResolveAccessContextTests.test_teacher_allocation_under_inactive_license_does_not_resolve ... ok
billing.tests.test_access_control.StudentSubmissionAccessTests.test_none_assignment_denied ... ok
billing.tests.test_access_control.StudentSubmissionAccessTests.test_valid_assignment_teacher_has_access ... ok
billing.tests.test_access_control.StudentSubmissionAccessTests.test_valid_assignment_teacher_out_of_credits ... ok
billing.tests.test_access_control.TrialTypoRegressionTests.test_get_remaining_trial_days_not_always_zero ... ok
billing.tests.test_access_control.TrialTypoRegressionTests.test_is_user_on_active_trial_not_always_false ... ok
billing.tests.test_access_control.TrialTypoRegressionTests.test_is_user_trial_expired_false_for_active_trial ... ok
billing.tests.test_access_control.TrialTypoRegressionTests.test_is_user_trial_expired_not_always_false ... ok
billing.tests.test_admin_credit_grant_api.AdminCreditGrantAccessControlTests.test_a_school_admin_cannot_mint_credits ... ok
billing.tests.test_admin_credit_grant_api.AdminCreditGrantAccessControlTests.test_a_student_cannot_mint_credits ... ok
billing.tests.test_admin_credit_grant_api.AdminCreditGrantAccessControlTests.test_a_teacher_cannot_mint_credits ... ok
billing.tests.test_admin_credit_grant_api.AdminCreditGrantAccessControlTests.test_an_anonymous_caller_cannot_mint_credits ... ok
billing.tests.test_admin_credit_grant_api.AdminCreditGrantAccessControlTests.test_both_superadmin_signals_are_required ... ok
billing.tests.test_admin_credit_grant_api.AdminCreditGrantBehaviourTests.test_a_grant_lands_priced_by_the_targets_own_block_size ... ok
billing.tests.test_admin_credit_grant_api.AdminCreditGrantBehaviourTests.test_a_grant_with_no_expiry_never_expires ... ok
billing.tests.test_admin_credit_grant_api.AdminCreditGrantBehaviourTests.test_an_explicit_expiry_is_honoured ... ok
billing.tests.test_admin_credit_grant_api.AdminCreditGrantBehaviourTests.test_the_grant_is_a_manual_grant_not_purchased_overage ... ok
billing.tests.test_admin_credit_grant_api.AdminCreditGrantBehaviourTests.test_the_grant_is_recorded_in_the_immutable_ledger ... ok
billing.tests.test_admin_credit_grant_api.AdminCreditGrantBehaviourTests.test_the_ledger_records_who_authorised_the_grant ... ok
billing.tests.test_admin_credit_grant_api.AdminCreditGrantValidationTests.test_a_malformed_user_id_is_rejected ... ok
billing.tests.test_admin_credit_grant_api.AdminCreditGrantValidationTests.test_a_non_numeric_block_count_is_rejected ... ok
billing.tests.test_admin_credit_grant_api.AdminCreditGrantValidationTests.test_a_user_with_no_plan_cannot_be_priced ... ok
billing.tests.test_admin_credit_grant_api.AdminCreditGrantValidationTests.test_an_absurdly_large_grant_is_rejected ... ok
billing.tests.test_admin_credit_grant_api.AdminCreditGrantValidationTests.test_an_oversized_reason_is_rejected ... ok
billing.tests.test_admin_credit_grant_api.AdminCreditGrantValidationTests.test_an_unknown_user_id_is_rejected ... ok
billing.tests.test_admin_credit_grant_api.AdminCreditGrantValidationTests.test_negative_blocks_is_rejected ... ok
billing.tests.test_admin_credit_grant_api.AdminCreditGrantValidationTests.test_zero_blocks_is_rejected ... ok
billing.tests.test_analytics_and_audit_log.ConversionProbabilityZeroDaysTests.test_a_profile_created_today_does_not_crash ... ok
billing.tests.test_analytics_and_audit_log.ConversionProbabilityZeroDaysTests.test_a_profile_with_no_usage_reports_zero_velocity ... ok
billing.tests.test_analytics_and_audit_log.ConversionProbabilityZeroDaysTests.test_velocity_uses_the_real_window_once_days_have_passed ... ok
billing.tests.test_analytics_and_audit_log.RecordConsumptionZeroAllocationTests.test_a_normal_allocation_still_sets_the_thresholds ... ok
billing.tests.test_analytics_and_audit_log.RecordConsumptionZeroAllocationTests.test_a_zero_allocation_profile_does_not_crash_consumption ... ok
billing.tests.test_analytics_and_audit_log.RecordConsumptionZeroAllocationTests.test_a_zero_allocation_profile_is_logged_for_investigation ... ok
billing.tests.test_analytics_and_audit_log.RecordConsumptionZeroAllocationTests.test_a_zero_allocation_profile_leaves_the_threshold_flags_alone ... ok
billing.tests.test_analytics_and_audit_log.RecordConsumptionZeroAllocationTests.test_consumption_totals_are_recorded_either_way ... ok
billing.tests.test_analytics_and_audit_log.UpdateLicensePlanAuditLogTests.test_logging_does_not_raise_internally ... ok
billing.tests.test_analytics_and_audit_log.UpdateLicensePlanAuditLogTests.test_the_plan_change_emits_an_audit_line ... ok
billing.tests.test_analytics_and_audit_log.UpdateLicensePlanAuditLogTests.test_the_plan_change_still_applies ... ok
billing.tests.test_annual_mid_cycle_grants.AnnualMidCycleGrantTests.test_carry_over_amounts_reflect_each_month_s_own_consumption ... ok
billing.tests.test_annual_mid_cycle_grants.AnnualMidCycleGrantTests.test_cleanup_task_running_between_grants_does_not_change_selection ... ok
billing.tests.test_annual_mid_cycle_grants.AnnualMidCycleGrantTests.test_each_grant_retires_the_bucket_that_was_actually_live ... ok
billing.tests.test_annual_mid_cycle_grants.AnnualMidCycleGrantTests.test_exactly_one_live_monthly_bucket_remains ... ok
billing.tests.test_annual_mid_cycle_grants.AnnualMidCycleGrantTests.test_grant_dates_still_advance_correctly ... ok
billing.tests.test_annual_mid_cycle_grants.AnnualMidCycleGrantTests.test_rollover_ledger_entries_match_the_granted_carry_over ... ok
billing.tests.test_append_only_audit_tables.CreditLedgerAppendOnlyTests.test_bulk_create_still_works ... ok
billing.tests.test_append_only_audit_tables.CreditLedgerAppendOnlyTests.test_bulk_create_upsert_cannot_rewrite_an_existing_row ... ok
billing.tests.test_append_only_audit_tables.CreditLedgerAppendOnlyTests.test_bulk_update_is_blocked ... ok
billing.tests.test_append_only_audit_tables.CreditLedgerAppendOnlyTests.test_creation_still_works ... ok
billing.tests.test_append_only_audit_tables.CreditLedgerAppendOnlyTests.test_deleting_bucket_does_not_edit_or_remove_ledger_rows ... ok
billing.tests.test_append_only_audit_tables.CreditLedgerAppendOnlyTests.test_deleting_user_preserves_ledger_rows ... ok
billing.tests.test_append_only_audit_tables.CreditLedgerAppendOnlyTests.test_identity_is_captured_as_values ... ok
billing.tests.test_append_only_audit_tables.CreditLedgerAppendOnlyTests.test_instance_delete_is_blocked ... ok
billing.tests.test_append_only_audit_tables.CreditLedgerAppendOnlyTests.test_queryset_delete_is_blocked ... ok
billing.tests.test_append_only_audit_tables.CreditLedgerAppendOnlyTests.test_queryset_update_is_blocked ... ok
billing.tests.test_append_only_audit_tables.CreditLedgerAppendOnlyTests.test_related_manager_delete_is_blocked ... ok
billing.tests.test_append_only_audit_tables.CreditLedgerAppendOnlyTests.test_related_manager_update_is_blocked ... ok
billing.tests.test_append_only_audit_tables.CreditLedgerAppendOnlyTests.test_resaving_an_existing_row_is_blocked ... ok
billing.tests.test_append_only_audit_tables.CreditLedgerEndpointIsReadOnlyTests.test_create_is_rejected ... ok
billing.tests.test_append_only_audit_tables.CreditLedgerEndpointIsReadOnlyTests.test_delete_is_rejected ... ok
billing.tests.test_append_only_audit_tables.CreditLedgerEndpointIsReadOnlyTests.test_list_still_permitted ... ok
billing.tests.test_append_only_audit_tables.CreditLedgerEndpointIsReadOnlyTests.test_patch_is_rejected ... ok
billing.tests.test_append_only_audit_tables.CreditUsageLogAppendOnlyTests.test_creation_still_works ... ok
billing.tests.test_append_only_audit_tables.CreditUsageLogAppendOnlyTests.test_deleting_user_preserves_usage_logs ... ok
billing.tests.test_append_only_audit_tables.CreditUsageLogAppendOnlyTests.test_deleting_wallet_preserves_usage_logs ... ok
billing.tests.test_append_only_audit_tables.CreditUsageLogAppendOnlyTests.test_financial_fields_are_frozen ... ok
billing.tests.test_append_only_audit_tables.CreditUsageLogAppendOnlyTests.test_full_save_of_existing_row_is_still_blocked ... ok
billing.tests.test_append_only_audit_tables.CreditUsageLogAppendOnlyTests.test_identity_is_captured_as_values ... ok
billing.tests.test_append_only_audit_tables.CreditUsageLogAppendOnlyTests.test_instance_delete_is_blocked ... ok
billing.tests.test_append_only_audit_tables.CreditUsageLogAppendOnlyTests.test_is_refunded_writable_via_save_with_update_fields ... ok
billing.tests.test_append_only_audit_tables.CreditUsageLogAppendOnlyTests.test_queryset_delete_is_blocked ... ok
billing.tests.test_append_only_audit_tables.CreditUsageLogAppendOnlyTests.test_usage_log_is_refunded_remains_writable ... ok
billing.tests.test_append_only_audit_tables.EscapeHatchTests.test_allow_unsafe_mutation_permits_and_then_restores ... ok
billing.tests.test_append_only_audit_tables.EscapeHatchTests.test_escape_hatch_restores_even_when_body_raises ... ok
billing.tests.test_append_only_audit_tables.EscapeHatchTests.test_escape_hatch_still_permits_an_upsert ... ok
billing.tests.test_append_only_audit_tables.EscapeHatchTests.test_plain_bulk_create_is_unaffected_by_the_upsert_guard ... ok
billing.tests.test_audit_school_admins.AuditSchoolAdminsCommandTest.test_audit_never_writes ... ok
billing.tests.test_audit_school_admins.AuditSchoolAdminsCommandTest.test_clean_database_reports_nothing ... ok
billing.tests.test_audit_school_admins.AuditSchoolAdminsCommandTest.test_detects_a_legacy_license_owned_by_a_superadmin ... ok
billing.tests.test_audit_school_admins.AuditSchoolAdminsCommandTest.test_detects_a_school_with_no_admin ... ok
billing.tests.test_audit_school_admins.AuditSchoolAdminsCommandTest.test_detects_a_superuser_account_attached_to_a_school ... ok
billing.tests.test_audit_school_admins.AuditSchoolAdminsCommandTest.test_strict_mode_exits_nonzero_on_findings ... ok
billing.tests.test_audit_school_admins.AuditSchoolAdminsCommandTest.test_strict_mode_exits_zero_when_clean ... ok
billing.tests.test_billing_period_anchoring.ExtractInvoiceBillingPeriodTests.test_falls_back_to_invoice_level_period ... ok
billing.tests.test_billing_period_anchoring.ExtractInvoiceBillingPeriodTests.test_prefers_the_full_cycle_line_over_a_proration_fragment ... ok
billing.tests.test_billing_period_anchoring.ExtractInvoiceBillingPeriodTests.test_reads_the_subscription_line_period ... ok
billing.tests.test_billing_period_anchoring.ExtractInvoiceBillingPeriodTests.test_returns_none_for_unusable_payloads ... ok
billing.tests.test_billing_period_anchoring.ExtractSubscriptionBillingPeriodTests.test_falls_back_to_legacy_top_level_shape ... ok
billing.tests.test_billing_period_anchoring.ExtractSubscriptionBillingPeriodTests.test_reads_the_item_period_current_api_shape ... ok
billing.tests.test_billing_period_anchoring.ExtractSubscriptionBillingPeriodTests.test_returns_none_when_absent ... ok
billing.tests.test_billing_period_anchoring.PreservedNonStripeFlowTests.test_direct_activation_still_starts_now ... ok
billing.tests.test_billing_period_anchoring.PreservedNonStripeFlowTests.test_free_trial_activation_is_untouched ... ok
billing.tests.test_billing_period_anchoring.RenewalAnchoringTests.test_local_period_matches_stripe_exactly_across_twelve_renewals ... ok
billing.tests.test_billing_period_anchoring.RenewalAnchoringTests.test_renewal_adopts_stripes_period_not_our_processing_time ... ok
billing.tests.test_billing_period_anchoring.RenewalAnchoringTests.test_renewal_without_a_usable_period_still_renews ... ok
billing.tests.test_billing_period_anchoring.RenewalAnchoringTests.test_trial_conversion_adopts_stripes_period ... ok
billing.tests.test_billing_period_anchoring.RenewalAnchoringTests.test_twelve_renewals_track_stripe_from_a_mid_month_anchor ... ok
billing.tests.test_billing_period_anchoring.ResolveBillingPeriodTests.test_already_elapsed_period_is_refused ... ok
billing.tests.test_billing_period_anchoring.ResolveBillingPeriodTests.test_annual_credit_clock_is_never_born_in_the_past ... ok
billing.tests.test_billing_period_anchoring.ResolveBillingPeriodTests.test_annual_plan_anchors_the_monthly_credit_clock_to_the_period_start ... ok
billing.tests.test_billing_period_anchoring.ResolveBillingPeriodTests.test_inverted_period_is_refused ... ok
billing.tests.test_billing_period_anchoring.ResolveBillingPeriodTests.test_no_period_falls_back_to_the_wall_clock ... ok
billing.tests.test_billing_period_anchoring.ResolveBillingPeriodTests.test_partial_period_is_ignored ... ok
billing.tests.test_billing_period_anchoring.ResolveBillingPeriodTests.test_uses_the_stripe_period_verbatim ... ok
billing.tests.test_billing_tasks.ReconcileSubscriptionRenewalsSignatureTest.test_scheduled_no_arg_invocation_does_not_crash ... ok
billing.tests.test_billing_transaction_refunds.RefundApplicationTests.test_a_full_refund_is_labelled_refunded ... ok
billing.tests.test_billing_transaction_refunds.RefundApplicationTests.test_a_partial_refund_is_labelled_partially_refunded ... ok
billing.tests.test_billing_transaction_refunds.RefundApplicationTests.test_a_receipt_url_is_filled_in_but_never_overwritten ... ok
billing.tests.test_billing_transaction_refunds.RefundApplicationTests.test_a_refund_of_exactly_the_charge_is_full_not_partial ... ok
billing.tests.test_billing_transaction_refunds.RefundApplicationTests.test_no_extra_transaction_is_created_when_one_matches ... ok
billing.tests.test_billing_transaction_refunds.RefundApplicationTests.test_one_cent_short_is_still_partial ... ok
billing.tests.test_billing_transaction_refunds.RefundApplicationTests.test_the_charge_id_is_recorded_on_the_transaction ... ok
billing.tests.test_billing_transaction_refunds.RefundApplicationTests.test_the_refund_matches_by_payment_intent_when_there_is_no_invoice ... ok
billing.tests.test_billing_transaction_refunds.RefundStatusIsNeverDowngradedTests.test_a_late_paid_event_cannot_unrefund_a_full_refund ... ok
billing.tests.test_billing_transaction_refunds.RefundStatusIsNeverDowngradedTests.test_a_late_paid_event_cannot_unrefund_a_partial_refund ... ok
billing.tests.test_billing_transaction_refunds.RefundStatusIsNeverDowngradedTests.test_a_normal_status_transition_still_applies ... ok
billing.tests.test_billing_transaction_refunds.RefundStatusIsNeverDowngradedTests.test_the_refunded_amount_survives_a_later_record_call ... ok
billing.tests.test_billing_transaction_refunds.UnmatchedRefundTests.test_an_unmatched_partial_refund_is_labelled_partial ... ok
billing.tests.test_billing_transaction_refunds.UnmatchedRefundTests.test_an_unmatched_refund_creates_a_standalone_record ... ok
billing.tests.test_billing_transaction_refunds.UnmatchedRefundTests.test_the_standalone_record_says_it_needs_reconciliation ... ok
billing.tests.test_billing_transaction_refunds.UnmatchedRefundTests.test_the_unmatched_refund_is_logged_as_a_warning ... ok
billing.tests.test_billing_transaction_tenant_isolation.BillingTransactionVisibilityTests.test_a_school_admin_does_not_see_another_schools_licence_rows ... ok
billing.tests.test_billing_transaction_tenant_isolation.BillingTransactionVisibilityTests.test_a_school_admin_does_not_see_other_individuals ... ok
billing.tests.test_billing_transaction_tenant_isolation.BillingTransactionVisibilityTests.test_a_school_admin_pages_without_duplicates ... ok
billing.tests.test_billing_transaction_tenant_isolation.BillingTransactionVisibilityTests.test_a_school_admin_sees_each_row_once ... ok
billing.tests.test_billing_transaction_tenant_isolation.BillingTransactionVisibilityTests.test_a_school_admin_sees_their_own_schools_licence_rows ... ok
billing.tests.test_billing_transaction_tenant_isolation.BillingTransactionVisibilityTests.test_a_superadmin_sees_everything ... ok
billing.tests.test_billing_transaction_tenant_isolation.BillingTransactionVisibilityTests.test_a_teacher_never_sees_licence_transactions ... ok
billing.tests.test_billing_transaction_tenant_isolation.BillingTransactionVisibilityTests.test_a_teacher_sees_only_their_own_transactions ... ok
billing.tests.test_billing_transaction_tenant_isolation.BillingTransactionVisibilityTests.test_anonymous_users_are_rejected ... ok
billing.tests.test_billing_transaction_tenant_isolation.BillingTransactionVisibilityTests.test_another_schools_admin_is_isolated_symmetrically ... ok
billing.tests.test_billing_transaction_tenant_isolation.BillingTransactionVisibilityTests.test_fetching_another_users_transaction_by_id_is_a_404 ... ok
billing.tests.test_billing_transaction_tenant_isolation.BillingTransactionVisibilityTests.test_ordering_cannot_page_into_another_tenant ... ok
billing.tests.test_billing_transaction_tenant_isolation.BillingTransactionVisibilityTests.test_pagination_never_leaks_across_the_boundary ... ok
billing.tests.test_billing_transaction_tenant_isolation.BillingTransactionVisibilityTests.test_students_cannot_read_the_money_ledger_at_all ... ok
billing.tests.test_billing_transaction_tenant_isolation.BillingTransactionVisibilityTests.test_the_endpoint_is_read_only ... ok
billing.tests.test_billing_transaction_tenant_isolation.BillingTransactionVisibilityTests.test_the_leaked_row_would_have_carried_the_amount ... ok
billing.tests.test_billing_transaction_tenant_isolation.BillingTransactionVisibilityTests.test_the_source_filter_cannot_reach_licence_rows ... ok
billing.tests.test_billing_transaction_tenant_isolation.BillingTransactionVisibilityTests.test_the_status_filter_cannot_reach_other_tenants ... ok
billing.tests.test_billing_transaction_tenant_isolation.BillingTransactionVisibilityTests.test_unscoping_requires_both_signals ... ok
billing.tests.test_broker_outage_resilience.GuardedDispatchSiteTests.test_a_manual_credit_grant_completes_while_the_broker_is_down ... ok
billing.tests.test_broker_outage_resilience.ReconcilerBrokerOutageTests.test_a_broker_outage_is_not_reported_as_a_reconciliation_failure ... ok
billing.tests.test_broker_outage_resilience.ReconcilerBrokerOutageTests.test_a_healthy_broker_leaves_no_failures ... ok
billing.tests.test_broker_outage_resilience.ReconcilerBrokerOutageTests.test_one_subscriptions_outage_does_not_stop_the_others ... ok
billing.tests.test_broker_outage_resilience.ReconcilerBrokerOutageTests.test_the_deactivation_survives_a_broker_outage ... ok
billing.tests.test_broker_outage_resilience.ReconcilerBrokerOutageTests.test_the_dispatch_was_actually_attempted ... ok
billing.tests.test_broker_outage_resilience.ReconcilerBrokerOutageTests.test_the_lost_sync_is_still_logged_for_follow_up ... ok
billing.tests.test_cancellation_visibility.CancelEndpointStampsCancelledAtTests.test_cancel_stamps_cancelled_at ... ok
billing.tests.test_cancellation_visibility.CancelEndpointStampsCancelledAtTests.test_cancelling_a_trial_does_not_fabricate_a_date ... ok
billing.tests.test_cancellation_visibility.CancelEndpointStampsCancelledAtTests.test_failed_stripe_cancel_leaves_cancelled_at_unset ... ok
billing.tests.test_cancellation_visibility.CancelEndpointStampsCancelledAtTests.test_repeat_cancel_does_not_slide_the_date ... ok
billing.tests.test_cancellation_visibility.CancelEndpointStampsCancelledAtTests.test_serializer_reports_the_cancellation_right_after_the_call ... ok
billing.tests.test_cancellation_visibility.CancelResumeRoundTripTests.test_cancel_then_resume_round_trip ... ok
billing.tests.test_cancellation_visibility.CancelResumeRoundTripTests.test_dashboard_cancel_then_in_app_resume ... ok
billing.tests.test_cancellation_visibility.CancellationSerializerFieldTests.test_cancellation_field_is_present_and_read_only ... ok
billing.tests.test_cancellation_visibility.CancellationSerializerFieldTests.test_cancellation_object_always_has_all_four_keys ... ok
billing.tests.test_cancellation_visibility.CancellationSerializerFieldTests.test_cancelled_subscription_reports_no_pending_change ... ok
billing.tests.test_cancellation_visibility.CancellationSerializerFieldTests.test_cancelled_subscription_reports_pending_cancellation ... ok
billing.tests.test_cancellation_visibility.CancellationSerializerFieldTests.test_effective_date_is_the_end_of_the_paid_period ... ok
billing.tests.test_cancellation_visibility.CancellationSerializerFieldTests.test_expired_period_is_not_resumable ... ok
billing.tests.test_cancellation_visibility.CancellationSerializerFieldTests.test_inactive_subscription_is_not_reported_as_cancelled ... ok
billing.tests.test_cancellation_visibility.CancellationSerializerFieldTests.test_message_degrades_gracefully_without_a_cancelled_at ... ok
billing.tests.test_cancellation_visibility.CancellationSerializerFieldTests.test_message_includes_both_the_cancel_date_and_the_end_date ... ok
billing.tests.test_cancellation_visibility.CancellationSerializerFieldTests.test_renewing_subscription_reports_no_cancellation ... ok
billing.tests.test_cancellation_visibility.CancellationSerializerFieldTests.test_scheduled_downgrade_is_not_a_cancellation ... ok
billing.tests.test_cancellation_visibility.CancellationSerializerFieldTests.test_trial_is_never_reported_as_cancelled ... ok
billing.tests.test_cancellation_visibility.CancellationSerializerFieldTests.test_trial_with_a_stray_cancelled_at_is_still_not_reported ... ok
billing.tests.test_cancellation_visibility.ResumeClearsCancelledAtTests.test_banner_is_gone_after_resume ... ok
billing.tests.test_cancellation_visibility.ResumeClearsCancelledAtTests.test_resume_clears_a_stale_date_even_when_auto_renew_already_true ... ok
billing.tests.test_cancellation_visibility.ResumeClearsCancelledAtTests.test_resume_clears_cancelled_at ... ok
billing.tests.test_cancellation_visibility.StripeDashboardCancellationSyncTests.test_backfills_a_missing_date_on_an_already_cancelled_row ... ok
billing.tests.test_cancellation_visibility.StripeDashboardCancellationSyncTests.test_dashboard_cancellation_is_mirrored_locally ... ok
billing.tests.test_cancellation_visibility.StripeDashboardCancellationSyncTests.test_dashboard_uncancel_is_mirrored_locally ... ok
billing.tests.test_cancellation_visibility.StripeDashboardCancellationSyncTests.test_explicit_null_flag_is_also_ignored ... ok
billing.tests.test_cancellation_visibility.StripeDashboardCancellationSyncTests.test_falls_back_to_now_when_stripe_sends_no_canceled_at ... ok
billing.tests.test_cancellation_visibility.StripeDashboardCancellationSyncTests.test_frontend_sees_the_banner_after_a_dashboard_cancellation ... ok
billing.tests.test_cancellation_visibility.StripeDashboardCancellationSyncTests.test_inactive_row_is_not_matched ... ok
billing.tests.test_cancellation_visibility.StripeDashboardCancellationSyncTests.test_malformed_canceled_at_falls_back_instead_of_raising ... ok
billing.tests.test_cancellation_visibility.StripeDashboardCancellationSyncTests.test_our_own_cancel_date_wins_over_the_echoed_event ... ok
billing.tests.test_cancellation_visibility.StripeDashboardCancellationSyncTests.test_payload_without_the_flag_never_uncancels ... ok
billing.tests.test_cancellation_visibility.StripeDashboardCancellationSyncTests.test_replay_of_a_normal_renewing_subscription_writes_nothing ... ok
billing.tests.test_cancellation_visibility.StripeDashboardCancellationSyncTests.test_replay_of_an_already_synced_cancellation_writes_nothing ... ok
billing.tests.test_cancellation_visibility.StripeDashboardCancellationSyncTests.test_status_and_cancellation_sync_together ... ok
billing.tests.test_cancellation_visibility.StripeDashboardCancellationSyncTests.test_status_stays_active_which_is_why_status_sync_alone_missed_this ... ok
billing.tests.test_cancellation_visibility.StripeDashboardCancellationSyncTests.test_terminal_status_still_deactivates ... ok
billing.tests.test_cancellation_visibility.StripeDashboardCancellationSyncTests.test_trial_is_never_mirrored ... ok
billing.tests.test_cancellation_visibility.StripeDashboardCancellationSyncTests.test_uncancel_clears_a_stale_date_even_if_auto_renew_is_already_true ... ok
billing.tests.test_cancellation_visibility.StripeDashboardCancellationSyncTests.test_unknown_subscription_id_does_not_raise ... ok
billing.tests.test_cancellation_visibility.StripeDashboardCancellationSyncTests.test_unmapped_status_still_syncs_the_cancellation ... ok
billing.tests.test_cancellation_visibility.StripeDashboardCancellationSyncTests.test_uses_stripes_own_canceled_at_timestamp ... ok
billing.tests.test_chaos.ActionPoolTests.test_cancel_is_in_the_pool ... ok
billing.tests.test_chaos.ActionPoolTests.test_every_action_is_callable_with_a_positive_weight ... ok
billing.tests.test_chaos.ChaosWalkResultTests.test_a_violation_marks_the_walk_failed_and_locates_the_step ... ok
billing.tests.test_chaos.ChaosWalkResultTests.test_infra_error_alone_marks_the_walk_failed ... ok
billing.tests.test_chaos.ChaosWalkResultTests.test_no_violations_means_not_failed ... ok
billing.tests.test_chaos.ChaosWalkSmokeTest.test_a_short_walk_runs_without_a_structural_error ... ok
billing.tests.test_chaos.GenerateSequenceTests.test_a_shorter_draw_is_an_exact_prefix_of_a_longer_one ... ok
billing.tests.test_chaos.GenerateSequenceTests.test_different_seeds_usually_differ ... ok
billing.tests.test_chaos.GenerateSequenceTests.test_every_produced_name_is_in_the_action_pool ... ok
billing.tests.test_chaos.GenerateSequenceTests.test_same_seed_and_steps_is_deterministic ... ok
billing.tests.test_chaos.ShrinkAlgorithmTests.test_bounded_by_max_reruns ... ok
billing.tests.test_chaos.ShrinkAlgorithmTests.test_finds_the_exact_minimal_step_count ... ok
billing.tests.test_chaos.ShrinkAlgorithmTests.test_no_repro_on_rerun_returns_none ... ok
billing.tests.test_chaos_cli.ChaosCliTests.test_a_failing_walk_raises_command_error ... ok
billing.tests.test_chaos_cli.ChaosCliTests.test_a_passing_walk_does_not_raise ... ok
billing.tests.test_chaos_cli.ChaosCliTests.test_chaos_calls_run_chaos_walk_with_seed_and_steps ... ok
billing.tests.test_chaos_cli.ChaosCliTests.test_chaos_without_seed_is_a_command_error ... ok
billing.tests.test_chaos_cli.ChaosCliTests.test_default_steps_is_thirty ... ok
billing.tests.test_chaos_cli.ChaosCliTests.test_shrink_calls_shrink_chaos_failure_not_run_chaos_walk ... ok
billing.tests.test_chaos_cli.ChaosCliTests.test_shrink_that_finds_a_minimum_does_not_raise ... ok
billing.tests.test_chaos_cli.ChaosCliTests.test_shrink_with_no_repro_is_a_command_error ... ok
billing.tests.test_conversion_probability_task.ConversionProbabilityScheduleTests.test_it_runs_nightly_clear_of_the_licence_renewal_job ... ok
billing.tests.test_conversion_probability_task.ConversionProbabilityScheduleTests.test_the_task_is_registered_in_the_beat_schedule ... ok
billing.tests.test_conversion_probability_task.ConversionProbabilityTaskTests.test_a_low_engagement_profile_scores_low_rather_than_uniformly_high ... ok
billing.tests.test_conversion_probability_task.ConversionProbabilityTaskTests.test_a_zero_allocation_profile_does_not_crash_the_sweep ... ok
billing.tests.test_conversion_probability_task.ConversionProbabilityTaskTests.test_an_empty_cohort_is_not_an_error ... ok
billing.tests.test_conversion_probability_task.ConversionProbabilityTaskTests.test_every_profile_is_scored_not_just_the_first ... ok
billing.tests.test_conversion_probability_task.ConversionProbabilityTaskTests.test_one_bad_profile_does_not_abort_the_others ... ok
billing.tests.test_conversion_probability_task.ConversionProbabilityTaskTests.test_the_failure_is_logged_with_the_profile_identity ... ok
billing.tests.test_conversion_probability_task.ConversionProbabilityTaskTests.test_the_task_scores_a_profile_that_was_stuck_at_zero ... ok
billing.tests.test_conversion_probability_task.SalesLeadsUsagePercentageTests.test_a_normal_profile_still_reports_a_real_percentage ... ok
billing.tests.test_conversion_probability_task.SalesLeadsUsagePercentageTests.test_a_zero_allocation_profile_does_not_500_the_whole_list ... ok
billing.tests.test_credit_ceiling_resolution.CreditCeilingResolutionTests.test_a_capped_teacher_is_measured_against_their_real_grant ... ok
billing.tests.test_credit_ceiling_resolution.CreditCeilingResolutionTests.test_a_licence_admin_uses_their_own_admin_allocation ... ok
billing.tests.test_credit_ceiling_resolution.CreditCeilingResolutionTests.test_a_licence_admin_without_an_allocation_reports_zero ... ok
billing.tests.test_credit_ceiling_resolution.CreditCeilingResolutionTests.test_a_plan_with_null_credits_reports_zero_not_none ... ok
billing.tests.test_credit_ceiling_resolution.CreditCeilingResolutionTests.test_a_user_with_no_billing_context_reports_zero ... ok
billing.tests.test_credit_ceiling_resolution.CreditCeilingResolutionTests.test_an_inactive_allocation_does_not_set_a_ceiling ... ok
billing.tests.test_credit_ceiling_resolution.CreditCeilingResolutionTests.test_an_individual_subscriber_is_measured_against_their_plan ... ok
billing.tests.test_credit_ceiling_resolution.CreditCeilingResolutionTests.test_an_individual_subscription_outranks_a_licence_role ... ok
billing.tests.test_credit_ceiling_resolution.CreditCeilingResolutionTests.test_one_user_cannot_hold_two_allocations_under_one_licence ... ok
billing.tests.test_credit_consumption_order.CarryOverBeforeMonthlyRegressionTestCase.test_carry_over_drains_before_monthly_despite_later_expiry ... ok
billing.tests.test_credit_consumption_order.CarryOverBeforeMonthlyRegressionTestCase.test_spills_into_monthly_once_carry_over_exhausted ... ok
billing.tests.test_credit_consumption_order.FullTypePriorityOrderTestCase.test_consumption_follows_type_priority_not_expiry ... ok
billing.tests.test_credit_endpoint_tenant_isolation.CreditBucketIsolationTests.test_a_superadmin_still_sees_both ... ok
billing.tests.test_credit_endpoint_tenant_isolation.CreditBucketIsolationTests.test_fetching_another_users_bucket_by_id_is_a_404 ... ok
billing.tests.test_credit_endpoint_tenant_isolation.CreditBucketIsolationTests.test_listing_returns_only_my_buckets ... ok
billing.tests.test_credit_endpoint_tenant_isolation.CreditLedgerIsolationTests.test_a_superadmin_still_sees_both ... ok
billing.tests.test_credit_endpoint_tenant_isolation.CreditLedgerIsolationTests.test_fetching_another_users_ledger_row_by_id_is_a_404 ... ok
billing.tests.test_credit_endpoint_tenant_isolation.CreditLedgerIsolationTests.test_listing_returns_only_my_ledger_rows ... ok
billing.tests.test_credit_endpoint_tenant_isolation.CreditLedgerIsolationTests.test_the_leaked_row_would_have_carried_identifying_data ... ok
billing.tests.test_credit_endpoint_tenant_isolation.CreditUsageLogIsolationTests.test_a_superadmin_still_sees_both ... ok
billing.tests.test_credit_endpoint_tenant_isolation.CreditUsageLogIsolationTests.test_fetching_another_users_usage_row_by_id_is_a_404 ... ok
billing.tests.test_credit_endpoint_tenant_isolation.CreditUsageLogIsolationTests.test_listing_returns_only_my_usage_rows ... ok
billing.tests.test_credit_endpoint_tenant_isolation.CreditUsageLogIsolationTests.test_the_bucket_filter_cannot_be_used_to_cross_the_boundary ... ok
billing.tests.test_credit_endpoint_tenant_isolation.CreditUsageLogIsolationTests.test_the_wallet_filter_cannot_be_used_to_cross_the_boundary ... ok
billing.tests.test_credit_endpoint_tenant_isolation.CreditWalletIsolationTests.test_a_superadmin_still_sees_both ... ok
billing.tests.test_credit_endpoint_tenant_isolation.CreditWalletIsolationTests.test_fetching_another_users_wallet_by_id_is_a_404 ... ok
billing.tests.test_credit_endpoint_tenant_isolation.CreditWalletIsolationTests.test_listing_returns_only_my_wallet ... ok
billing.tests.test_credit_endpoint_tenant_isolation.SuperAdminScopingRequiresBothSignalsTests.test_is_superuser_without_the_super_admin_type_stays_scoped ... ok
billing.tests.test_credit_endpoint_tenant_isolation.SuperAdminScopingRequiresBothSignalsTests.test_super_admin_type_without_is_superuser_stays_scoped ... ok
billing.tests.test_credit_refund.RefundCreditsTestCase.test_refund_clamps_instead_of_going_negative ... ok
billing.tests.test_credit_refund.RefundCreditsTestCase.test_refund_is_idempotent ... ok
billing.tests.test_credit_refund.RefundCreditsTestCase.test_refund_restores_exact_per_bucket_amounts_across_multiple_buckets ... ok
billing.tests.test_credit_refund.RefundCreditsTestCase.test_refund_returns_zero_for_unknown_task_id ... ok
billing.tests.test_credit_refund.RefundCreditsTestCase.test_refund_reverses_beta_analytics ... ok
billing.tests.test_credit_refund.RefundCreditsTestCase.test_refund_with_no_task_id_is_a_noop ... ok
billing.tests.test_custom_ai_prompt_beta.BetaAnalyticsCustomAIPromptViewTest.test_blank_prompt_rejected ... ok
billing.tests.test_custom_ai_prompt_beta.BetaAnalyticsCustomAIPromptViewTest.test_kill_switch_applies_to_beta_endpoint_too ... ok
billing.tests.test_custom_ai_prompt_beta.BetaAnalyticsCustomAIPromptViewTest.test_non_superadmin_denied ... ok
billing.tests.test_custom_ai_prompt_beta.BetaAnalyticsCustomAIPromptViewTest.test_prompt_over_max_length_rejected ... ok
billing.tests.test_custom_ai_prompt_beta.BetaAnalyticsCustomAIPromptViewTest.test_rate_limit_applies_to_beta_endpoint ... ok
billing.tests.test_custom_ai_prompt_beta.BetaAnalyticsCustomAIPromptViewTest.test_superadmin_allowed_and_forwards_raw_prompt ... ok
billing.tests.test_dispute_lifecycle.DisputeLifecycleTests.test_a_closed_inquiry_does_not_touch_entitlement_either ... ok
billing.tests.test_dispute_lifecycle.DisputeLifecycleTests.test_a_deficit_blocks_further_consumption ... ok
billing.tests.test_dispute_lifecycle.DisputeLifecycleTests.test_a_dispute_for_an_unknown_payment_is_still_recorded ... ok
billing.tests.test_dispute_lifecycle.DisputeLifecycleTests.test_a_duplicate_lost_does_not_reverse_twice ... ok
billing.tests.test_dispute_lifecycle.DisputeLifecycleTests.test_a_late_created_event_cannot_reopen_a_settled_dispute ... ok
billing.tests.test_dispute_lifecycle.DisputeLifecycleTests.test_a_late_win_after_a_loss_IS_applied ... ok
billing.tests.test_dispute_lifecycle.DisputeLifecycleTests.test_a_lost_dispute_marks_the_transaction_lost ... ok
billing.tests.test_dispute_lifecycle.DisputeLifecycleTests.test_a_lost_dispute_reverses_the_credits_it_bought ... ok
billing.tests.test_dispute_lifecycle.DisputeLifecycleTests.test_a_new_chargeback_is_recorded_against_the_payment ... ok
billing.tests.test_dispute_lifecycle.DisputeLifecycleTests.test_a_won_dispute_leaves_credits_alone ... ok
billing.tests.test_dispute_lifecycle.DisputeLifecycleTests.test_a_won_dispute_restores_the_transaction ... ok
billing.tests.test_dispute_lifecycle.DisputeLifecycleTests.test_an_inquiry_is_recorded_but_moves_nothing ... ok
billing.tests.test_dispute_lifecycle.DisputeLifecycleTests.test_an_out_of_order_lost_after_won_is_ignored ... ok
billing.tests.test_dispute_lifecycle.DisputeLifecycleTests.test_credits_already_spent_become_a_deficit_not_deleted_history ... ok
billing.tests.test_dispute_lifecycle.DisputeLifecycleTests.test_only_one_row_per_dispute_however_many_events_arrive ... ok
billing.tests.test_dispute_lifecycle.DisputeLifecycleTests.test_opening_does_NOT_revoke_credits ... ok
billing.tests.test_dispute_lifecycle.DisputeLifecycleTests.test_opening_marks_the_transaction_disputed ... ok
billing.tests.test_dispute_lifecycle.DisputeLifecycleTests.test_the_blocked_wallet_actually_refuses_to_spend ... ok
billing.tests.test_dispute_lifecycle.DisputeLifecycleTests.test_the_dispute_fee_is_recorded_separately_from_the_amount ... ok
billing.tests.test_dispute_lifecycle.DisputeLifecycleTests.test_the_evidence_deadline_is_captured ... ok
billing.tests.test_dispute_lifecycle.DisputeLifecycleTests.test_the_reversal_is_appended_to_the_ledger_not_hidden ... ok
billing.tests.test_dispute_lifecycle.DisputeLifecycleTests.test_two_disputes_on_one_payment_are_tracked_separately ... ok
billing.tests.test_dispute_lifecycle.DisputeWebhookRoutingTests.test_every_dispute_event_is_routed ... ok
billing.tests.test_dispute_lifecycle.DisputeWebhookRoutingTests.test_the_handler_records_a_dispute_end_to_end ... ok
billing.tests.test_endpoint_permissions.CreditBucketEndpointLockdownTests.test_superadmin_can_still_create_buckets ... ok
billing.tests.test_endpoint_permissions.CreditBucketEndpointLockdownTests.test_teacher_can_still_read_own_buckets ... ok
billing.tests.test_endpoint_permissions.CreditBucketEndpointLockdownTests.test_teacher_cannot_delete_own_bucket ... ok
billing.tests.test_endpoint_permissions.CreditBucketEndpointLockdownTests.test_teacher_cannot_inflate_own_bucket_via_patch ... ok
billing.tests.test_endpoint_permissions.CreditBucketEndpointLockdownTests.test_teacher_cannot_mint_credits_into_another_users_wallet ... ok
billing.tests.test_endpoint_permissions.CreditBucketEndpointLockdownTests.test_teacher_cannot_mint_credits_into_own_wallet ... ok
billing.tests.test_endpoint_permissions.CreditLedgerEndpointLockdownTests.test_superadmin_also_cannot_write_to_the_ledger ... ok
billing.tests.test_endpoint_permissions.CreditLedgerEndpointLockdownTests.test_teacher_can_still_read_own_ledger ... ok
billing.tests.test_endpoint_permissions.CreditLedgerEndpointLockdownTests.test_teacher_cannot_erase_billing_history ... ok
billing.tests.test_endpoint_permissions.CreditLedgerEndpointLockdownTests.test_teacher_cannot_forge_ledger_entries ... ok
billing.tests.test_endpoint_permissions.CreditWalletEndpointLockdownTests.test_teacher_can_still_read_own_wallet ... ok
billing.tests.test_endpoint_permissions.CreditWalletEndpointLockdownTests.test_teacher_cannot_delete_wallet ... ok
billing.tests.test_endpoint_permissions.CreditWalletEndpointLockdownTests.test_teacher_cannot_reset_overage_counter ... ok
billing.tests.test_endpoint_permissions.SubscriptionCreateLockdownTests.test_superadmin_can_activate_a_paid_plan_on_a_users_behalf ... ok
billing.tests.test_endpoint_permissions.SubscriptionCreateLockdownTests.test_teacher_can_no_longer_self_activate_a_free_plan ... ok
billing.tests.test_endpoint_permissions.SubscriptionCreateLockdownTests.test_teacher_cannot_activate_a_paid_plan_for_free ... ok
billing.tests.test_endpoint_permissions.SubscriptionCreateLockdownTests.test_teacher_cannot_activate_a_plan_for_another_user ... ok
billing.tests.test_endpoint_permissions.SubscriptionCreateLockdownTests.test_teacher_cannot_activate_paid_plan_via_user_subscriptions_route ... ok
billing.tests.test_event_replay.AllowListPinningTests.test_exact_membership ... ok
billing.tests.test_event_replay.AllowListPinningTests.test_no_refund_or_subscription_mutating_handler_is_listed ... ok
billing.tests.test_event_replay.AllowListPinningTests.test_the_only_entry_maps_to_the_overage_flow_handler ... ok
billing.tests.test_event_replay.AllowListPinningTests.test_vetted_handlers_is_exactly_that_handler ... ok
billing.tests.test_event_replay.DenyByDefaultTests.test_attempts_are_capped ... ok
billing.tests.test_event_replay.DenyByDefaultTests.test_disallowed_event_type_is_never_even_selected ... ok
billing.tests.test_event_replay.DenyByDefaultTests.test_missing_flow ... ok
billing.tests.test_event_replay.DenyByDefaultTests.test_succeeded_events_are_never_replayed ... ok
billing.tests.test_event_replay.DenyByDefaultTests.test_unknown_flow_on_an_allowed_event_type ... ok
billing.tests.test_event_replay.ReplayOneGuardTests.test_exhausted_row_is_not_run_even_when_handed_over ... ok
billing.tests.test_event_replay.ReplayOneGuardTests.test_row_already_claimed_by_a_live_worker_is_not_run ... ok
billing.tests.test_event_replay.ReplayOneGuardTests.test_runs_exactly_the_mapped_handler_not_the_dispatcher ... ok
billing.tests.test_event_replay.ReplayOneGuardTests.test_stale_copy_from_a_sweep_that_lost_the_race_is_not_run ... ok
billing.tests.test_event_replay.ReplayTaskWiringTests.test_beat_schedule_and_health_expectation ... ok
billing.tests.test_event_replay.ReplayTaskWiringTests.test_task_reports_nothing_eligible ... ok
billing.tests.test_event_replay.StripeEventAdminLockdownTests.test_every_writable_field_is_read_only ... ok
billing.tests.test_event_replay.StripeEventAdminLockdownTests.test_superuser_cannot_add_a_ledger_row ... ok
billing.tests.test_event_replay.StripeEventAdminLockdownTests.test_superuser_cannot_change_status_or_payload ... ok
billing.tests.test_event_replay.StripeEventAdminLockdownTests.test_superuser_cannot_delete_a_ledger_row ... ok
billing.tests.test_event_replay.WidenedAllowListTests.test_widened_to_a_refund_handler_the_handler_is_never_called ... ok
billing.tests.test_event_replay.WidenedAllowListTests.test_widened_to_the_upgrade_flow_no_subscription_is_modified ... ok
billing.tests.test_execute_graded_task.CreditUsageLogSchoolSnapshotTests.test_school_admin_call_snapshots_admins_own_school ... ok
billing.tests.test_execute_graded_task.CreditUsageLogSchoolSnapshotTests.test_school_transfer_does_not_retroactively_move_earlier_usage ... ok
billing.tests.test_execute_graded_task.CreditUsageLogSchoolSnapshotTests.test_student_submission_snapshots_teachers_school_not_students ... ok
billing.tests.test_execute_graded_task.CreditUsageLogSchoolSnapshotTests.test_teacher_call_snapshots_teachers_school ... ok
billing.tests.test_execute_graded_task.CreditUsageLogSchoolSnapshotTests.test_teacher_with_no_school_snapshots_null ... ok
billing.tests.test_execute_graded_task.RetryWrapperRegressionTests.test_custom_ai_prompt_retry_fails_fast_on_denial ... ok
billing.tests.test_execute_graded_task.RetryWrapperRegressionTests.test_custom_ai_prompt_retry_still_retries_transient ... ok
billing.tests.test_execute_graded_task.RetryWrapperRegressionTests.test_feature_denial_not_retried ... ok
billing.tests.test_execute_graded_task.RetryWrapperRegressionTests.test_insufficient_credits_not_retried ... ok
billing.tests.test_execute_graded_task.RetryWrapperRegressionTests.test_transient_failure_still_retries_as_before ... ok
billing.tests.test_execute_graded_task.UserTypeDispatchTests.test_answer_extraction_also_restricts_fallback_routing ... ok
billing.tests.test_execute_graded_task.UserTypeDispatchTests.test_assignment_extraction_also_restricts_fallback_routing ... ok
billing.tests.test_execute_graded_task.UserTypeDispatchTests.test_gated_feature_blocked_before_any_ai_call ... ok
billing.tests.test_execute_graded_task.UserTypeDispatchTests.test_insufficient_credits_blocked_before_any_ai_call ... ok
billing.tests.test_execute_graded_task.UserTypeDispatchTests.test_response_schema_reaches_ai_model_for_metered_path ... ok
billing.tests.test_execute_graded_task.UserTypeDispatchTests.test_response_schema_reaches_ai_model_for_super_admin_path ... ok
billing.tests.test_execute_graded_task.UserTypeDispatchTests.test_school_admin_allowed_feature_succeeds ... ok
billing.tests.test_execute_graded_task.UserTypeDispatchTests.test_school_admin_disallowed_feature_denied ... ok
billing.tests.test_execute_graded_task.UserTypeDispatchTests.test_student_submission_billed_to_teacher_not_student ... ok
billing.tests.test_execute_graded_task.UserTypeDispatchTests.test_student_submission_denied_when_teacher_lacks_access ... ok
billing.tests.test_execute_graded_task.UserTypeDispatchTests.test_student_without_assignment_raises_value_error ... ok
billing.tests.test_execute_graded_task.UserTypeDispatchTests.test_super_admin_bypasses_everything_unmetered ... ok
billing.tests.test_execute_graded_task.UserTypeDispatchTests.test_teacher_with_access_succeeds_and_consumes_own_wallet ... ok
billing.tests.test_execute_graded_task.UserTypeDispatchTests.test_tool_call_message_with_none_content_does_not_crash ... ok
billing.tests.test_execute_graded_task.UserTypeDispatchTests.test_unrecognized_user_type_raises_clean_value_error ... ok
billing.tests.test_execute_graded_task.UserTypeDispatchTests.test_zero_balance_gives_refill_message ... ok
billing.tests.test_expire_bucket_race.ExpireBucketOnceTests.test_a_normal_expiry_writes_one_expire_row ... ok
billing.tests.test_expire_bucket_race.ExpireBucketOnceTests.test_a_stale_copy_expires_nothing_the_second_time ... ok
billing.tests.test_fake_stripe_harness.AssertionHelperTests.test_receipt_lookup_classification ... ok
billing.tests.test_fake_stripe_harness.AssertionHelperTests.test_untouched_passes_on_reads_and_fails_on_a_mutation ... ok
billing.tests.test_fake_stripe_harness.FakeStripeInterceptionTests.test_expands_the_latest_charge_on_a_payment_intent ... ok
billing.tests.test_fake_stripe_harness.FakeStripeInterceptionTests.test_intercepts_a_stripe_client ... ok
billing.tests.test_fake_stripe_harness.FakeStripeInterceptionTests.test_intercepts_the_legacy_global_surface ... ok
billing.tests.test_fake_stripe_harness.FakeStripeInterceptionTests.test_receipt_error_and_delay_are_configurable ... ok
billing.tests.test_fake_stripe_harness.FakeStripeInterceptionTests.test_unrouted_request_is_a_stripe_error_not_a_silent_pass ... ok
billing.tests.test_fake_stripe_harness.TransactionRecordingTests.test_records_a_call_made_inside_an_open_transaction ... ok
billing.tests.test_free_plan_activation_security.ActivationFailureRecoveryTests.test_broker_outage_does_not_roll_back_or_duplicate_a_grant ... ok
billing.tests.test_free_plan_activation_security.ActivationFailureRecoveryTests.test_checkout_webhook_redelivery_grants_the_paid_plan_once ... ok
billing.tests.test_free_plan_activation_security.ActivationFailureRecoveryTests.test_failure_creating_the_credit_bucket ... ok
billing.tests.test_free_plan_activation_security.ActivationFailureRecoveryTests.test_failure_creating_the_subscription_row ... ok
billing.tests.test_free_plan_activation_security.ActivationFailureRecoveryTests.test_failure_writing_the_ledger_entry ... ok
billing.tests.test_free_plan_activation_security.ActivationFailureRecoveryTests.test_plan_listings_do_not_depend_on_the_cache_being_up ... ok
billing.tests.test_free_plan_activation_security.ActivationFailureRecoveryTests.test_redis_outage_on_the_plan_change_lock_fails_closed ... ok
billing.tests.test_free_plan_activation_security.ActivationFailureRecoveryTests.test_refusals_never_reach_stripe_even_when_stripe_is_down ... ok
billing.tests.test_free_plan_activation_security.ActivationFailureRecoveryTests.test_stripe_timeout_on_the_allowed_checkout_leaves_no_local_change ... ok
billing.tests.test_free_plan_activation_security.AdminAssignmentTests.test_a_cancelled_stripe_subscription_does_not_block_assignment ... ok
billing.tests.test_free_plan_activation_security.AdminAssignmentTests.test_a_comped_paid_plan_assignment_still_works ... ok
billing.tests.test_free_plan_activation_security.AdminAssignmentTests.test_a_license_category_plan_sharing_a_catalog_name_is_refused ... ok
billing.tests.test_free_plan_activation_security.AdminAssignmentTests.test_a_stripe_billed_subscriber_cannot_be_moved_to_beta_or_any_plan ... ok
billing.tests.test_free_plan_activation_security.AdminAssignmentTests.test_assigning_one_user_changes_nothing_for_another ... ok
billing.tests.test_free_plan_activation_security.AdminAssignmentTests.test_beta_cannot_be_regranted_after_consuming_the_credits ... ok
billing.tests.test_free_plan_activation_security.AdminAssignmentTests.test_beta_cannot_be_regranted_after_the_subscription_expires ... ok
billing.tests.test_free_plan_activation_security.AdminAssignmentTests.test_beta_granted_before_this_change_counts_as_history ... ok
billing.tests.test_free_plan_activation_security.AdminAssignmentTests.test_beta_is_teacher_only ... ok
billing.tests.test_free_plan_activation_security.AdminAssignmentTests.test_every_live_stripe_status_blocks_assignment ... ok
billing.tests.test_free_plan_activation_security.AdminAssignmentTests.test_first_beta_assignment_grants_exactly_one_bucket ... ok
billing.tests.test_free_plan_activation_security.AdminAssignmentTests.test_inactive_plans_never_activate_even_by_direct_id ... ok
billing.tests.test_free_plan_activation_security.AdminAssignmentTests.test_licensed_teachers_and_license_admins_are_refused ... ok
billing.tests.test_free_plan_activation_security.AdminAssignmentTests.test_non_assignable_plans_do_not_resolve_by_id ... ok
billing.tests.test_free_plan_activation_security.AdminAssignmentTests.test_second_beta_assignment_is_refused_on_both_routes ... ok
billing.tests.test_free_plan_activation_security.AdminAssignmentTests.test_superadmin_cannot_assign_any_license_plan_even_at_zero_price ... ok
billing.tests.test_free_plan_activation_security.AdminAssignmentTests.test_switching_away_and_back_does_not_regrant_beta ... ok
billing.tests.test_free_plan_activation_security.AdminAssignmentTests.test_ten_repeats_and_thirty_rapid_requests_yield_one_grant ... ok
billing.tests.test_free_plan_activation_security.AdminAssignmentTests.test_the_service_refuses_non_assignable_plans_without_the_serializer ... ok
billing.tests.test_free_plan_activation_security.AdminAssignmentTests.test_trial_benchmark_and_license_plans_are_not_assignable ... ok
billing.tests.test_free_plan_activation_security.HighCarryOverAssignmentTests.test_a_cancelled_stripe_subscription_does_not_block_assignment ... ok
billing.tests.test_free_plan_activation_security.HighCarryOverAssignmentTests.test_a_comped_paid_plan_assignment_still_works ... ok
billing.tests.test_free_plan_activation_security.HighCarryOverAssignmentTests.test_a_license_category_plan_sharing_a_catalog_name_is_refused ... ok
billing.tests.test_free_plan_activation_security.HighCarryOverAssignmentTests.test_a_stripe_billed_subscriber_cannot_be_moved_to_beta_or_any_plan ... ok
billing.tests.test_free_plan_activation_security.HighCarryOverAssignmentTests.test_assigning_one_user_changes_nothing_for_another ... ok
billing.tests.test_free_plan_activation_security.HighCarryOverAssignmentTests.test_beta_cannot_be_regranted_after_consuming_the_credits ... ok
billing.tests.test_free_plan_activation_security.HighCarryOverAssignmentTests.test_beta_cannot_be_regranted_after_the_subscription_expires ... ok
billing.tests.test_free_plan_activation_security.HighCarryOverAssignmentTests.test_beta_granted_before_this_change_counts_as_history ... ok
billing.tests.test_free_plan_activation_security.HighCarryOverAssignmentTests.test_beta_is_teacher_only ... ok
billing.tests.test_free_plan_activation_security.HighCarryOverAssignmentTests.test_every_live_stripe_status_blocks_assignment ... ok
billing.tests.test_free_plan_activation_security.HighCarryOverAssignmentTests.test_first_beta_assignment_grants_exactly_one_bucket ... ok
billing.tests.test_free_plan_activation_security.HighCarryOverAssignmentTests.test_inactive_plans_never_activate_even_by_direct_id ... ok
billing.tests.test_free_plan_activation_security.HighCarryOverAssignmentTests.test_licensed_teachers_and_license_admins_are_refused ... ok
billing.tests.test_free_plan_activation_security.HighCarryOverAssignmentTests.test_non_assignable_plans_do_not_resolve_by_id ... ok
billing.tests.test_free_plan_activation_security.HighCarryOverAssignmentTests.test_repeated_attempts_manufacture_no_carry_over ... ok
billing.tests.test_free_plan_activation_security.HighCarryOverAssignmentTests.test_second_beta_assignment_is_refused_on_both_routes ... ok
billing.tests.test_free_plan_activation_security.HighCarryOverAssignmentTests.test_superadmin_cannot_assign_any_license_plan_even_at_zero_price ... ok
billing.tests.test_free_plan_activation_security.HighCarryOverAssignmentTests.test_switching_away_and_back_does_not_regrant_beta ... ok
billing.tests.test_free_plan_activation_security.HighCarryOverAssignmentTests.test_ten_repeats_and_thirty_rapid_requests_yield_one_grant ... ok
billing.tests.test_free_plan_activation_security.HighCarryOverAssignmentTests.test_the_service_refuses_non_assignable_plans_without_the_serializer ... ok
billing.tests.test_free_plan_activation_security.HighCarryOverAssignmentTests.test_trial_benchmark_and_license_plans_are_not_assignable ... ok
billing.tests.test_free_plan_activation_security.HighCarryOverOrdinaryUserTests.test_a_fresh_login_does_not_reopen_the_route ... ok
billing.tests.test_free_plan_activation_security.HighCarryOverOrdinaryUserTests.test_a_licensed_teacher_cannot_activate_the_license_plan_from_me ... ok
billing.tests.test_free_plan_activation_security.HighCarryOverOrdinaryUserTests.test_a_school_admin_cannot_activate_license_zero_price_or_inactive_plans ... ok
billing.tests.test_free_plan_activation_security.HighCarryOverOrdinaryUserTests.test_a_stripe_billed_teacher_cannot_switch_themselves_to_beta ... ok
billing.tests.test_free_plan_activation_security.HighCarryOverOrdinaryUserTests.test_an_arbitrary_or_unknown_plan_id_is_refused ... ok
billing.tests.test_free_plan_activation_security.HighCarryOverOrdinaryUserTests.test_every_plan_is_refused_on_both_routes_for_every_ordinary_role ... ok
billing.tests.test_free_plan_activation_security.HighCarryOverOrdinaryUserTests.test_one_users_attempts_change_nothing_for_another_user ... ok
billing.tests.test_free_plan_activation_security.HighCarryOverOrdinaryUserTests.test_school_admin_gets_no_trial_or_benchmark_credits ... ok
billing.tests.test_free_plan_activation_security.HighCarryOverOrdinaryUserTests.test_single_flag_superusers_are_refused_by_both_routes ... ok
billing.tests.test_free_plan_activation_security.HighCarryOverOrdinaryUserTests.test_ten_repeated_beta_requests_grant_nothing ... ok
billing.tests.test_free_plan_activation_security.HighCarryOverOrdinaryUserTests.test_the_serializer_refuses_non_superadmins_on_its_own ... ok
billing.tests.test_free_plan_activation_security.HighCarryOverOrdinaryUserTests.test_the_serializer_refuses_single_flag_superusers_on_its_own ... ok
billing.tests.test_free_plan_activation_security.HighCarryOverOrdinaryUserTests.test_thirty_rapid_requests_grant_nothing ... ok
billing.tests.test_free_plan_activation_security.HighCarryOverOrdinaryUserTests.test_zero_price_custom_and_license_plans_are_refused_for_every_role ... ok
billing.tests.test_free_plan_activation_security.OrdinaryUserActivationTests.test_a_fresh_login_does_not_reopen_the_route ... ok
billing.tests.test_free_plan_activation_security.OrdinaryUserActivationTests.test_a_licensed_teacher_cannot_activate_the_license_plan_from_me ... ok
billing.tests.test_free_plan_activation_security.OrdinaryUserActivationTests.test_a_school_admin_cannot_activate_license_zero_price_or_inactive_plans ... ok
billing.tests.test_free_plan_activation_security.OrdinaryUserActivationTests.test_a_stripe_billed_teacher_cannot_switch_themselves_to_beta ... ok
billing.tests.test_free_plan_activation_security.OrdinaryUserActivationTests.test_an_arbitrary_or_unknown_plan_id_is_refused ... ok
billing.tests.test_free_plan_activation_security.OrdinaryUserActivationTests.test_every_plan_is_refused_on_both_routes_for_every_ordinary_role ... ok
billing.tests.test_free_plan_activation_security.OrdinaryUserActivationTests.test_one_users_attempts_change_nothing_for_another_user ... ok
billing.tests.test_free_plan_activation_security.OrdinaryUserActivationTests.test_school_admin_gets_no_trial_or_benchmark_credits ... ok
billing.tests.test_free_plan_activation_security.OrdinaryUserActivationTests.test_single_flag_superusers_are_refused_by_both_routes ... ok
billing.tests.test_free_plan_activation_security.OrdinaryUserActivationTests.test_ten_repeated_beta_requests_grant_nothing ... ok
billing.tests.test_free_plan_activation_security.OrdinaryUserActivationTests.test_the_serializer_refuses_non_superadmins_on_its_own ... ok
billing.tests.test_free_plan_activation_security.OrdinaryUserActivationTests.test_the_serializer_refuses_single_flag_superusers_on_its_own ... ok
billing.tests.test_free_plan_activation_security.OrdinaryUserActivationTests.test_thirty_rapid_requests_grant_nothing ... ok
billing.tests.test_free_plan_activation_security.OrdinaryUserActivationTests.test_zero_price_custom_and_license_plans_are_refused_for_every_role ... ok
billing.tests.test_free_plan_activation_security.PayloadIsolationTests.test_no_forbidden_plan_identifier_appears_anywhere_in_any_listing ... ok
billing.tests.test_free_plan_activation_security.PayloadIsolationTests.test_refusal_payloads_carry_no_other_users_data ... ok
billing.tests.test_free_plan_activation_security.PayloadIsolationTests.test_same_school_and_cross_school_assignments_stay_inside_their_account ... ok
billing.tests.test_free_plan_activation_security.PlanDiscoveryTests.test_a_catalog_plan_saved_without_a_price_is_neither_listed_nor_selectable ... ok
billing.tests.test_free_plan_activation_security.PlanDiscoveryTests.test_a_catalog_plan_without_a_stripe_price_is_not_listed ... ok
billing.tests.test_free_plan_activation_security.PlanDiscoveryTests.test_a_user_can_still_retrieve_the_plan_they_are_on ... ok
billing.tests.test_free_plan_activation_security.PlanDiscoveryTests.test_forbidden_plans_are_never_listed ... ok
billing.tests.test_free_plan_activation_security.PlanDiscoveryTests.test_forbidden_plans_cannot_be_retrieved_by_id ... ok
billing.tests.test_free_plan_activation_security.PlanDiscoveryTests.test_ordinary_users_see_only_the_self_service_catalog ... ok
billing.tests.test_free_plan_activation_security.PlanDiscoveryTests.test_self_service_selection_uses_the_same_allow_list ... ok
billing.tests.test_free_plan_activation_security.PlanDiscoveryTests.test_students_see_only_the_catalog_where_they_can_list_at_all ... ok
billing.tests.test_free_plan_activation_security.PlanDiscoveryTests.test_superadmin_still_sees_every_plan ... ok
billing.tests.test_free_plan_activation_security.SignupBetaTests.test_later_saves_never_grant_beta ... ok
billing.tests.test_free_plan_activation_security.SignupBetaTests.test_signup_does_not_activate_an_inactive_beta_plan ... ok
billing.tests.test_free_plan_activation_security.SignupBetaTests.test_signup_grants_beta_once_and_the_rule_then_holds ... ok
billing.tests.test_grading_refund_scope.GradingRefundScopeTest.test_failure_during_persistence_refunds_the_ai_charge ... ok
billing.tests.test_grading_refund_scope.GradingRefundScopeTest.test_malformed_summary_also_refunds ... ok
billing.tests.test_grading_refund_scope.GradingRefundScopeTest.test_successful_run_keeps_the_charge ... ok
billing.tests.test_h28_licence_stripe_mutation_intent.LicenseStripeMutationIntentTests.test_admin_is_view_only ... ok
billing.tests.test_h28_licence_stripe_mutation_intent.LicenseStripeMutationIntentTests.test_advancing_to_a_terminal_state_releases_the_licence ... ok
billing.tests.test_h28_licence_stripe_mutation_intent.LicenseStripeMutationIntentTests.test_deleting_a_licence_cannot_take_its_intents_with_it ... ok
billing.tests.test_h28_licence_stripe_mutation_intent.LicenseStripeMutationIntentTests.test_each_in_flight_state_blocks_a_second_change_to_the_same_licence ... ok
billing.tests.test_h28_licence_stripe_mutation_intent.LicenseStripeMutationIntentTests.test_idempotency_key_differs_between_intents ... ok
billing.tests.test_h28_licence_stripe_mutation_intent.LicenseStripeMutationIntentTests.test_idempotency_key_differs_per_step_so_apply_and_revert_never_share ... ok
billing.tests.test_h28_licence_stripe_mutation_intent.LicenseStripeMutationIntentTests.test_idempotency_key_is_stable_for_one_intent_and_step ... ok
billing.tests.test_h28_licence_stripe_mutation_intent.LicenseStripeMutationIntentTests.test_in_flight_set_is_exactly_the_three_unresolved_states ... ok
billing.tests.test_h28_licence_stripe_mutation_intent.LicenseStripeMutationIntentTests.test_is_in_flight_matches_the_constraint ... ok
billing.tests.test_h28_licence_stripe_mutation_intent.LicenseStripeMutationIntentTests.test_one_licence_in_flight_does_not_block_another_licence ... ok
billing.tests.test_h28_licence_stripe_mutation_intent.LicenseStripeMutationIntentTests.test_terminal_states_do_not_block ... ok
billing.tests.test_h28_licence_stripe_mutation_intent.LicenseStripeMutationIntentTests.test_the_guard_is_per_licence_across_ALL_operations ... ok
billing.tests.test_h28_stripe_budget.LicenceStripeAdapterTests.test_a_hung_stripe_fails_at_the_socket_inside_the_budget ... ok
billing.tests.test_h28_stripe_budget.LicenceStripeAdapterTests.test_each_legacy_call_maps_to_its_client_method ... ok
billing.tests.test_h28_stripe_budget.LicenceStripeAdapterTests.test_every_call_uses_the_apps_key_and_api_version_and_a_sized_timeout ... ok
billing.tests.test_h28_stripe_budget.LicenceStripeAdapterTests.test_the_timeout_shares_the_time_left_between_the_attempts ... ok
billing.tests.test_h38_part2_removed_teacher_routes.ActiveTeacherCourseGuardRouteTests.test_batch_upload_answers_succeeds_for_active_teacher ... ok
billing.tests.test_h38_part2_removed_teacher_routes.ActiveTeacherCourseGuardRouteTests.test_generate_assignment_from_prompt_succeeds_for_active_teacher ... ok
billing.tests.test_h38_part2_removed_teacher_routes.ActiveTeacherCourseGuardRouteTests.test_upload_assignment_succeeds_for_active_teacher ... ok
billing.tests.test_h38_part2_removed_teacher_routes.ActiveTeacherCustomAIPromptTests.test_custom_ai_prompt_succeeds_for_active_teacher ... ok
billing.tests.test_h38_part2_removed_teacher_routes.ActiveTeacherDraftSaveTests.test_save_generated_assignment_draft_succeeds_for_active_teacher ... ok
billing.tests.test_h38_part2_removed_teacher_routes.ActiveTeacherRosterNameMatchTests.test_import_into_a_second_school_course_attaches_the_existing_student ... ok
billing.tests.test_h38_part2_removed_teacher_routes.ActiveTeacherSharedStudentTests.test_create_async_assignment_in_the_school_course ... ok
billing.tests.test_h38_part2_removed_teacher_routes.ActiveTeacherSharedStudentTests.test_create_async_in_the_colleagues_course_is_still_refused ... ok
billing.tests.test_h38_part2_removed_teacher_routes.ActiveTeacherSharedStudentTests.test_my_students_colleague_course_filter_still_returns_no_rows ... ok
billing.tests.test_h38_part2_removed_teacher_routes.ActiveTeacherSharedStudentTests.test_my_students_course_filter_selects_the_school_course ... ok
billing.tests.test_h38_part2_removed_teacher_routes.ActiveTeacherSharedStudentTests.test_my_students_prefetch_caches_hold_the_school_rows ... ok
billing.tests.test_h38_part2_removed_teacher_routes.ActiveTeacherSharedStudentTests.test_my_students_row_names_both_own_courses_but_not_the_colleagues ... ok
billing.tests.test_h38_part2_removed_teacher_routes.ActiveTeacherSharedStudentTests.test_my_students_session_filter_selects_the_student ... ok
billing.tests.test_h38_part2_removed_teacher_routes.ActiveTeacherSharedStudentTests.test_patch_own_assignment_into_the_school_course ... ok
billing.tests.test_h38_part2_removed_teacher_routes.ActiveTeacherSharedStudentTests.test_user_detail_colleague_course_filter_is_still_404 ... ok
billing.tests.test_h38_part2_removed_teacher_routes.ActiveTeacherSharedStudentTests.test_user_detail_course_filter_finds_the_student ... ok
billing.tests.test_h38_part2_removed_teacher_routes.ActiveTeacherSharedStudentTests.test_user_detail_session_filter_finds_the_student ... ok
billing.tests.test_h38_part2_removed_teacher_routes.RemovedTeacherAssignmentRouteTests.test_associate_topic ... ok
billing.tests.test_h38_part2_removed_teacher_routes.RemovedTeacherAssignmentRouteTests.test_delete_assignment ... ok
billing.tests.test_h38_part2_removed_teacher_routes.RemovedTeacherAssignmentRouteTests.test_generate_assignment_from_prompt ... ok
billing.tests.test_h38_part2_removed_teacher_routes.RemovedTeacherAssignmentRouteTests.test_grade_all ... ok
billing.tests.test_h38_part2_removed_teacher_routes.RemovedTeacherAssignmentRouteTests.test_list_assignments ... ok
billing.tests.test_h38_part2_removed_teacher_routes.RemovedTeacherAssignmentRouteTests.test_patch_assignment ... ok
billing.tests.test_h38_part2_removed_teacher_routes.RemovedTeacherAssignmentRouteTests.test_publish_all_grades ... ok
billing.tests.test_h38_part2_removed_teacher_routes.RemovedTeacherAssignmentRouteTests.test_retrieve_assignment ... ok
billing.tests.test_h38_part2_removed_teacher_routes.RemovedTeacherAssignmentRouteTests.test_upload_assignment ... ok
billing.tests.test_h38_part2_removed_teacher_routes.RemovedTeacherAssignmentRouteTests.test_upload_assignment_async ... ok
billing.tests.test_h38_part2_removed_teacher_routes.RemovedTeacherClassroomRouteTests.test_create_topic_in_the_school_course ... ok
billing.tests.test_h38_part2_removed_teacher_routes.RemovedTeacherClassroomRouteTests.test_create_topic_through_the_course_action ... ok
billing.tests.test_h38_part2_removed_teacher_routes.RemovedTeacherClassroomRouteTests.test_delete_topic ... ok
billing.tests.test_h38_part2_removed_teacher_routes.RemovedTeacherClassroomRouteTests.test_list_topics ... ok
billing.tests.test_h38_part2_removed_teacher_routes.RemovedTeacherClassroomRouteTests.test_my_students ... ok
billing.tests.test_h38_part2_removed_teacher_routes.RemovedTeacherClassroomRouteTests.test_patch_topic ... ok
billing.tests.test_h38_part2_removed_teacher_routes.RemovedTeacherClassroomRouteTests.test_student_course_delete ... ok
billing.tests.test_h38_part2_removed_teacher_routes.RemovedTeacherClassroomRouteTests.test_student_course_list ... ok
billing.tests.test_h38_part2_removed_teacher_routes.RemovedTeacherClassroomRouteTests.test_student_course_patch ... ok
billing.tests.test_h38_part2_removed_teacher_routes.RemovedTeacherDashboardRouteTests.test_custom_ai_prompt_on_the_school_course ... ok
billing.tests.test_h38_part2_removed_teacher_routes.RemovedTeacherDashboardRouteTests.test_dashboard_assignment ... ok
billing.tests.test_h38_part2_removed_teacher_routes.RemovedTeacherDashboardRouteTests.test_dashboard_course ... ok
billing.tests.test_h38_part2_removed_teacher_routes.RemovedTeacherDashboardRouteTests.test_dashboard_overview ... ok
billing.tests.test_h38_part2_removed_teacher_routes.RemovedTeacherDashboardRouteTests.test_dashboard_students ... ok
billing.tests.test_h38_part2_removed_teacher_routes.RemovedTeacherDraftSaveTests.test_save_generated_assignment_draft_refuses_removed_teacher ... ok
billing.tests.test_h38_part2_removed_teacher_routes.RemovedTeacherPdfTeacherViewTests.test_download_pdf_teacher_view_refuses_removed_teacher ... ok
billing.tests.test_h38_part2_removed_teacher_routes.RemovedTeacherPdfTeacherViewTests.test_download_pdf_teacher_view_refuses_removed_teacher_past_the_object_filter ... ok
billing.tests.test_h38_part2_removed_teacher_routes.RemovedTeacherRosterNameMatchTests.test_import_into_a_school_b_course_creates_a_new_student ... ok
billing.tests.test_h38_part2_removed_teacher_routes.RemovedTeacherRosterNameMatchTests.test_import_into_an_individual_course_creates_a_new_student ... ok
billing.tests.test_h38_part2_removed_teacher_routes.RemovedTeacherSchoolAdminSurfaceTests.test_school_admin_dashboard_is_closed ... ok
billing.tests.test_h38_part2_removed_teacher_routes.RemovedTeacherSharedStudentTests.test_create_assignment_in_the_school_course ... ok
billing.tests.test_h38_part2_removed_teacher_routes.RemovedTeacherSharedStudentTests.test_create_async_assignment_in_the_school_course ... ok
billing.tests.test_h38_part2_removed_teacher_routes.RemovedTeacherSharedStudentTests.test_my_students_course_filter_naming_the_school_course_returns_no_rows ... ok
billing.tests.test_h38_part2_removed_teacher_routes.RemovedTeacherSharedStudentTests.test_my_students_prefetch_caches_hold_no_school_rows ... ok
billing.tests.test_h38_part2_removed_teacher_routes.RemovedTeacherSharedStudentTests.test_my_students_row_names_only_the_own_course ... ok
billing.tests.test_h38_part2_removed_teacher_routes.RemovedTeacherSharedStudentTests.test_my_students_session_filter_naming_the_school_session_returns_no_rows ... ok
billing.tests.test_h38_part2_removed_teacher_routes.RemovedTeacherSharedStudentTests.test_patch_own_assignment_into_the_school_course ... ok
billing.tests.test_h38_part2_removed_teacher_routes.RemovedTeacherSharedStudentTests.test_user_detail_course_filter_is_not_an_oracle_on_the_school_course ... ok
billing.tests.test_h38_part2_removed_teacher_routes.RemovedTeacherSharedStudentTests.test_user_detail_session_filter_is_not_an_oracle_on_the_school_session ... ok
billing.tests.test_h38_part2_removed_teacher_routes.RemovedTeacherSubmissionRouteTests.test_batch_upload_answers_to_the_school_assignment ... ok
billing.tests.test_h38_part2_removed_teacher_routes.RemovedTeacherSubmissionRouteTests.test_delete_submission ... ok
billing.tests.test_h38_part2_removed_teacher_routes.RemovedTeacherSubmissionRouteTests.test_grade_paid_ai ... ok
billing.tests.test_h38_part2_removed_teacher_routes.RemovedTeacherSubmissionRouteTests.test_list_submissions ... ok
billing.tests.test_h38_part2_removed_teacher_routes.RemovedTeacherSubmissionRouteTests.test_publish_grade ... ok
billing.tests.test_h38_part2_removed_teacher_routes.RemovedTeacherSubmissionRouteTests.test_retrieve_submission ... ok
billing.tests.test_h38_part2_removed_teacher_routes.RemovedTeacherSubmissionRouteTests.test_teacher_feedback ... ok
billing.tests.test_h38_part2_removed_teacher_routes.RemovedTeacherSubmissionRouteTests.test_update_grade ... ok
billing.tests.test_h38_teacher_removal.IndividualCoursesSurviveSchoolMembershipTests.test_private_course_stays_reachable_through_join_and_removal ... ok
billing.tests.test_h38_teacher_removal.LicensedTeacherKeepsLegitimateAccessTests.test_another_teacher_in_the_same_school_still_cannot_see_the_course ... ok
billing.tests.test_h38_teacher_removal.LicensedTeacherKeepsLegitimateAccessTests.test_licensed_teacher_can_read_list_and_enrol_into_the_school_course ... ok
billing.tests.test_h38_teacher_removal.MovedTeacherDoesNotDragOldCoursesToNewSchoolTests.test_school_a_course_stays_hidden_after_joining_school_b ... ok
billing.tests.test_h38_teacher_removal.RemovalDoesNotClobberAnotherSchoolLinkTests.test_school_link_to_a_different_school_is_left_alone ... ok
billing.tests.test_h38_teacher_removal.RemovalLeavesTheSchoolDataIntactTests.test_course_assignments_submissions_and_enrolments_survive_removal ... ok
billing.tests.test_h38_teacher_removal.RemovedTeacherKeepsAccessTests.test_cannot_edit_the_school_course ... ok
billing.tests.test_h38_teacher_removal.RemovedTeacherKeepsAccessTests.test_cannot_enrol_more_students_into_the_school_course ... ok
billing.tests.test_h38_teacher_removal.RemovedTeacherKeepsAccessTests.test_cannot_list_the_school_course_or_its_students ... ok
billing.tests.test_h38_teacher_removal.RemovedTeacherKeepsAccessTests.test_cannot_read_the_school_course ... ok
billing.tests.test_h38_teacher_removal.RemovedTeacherKeepsAccessTests.test_cannot_read_the_school_student ... ok
billing.tests.test_h38_teacher_removal.RemovedTeacherStaysLinkedTests.test_another_school_can_onboard_the_removed_teacher ... ok
billing.tests.test_h38_teacher_removal.RemovedTeacherStaysLinkedTests.test_removed_teacher_is_no_longer_linked_to_the_school ... ok
billing.tests.test_h38_teacher_removal.RemovedTeacherStaysLinkedTests.test_removed_teacher_leaves_the_school_admins_user_list ... ok
billing.tests.test_h38_teacher_removal.SchoolAdminSeesRemovedTeachersNewDataTests.test_private_student_is_not_stamped_with_the_school ... ok
billing.tests.test_h38_teacher_removal.SchoolAdminSeesRemovedTeachersNewDataTests.test_school_admin_cannot_read_the_removed_teachers_private_student ... ok
billing.tests.test_h38_teacher_removal.SchoolAdminSeesRemovedTeachersNewDataTests.test_school_admin_student_dashboard_omits_the_private_student ... ok
billing.tests.test_invoice_lookback_boundary.InvoiceLookbackBoundaryTests.test_renewal_just_inside_the_window_is_still_found ... ok
billing.tests.test_invoice_lookback_boundary.InvoiceLookbackBoundaryTests.test_renewal_pushed_past_the_window_is_a_known_gap ... ok
billing.tests.test_invoice_payment_failed.LicenseInvoicePaymentFailedTests.test_individual_subscription_takes_precedence_over_license ... ok
billing.tests.test_invoice_payment_failed.LicenseInvoicePaymentFailedTests.test_license_failure_is_recorded_against_the_license_source ... ok
billing.tests.test_invoice_payment_failed.LicenseInvoicePaymentFailedTests.test_license_subscription_marked_past_due ... ok
billing.tests.test_invoice_payment_failed.PaidSubscriptionPaymentFailedTests.test_does_not_deactivate_or_stop_renewal ... ok
billing.tests.test_invoice_payment_failed.PaidSubscriptionPaymentFailedTests.test_invoice_with_no_subscription_is_a_noop ... ok
billing.tests.test_invoice_payment_failed.PaidSubscriptionPaymentFailedTests.test_marks_subscription_past_due ... ok
billing.tests.test_invoice_payment_failed.PaidSubscriptionPaymentFailedTests.test_matches_an_inactive_row_too ... ok
billing.tests.test_invoice_payment_failed.PaidSubscriptionPaymentFailedTests.test_missing_amount_and_currency_fall_back_to_defaults ... ok
billing.tests.test_invoice_payment_failed.PaidSubscriptionPaymentFailedTests.test_null_amount_due_is_treated_as_zero ... ok
billing.tests.test_invoice_payment_failed.PaidSubscriptionPaymentFailedTests.test_records_failed_billing_transaction ... ok
billing.tests.test_invoice_payment_failed.PaidSubscriptionPaymentFailedTests.test_redelivery_does_not_duplicate_the_transaction ... ok
billing.tests.test_invoice_payment_failed.PaidSubscriptionPaymentFailedTests.test_renewal_failure_uses_subscription_charge_type ... ok
billing.tests.test_invoice_payment_failed.PaidSubscriptionPaymentFailedTests.test_resolves_subscription_from_new_api_parent_shape ... ok
billing.tests.test_invoice_payment_failed.PaidSubscriptionPaymentFailedTests.test_unknown_subscription_id_is_a_noop ... ok
billing.tests.test_invoice_payment_failed.PaidSubscriptionPaymentFailedTests.test_upgrade_proration_failure_uses_upgrade_charge_type ... ok
billing.tests.test_invoice_payment_failed.TrialPaymentFailedTests.test_ended_trial_forfeits_unused_credits ... ok
billing.tests.test_invoice_payment_failed.TrialPaymentFailedTests.test_ended_trial_is_expired_not_marked_past_due ... ok
billing.tests.test_invoice_payment_failed.TrialPaymentFailedTests.test_ended_trial_still_records_the_failed_transaction ... ok
billing.tests.test_invoice_payment_failed.TrialPaymentFailedTests.test_trial_with_no_trial_end_expires_without_raising ... ok
billing.tests.test_invoice_payment_failed.TrialPaymentFailureBeforeTrialEndTests.test_credits_are_forfeited_only_once_across_retries ... ok
billing.tests.test_invoice_payment_failed.TrialPaymentFailureBeforeTrialEndTests.test_early_failure_expires_the_trial_instead_of_raising ... ok
billing.tests.test_invoice_payment_failed.TrialPaymentFailureBeforeTrialEndTests.test_early_failure_forfeits_unused_trial_credits ... ok
billing.tests.test_invoice_payment_failed.TrialPaymentFailureBeforeTrialEndTests.test_early_failure_still_leaves_an_audit_row ... ok
billing.tests.test_invoice_payment_failed.TrialPaymentFailureBeforeTrialEndTests.test_stripe_retries_converge_instead_of_looping ... ok
billing.tests.test_invoice_payment_intent_resolution.CompensatingRefundTests.test_a_legacy_shaped_invoice_still_refunds ... ok
billing.tests.test_invoice_payment_intent_resolution.CompensatingRefundTests.test_an_invoice_with_no_resolvable_payment_intent_does_not_crash ... ok
billing.tests.test_invoice_payment_intent_resolution.CompensatingRefundTests.test_an_unpaid_invoice_is_voided_rather_than_refunded ... ok
billing.tests.test_invoice_payment_intent_resolution.CompensatingRefundTests.test_the_invoice_is_fetched_with_the_modern_expand ... ok
billing.tests.test_invoice_payment_intent_resolution.CompensatingRefundTests.test_the_refund_carries_a_stable_idempotency_key ... ok
billing.tests.test_invoice_payment_intent_resolution.CompensatingRefundTests.test_the_refund_is_issued_for_a_modern_invoice ... ok
billing.tests.test_invoice_payment_intent_resolution.ResolveInvoicePaymentIntentTests.test_a_modern_invoice_has_no_top_level_payment_intent ... ok
billing.tests.test_invoice_payment_intent_resolution.ResolveInvoicePaymentIntentTests.test_a_succeeded_payment_is_preferred_over_a_failed_attempt ... ok
billing.tests.test_invoice_payment_intent_resolution.ResolveInvoicePaymentIntentTests.test_an_invoice_with_no_payment_resolves_to_nothing ... ok
billing.tests.test_invoice_payment_intent_resolution.ResolveInvoicePaymentIntentTests.test_it_resolves_a_bare_id_string_when_not_fully_expanded ... ok
billing.tests.test_invoice_payment_intent_resolution.ResolveInvoicePaymentIntentTests.test_it_resolves_the_id_from_the_modern_location ... ok
billing.tests.test_invoice_payment_intent_resolution.ResolveInvoicePaymentIntentTests.test_it_still_reads_the_legacy_location ... ok
billing.tests.test_invoice_payment_intent_resolution.ResolveInvoicePaymentIntentTests.test_the_expand_targets_the_modern_path ... ok
billing.tests.test_license_admin_user_guard.LicenseCreationAPIGuardTest.test_admin_from_another_school_is_rejected ... ok
billing.tests.test_license_admin_user_guard.LicenseCreationAPIGuardTest.test_admin_user_may_be_omitted_and_is_taken_from_the_school ... ok
billing.tests.test_license_admin_user_guard.LicenseCreationAPIGuardTest.test_omitted_admin_user_on_a_school_with_none_is_a_400 ... ok
billing.tests.test_license_admin_user_guard.LicenseCreationAPIGuardTest.test_superadmin_can_still_create_a_license_for_the_real_admin ... ok
billing.tests.test_license_admin_user_guard.LicenseCreationAPIGuardTest.test_superadmin_cannot_name_themselves_as_the_schools_admin ... ok
billing.tests.test_license_admin_user_guard.LicenseObjectPermissionScopeTest.test_admin_of_another_school_still_cannot_reach_it ... ok
billing.tests.test_license_admin_user_guard.LicenseObjectPermissionScopeTest.test_named_admin_can_retrieve ... ok
billing.tests.test_license_admin_user_guard.LicenseObjectPermissionScopeTest.test_second_admin_of_the_same_school_is_not_locked_out ... ok
billing.tests.test_license_admin_user_guard.LicenseObjectPermissionScopeTest.test_teacher_cannot_reach_it ... ok
billing.tests.test_license_admin_user_guard.ResolveAdminUserTest.test_an_explicitly_passed_admin_is_honoured ... ok
billing.tests.test_license_admin_user_guard.ResolveAdminUserTest.test_an_explicitly_passed_admin_is_still_validated ... ok
billing.tests.test_license_admin_user_guard.ResolveAdminUserTest.test_create_license_subscription_refuses_when_school_has_no_admin ... ok
billing.tests.test_license_admin_user_guard.ResolveAdminUserTest.test_create_license_subscription_without_an_admin_user ... ok
billing.tests.test_license_admin_user_guard.ResolveAdminUserTest.test_derives_an_invited_admin_who_has_not_activated_yet ... ok
billing.tests.test_license_admin_user_guard.ResolveAdminUserTest.test_derives_the_schools_only_admin ... ok
billing.tests.test_license_admin_user_guard.ResolveAdminUserTest.test_ignores_admins_of_other_schools_and_non_admins ... ok
billing.tests.test_license_admin_user_guard.ResolveAdminUserTest.test_picks_the_earliest_when_several_are_active ... ok
billing.tests.test_license_admin_user_guard.ResolveAdminUserTest.test_prefers_an_active_admin_over_an_inactive_one ... ok
billing.tests.test_license_admin_user_guard.ResolveAdminUserTest.test_school_with_no_admin_is_a_clear_error_not_a_crash ... ok
billing.tests.test_license_admin_user_guard.ValidateAdminUserTest.test_accepts_the_schools_own_admin ... ok
billing.tests.test_license_admin_user_guard.ValidateAdminUserTest.test_create_license_subscription_refuses_superadmin_admin_user ... ok
billing.tests.test_license_admin_user_guard.ValidateAdminUserTest.test_rejects_admin_of_a_different_school ... ok
billing.tests.test_license_admin_user_guard.ValidateAdminUserTest.test_rejects_is_superuser_flag_without_super_admin_user_type ... ok
billing.tests.test_license_admin_user_guard.ValidateAdminUserTest.test_rejects_superadmin_even_when_attached_to_the_school ... ok
billing.tests.test_license_admin_user_guard.ValidateAdminUserTest.test_rejects_superadmin_with_no_school ... ok
billing.tests.test_license_admin_user_guard.ValidateAdminUserTest.test_rejects_user_with_no_school ... ok
billing.tests.test_license_admin_user_guard.ValidateAdminUserTest.test_still_rejects_students ... ok
billing.tests.test_license_admin_user_guard.ValidateAdminUserTest.test_stripe_checkout_refuses_superadmin_before_calling_stripe ... ok
billing.tests.test_license_cancellation.LicenseCancellationApiTests.test_cancelling_twice_is_rejected_with_a_400 ... FAIL
billing.tests.test_license_cancellation.LicenseCancellationApiTests.test_delete_is_no_longer_a_valid_method ... ok
billing.tests.test_license_cancellation.LicenseCancellationApiTests.test_patching_auto_renew_directly_still_works ... ok
billing.tests.test_license_cancellation.LicenseCancellationApiTests.test_patching_is_active_directly_is_a_silent_no_op ... ok
billing.tests.test_license_cancellation.LicenseCancellationApiTests.test_school_admin_cannot_cancel ... ok
billing.tests.test_license_cancellation.LicenseCancellationApiTests.test_super_admin_can_cancel_a_stripe_license ... FAIL
billing.tests.test_license_cancellation.LicenseCancellationApiTests.test_super_admin_can_cancel_an_offline_license ... ok
billing.tests.test_license_consumption_accounting.LicenseConsumptionRollupTests.test_admin_analytics_allocation_is_excluded ... ok
billing.tests.test_license_consumption_accounting.LicenseConsumptionRollupTests.test_consumption_increments_the_license_counter ... ok
billing.tests.test_license_consumption_accounting.LicenseConsumptionRollupTests.test_individual_teacher_without_allocation_is_untouched ... ok
billing.tests.test_license_consumption_accounting.LicenseConsumptionRollupTests.test_refund_clamps_at_zero_after_cycle_reset ... ok
billing.tests.test_license_consumption_accounting.LicenseConsumptionRollupTests.test_refund_reverses_the_license_counter ... ok
billing.tests.test_license_multi_month_budget.AllocationRefreshUnaffectedTests.test_existing_teacher_keeps_receiving_full_monthly_credits ... ok
billing.tests.test_license_multi_month_budget.LicenseMultiMonthBudgetTests.test_contract_renewal_still_resets ... ok
billing.tests.test_license_multi_month_budget.LicenseMultiMonthBudgetTests.test_monthly_refresh_resets_the_consumption_window ... ok
billing.tests.test_license_multi_month_budget.LicenseMultiMonthBudgetTests.test_refresh_is_idempotent_within_the_same_month ... ok
billing.tests.test_license_multi_month_budget.LicenseMultiMonthBudgetTests.test_teacher_enrolled_in_month_two_receives_a_full_grant ... ok
billing.tests.test_license_multi_month_budget.LicenseMultiMonthBudgetTests.test_within_month_cap_still_binds ... ok
billing.tests.test_license_overage_offline.OfflineOverageRequestPermissionTests.test_school_admin_cannot_approve ... ok
billing.tests.test_license_overage_offline.OfflineOverageRequestPermissionTests.test_school_admin_cannot_list ... ok
billing.tests.test_license_overage_offline.OfflineOverageRequestPermissionTests.test_school_admin_cannot_reject ... ok
billing.tests.test_license_overage_offline.OfflineOverageRequestPermissionTests.test_super_admin_can_approve ... ok
billing.tests.test_license_overage_offline.OfflineOverageRequestPermissionTests.test_super_admin_can_list ... ok
billing.tests.test_license_seat_400.LicenseSeatCapIs400Test.test_a_bare_value_error_is_still_a_500 ... ok
billing.tests.test_license_seat_400.LicenseSeatCapIs400Test.test_a_plan_without_monthly_credits_is_a_400 ... ok
billing.tests.test_license_seat_400.LicenseSeatCapIs400Test.test_a_standard_tier_plan_is_a_400 ... ok
billing.tests.test_license_seat_400.LicenseSeatCapIs400Test.test_carried_over_teachers_are_counted_and_the_old_licence_is_untouched ... ok
billing.tests.test_license_seat_400.LicenseSeatCapIs400Test.test_offline_create_over_the_seat_cap_is_a_400_with_the_message ... ok
billing.tests.test_license_seat_400.LicenseSeatCapIs400Test.test_omitted_max_seats_is_a_400 ... ok
billing.tests.test_license_seat_400.LicenseSeatCapIs400Test.test_stripe_checkout_goes_ahead_when_nobody_is_carried_over ... ok
billing.tests.test_license_seat_400.LicenseSeatCapIs400Test.test_stripe_checkout_over_the_seat_cap_is_a_400_before_stripe ... ok
billing.tests.test_license_seat_400.LicenseSeatCapIs400Test.test_stripe_counts_carried_over_teachers_before_checkout ... ok
billing.tests.test_license_seat_400.LicenseSeatCapIs400Test.test_two_teachers_on_two_seats_is_created ... ok
billing.tests.test_license_seat_400.SeatCapacityMessageTest.test_is_still_a_value_error_for_existing_callers ... ok
billing.tests.test_license_seat_400.SeatCapacityMessageTest.test_singular_wording ... ok
billing.tests.test_license_seat_counting.AddTeachersSeatCountingTest.test_an_account_stored_with_capitals_is_not_duplicated ... ok
billing.tests.test_license_seat_counting.AddTeachersSeatCountingTest.test_an_active_teacher_in_capitals_takes_no_seat ... ok
billing.tests.test_license_seat_counting.AddTeachersSeatCountingTest.test_an_active_teacher_stored_with_capitals_takes_no_seat ... ok
billing.tests.test_license_seat_counting.AddTeachersSeatCountingTest.test_the_same_teacher_listed_twice_takes_one_seat ... ok
billing.tests.test_license_seat_counting.ExactMatchWinsTests.test_an_exact_match_wins_over_a_case_twin ... ok
billing.tests.test_license_seat_counting.LicenseSeatCountingTest.test_a_carried_over_teacher_listed_again_takes_one_seat ... ok
billing.tests.test_license_seat_counting.LicenseSeatCountingTest.test_stripe_checkout_counts_a_repeated_teacher_once ... ok
billing.tests.test_license_seat_counting.LicenseSeatCountingTest.test_stripe_checkout_matches_a_carried_over_teacher_by_any_case ... ok
billing.tests.test_license_seat_counting.LicenseSeatCountingTest.test_stripe_checkout_without_max_seats_is_refused_before_payment ... ok
billing.tests.test_license_seat_counting.LicenseSeatCountingTest.test_the_refusal_counts_distinct_teachers ... ok
billing.tests.test_license_seat_counting.LicenseSeatCountingTest.test_the_same_teacher_listed_twice_takes_one_seat ... ok
billing.tests.test_license_seat_counting.LicenseSeatCountingTest.test_the_shared_seat_check_refuses_no_seats ... ok
billing.tests.test_license_service.TestAllocationInfo.test_get_allocation_info_returns_full_details ... ok
billing.tests.test_license_service.TestAllocationInfo.test_get_allocation_info_returns_none_for_individual_teacher ... ok
billing.tests.test_license_service.TestLicenseSubscriptionServiceValidation.test_validate_admin_user_accepts_teachers ... ok
billing.tests.test_license_service.TestLicenseSubscriptionServiceValidation.test_validate_admin_user_rejects_students ... ok
billing.tests.test_license_service.TestLicenseSubscriptionServiceValidation.test_validate_license_plan_accepts_valid_plan ... ok
billing.tests.test_license_service.TestLicenseSubscriptionServiceValidation.test_validate_license_plan_rejects_individual_category ... ok
billing.tests.test_license_service.TestLicenseSubscriptionServiceValidation.test_validate_license_plan_rejects_null_credits ... ok
billing.tests.test_license_teacher_changes_400.LicenseTeacherChangesTest.test_a_free_seat_still_adds_the_teacher ... ok
billing.tests.test_license_teacher_changes_400.LicenseTeacherChangesTest.test_a_full_licence_says_so ... ok
billing.tests.test_license_teacher_changes_400.LicenseTeacherChangesTest.test_an_inactive_licence_says_so ... ok
billing.tests.test_license_teacher_changes_400.LicenseTeacherChangesTest.test_any_other_error_keeps_the_generic_message ... ok
billing.tests.test_license_teacher_changes_400.LicenseTeacherChangesTest.test_fewer_seats_than_teachers_says_how_many ... ok
billing.tests.test_license_teacher_changes_400.LicenseTeacherChangesTest.test_removing_a_teacher_not_on_the_licence_says_so ... ok
billing.tests.test_live_qa_clock.CeilingProbeTests.test_a_clock_that_actually_moved_was_a_transient_rejection ... ok
billing.tests.test_live_qa_clock.CeilingProbeTests.test_a_refused_small_advance_means_an_absolute_wall ... ok
billing.tests.test_live_qa_clock.CeilingProbeTests.test_a_working_small_advance_means_a_distance_limit ... ok
billing.tests.test_live_qa_clock.CeilingProbeTests.test_classification_does_not_depend_on_stripes_wording ... ok
billing.tests.test_live_qa_clock.HorizonOutcomeTests.test_an_infrastructure_fault_is_a_failure ... ok
billing.tests.test_live_qa_clock.HorizonOutcomeTests.test_exhausting_the_budget_is_not_a_failure ... ok
billing.tests.test_live_qa_clock.HorizonOutcomeTests.test_reaching_stripes_ceiling_is_not_a_failure ... ok
billing.tests.test_live_qa_clock.HorizonOutcomeTests.test_simulated_years_are_reported ... ok
billing.tests.test_live_qa_clock.HorizonOutcomeTests.test_the_note_names_the_distance_travelled ... ok
billing.tests.test_live_qa_clock.LongHorizonRunnerTests.test_a_clock_that_never_becomes_ready_is_infrastructure_not_a_ceiling ... ok
billing.tests.test_live_qa_clock.LongHorizonRunnerTests.test_a_distance_limit_is_worked_around_by_halving ... ok
billing.tests.test_live_qa_clock.LongHorizonRunnerTests.test_a_missing_billing_period_stops_the_run_and_says_why ... ok
billing.tests.test_live_qa_clock.LongHorizonRunnerTests.test_advances_one_period_at_a_time ... ok
billing.tests.test_live_qa_clock.LongHorizonRunnerTests.test_an_absolute_ceiling_stops_the_run_as_a_note ... ok
billing.tests.test_live_qa_clock.LongHorizonRunnerTests.test_drains_events_after_every_period ... ok
billing.tests.test_live_qa_clock.LongHorizonRunnerTests.test_local_tasks_run_after_each_period_when_enabled ... ok
billing.tests.test_live_qa_clock.LongHorizonRunnerTests.test_simulated_time_accumulates ... ok
billing.tests.test_live_qa_clock.LongHorizonRunnerTests.test_the_wall_clock_budget_stops_the_run_as_a_note ... ok
billing.tests.test_live_qa_clock.RunLocalClockTasksTests.test_each_task_runs_under_simulated_time ... ok
billing.tests.test_live_qa_clock.RunLocalClockTasksTests.test_one_raising_task_does_not_stop_the_rest ... ok
billing.tests.test_live_qa_clock.RunLocalClockTasksTests.test_the_real_default_task_set_is_the_local_clock_driven_ones ... ok
billing.tests.test_live_qa_clock.ScenarioTierTests.test_deep_tier_is_a_superset_of_fast ... ok
billing.tests.test_live_qa_clock.ScenarioTierTests.test_duplicate_scenario_registration_is_rejected ... ok
billing.tests.test_live_qa_clock.ScenarioTierTests.test_fast_tier_excludes_the_hours_long_scenarios ... ok
billing.tests.test_live_qa_clock.ScenarioTierTests.test_long_horizon_scenarios_are_registered_as_deep ... ok
billing.tests.test_live_qa_clock.SimNowTests.test_allows_patching_once_the_pool_is_parked ... ok
billing.tests.test_live_qa_clock.SimNowTests.test_local_time_moves_to_the_simulated_moment ... ok
billing.tests.test_live_qa_clock.SimNowTests.test_refuses_to_patch_global_time_while_workers_are_running ... ok
billing.tests.test_live_qa_concurrency.AccountEventPollerTests.test_already_seen_events_are_not_republished ... ok
billing.tests.test_live_qa_concurrency.AccountEventPollerTests.test_created_floor_advances_with_overlap ... ok
billing.tests.test_live_qa_concurrency.AccountEventPollerTests.test_cursor_stops_paging_at_the_first_already_seen_event ... ok
billing.tests.test_live_qa_concurrency.AccountEventPollerTests.test_falling_behind_the_cursor_is_an_error_not_a_warning ... ok
billing.tests.test_live_qa_concurrency.AccountEventPollerTests.test_poller_death_marks_the_bus_unhealthy ... ok
billing.tests.test_live_qa_concurrency.AccountEventPollerTests.test_publishes_events_oldest_first ... ok
billing.tests.test_live_qa_concurrency.AccountEventPollerTests.test_same_second_events_are_ordered_deterministically ... ok
billing.tests.test_live_qa_concurrency.ConcurrentHarnessTests.test_cleanup_collects_ids_from_streams_that_never_drained ... ok
billing.tests.test_live_qa_concurrency.ConcurrentHarnessTests.test_create_customer_registers_with_the_bus ... ok
billing.tests.test_live_qa_concurrency.ConcurrentHarnessTests.test_drain_events_merges_ids_so_cleanup_removes_ledger_rows ... ok
billing.tests.test_live_qa_concurrency.ConcurrentHarnessTests.test_draining_an_unregistered_customer_is_an_infrastructure_error ... ok
billing.tests.test_live_qa_concurrency.CustomerEventStreamTests.test_dispatches_through_the_real_webhook_path ... ok
billing.tests.test_live_qa_concurrency.CustomerEventStreamTests.test_drain_fails_fast_when_the_poller_is_dead ... ok
billing.tests.test_live_qa_concurrency.CustomerEventStreamTests.test_event_is_marked_dispatched_before_dispatch_so_a_raise_cannot_loop ... ok
billing.tests.test_live_qa_concurrency.CustomerEventStreamTests.test_the_same_event_is_never_dispatched_twice ... ok
billing.tests.test_live_qa_concurrency.EventBusRoutingTests.test_events_for_unknown_customers_are_counted_as_foreign ... ok
billing.tests.test_live_qa_concurrency.EventBusRoutingTests.test_events_with_no_customer_are_foreign_not_crashes ... ok
billing.tests.test_live_qa_concurrency.EventBusRoutingTests.test_registering_twice_returns_the_same_stream ... ok
billing.tests.test_live_qa_concurrency.EventBusRoutingTests.test_routes_events_to_the_owning_customer ... ok
billing.tests.test_live_qa_concurrency.EventBusRoutingTests.test_unhealthy_bus_raises_infrastructure_error_not_a_billing_failure ... ok
billing.tests.test_live_qa_concurrency.EventBusRoutingTests.test_unregistered_customer_has_no_stream ... ok
billing.tests.test_live_qa_concurrency.GuardedCallRateLimitTests.test_limiter_is_consulted_on_a_permitted_call ... ok
billing.tests.test_live_qa_concurrency.GuardedCallRateLimitTests.test_refused_call_never_consumes_a_token ... ok
billing.tests.test_live_qa_concurrency.RunSuiteConcurrentlyTests.test_a_raising_scenario_does_not_stop_the_others ... ok
billing.tests.test_live_qa_concurrency.RunSuiteConcurrentlyTests.test_cleanup_runs_even_when_a_scenario_raises ... ok
billing.tests.test_live_qa_concurrency.RunSuiteConcurrentlyTests.test_event_bus_stats_are_reported_as_a_note ... ok
billing.tests.test_live_qa_concurrency.RunSuiteConcurrentlyTests.test_keep_objects_skips_cleanup ... ok
billing.tests.test_live_qa_concurrency.RunSuiteConcurrentlyTests.test_notes_do_not_make_a_passing_run_fail ... ok
billing.tests.test_live_qa_concurrency.RunSuiteConcurrentlyTests.test_rate_limiter_is_uninstalled_after_the_run ... ok
billing.tests.test_live_qa_concurrency.RunSuiteConcurrentlyTests.test_rejects_unknown_scenario_names ... ok
billing.tests.test_live_qa_concurrency.RunSuiteConcurrentlyTests.test_runs_every_scenario_and_reports_each ... ok
billing.tests.test_live_qa_concurrency.StripeRateLimiterTests.test_burst_is_available_immediately ... ok
billing.tests.test_live_qa_concurrency.StripeRateLimiterTests.test_rejects_a_nonsense_rate ... ok
billing.tests.test_live_qa_concurrency.StripeRateLimiterTests.test_throttles_beyond_the_burst ... ok
billing.tests.test_live_qa_concurrency.WorkerPoolTests.test_active_count_returns_to_zero ... ok
billing.tests.test_live_qa_concurrency.WorkerPoolTests.test_empty_work_list_is_a_no_op ... ok
billing.tests.test_live_qa_concurrency.WorkerPoolTests.test_exceptions_are_captured_not_raised ... ok
billing.tests.test_live_qa_concurrency.WorkerPoolTests.test_items_not_started_before_the_deadline_are_reported_not_dropped ... ok
billing.tests.test_live_qa_concurrency.WorkerPoolTests.test_one_failing_item_does_not_stop_the_others ... ok
billing.tests.test_live_qa_concurrency.WorkerPoolTests.test_results_are_returned_in_submission_order ... ok
billing.tests.test_live_qa_concurrency.WorkerPoolTests.test_worker_db_connections_closes_even_when_the_body_raises ... ok
billing.tests.test_live_qa_concurrency.WorkerPoolTests.test_worker_db_connections_closes_on_the_way_out ... ok
billing.tests.test_live_qa_invariants.CheckpointTests.test_a_healthy_actor_produces_no_collected_violations ... ok
billing.tests.test_live_qa_invariants.CheckpointTests.test_a_scenario_that_passes_its_own_checks_still_fails_on_a_violation ... ok
billing.tests.test_live_qa_invariants.CheckpointTests.test_a_violation_is_collected_for_the_scenario ... ok
billing.tests.test_live_qa_invariants.CheckpointTests.test_an_unregistered_customer_is_a_no_op_not_an_error ... ok
billing.tests.test_live_qa_invariants.CheckpointTests.test_checkpoint_never_raises_even_if_evaluation_blows_up ... ok
billing.tests.test_live_qa_invariants.CheckpointTests.test_history_is_updated_after_evaluation_not_before ... ok
billing.tests.test_live_qa_invariants.CheckpointTests.test_stripe_invariants_are_skipped_when_stripe_is_disabled ... ok
billing.tests.test_live_qa_invariants.CheckpointTests.test_violations_are_attributed_per_thread ... ok
billing.tests.test_live_qa_invariants.HealthyStateTests.test_every_registered_invariant_actually_evaluates ... ok
billing.tests.test_live_qa_invariants.HealthyStateTests.test_nothing_is_violated_in_a_healthy_state ... ok
billing.tests.test_live_qa_invariants.HealthyStateTests.test_summary_counts_add_up ... ok
billing.tests.test_live_qa_invariants.InvariantCoverageTests.test_every_registered_invariant_has_a_violation_test ... ok
billing.tests.test_live_qa_invariants.InvariantCoverageTests.test_no_orphan_violation_tests ... ok
billing.tests.test_live_qa_invariants.InvariantEngineTests.test_a_raising_invariant_is_an_ERROR_not_a_billing_violation ... ok
billing.tests.test_live_qa_invariants.InvariantEngineTests.test_an_invariant_returning_the_wrong_type_is_an_ERROR ... ok
billing.tests.test_live_qa_invariants.InvariantEngineTests.test_duplicate_registration_is_rejected ... ok
billing.tests.test_live_qa_invariants.InvariantEngineTests.test_history_tracks_a_running_maximum_not_the_last_value ... ok
billing.tests.test_live_qa_invariants.InvariantEngineTests.test_results_convert_to_checks_carrying_the_observed_values ... ok
billing.tests.test_live_qa_invariants.InvariantEngineTests.test_skipped_is_neither_a_pass_nor_a_failure ... ok
billing.tests.test_live_qa_invariants.InvariantEngineTests.test_stripe_invariants_are_skipped_when_excluded ... ok
billing.tests.test_live_qa_invariants.InvariantHoldsTests.test_a_fresh_processing_claim_is_not_stuck ... ok
billing.tests.test_live_qa_invariants.InvariantHoldsTests.test_all_individual_invariants_hold_for_a_healthy_subscriber ... ok
billing.tests.test_live_qa_invariants.InvariantHoldsTests.test_event_invariants_hold_for_successfully_dispatched_events ... ok
billing.tests.test_live_qa_invariants.InvariantHoldsTests.test_healthy_stripe_status_with_lagging_local_status_is_allowed ... ok
billing.tests.test_live_qa_invariants.InvariantHoldsTests.test_monthly_plan_without_grant_date_is_not_flagged ... ok
billing.tests.test_live_qa_invariants.InvariantHoldsTests.test_pre_existing_failed_events_outside_this_run_are_ignored ... ok
billing.tests.test_live_qa_invariants.InvariantHoldsTests.test_trial_period_is_not_compared_against_the_invoice ... ok
billing.tests.test_live_qa_invariants.InvariantViolationTests.test_violated__bucket_monthly_count_monotonic ... ok
billing.tests.test_live_qa_invariants.InvariantViolationTests.test_violated__bucket_overage_never_expires ... ok
billing.tests.test_live_qa_invariants.InvariantViolationTests.test_violated__bucket_used_within_total ... ok
billing.tests.test_live_qa_invariants.InvariantViolationTests.test_violated__credit_paid_period_invoice_grants_credits ... ok
billing.tests.test_live_qa_invariants.InvariantViolationTests.test_violated__event_every_dispatched_is_recorded ... ok
billing.tests.test_live_qa_invariants.InvariantViolationTests.test_violated__event_no_failed ... ok
billing.tests.test_live_qa_invariants.InvariantViolationTests.test_violated__event_no_stuck_processing ... ok
billing.tests.test_live_qa_invariants.InvariantViolationTests.test_violated__sub_cycle_ordered ... ok
billing.tests.test_live_qa_invariants.InvariantViolationTests.test_violated__sub_grant_date_present_for_annual ... ok
billing.tests.test_live_qa_invariants.InvariantViolationTests.test_violated__sub_pending_consistency ... ok
billing.tests.test_live_qa_invariants.InvariantViolationTests.test_violated__sub_period_matches_stripe ... ok
billing.tests.test_live_qa_invariants.InvariantViolationTests.test_violated__sub_period_matches_stripe__when_stripe_moves_the_field ... ok
billing.tests.test_live_qa_invariants.InvariantViolationTests.test_violated__sub_period_monotonic ... ok
billing.tests.test_live_qa_invariants.InvariantViolationTests.test_violated__sub_single_active ... ok
billing.tests.test_live_qa_invariants.InvariantViolationTests.test_violated__sub_status_matches_stripe ... ok
billing.tests.test_live_qa_invariants.InvariantViolationTests.test_violated__sub_subscription_id_stable ... ok
billing.tests.test_live_qa_invariants.InvariantViolationTests.test_violated__sub_trial_flags_consistent ... ok
billing.tests.test_live_qa_invariants.InvariantViolationTests.test_violated__txn_unique_per_invoice ... ok
billing.tests.test_live_qa_invariants.InvariantViolationTests.test_violated__wallet_customer_id_matches ... ok
billing.tests.test_live_qa_invariants.InvariantViolationTests.test_violated__wallet_single_wallet ... ok
billing.tests.test_live_qa_scenario_registry.ScenarioRegistryTests.test_deep_includes_everything_fast_does ... ok
billing.tests.test_live_qa_scenario_registry.ScenarioRegistryTests.test_every_scenario_has_a_one_line_summary ... ok
billing.tests.test_live_qa_scenario_registry.ScenarioRegistryTests.test_every_scenario_has_a_tier ... ok
billing.tests.test_live_qa_scenario_registry.ScenarioRegistryTests.test_every_scenario_is_callable ... ok
billing.tests.test_live_qa_scenario_registry.ScenarioRegistryTests.test_the_no_clock_advance_scenarios_are_all_fast ... ok
billing.tests.test_live_qa_scenario_registry.ScenarioRegistryTests.test_the_slow_scenarios_are_not_in_the_nightly_tier ... ok
billing.tests.test_live_qa_scenario_registry.ScenarioSmokeTests.test_every_deep_only_scenario_runs_without_a_structural_error ... ok
billing.tests.test_live_qa_scenario_registry.ScenarioSmokeTests.test_every_fast_scenario_runs_without_a_structural_error ... ok
billing.tests.test_mailerlite_sync.AutomaticTrialSyncTests.test_activate_automatic_free_trial_skips_inactive_user ... ok
billing.tests.test_mailerlite_sync.AutomaticTrialSyncTests.test_activate_automatic_free_trial_syncs_active_user ... ok
billing.tests.test_mailerlite_sync.IndividualSubscriptionSyncTests.test_activate_free_trial_skips_inactive_user ... ok
billing.tests.test_mailerlite_sync.IndividualSubscriptionSyncTests.test_activate_free_trial_syncs_active_user ... ok
billing.tests.test_mailerlite_sync.IndividualSubscriptionSyncTests.test_activate_subscription_skips_inactive_user ... ok
billing.tests.test_mailerlite_sync.IndividualSubscriptionSyncTests.test_activate_subscription_syncs_active_user ... ok
billing.tests.test_mailerlite_sync.IndividualSubscriptionSyncTests.test_apply_immediate_plan_change_syncs_user ... ok
billing.tests.test_mailerlite_sync.IndividualSubscriptionSyncTests.test_expire_trial_syncs_user ... ok
billing.tests.test_mailerlite_sync.IndividualSubscriptionSyncTests.test_finalize_trial_conversion_via_stripe_syncs_user ... ok
billing.tests.test_mailerlite_sync.IndividualSubscriptionSyncTests.test_finalize_trial_to_paid_conversion_syncs_user ... ok
billing.tests.test_mailerlite_sync.LicenseSyncTests.test_add_teacher_to_license_skips_inactive_teacher ... ok
billing.tests.test_mailerlite_sync.LicenseSyncTests.test_add_teacher_to_license_syncs_active_teacher ... ok
billing.tests.test_mailerlite_sync.LicenseSyncTests.test_cancel_license_subscription_syncs_all_active_teachers ... ok
billing.tests.test_mailerlite_sync.LicenseSyncTests.test_change_license_plan_syncs_all_active_teachers ... ok
billing.tests.test_mailerlite_sync.LicenseSyncTests.test_sync_teachers_under_license_excludes_inactive_allocation ... ok
billing.tests.test_mailerlite_sync.LicenseSyncTests.test_update_license_plan_syncs_all_active_teachers ... ok
billing.tests.test_mailerlite_sync.QueueSyncGuardTests.test_active_user_is_queued ... ok
billing.tests.test_mailerlite_sync.QueueSyncGuardTests.test_inactive_user_is_not_queued ... ok
billing.tests.test_nightly_live_qa_recording.NightlyLiveQARecordingTests.test_a_clean_run_records_PASSED_with_a_summary ... ok
billing.tests.test_nightly_live_qa_recording.NightlyLiveQARecordingTests.test_a_configuration_error_also_records_ERROR ... ok
billing.tests.test_nightly_live_qa_recording.NightlyLiveQARecordingTests.test_a_failing_run_records_FAILED ... ok
billing.tests.test_nightly_live_qa_recording.NightlyLiveQARecordingTests.test_a_misconfigured_environment_records_ERROR_not_FAILED ... ok
billing.tests.test_nightly_live_qa_recording.NightlyLiveQARecordingTests.test_a_worker_where_qa_is_disabled_records_SKIPPED ... ok
billing.tests.test_nightly_live_qa_recording.NightlyLiveQARecordingTests.test_an_unexpected_crash_never_leaves_the_row_RUNNING ... ok
billing.tests.test_nightly_live_qa_recording.NightlyLiveQARecordingTests.test_every_night_leaves_its_own_row ... ok
billing.tests.test_nightly_live_qa_recording.NightlyLiveQARecordingTests.test_the_failing_scenario_is_identifiable_from_the_row ... ok
billing.tests.test_nightly_live_qa_recording.NightlyLiveQARecordingTests.test_the_run_is_marked_as_a_scenario_run ... ok
billing.tests.test_nightly_live_qa_recording.NightlyLiveQARecordingTests.test_the_run_records_which_tier_it_ran ... ok
billing.tests.test_nightly_live_qa_recording.NightlyLiveQARecordingTests.test_the_skipped_row_says_what_would_switch_it_on ... ok
billing.tests.test_overage_cap.CreateOverageCheckoutCapTests.test_cap_already_reached_rejects_even_a_single_block ... ok
billing.tests.test_overage_cap.CreateOverageCheckoutCapTests.test_quantity_exceeding_remaining_cap_is_rejected_before_stripe ... ok
billing.tests.test_overage_cap.CreateOverageCheckoutCapTests.test_quantity_within_remaining_cap_creates_session ... ok
billing.tests.test_overage_cap.GrantTimeOverageCapTests.test_over_cap_at_grant_time_grants_nothing_and_flags_for_refund ... ok
billing.tests.test_overage_cap.GrantTimeOverageCapTests.test_within_cap_grants_never_expiring_overage_bucket ... ok
billing.tests.test_overage_never_expires.GrantOverageBucketNeverExpiresTestCase.test_grant_overage_bucket_no_longer_accepts_expires_at_kwarg ... ok
billing.tests.test_overage_never_expires.GrantOverageBucketNeverExpiresTestCase.test_grant_overage_bucket_sets_no_expiry ... ok
billing.tests.test_overage_never_expires.LicenseOverageCheckoutWebhookNeverExpiresTestCase.test_license_overage_checkout_completed_grants_non_expiring_bucket ... ok
billing.tests.test_overage_never_expires.OverageConsumptionOrderTestCase.test_overage_consumed_only_after_monthly_exhausted ... ok
billing.tests.test_overage_never_expires.OverageConsumptionOrderTestCase.test_overage_with_no_expiry_still_counted_as_available ... ok
billing.tests.test_overage_never_expires.OverageWebhookNeverExpiresTestCase.test_checkout_completed_webhook_grants_non_expiring_bucket ... ok
billing.tests.test_overage_never_expires.OverageWebhookNeverExpiresTestCase.test_payment_intent_succeeded_preferred_path_does_not_double_grant ... ok
billing.tests.test_overage_never_expires.OverageWebhookNeverExpiresTestCase.test_payment_intent_succeeded_preferred_path_grants_non_expiring_bucket ... ok
billing.tests.test_overage_payment_intent_idempotency.OverageGrantIdempotencyTests.test_a_different_payment_intent_still_grants ... ok
billing.tests.test_overage_payment_intent_idempotency.OverageGrantIdempotencyTests.test_a_first_delivery_grants_the_credits ... ok
billing.tests.test_overage_payment_intent_idempotency.OverageGrantIdempotencyTests.test_a_redelivery_does_not_grant_again ... ok
billing.tests.test_overage_payment_intent_idempotency.OverageGrantIdempotencyTests.test_an_unrelated_flow_is_ignored ... ok
billing.tests.test_overage_payment_intent_idempotency.OverageGrantIdempotencyTests.test_another_wallets_grant_does_not_suppress_this_one ... ok
billing.tests.test_overage_payment_intent_idempotency.OverageGrantIdempotencyTests.test_billing_transaction_is_not_a_usable_key ... ok
billing.tests.test_overage_payment_intent_idempotency.OverageGrantIdempotencyTests.test_the_grant_is_recorded_against_this_payment_intent ... ok
billing.tests.test_overage_payment_intent_idempotency.OverageGuardQueryShapeTests.test_the_guard_is_scoped_by_wallet_not_a_bare_json_filter ... ok
billing.tests.test_overage_price_drift.DriftReportTests.test_an_unreadable_price_is_never_reported_as_in_sync ... ok
billing.tests.test_overage_price_drift.DriftReportTests.test_one_unreadable_price_does_not_hide_the_others ... ok
billing.tests.test_overage_price_drift.DriftReportTests.test_the_report_separates_synced_from_drifted ... ok
billing.tests.test_overage_price_drift.IndividualCheckoutIsRefusedWhenDriftedTests.test_a_drifted_plan_cannot_open_a_checkout_session ... ok
billing.tests.test_overage_price_drift.IndividualCheckoutIsRefusedWhenDriftedTests.test_an_in_sync_plan_still_opens_a_checkout_session ... ok
billing.tests.test_overage_price_drift.PriceAuthorityTests.test_a_matching_pair_is_allowed_and_returns_the_price ... ok
billing.tests.test_overage_price_drift.PriceAuthorityTests.test_a_mismatched_pair_is_REFUSED ... ok
billing.tests.test_overage_price_drift.PriceAuthorityTests.test_a_plan_with_no_stripe_overage_price_is_left_alone ... ok
billing.tests.test_overage_price_drift.PriceAuthorityTests.test_a_price_with_no_flat_unit_amount_is_refused ... ok
billing.tests.test_overage_price_drift.PriceAuthorityTests.test_an_unreachable_stripe_is_NOT_treated_as_agreement ... ok
billing.tests.test_overage_price_drift.PriceAuthorityTests.test_the_price_is_cached_so_a_burst_costs_one_lookup ... ok
billing.tests.test_overage_price_drift.PriceAuthorityTests.test_the_reconciler_can_bypass_the_cache ... ok
billing.tests.test_overage_price_drift.PriceAuthorityTests.test_the_refusal_names_both_numbers_so_it_can_be_acted_on ... ok
billing.tests.test_overage_price_drift.PriceAuthorityTests.test_the_stripe_price_is_what_is_reported ... ok
billing.tests.test_overage_price_drift.SchoolCheckoutIsRefusedWhenDriftedTests.test_a_drifted_plan_is_refused_before_anything_is_quoted ... ok
billing.tests.test_overage_price_drift.SchoolCheckoutIsRefusedWhenDriftedTests.test_an_in_sync_plan_gets_past_the_price_gate ... ok
billing.tests.test_overage_price_drift.SchoolCheckoutIsRefusedWhenDriftedTests.test_the_refusal_covers_the_OFFLINE_quote_too ... ok
billing.tests.test_overage_purchase_integrity.DirectPaymentIntentOverageTests.test_a_duplicate_intent_does_not_grant_twice ... ok
billing.tests.test_overage_purchase_integrity.DirectPaymentIntentOverageTests.test_a_missing_wallet_grants_nothing_and_does_not_raise ... ok
billing.tests.test_overage_purchase_integrity.DirectPaymentIntentOverageTests.test_a_succeeded_intent_grants_one_block ... ok
billing.tests.test_overage_purchase_integrity.DirectPaymentIntentOverageTests.test_an_unrelated_payment_intent_is_ignored ... ok
billing.tests.test_overage_purchase_integrity.DirectPaymentIntentOverageTests.test_another_wallets_grant_cannot_suppress_this_ones ... ok
billing.tests.test_overage_purchase_integrity.DirectPaymentIntentOverageTests.test_the_checkout_and_intent_paths_do_not_double_grant_together ... ok
billing.tests.test_overage_purchase_integrity.IndividualCheckoutOverageTests.test_a_billing_transaction_records_the_money ... ok
billing.tests.test_overage_purchase_integrity.IndividualCheckoutOverageTests.test_a_capped_purchase_is_still_recorded_for_refund ... ok
billing.tests.test_overage_purchase_integrity.IndividualCheckoutOverageTests.test_a_duplicate_does_not_inflate_the_block_counter ... ok
billing.tests.test_overage_purchase_integrity.IndividualCheckoutOverageTests.test_a_duplicate_writes_only_one_ledger_row ... ok
billing.tests.test_overage_purchase_integrity.IndividualCheckoutOverageTests.test_a_duplicated_session_does_not_grant_twice ... ok
billing.tests.test_overage_purchase_integrity.IndividualCheckoutOverageTests.test_a_failure_mid_handler_leaves_no_phantom_credits ... ok
billing.tests.test_overage_purchase_integrity.IndividualCheckoutOverageTests.test_a_ledger_row_records_the_purchase_and_its_payment ... ok
billing.tests.test_overage_purchase_integrity.IndividualCheckoutOverageTests.test_a_no_payment_required_session_grants_nothing ... ok
billing.tests.test_overage_purchase_integrity.IndividualCheckoutOverageTests.test_a_paid_purchase_grants_exactly_one_block ... ok
billing.tests.test_overage_purchase_integrity.IndividualCheckoutOverageTests.test_a_session_naming_another_users_wallet_credits_that_wallet_only ... ok
billing.tests.test_overage_purchase_integrity.IndividualCheckoutOverageTests.test_a_tampered_quantity_is_still_capped_by_the_plan ... ok
billing.tests.test_overage_purchase_integrity.IndividualCheckoutOverageTests.test_after_a_rollback_the_retry_grants_exactly_once ... ok
billing.tests.test_overage_purchase_integrity.IndividualCheckoutOverageTests.test_an_unknown_plan_id_grants_nothing ... ok
billing.tests.test_overage_purchase_integrity.IndividualCheckoutOverageTests.test_an_unknown_wallet_id_grants_nothing_anywhere ... ok
billing.tests.test_overage_purchase_integrity.IndividualCheckoutOverageTests.test_an_unpaid_session_grants_nothing ... ok
billing.tests.test_overage_purchase_integrity.IndividualCheckoutOverageTests.test_quantity_greater_than_one_grants_proportionally ... ok
billing.tests.test_overage_purchase_integrity.IndividualCheckoutOverageTests.test_the_bucket_belongs_to_the_paying_wallet ... ok
billing.tests.test_overage_purchase_integrity.IndividualCheckoutOverageTests.test_the_bucket_is_OVERAGE_and_never_expires ... ok
billing.tests.test_overage_purchase_integrity.IndividualCheckoutOverageTests.test_the_cap_is_enforced_at_grant_time ... ok
billing.tests.test_overage_purchase_integrity.IndividualCheckoutOverageTests.test_the_credit_amount_comes_from_the_PLAN_not_the_payload ... ok
billing.tests.test_overage_purchase_integrity.IndividualCheckoutOverageTests.test_two_DIFFERENT_sessions_do_both_grant ... ok
billing.tests.test_overage_purchase_integrity.OverageConsumptionOrderingTests.test_a_partially_consumed_overage_bucket_is_topped_up_by_a_new_purchase ... ok
billing.tests.test_overage_purchase_integrity.OverageConsumptionOrderingTests.test_monthly_credits_are_spent_before_purchased_overage ... ok
billing.tests.test_overage_purchase_integrity.OverageConsumptionOrderingTests.test_overage_is_only_touched_once_the_free_buckets_are_empty ... ok
billing.tests.test_overage_purchase_integrity.SchoolLicenseOverageIsolationTests.test_a_duplicate_for_teacher_a_cannot_leak_into_teacher_b ... ok
billing.tests.test_overage_purchase_integrity.SchoolLicenseOverageIsolationTests.test_a_purchase_for_one_teacher_credits_only_that_teacher ... ok
billing.tests.test_overage_purchase_integrity.SchoolLicenseOverageIsolationTests.test_the_ledger_attributes_each_purchase_to_its_own_user ... ok
billing.tests.test_overage_purchase_integrity.SchoolLicenseOverageIsolationTests.test_two_teachers_in_one_school_purchase_independently ... ok
billing.tests.test_overage_refund_lifecycle.DeliberateRetentionTests.test_a_falsey_flag_does_not_trigger_retention ... ok
billing.tests.test_overage_refund_lifecycle.DeliberateRetentionTests.test_an_unrelated_metadata_value_does_not_trigger_retention ... ok
billing.tests.test_overage_refund_lifecycle.DeliberateRetentionTests.test_retain_credits_on_the_charge_also_works ... ok
billing.tests.test_overage_refund_lifecycle.DeliberateRetentionTests.test_retain_credits_on_the_refund_keeps_the_credits ... ok
billing.tests.test_overage_refund_lifecycle.DeliberateRetentionTests.test_the_decision_is_recorded_not_silent ... ok
billing.tests.test_overage_refund_lifecycle.DeliberateRetentionTests.test_the_money_is_still_recorded_as_refunded ... ok
billing.tests.test_overage_refund_lifecycle.FullRefundTests.test_THE_REGRESSION_a_full_refund_reclaims_every_credit ... ok
billing.tests.test_overage_refund_lifecycle.FullRefundTests.test_a_PaymentRefund_row_records_the_outcome ... ok
billing.tests.test_overage_refund_lifecycle.FullRefundTests.test_a_full_refund_returns_the_block_allowance ... ok
billing.tests.test_overage_refund_lifecycle.FullRefundTests.test_a_refund_before_consumption_leaves_no_debt ... ok
billing.tests.test_overage_refund_lifecycle.FullRefundTests.test_the_money_is_still_recorded_as_refunded ... ok
billing.tests.test_overage_refund_lifecycle.FullRefundTests.test_the_reversal_is_appended_not_edited_into_the_grant ... ok
billing.tests.test_overage_refund_lifecycle.FullRefundTests.test_the_reversal_is_attributed_to_its_payment ... ok
billing.tests.test_overage_refund_lifecycle.FullRefundTests.test_the_reversal_uses_its_own_ledger_type_not_REFUND ... ok
billing.tests.test_overage_refund_lifecycle.PartialRefundTests.test_a_partial_refund_does_NOT_return_the_block_allowance ... ok
billing.tests.test_overage_refund_lifecycle.PartialRefundTests.test_a_partial_refund_of_a_spent_purchase_owes_only_its_share ... ok
billing.tests.test_overage_refund_lifecycle.PartialRefundTests.test_half_the_money_back_reclaims_half_the_credits ... ok
billing.tests.test_overage_refund_lifecycle.PartialRefundTests.test_rounding_favours_the_customer ... ok
billing.tests.test_overage_refund_lifecycle.PartialRefundTests.test_the_transaction_reads_partially_refunded ... ok
billing.tests.test_overage_refund_lifecycle.RefundAfterConsumptionTests.test_a_debt_blocks_further_consumption ... ok
billing.tests.test_overage_refund_lifecycle.RefundAfterConsumptionTests.test_fully_spent_owes_the_whole_purchase ... ok
billing.tests.test_overage_refund_lifecycle.RefundAfterConsumptionTests.test_partially_spent_reclaims_the_rest_and_owes_the_difference ... ok
billing.tests.test_overage_refund_lifecycle.RefundAfterConsumptionTests.test_the_debt_is_not_cleared_by_buying_more_credits ... ok
billing.tests.test_overage_refund_lifecycle.RefundAfterConsumptionTests.test_usage_history_is_never_rewritten ... ok
billing.tests.test_overage_refund_lifecycle.RefundAndDisputeInteractionTests.test_a_chargeback_on_an_overage_purchase_now_reclaims ... ok
billing.tests.test_overage_refund_lifecycle.RefundAndDisputeInteractionTests.test_a_late_won_chargeback_restores_only_what_IT_took ... ok
billing.tests.test_overage_refund_lifecycle.RefundAndDisputeInteractionTests.test_a_partial_refund_then_a_chargeback_reclaims_only_the_remainder ... ok
billing.tests.test_overage_refund_lifecycle.RefundAndDisputeInteractionTests.test_a_won_chargeback_does_not_clear_a_refund_debt ... ok
billing.tests.test_overage_refund_lifecycle.RefundAndDisputeInteractionTests.test_chargeback_then_refund_does_not_reverse_twice ... ok
billing.tests.test_overage_refund_lifecycle.RefundAndDisputeInteractionTests.test_refund_then_chargeback_does_not_reverse_twice ... ok
billing.tests.test_overage_refund_lifecycle.RefundAndDisputeInteractionTests.test_the_debt_is_not_double_counted_across_causes ... ok
billing.tests.test_overage_refund_lifecycle.RefundIdempotencyTests.test_a_duplicate_delivery_does_not_reverse_twice ... ok
billing.tests.test_overage_refund_lifecycle.RefundIdempotencyTests.test_a_duplicate_delivery_of_a_SPENT_purchase_does_not_double_the_debt ... ok
billing.tests.test_overage_refund_lifecycle.RefundIdempotencyTests.test_a_partial_then_full_refund_ends_at_fully_reversed ... ok
billing.tests.test_overage_refund_lifecycle.RefundIdempotencyTests.test_a_retry_after_a_failed_run_converges_rather_than_compounds ... ok
billing.tests.test_overage_refund_lifecycle.RefundIdempotencyTests.test_a_reversal_can_never_exceed_what_the_payment_granted ... ok
billing.tests.test_overage_refund_lifecycle.RefundIdempotencyTests.test_an_out_of_order_older_event_does_not_un_reverse ... ok
billing.tests.test_overage_refund_lifecycle.RefundIdempotencyTests.test_successive_partial_refunds_accumulate_to_the_total ... ok
billing.tests.test_overage_refund_lifecycle.RefundIdempotencyTests.test_ten_duplicate_deliveries_are_still_one_reversal ... ok
billing.tests.test_overage_refund_lifecycle.RefundIdempotencyTests.test_the_stored_refund_total_is_monotonic ... ok
billing.tests.test_overage_refund_lifecycle.RefundScopeTests.test_a_refund_never_touches_another_wallet ... ok
billing.tests.test_overage_refund_lifecycle.RefundScopeTests.test_a_refund_of_a_payment_that_granted_nothing_is_money_only ... ok
billing.tests.test_overage_refund_lifecycle.RefundScopeTests.test_a_refund_only_reclaims_the_block_ITS_payment_bought ... ok
billing.tests.test_overage_refund_lifecycle.RefundScopeTests.test_a_refund_with_no_payment_intent_is_money_only ... ok
billing.tests.test_overage_refund_lifecycle.ReversalEngineGuardTests.test_a_negative_target_reverses_nothing ... ok
billing.tests.test_overage_refund_lifecycle.ReversalEngineGuardTests.test_a_second_call_at_the_same_target_is_inert ... ok
billing.tests.test_overage_refund_lifecycle.ReversalEngineGuardTests.test_a_target_beyond_what_was_granted_is_clamped ... ok
billing.tests.test_overage_refund_lifecycle.ReversalEngineGuardTests.test_an_inflated_target_cannot_manufacture_a_debt_on_a_spent_purchase ... ok
billing.tests.test_overage_refund_lifecycle.ReversalEngineGuardTests.test_an_unknown_payment_reverses_nothing ... ok
billing.tests.test_overage_refund_lifecycle.SchoolRefundAttributionTests.test_a_PARTIAL_refund_does_not_take_one_teachers_spare_to_cover_another ... ok
billing.tests.test_overage_refund_lifecycle.SchoolRefundAttributionTests.test_a_partial_refund_splits_proportionally_across_teachers ... ok
billing.tests.test_overage_refund_lifecycle.SchoolRefundAttributionTests.test_a_refund_never_reaches_a_teacher_the_payment_did_not_credit ... ok
billing.tests.test_overage_refund_lifecycle.SchoolRefundAttributionTests.test_a_refund_reclaims_from_every_teacher_the_payment_credited ... ok
billing.tests.test_overage_refund_lifecycle.SchoolRefundAttributionTests.test_a_won_chargeback_unblocks_every_teacher_it_blocked ... ok
billing.tests.test_overage_refund_lifecycle.SchoolRefundAttributionTests.test_an_uneven_split_floors_each_share_and_gives_the_remainder_to_the_largest ... ok
billing.tests.test_overage_refund_lifecycle.SchoolRefundAttributionTests.test_an_uneven_split_still_reclaims_exactly_the_target_in_total ... ok
billing.tests.test_overage_refund_lifecycle.SchoolRefundAttributionTests.test_only_the_spending_teacher_is_blocked ... ok
billing.tests.test_overage_refund_lifecycle.SchoolRefundAttributionTests.test_the_debt_lands_on_the_teacher_who_actually_spent ... ok
billing.tests.test_payment_methods.PaymentMethodAddTests.test_add_with_set_as_default ... ok
billing.tests.test_payment_methods.PaymentMethodAddTests.test_add_without_set_as_default ... ok
billing.tests.test_payment_methods.PaymentMethodDeleteAndSetDefaultTests.test_delete_allowed_for_offline_license_regardless_of_card_count ... ok
billing.tests.test_payment_methods.PaymentMethodDeleteAndSetDefaultTests.test_delete_allowed_when_multiple_cards_exist ... ok
billing.tests.test_payment_methods.PaymentMethodDeleteAndSetDefaultTests.test_delete_blocks_last_card_with_active_subscription ... ok
billing.tests.test_payment_methods.PaymentMethodDeleteAndSetDefaultTests.test_delete_rejects_not_owned_card ... ok
billing.tests.test_payment_methods.PaymentMethodDeleteAndSetDefaultTests.test_set_default_happy_path ... ok
billing.tests.test_payment_methods.PaymentMethodDeleteAndSetDefaultTests.test_set_default_rejects_not_owned_card ... ok
billing.tests.test_payment_methods.PaymentMethodListTests.test_list_individual_customer_marks_default ... ok
billing.tests.test_payment_methods.PaymentMethodListTests.test_list_license_admin_customer ... ok
billing.tests.test_payment_methods.PaymentMethodListTests.test_list_rejects_no_billing_context ... ok
billing.tests.test_payment_methods.PaymentMethodListTests.test_list_rejects_teacher ... ok
billing.tests.test_payment_methods.SetupIntentWebhookTests.test_general_flow_set_as_default_false_does_not_change_default ... ok
billing.tests.test_payment_methods.SetupIntentWebhookTests.test_general_flow_set_as_default_true_sets_default ... ok
billing.tests.test_payment_methods.SetupIntentWebhookTests.test_license_flow_still_sets_default ... ok
billing.tests.test_plan_admin_api_and_input_validation.PlanCreationAdversarialInputTests.test_a_missing_required_field_is_a_400_not_a_500 ... ok
billing.tests.test_plan_admin_api_and_input_validation.PlanCreationAdversarialInputTests.test_a_negative_monthly_credits_is_rejected ... ok
billing.tests.test_plan_admin_api_and_input_validation.PlanCreationAdversarialInputTests.test_a_non_numeric_monthly_credits_is_rejected ... ok
billing.tests.test_plan_admin_api_and_input_validation.PlanCreationAdversarialInputTests.test_a_wrong_content_type_is_rejected_cleanly ... ok
billing.tests.test_plan_admin_api_and_input_validation.PlanCreationAdversarialInputTests.test_an_empty_body_is_rejected ... ok
billing.tests.test_plan_admin_api_and_input_validation.PlanCreationAdversarialInputTests.test_an_oversized_display_name_is_rejected_not_truncated ... ok
billing.tests.test_plan_admin_api_and_input_validation.PlanCreationAdversarialInputTests.test_an_unknown_plan_name_choice_is_rejected ... ok
billing.tests.test_plan_admin_api_and_input_validation.PlanCreationAdversarialInputTests.test_display_name_is_genuinely_optional ... ok
billing.tests.test_plan_admin_api_and_input_validation.PlanCreationAdversarialInputTests.test_malformed_json_body_is_rejected_cleanly ... ok
billing.tests.test_plan_admin_api_and_input_validation.PlanCreationHappyPathTests.test_a_superadmin_can_create_a_plan_and_the_values_persist ... ok
billing.tests.test_plan_admin_api_and_input_validation.PlanCreationHappyPathTests.test_a_teacher_still_cannot_create_a_plan ... ok
billing.tests.test_plan_admin_api_and_input_validation.PlanCreationHappyPathTests.test_the_created_plan_is_immediately_listable ... ok
billing.tests.test_price_drift_reconciliation.PriceDriftDetectionTests.test_a_matching_price_is_silent ... ok
billing.tests.test_price_drift_reconciliation.PriceDriftDetectionTests.test_a_pending_scheduled_change_warns_instead_of_alarming ... ok
billing.tests.test_price_drift_reconciliation.PriceDriftDetectionTests.test_a_plan_with_no_stripe_price_is_skipped ... ok
billing.tests.test_price_drift_reconciliation.PriceDriftDetectionTests.test_a_subscription_missing_from_stripe_is_counted_not_ignored ... ok
billing.tests.test_price_drift_reconciliation.PriceDriftDetectionTests.test_detection_makes_no_corrective_write ... ok
billing.tests.test_price_drift_reconciliation.PriceDriftDetectionTests.test_drift_is_detected_and_logged_as_an_error ... ok
billing.tests.test_price_drift_reconciliation.PriceDriftDetectionTests.test_only_the_drifted_subscription_is_reported ... ok
billing.tests.test_price_drift_reconciliation.PriceDriftDetectionTests.test_trials_and_inactive_rows_are_not_examined ... ok
billing.tests.test_price_drift_reconciliation.PriceDriftListingFailureTests.test_a_stripe_listing_failure_raises_rather_than_reporting_all_clear ... ok
billing.tests.test_price_drift_reconciliation.PriceDriftScheduleTests.test_it_runs_after_the_renewals_sweep ... ok
billing.tests.test_price_drift_reconciliation.PriceDriftScheduleTests.test_the_task_is_registered_in_the_beat_schedule ... ok
billing.tests.test_price_drift_reconciliation.PriceDriftScopeTests.test_the_renewals_reconciler_cannot_see_this ... ok
billing.tests.test_price_reconciliation.DriftTests.test_a_currency_mismatch_is_reported_because_no_field_holds_it ... ok
billing.tests.test_price_reconciliation.DriftTests.test_a_price_that_does_not_resolve_is_INVALID_not_drift ... ok
billing.tests.test_price_reconciliation.DriftTests.test_a_product_mismatch_SYNCHRONISES_from_stripe ... ok
billing.tests.test_price_reconciliation.DriftTests.test_a_recurring_interval_COUNT_mismatch_is_drift ... ok
billing.tests.test_price_reconciliation.DriftTests.test_a_recurring_interval_mismatch_is_REPORTED_not_synchronised ... ok
billing.tests.test_price_reconciliation.DriftTests.test_a_recurring_plan_whose_price_became_one_time_is_drift ... ok
billing.tests.test_price_reconciliation.DriftTests.test_an_amount_mismatch_SYNCHRONISES_from_stripe ... ok
billing.tests.test_price_reconciliation.DriftTests.test_an_inactive_price_is_its_own_status_not_generic_drift ... ok
billing.tests.test_price_reconciliation.DriftTests.test_an_unresolvable_price_names_the_account_as_a_possible_cause ... ok
billing.tests.test_price_reconciliation.DriftTests.test_an_unsyncable_mismatch_still_reports_even_when_the_price_synced ... ok
billing.tests.test_price_reconciliation.DriftTests.test_several_mismatches_are_all_recorded_not_just_the_first ... ok
billing.tests.test_price_reconciliation.DriftTests.test_the_synchronisation_records_what_the_price_used_to_be ... ok
billing.tests.test_price_reconciliation.MatchingTests.test_a_ONE_TIME_overage_price_is_not_false_drift ... ok
billing.tests.test_price_reconciliation.MatchingTests.test_a_recurring_price_matches_its_plan_interval ... ok
billing.tests.test_price_reconciliation.MatchingTests.test_all_plans_match ... ok
billing.tests.test_price_reconciliation.MatchingTests.test_both_sides_of_every_comparison_are_recorded ... ok
billing.tests.test_price_reconciliation.MatchingTests.test_the_base_price_matches ... ok
billing.tests.test_price_reconciliation.MatchingTests.test_the_overage_price_matches ... ok
billing.tests.test_price_reconciliation.NotApplicableTests.test_a_plan_selling_only_overage_is_fine ... ok
billing.tests.test_price_reconciliation.NotApplicableTests.test_a_plan_with_no_price_and_no_expectation_is_not_an_alert ... ok
billing.tests.test_price_reconciliation.NotApplicableTests.test_expecting_to_charge_with_no_price_id_IS_an_alert ... ok
billing.tests.test_price_reconciliation.OperationalFailureTests.test_a_rate_limit_is_UNAVAILABLE_not_drift ... ok
billing.tests.test_price_reconciliation.OperationalFailureTests.test_a_timeout_is_UNAVAILABLE_not_drift ... ok
billing.tests.test_price_reconciliation.OperationalFailureTests.test_an_api_error_is_UNAVAILABLE_not_drift ... ok
billing.tests.test_price_reconciliation.OperationalFailureTests.test_an_auth_failure_is_UNAVAILABLE_not_drift ... ok
billing.tests.test_price_reconciliation.OperationalFailureTests.test_an_unavailable_price_is_never_counted_as_matched ... ok
billing.tests.test_price_reconciliation.OperationalFailureTests.test_an_unavailable_price_is_not_counted_as_an_alert ... ok
billing.tests.test_price_reconciliation.OperationalFailureTests.test_an_unidentifiable_account_does_not_end_the_run ... ok
billing.tests.test_price_reconciliation.OperationalFailureTests.test_one_failing_plan_does_not_stop_the_others ... ok
billing.tests.test_price_reconciliation.OverageIndependenceTests.test_base_differs_but_overage_matches ... ok
billing.tests.test_price_reconciliation.OverageIndependenceTests.test_base_matches_but_overage_differs ... ok
billing.tests.test_price_reconciliation.OverageIndependenceTests.test_both_differ_and_both_synchronise ... ok
billing.tests.test_price_reconciliation.OverageIndependenceTests.test_the_overage_price_is_fetched_separately_from_the_base ... ok
billing.tests.test_price_reconciliation.RunRecordTests.test_the_run_is_finished_and_summarised ... ok
billing.tests.test_price_reconciliation.RunRecordTests.test_the_run_records_the_api_version_actually_used ... ok
billing.tests.test_price_reconciliation.RunRecordTests.test_the_run_records_which_stripe_account_it_talked_to ... ok
billing.tests.test_price_reconciliation.RunRecordTests.test_the_same_price_is_fetched_once_per_run ... ok
billing.tests.test_price_reconciliation.SafetyTests.test_every_run_leaves_its_own_audit_rows ... ok
billing.tests.test_price_reconciliation.SafetyTests.test_it_DOES_rewrite_the_local_plan_to_match_stripe ... ok
billing.tests.test_price_reconciliation.SafetyTests.test_it_grants_or_revokes_no_credits ... ok
billing.tests.test_price_reconciliation.SafetyTests.test_it_makes_no_stripe_mutation ... ok
billing.tests.test_price_reconciliation.SafetyTests.test_running_it_twice_changes_no_billing_state ... ok
billing.tests.test_price_reconciliation.SafetyTests.test_the_first_run_synchronises_and_the_second_has_nothing_to_do ... ok
billing.tests.test_price_reconciliation.SynchronisationTests.test_a_differing_base_price_takes_stripes_value ... ok
billing.tests.test_price_reconciliation.SynchronisationTests.test_a_differing_overage_price_takes_stripes_value ... ok
billing.tests.test_price_reconciliation.SynchronisationTests.test_a_missing_base_price_is_POPULATED_from_stripe ... ok
billing.tests.test_price_reconciliation.SynchronisationTests.test_a_missing_overage_price_is_POPULATED_from_stripe ... ok
billing.tests.test_price_reconciliation.SynchronisationTests.test_a_plan_with_no_price_id_is_not_zeroed ... ok
billing.tests.test_price_reconciliation.SynchronisationTests.test_a_populated_base_price_records_that_it_had_none_before ... ok
billing.tests.test_price_reconciliation.SynchronisationTests.test_a_synchronisation_touches_no_unrelated_plan_field ... ok
billing.tests.test_price_reconciliation.SynchronisationTests.test_an_ARCHIVED_price_is_not_adopted ... ok
billing.tests.test_price_reconciliation.SynchronisationTests.test_an_invalid_price_id_leaves_the_local_price_untouched ... ok
billing.tests.test_price_reconciliation.SynchronisationTests.test_an_unreadable_price_does_not_CLEAR_the_local_price ... ok
billing.tests.test_price_reconciliation.SynchronisationTests.test_repointing_the_price_id_synchronises_to_the_NEW_price ... ok
billing.tests.test_price_reconciliation.SynchronisationTests.test_stripe_unavailable_leaves_the_local_price_untouched ... ok
billing.tests.test_price_reconciliation.SynchronisationTests.test_synchronising_never_writes_to_stripe ... ok
billing.tests.test_price_reconciliation.SynchronisationTests.test_the_two_prices_synchronise_independently ... ok
billing.tests.test_price_reconciliation.TaskAndLockTests.test_a_second_run_is_skipped_while_one_holds_the_lock ... ok
billing.tests.test_price_reconciliation.TaskAndLockTests.test_the_lock_carries_a_timeout_so_a_killed_worker_cannot_wedge_it ... ok
billing.tests.test_price_reconciliation.TaskAndLockTests.test_the_lock_is_released_even_when_the_run_raises ... ok
billing.tests.test_price_reconciliation.TaskAndLockTests.test_the_lock_is_released_when_the_run_finishes ... ok
billing.tests.test_price_reconciliation.TaskAndLockTests.test_the_task_runs_the_sweep ... ok
billing.tests.test_qa_console_actions.QaConsoleActionTests.test_a_failing_drain_is_reported_in_band_not_as_a_500 ... ok
billing.tests.test_qa_console_actions.QaConsoleActionTests.test_action_restores_started_at_onto_the_fresh_harness ... ok
billing.tests.test_qa_console_actions.QaConsoleActionTests.test_action_that_raises_is_reported_not_crashed ... ok
billing.tests.test_qa_console_actions.QaConsoleActionTests.test_action_without_a_subscriber_is_a_400 ... ok
billing.tests.test_qa_console_actions.QaConsoleActionTests.test_drain_flag_dispatches_events_and_reports_the_count ... ok
billing.tests.test_qa_console_actions.QaConsoleActionTests.test_drained_event_ids_are_persisted_back_to_the_session ... ok
billing.tests.test_qa_console_actions.QaConsoleActionTests.test_known_action_reaches_the_matching_chaos_function ... ok
billing.tests.test_qa_console_actions.QaConsoleActionTests.test_new_subscriber_stores_session_state ... ok
billing.tests.test_qa_console_actions.QaConsoleActionTests.test_new_subscriber_tears_down_the_previous_one_first ... ok
billing.tests.test_qa_console_actions.QaConsoleActionTests.test_reset_clears_the_session_and_calls_cleanup ... ok
billing.tests.test_qa_console_actions.QaConsoleActionTests.test_reset_with_no_subscriber_is_a_noop ... ok
billing.tests.test_qa_console_actions.QaConsoleActionTests.test_state_does_not_touch_stripe_unless_drain_is_asked_for ... ok
billing.tests.test_qa_console_actions.QaConsoleActionTests.test_state_with_no_subscriber_is_null ... ok
billing.tests.test_qa_console_actions.QaConsoleActionTests.test_unknown_action_name_is_rejected ... ok
billing.tests.test_qa_console_actions.QaConsolePageRenderTests.test_every_registered_action_gets_a_button ... ok
billing.tests.test_qa_console_actions.QaConsolePageRenderTests.test_it_contains_the_element_ids_its_javascript_drives ... ok
billing.tests.test_qa_console_actions.QaConsolePageRenderTests.test_it_declares_a_viewport_so_it_is_usable_on_a_narrow_screen ... ok
billing.tests.test_qa_console_actions.QaConsolePageRenderTests.test_the_page_renders ... ok
billing.tests.test_qa_console_guardrail.QaConsoleGuardrailTests.test_enabled_delegates_false ... ok
billing.tests.test_qa_console_guardrail.QaConsoleGuardrailTests.test_enabled_delegates_true ... ok
billing.tests.test_qa_console_permissions.QaConsolePermissionTests.test_anonymous_user_gets_404 ... ok
billing.tests.test_qa_console_permissions.QaConsolePermissionTests.test_console_page_itself_is_gated_the_same_way ... ok
billing.tests.test_qa_console_permissions.QaConsolePermissionTests.test_is_superuser_without_super_admin_type_gets_404 ... ok
billing.tests.test_qa_console_permissions.QaConsolePermissionTests.test_real_superadmin_gets_through_when_enabled ... ok
billing.tests.test_qa_console_permissions.QaConsolePermissionTests.test_real_superadmin_still_gets_404_when_disabled ... ok
billing.tests.test_qa_console_permissions.QaConsolePermissionTests.test_super_admin_type_without_is_superuser_gets_404 ... ok
billing.tests.test_qa_console_permissions.QaConsolePermissionTests.test_teacher_gets_404 ... ok
billing.tests.test_qa_console_state_breakdown.DescribeStateBreakdownTests.test_a_never_expiring_bucket_counts_as_live ... ok
billing.tests.test_qa_console_state_breakdown.DescribeStateBreakdownTests.test_a_processed_bucket_that_has_not_expired_still_counts_as_live ... ok
billing.tests.test_qa_console_state_breakdown.DescribeStateBreakdownTests.test_a_user_with_no_wallet_yet_reports_null_rather_than_crashing ... ok
billing.tests.test_qa_console_state_breakdown.DescribeStateBreakdownTests.test_a_wallet_with_no_buckets_has_an_empty_breakdown ... ok
billing.tests.test_qa_console_state_breakdown.DescribeStateBreakdownTests.test_after_the_forfeiture_fix_the_trial_row_reports_zero_live ... ok
billing.tests.test_qa_console_state_breakdown.DescribeStateBreakdownTests.test_an_expired_bucket_is_excluded_from_live_but_kept_in_all_time ... ok
billing.tests.test_qa_console_state_breakdown.DescribeStateBreakdownTests.test_live_subtotals_reconcile_with_the_wallet_total ... ok
billing.tests.test_qa_console_state_breakdown.DescribeStateBreakdownTests.test_multiple_buckets_of_one_type_are_summed_and_counted ... ok
billing.tests.test_qa_console_state_breakdown.DescribeStateBreakdownTests.test_per_bucket_rows_are_json_safe ... ok
billing.tests.test_qa_console_state_breakdown.DescribeStateBreakdownTests.test_the_breakdown_covers_buckets_the_recent_list_truncates ... ok
billing.tests.test_qa_console_state_breakdown.DescribeStateBreakdownTests.test_the_reported_bug_shape_is_split_by_type ... ok
billing.tests.test_qa_console_state_breakdown.DescribeStateBreakdownTests.test_used_credits_are_reported_separately_from_remaining ... ok
billing.tests.test_qa_console_task.RunLiveQaConsoleJobTests.test_a_crash_before_completion_leaves_the_row_failed_not_stuck_running ... ok
billing.tests.test_qa_console_task.RunLiveQaConsoleJobTests.test_failing_chaos_walk_is_marked_failed ... ok
billing.tests.test_qa_console_task.RunLiveQaConsoleJobTests.test_failing_scenario_run_is_marked_failed ... ok
billing.tests.test_qa_console_task.RunLiveQaConsoleJobTests.test_passing_chaos_walk_is_marked_passed ... ok
billing.tests.test_qa_console_task.RunLiveQaConsoleJobTests.test_passing_scenario_run_is_marked_passed ... ok
billing.tests.test_qa_console_task.RunLiveQaConsoleJobTests.test_shrink_is_always_marked_passed_regardless_of_whether_it_found_a_repro ... ok
billing.tests.test_qa_test_clock_attachment.CustomerCreationIntegrationTests.test_default_settings_create_customer_without_a_test_clock ... ok
billing.tests.test_qa_test_clock_attachment.CustomerCreationIntegrationTests.test_existing_customer_id_short_circuits_without_any_stripe_call ... ok
billing.tests.test_qa_test_clock_attachment.CustomerCreationIntegrationTests.test_non_qa_user_in_a_qa_environment_stays_clockless ... ok
billing.tests.test_qa_test_clock_attachment.CustomerCreationIntegrationTests.test_qa_customer_is_created_attached_to_a_fresh_test_clock ... ok
billing.tests.test_qa_test_clock_attachment.CustomerCreationIntegrationTests.test_qa_hook_is_deletable_without_breaking_customer_creation ... ok
billing.tests.test_qa_time_travel_guardrail.TimeTravelGuardrailTests.test_disabled_when_flag_is_false ... ok
billing.tests.test_qa_time_travel_guardrail.TimeTravelGuardrailTests.test_disabled_with_live_stripe_key_even_if_flag_is_true ... ok
billing.tests.test_qa_time_travel_guardrail.TimeTravelGuardrailTests.test_disabled_with_no_stripe_key ... ok
billing.tests.test_qa_time_travel_guardrail.TimeTravelGuardrailTests.test_enabled_with_flag_and_test_key_regardless_of_debug ... ok
billing.tests.test_r5_atomicity_and_refund_idempotency.HandlersAreAtomicTests.test_handle_payment_intent_failed_is_atomic ... ok
billing.tests.test_r5_atomicity_and_refund_idempotency.HandlersAreAtomicTests.test_handle_setup_intent_succeeded_is_atomic ... ok
billing.tests.test_r5_atomicity_and_refund_idempotency.HandlersAreAtomicTests.test_payment_intent_failed_handler_still_works_wrapped_in_atomic ... ok
billing.tests.test_r5_atomicity_and_refund_idempotency.HandlersAreAtomicTests.test_payment_intent_failed_logs_overage_decline ... ok
billing.tests.test_r5_atomicity_and_refund_idempotency.HandlersAreAtomicTests.test_setup_intent_handler_still_works_wrapped_in_atomic ... ok
billing.tests.test_r5_atomicity_and_refund_idempotency.RefundIdempotencyKeyTests.test_different_payment_intents_get_different_keys ... ok
billing.tests.test_r5_atomicity_and_refund_idempotency.RefundIdempotencyKeyTests.test_idempotency_key_is_stable_across_repeated_calls ... ok
billing.tests.test_r5_atomicity_and_refund_idempotency.RefundIdempotencyKeyTests.test_open_invoice_is_voided_not_refunded_no_idempotency_key_needed ... ok
billing.tests.test_r5_atomicity_and_refund_idempotency.RefundIdempotencyKeyTests.test_refund_includes_deterministic_idempotency_key ... ok
billing.tests.test_receipt_replay_scale.ReplaySafeFailedEventsScaleTests.test_selection_cost_does_not_grow_with_the_table ... ok
billing.tests.test_receipts.BackfillReceiptUrlsCommandTests.test_dry_run_writes_nothing ... ok
billing.tests.test_receipts.BackfillReceiptUrlsCommandTests.test_uses_bounded_lookup_and_never_overwrites ... ok
billing.tests.test_receipts.FillReceiptUrlTests.test_fills_empty_string_link ... ok
billing.tests.test_receipts.FillReceiptUrlTests.test_fills_missing_link ... ok
billing.tests.test_receipts.FillReceiptUrlTests.test_link_set_during_lookup_is_not_overwritten ... ok
billing.tests.test_receipts.FillReceiptUrlTests.test_missing_row ... ok
billing.tests.test_receipts.FillReceiptUrlTests.test_never_overwrites_and_makes_no_call_when_set ... ok
billing.tests.test_receipts.FillReceiptUrlTests.test_row_without_stripe_reference ... ok
billing.tests.test_receipts.FillReceiptUrlTests.test_task_wrapper ... ok
billing.tests.test_receipts.FillReceiptUrlTests.test_unresolved_leaves_row_for_the_sweep ... ok
billing.tests.test_receipts.LookupReceiptUrlTests.test_bounded_client_short_timeout_and_no_retries ... ok
billing.tests.test_receipts.LookupReceiptUrlTests.test_network_timeout_returns_none ... ok
billing.tests.test_receipts.LookupReceiptUrlTests.test_no_reference_makes_no_call ... ok
billing.tests.test_receipts.LookupReceiptUrlTests.test_payment_intent_without_charge_returns_none ... ok
billing.tests.test_receipts.LookupReceiptUrlTests.test_priority_invoice_then_charge_then_payment_intent ... ok
billing.tests.test_receipts.LookupReceiptUrlTests.test_stripe_error_returns_none ... ok
billing.tests.test_receipts.LookupReceiptUrlTests.test_unexpanded_latest_charge_returns_none ... ok
billing.tests.test_receipts.LookupReceiptUrlTests.test_unexpected_error_returns_none ... ok
billing.tests.test_receipts.SweepMissingReceiptUrlsTests.test_batch_bound_newest_first ... ok
billing.tests.test_receipts.SweepMissingReceiptUrlsTests.test_beat_schedule_and_health_expectation ... ok
billing.tests.test_receipts.SweepMissingReceiptUrlsTests.test_fills_rows_in_window_only ... ok
billing.tests.test_receipts.SweepMissingReceiptUrlsTests.test_rows_it_cannot_fill_do_not_consume_the_batch ... ok
billing.tests.test_receipts.SweepMissingReceiptUrlsTests.test_sweep_task_wrapper ... ok
billing.tests.test_receipts.SweepMissingReceiptUrlsTests.test_time_budget_stops_the_run ... ok
billing.tests.test_receipts.SweepMissingReceiptUrlsTests.test_unresolved_rows_are_retried_by_a_later_sweep ... ok
billing.tests.test_refund_reconciliation_classification.ReasonDetectionTests.test_a_charge_with_no_refunds_list_is_handled ... ok
billing.tests.test_refund_reconciliation_classification.ReasonDetectionTests.test_a_refund_we_issued_is_recognised ... ok
billing.tests.test_refund_reconciliation_classification.ReasonDetectionTests.test_an_empty_marker_does_not_count ... ok
billing.tests.test_refund_reconciliation_classification.ReasonDetectionTests.test_an_ordinary_refund_is_not_claimed_as_ours ... ok
billing.tests.test_refund_reconciliation_classification.ReasonDetectionTests.test_the_marker_is_also_read_from_the_charge ... ok
billing.tests.test_refund_reconciliation_classification.ReasonDetectionTests.test_unrelated_metadata_does_not_count ... ok
billing.tests.test_refund_reconciliation_classification.SystemRefundIsRecordedQuietlyTests.test_it_does_NOT_raise_a_manual_review_warning ... ok
billing.tests.test_refund_reconciliation_classification.SystemRefundIsRecordedQuietlyTests.test_the_money_is_still_recorded ... ok
billing.tests.test_refund_reconciliation_classification.SystemRefundIsRecordedQuietlyTests.test_the_reason_is_queryable_not_just_prose ... ok
billing.tests.test_refund_reconciliation_classification.SystemRefundIsRecordedQuietlyTests.test_the_record_says_what_it_is ... ok
billing.tests.test_refund_reconciliation_classification.TheMarkerIsActuallyStampedTests.test_the_compensating_refund_carries_the_system_marker ... ok
billing.tests.test_refund_reconciliation_classification.TheMarkerIsActuallyStampedTests.test_the_marker_survives_the_round_trip ... ok
billing.tests.test_refund_reconciliation_classification.UnexplainedRefundStillShoutsTests.test_a_forged_looking_marker_on_an_unrelated_key_does_not_silence_it ... ok
billing.tests.test_refund_reconciliation_classification.UnexplainedRefundStillShoutsTests.test_an_unexplained_refund_still_warns ... ok
billing.tests.test_refund_reconciliation_classification.UnexplainedRefundStillShoutsTests.test_it_is_still_recorded_for_review ... ok
billing.tests.test_refusal_handling.D10CreditDetailNeverSurfacesTest.test_every_describer_returns_the_generic_message ... ok
billing.tests.test_refusal_handling.D10CreditDetailNeverSurfacesTest.test_feature_refusal_text_still_passes_through ... ok
billing.tests.test_refusal_handling.D11EmptyWalletPermissionTest.test_browsable_api_renders_the_refusal_instead_of_crashing ... ok
billing.tests.test_refusal_handling.D11EmptyWalletPermissionTest.test_every_credit_guarded_endpoint_answers_402_with_a_code ... ok
billing.tests.test_refusal_handling.D1ExtractionRewrapTest.test_extract_assignment_text_path_keeps_the_refusal_type ... ok
billing.tests.test_refusal_handling.D1ExtractionRewrapTest.test_small_document_refusal_keeps_its_type_and_is_checked_once ... ok
billing.tests.test_refusal_handling.D2D3AssistantChatRefusalTest.test_school_admin_chat_refusal_is_403 ... ok
billing.tests.test_refusal_handling.D2D3AssistantChatRefusalTest.test_superadmin_assistants_refused_by_kill_switch_are_403 ... ok
billing.tests.test_refusal_handling.D2D3AssistantChatRefusalTest.test_teacher_chat_refusals_are_402_or_403_never_500 ... ok
billing.tests.test_refusal_handling.D4UncaughtRefusalTest.test_sync_assignment_create_refusal_is_402_or_403 ... ok
billing.tests.test_refusal_handling.D5TaskRetryTest.test_extract_answer_background_task_does_not_retry_a_refusal ... ok
billing.tests.test_refusal_handling.D5TaskRetryTest.test_upload_answers_engine_async_does_not_retry_a_refusal ... ok
billing.tests.test_refusal_handling.D6BatchResultErrorTest.test_refused_batch_grade_records_the_refusal_message ... ok
billing.tests.test_refusal_handling.D7WeeklySummaryRefusalTest.test_course_summary_refusal_sends_email_counts_and_warns ... ok
billing.tests.test_refusal_handling.D7WeeklySummaryRefusalTest.test_school_admin_summary_refusal_sends_email_counts_and_warns ... ok
billing.tests.test_refusal_handling.D8TaskFailureLoggingTest.test_refusal_is_logged_at_warning_without_a_stack ... ok
billing.tests.test_refusal_handling.D8TaskFailureLoggingTest.test_transient_failure_still_logs_error_with_stack ... ok
billing.tests.test_refusal_handling.D9StudentSubmissionRefusalStatusTest.test_sync_submission_edit_refusal_is_402_or_403 ... ok
billing.tests.test_refusal_handling_gates.RefusalFailureRecoveryTest.test_a_credit_refusal_is_logged_with_its_real_reason_server_side ... ok
billing.tests.test_refusal_handling_gates.RefusalFailureRecoveryTest.test_a_redelivered_refused_task_stays_refused_and_recharges_nothing ... ok
billing.tests.test_refusal_handling_gates.RefusalFailureRecoveryTest.test_a_refusal_never_charges_and_never_persists ... ok
billing.tests.test_refusal_handling_gates.RefusalFailureRecoveryTest.test_a_transient_failure_still_retries_and_still_logs_an_error ... ok
billing.tests.test_refusal_handling_gates.RefusalFailureRecoveryTest.test_recording_the_refusal_failing_does_not_hide_it ... ok
billing.tests.test_refusal_handling_gates.RefusalIsolationTest.test_a_refused_school_admin_learns_nothing_about_another_school ... ok
billing.tests.test_refusal_handling_gates.RefusalIsolationTest.test_a_refused_student_learns_nothing_about_the_teachers_wallet ... ok
billing.tests.test_refusal_handling_gates.RefusalIsolationTest.test_a_refused_teacher_learns_nothing_about_another_teacher ... ok
billing.tests.test_refusal_handling_gates.RefusalIsolationTest.test_a_student_is_never_told_their_teachers_billing_state ... ok
billing.tests.test_refusal_handling_gates.RefusalIsolationTest.test_an_empty_wallet_refusal_carries_no_wallet_numbers ... ok
billing.tests.test_refusal_handling_gates.RefusalIsolationTest.test_the_teachers_own_refusal_still_states_the_real_reason ... ok
billing.tests.test_refusal_handling_gates.RefusalIsolationTest.test_the_withheld_reason_is_still_recorded_server_side ... ok
billing.tests.test_renewal_guards.FindNewPeriodInvoiceTests.test_accepts_a_latest_invoice_covering_a_new_period ... ok
billing.tests.test_renewal_guards.FindNewPeriodInvoiceTests.test_falls_back_to_listing_when_latest_is_not_the_renewal ... ok
billing.tests.test_renewal_guards.FindNewPeriodInvoiceTests.test_ignores_unpaid_and_non_renewal_invoices ... ok
billing.tests.test_renewal_guards.FindNewPeriodInvoiceTests.test_invoice_without_period_information_never_qualifies ... ok
billing.tests.test_renewal_guards.FindNewPeriodInvoiceTests.test_rejects_the_previous_cycles_paid_invoice ... ok
billing.tests.test_renewal_guards.FindNewPeriodInvoiceTests.test_stripe_list_failure_is_swallowed_and_blocks_renewal ... ok
billing.tests.test_renewal_guards.IndividualInvoiceRenewalGuardTests.test_cancelled_subscription_does_not_get_a_stripe_price_sync ... ok
billing.tests.test_renewal_guards.IndividualInvoiceRenewalGuardTests.test_genuine_renewal_still_renews ... ok
billing.tests.test_renewal_guards.IndividualInvoiceRenewalGuardTests.test_initial_creation_invoice_does_not_renew ... ok
billing.tests.test_renewal_guards.IndividualInvoiceRenewalGuardTests.test_late_invoice_after_cancellation_does_not_resurrect ... ok
billing.tests.test_renewal_guards.IndividualInvoiceRenewalGuardTests.test_legacy_subscription_billing_reason_still_renews ... ok
billing.tests.test_renewal_guards.IndividualInvoiceRenewalGuardTests.test_redelivery_within_a_live_period_does_not_renew ... ok
billing.tests.test_renewal_guards.IndividualInvoiceRenewalGuardTests.test_skipped_invoice_still_syncs_price_and_status ... ok
billing.tests.test_renewal_guards.IndividualInvoiceRenewalGuardTests.test_trial_conversion_still_converts ... ok
billing.tests.test_renewal_guards.IndividualInvoiceRenewalGuardTests.test_upgrade_proration_invoice_does_not_renew ... ok
billing.tests.test_renewal_guards.InvoicePeriodHelperTests.test_prefers_the_furthest_period_across_both_shapes ... ok
billing.tests.test_renewal_guards.InvoicePeriodHelperTests.test_reads_max_line_item_period_end ... ok
billing.tests.test_renewal_guards.InvoicePeriodHelperTests.test_reads_top_level_period_end ... ok
billing.tests.test_renewal_guards.InvoicePeriodHelperTests.test_returns_none_when_no_period_information_exists ... ok
billing.tests.test_renewal_guards.LicenseInvoiceRenewalGuardTests.test_cycle_invoice_renews_an_active_license ... ok
billing.tests.test_renewal_guards.LicenseInvoiceRenewalGuardTests.test_inactive_license_is_never_revived ... ok
billing.tests.test_renewal_guards.LicenseInvoiceRenewalGuardTests.test_non_renewal_invoice_does_not_renew_but_is_recorded ... ok
billing.tests.test_renewal_guards.ProcessLicenseRenewalsSweepTests.test_does_not_renew_off_the_previous_cycles_paid_invoice ... ok
billing.tests.test_renewal_guards.ProcessLicenseRenewalsSweepTests.test_renews_when_stripe_really_billed_a_new_period ... ok
billing.tests.test_renewal_guards.ReconcileSubscriptionRenewalsTests.test_does_not_renew_off_the_previous_cycles_paid_invoice ... ok
billing.tests.test_renewal_guards.ReconcileSubscriptionRenewalsTests.test_renews_when_stripe_really_billed_a_new_period ... ok
billing.tests.test_renewal_guards.ReconcileSubscriptionRenewalsTests.test_unpaid_invoice_still_marks_past_due ... ok
billing.tests.test_rollover_not_double_counted.RolloverNotDoubleCountedTests.test_a_fully_spent_retired_bucket_produces_no_ledger_noise ... ok
billing.tests.test_rollover_not_double_counted.RolloverNotDoubleCountedTests.test_a_genuinely_expired_bucket_still_records_an_expire_row ... ok
billing.tests.test_rollover_not_double_counted.RolloverNotDoubleCountedTests.test_cleanup_does_not_expire_credits_that_were_carried_over ... ok
billing.tests.test_rollover_not_double_counted.RolloverNotDoubleCountedTests.test_the_ledger_totals_reconcile_after_an_upgrade ... ok
billing.tests.test_rollover_not_double_counted.RolloverNotDoubleCountedTests.test_the_wallet_balance_is_unchanged_by_the_fix ... ok
billing.tests.test_rollover_not_double_counted.RolloverNotDoubleCountedTests.test_upgrade_carries_credits_over_exactly_once ... ok
billing.tests.test_scheduled_downgrade_transition.ScheduledDowngradeTransitionTests.test_a_cancelled_row_is_not_resurrected_by_a_transition ... ok
billing.tests.test_scheduled_downgrade_transition.ScheduledDowngradeTransitionTests.test_a_midcycle_proration_does_NOT_renew ... ok
billing.tests.test_scheduled_downgrade_transition.ScheduledDowngradeTransitionTests.test_a_midcycle_proration_still_records_the_money ... ok
billing.tests.test_scheduled_downgrade_transition.ScheduledDowngradeTransitionTests.test_a_normal_subscription_cycle_invoice_still_renews ... ok
billing.tests.test_scheduled_downgrade_transition.ScheduledDowngradeTransitionTests.test_a_scheduled_downgrade_applies_at_the_boundary ... ok
billing.tests.test_scheduled_downgrade_transition.ScheduledDowngradeTransitionTests.test_an_unrelated_billing_reason_still_does_not_renew ... ok
billing.tests.test_scheduled_downgrade_transition.ScheduledDowngradeTransitionTests.test_redelivering_the_transition_invoice_does_not_renew_twice ... ok
billing.tests.test_scheduled_downgrade_transition.ScheduledDowngradeTransitionTests.test_the_billing_period_advances_to_stripes_period ... ok
billing.tests.test_scheduled_downgrade_transition.ScheduledDowngradeTransitionTests.test_the_customer_receives_exactly_one_new_credit_cycle ... ok
billing.tests.test_scheduled_downgrade_transition.ScheduledDowngradeTransitionTests.test_the_money_is_still_recorded ... ok
billing.tests.test_scheduled_downgrade_transition.ScheduledDowngradeTransitionTests.test_the_new_credits_are_the_NEW_plans_allocation ... ok
billing.tests.test_scheduled_downgrade_transition.ScheduledDowngradeTransitionTests.test_the_pending_plan_is_cleared_once_applied ... ok
billing.tests.test_stripe_customer_idempotency.StripeCustomerCreationIdempotencyTests.test_an_existing_customer_is_never_recreated ... ok
billing.tests.test_stripe_customer_idempotency.StripeCustomerCreationIdempotencyTests.test_creation_sends_a_stable_idempotency_key ... ok
billing.tests.test_stripe_customer_idempotency.StripeCustomerCreationIdempotencyTests.test_the_customer_id_is_persisted_to_the_wallet ... ok
billing.tests.test_stripe_customer_idempotency.StripeCustomerCreationIdempotencyTests.test_two_racing_creates_send_the_same_key ... ok
billing.tests.test_stripe_customer_idempotency.StripeLicenseCustomerIdempotencyTests.test_an_existing_license_customer_is_never_recreated ... ok
billing.tests.test_stripe_customer_idempotency.StripeLicenseCustomerIdempotencyTests.test_license_creation_sends_a_stable_idempotency_key ... ok
billing.tests.test_stripe_live_qa.AssertTestModeTests.test_both_live_keys_refused ... ok
billing.tests.test_stripe_live_qa.AssertTestModeTests.test_both_test_keys_allowed ... ok
billing.tests.test_stripe_live_qa.AssertTestModeTests.test_error_message_never_contains_the_key ... ok
billing.tests.test_stripe_live_qa.AssertTestModeTests.test_missing_keys_refused ... ok
billing.tests.test_stripe_live_qa.AssertTestModeTests.test_runtime_live_configured_test_refused ... ok
billing.tests.test_stripe_live_qa.AssertTestModeTests.test_runtime_test_configured_live_refused ... ok
billing.tests.test_stripe_live_qa.CheckRecorderTests.test_expect_close_fails_beyond_tolerance ... ok
billing.tests.test_stripe_live_qa.CheckRecorderTests.test_expect_close_fails_on_none_rather_than_raising ... ok
billing.tests.test_stripe_live_qa.CheckRecorderTests.test_expect_close_tolerates_sub_tolerance_drift ... ok
billing.tests.test_stripe_live_qa.CheckRecorderTests.test_expect_returns_the_condition_so_scenarios_can_bail_out ... ok
billing.tests.test_stripe_live_qa.CheckRecorderTests.test_records_every_failure_rather_than_stopping_at_the_first ... ok
billing.tests.test_stripe_live_qa.EnablementTests.test_disabled_by_toggle_even_with_test_keys ... ok
billing.tests.test_stripe_live_qa.EnablementTests.test_email_domain_falls_back_to_non_routable_default ... ok
billing.tests.test_stripe_live_qa.EnablementTests.test_email_domain_is_normalised ... ok
billing.tests.test_stripe_live_qa.EnablementTests.test_enabled_with_toggle_and_test_keys ... ok
billing.tests.test_stripe_live_qa.EnablementTests.test_toggle_alone_cannot_enable_against_live_keys ... ok
billing.tests.test_stripe_live_qa.EventCustomerExtractionTests.test_reads_a_plain_customer_id ... ok
billing.tests.test_stripe_live_qa.EventCustomerExtractionTests.test_reads_an_expanded_customer_object ... ok
billing.tests.test_stripe_live_qa.EventCustomerExtractionTests.test_returns_none_for_events_without_a_customer ... ok
billing.tests.test_stripe_live_qa.EventCustomerExtractionTests.test_returns_none_for_malformed_events_instead_of_raising ... ok
billing.tests.test_stripe_live_qa.GuardedCallTests.test_passes_through_arguments_and_result_in_test_mode ... ok
billing.tests.test_stripe_live_qa.GuardedCallTests.test_rechecks_on_every_call_so_a_mid_run_key_swap_is_caught ... ok
billing.tests.test_stripe_live_qa.GuardedCallTests.test_refuses_before_invoking_the_callable ... ok
billing.tests.test_stripe_live_qa.HarnessCleanupTests.test_deletes_local_users_it_created ... ok
billing.tests.test_stripe_live_qa.HarnessCleanupTests.test_deletes_test_clocks ... ok
billing.tests.test_stripe_live_qa.HarnessCleanupTests.test_deletes_the_ledger_rows_the_run_created ... ok
billing.tests.test_stripe_live_qa.HarnessCleanupTests.test_one_failure_does_not_abandon_the_rest_of_cleanup ... ok
billing.tests.test_stripe_live_qa.HarnessCleanupTests.test_returns_errors_instead_of_raising ... ok
billing.tests.test_stripe_live_qa.HarnessConstructionTests.test_cannot_be_constructed_against_live_keys ... ok
billing.tests.test_stripe_live_qa.HarnessConstructionTests.test_cannot_be_constructed_while_disabled ... ok
billing.tests.test_stripe_live_qa.HarnessDrainTests.test_dispatches_through_the_real_webhook_path ... ok
billing.tests.test_stripe_live_qa.HarnessDrainTests.test_event_is_marked_dispatched_before_dispatch_so_a_raise_cannot_loop ... ok
billing.tests.test_stripe_live_qa.HarnessFetchEventsTests.test_already_dispatched_events_are_not_returned_again ... ok
billing.tests.test_stripe_live_qa.HarnessFetchEventsTests.test_event_window_starts_before_now_to_absorb_clock_skew ... ok
billing.tests.test_stripe_live_qa.HarnessFetchEventsTests.test_filters_to_the_requested_customer ... ok
billing.tests.test_stripe_live_qa.HarnessFetchEventsTests.test_returns_events_oldest_first ... ok
billing.tests.test_stripe_live_qa.HarnessFetchEventsTests.test_same_second_events_are_ordered_deterministically ... ok
billing.tests.test_stripe_live_qa.KeyClassificationTests.test_empty_and_none_are_not_test_keys ... ok
billing.tests.test_stripe_live_qa.KeyClassificationTests.test_live_key_is_not_a_test_key ... ok
billing.tests.test_stripe_live_qa.KeyClassificationTests.test_only_sk_test_prefix_is_a_test_key ... ok
billing.tests.test_stripe_live_qa.KeyClassificationTests.test_restricted_and_publishable_keys_are_not_test_keys ... ok
billing.tests.test_stripe_live_qa.ManagementCommandTests.test_cleanup_errors_alone_fail_the_command ... ok
billing.tests.test_stripe_live_qa.ManagementCommandTests.test_failing_run_raises_command_error_so_cron_sees_a_non_zero_exit ... ok
billing.tests.test_stripe_live_qa.ManagementCommandTests.test_list_does_not_require_enablement_or_touch_stripe ... ok
billing.tests.test_stripe_live_qa.ManagementCommandTests.test_passing_run_exits_cleanly ... ok
billing.tests.test_stripe_live_qa.ManagementCommandTests.test_refusal_is_a_command_error_not_a_traceback ... ok
billing.tests.test_stripe_live_qa.NightlyTaskTests.test_configuration_problems_warn_rather_than_page ... ok
billing.tests.test_stripe_live_qa.NightlyTaskTests.test_is_a_no_op_against_live_keys ... ok
billing.tests.test_stripe_live_qa.NightlyTaskTests.test_is_a_no_op_when_disabled ... ok
billing.tests.test_stripe_live_qa.NightlyTaskTests.test_logs_an_error_naming_the_scenario_and_repair_command ... ok
billing.tests.test_stripe_live_qa.RequirePlanTests.test_raises_an_actionable_error_when_no_wired_plan_exists ... ok
billing.tests.test_stripe_live_qa.RunSuiteTests.test_a_raising_scenario_does_not_stop_the_others ... ok
billing.tests.test_stripe_live_qa.RunSuiteTests.test_cleanup_runs_even_when_a_scenario_raises ... ok
billing.tests.test_stripe_live_qa.RunSuiteTests.test_failed_checks_mark_the_scenario_failed ... ok
billing.tests.test_stripe_live_qa.RunSuiteTests.test_keep_objects_skips_cleanup ... ok
billing.tests.test_stripe_live_qa.RunSuiteTests.test_rejects_unknown_scenario_names ... ok
billing.tests.test_stripe_live_qa.RunSuiteTests.test_summary_reports_counts ... ok
billing.tests.test_stripe_live_qa.SuiteResultTests.test_cleanup_errors_alone_fail_the_run ... ok
billing.tests.test_stripe_live_qa.SuiteResultTests.test_empty_run_passes ... ok
billing.tests.test_subscription_cancel.CancelGuardTests.test_cancels_only_the_requesting_users_subscription ... ok
billing.tests.test_subscription_cancel.CancelGuardTests.test_concurrent_billing_change_is_rejected ... ok
billing.tests.test_subscription_cancel.CancelGuardTests.test_inactive_subscription_is_not_cancellable ... ok
billing.tests.test_subscription_cancel.CancelGuardTests.test_lock_is_released_after_a_404 ... ok
billing.tests.test_subscription_cancel.CancelGuardTests.test_lock_is_released_even_when_the_request_fails ... ok
billing.tests.test_subscription_cancel.CancelGuardTests.test_no_active_subscription_returns_404 ... ok
billing.tests.test_subscription_cancel.CancelGuardTests.test_students_cannot_cancel ... ok
billing.tests.test_subscription_cancel.CancelGuardTests.test_unauthenticated_cannot_cancel ... ok
billing.tests.test_subscription_cancel.CancelHappyPathTests.test_clears_auto_renew_locally ... ok
billing.tests.test_subscription_cancel.CancelHappyPathTests.test_does_not_deactivate_or_shorten_the_current_period ... ok
billing.tests.test_subscription_cancel.CancelHappyPathTests.test_no_stripe_subscription_id_skips_stripe_entirely ... ok
billing.tests.test_subscription_cancel.CancelHappyPathTests.test_response_shape ... ok
billing.tests.test_subscription_cancel.CancelHappyPathTests.test_sets_cancel_at_period_end_on_stripe ... ok
billing.tests.test_subscription_cancel.CancelIdempotencyTests.test_already_not_renewing_reports_so ... ok
billing.tests.test_subscription_cancel.CancelIdempotencyTests.test_already_not_renewing_still_reasserts_on_stripe ... ok
billing.tests.test_subscription_cancel.CancelIdempotencyTests.test_cancelling_twice_in_a_row_succeeds ... ok
billing.tests.test_subscription_cancel.CancelIdempotencyTests.test_pending_change_means_not_already_cancelled ... ok
billing.tests.test_subscription_cancel.CancelStripeFailureTests.test_modify_failure_after_release_clears_the_orphaned_pending_change ... ok
billing.tests.test_subscription_cancel.CancelStripeFailureTests.test_retrying_after_a_failed_modify_succeeds ... ok
billing.tests.test_subscription_cancel.CancelStripeFailureTests.test_schedule_release_failure_aborts_before_touching_anything ... ok
billing.tests.test_subscription_cancel.CancelStripeFailureTests.test_stripe_modify_failure_leaves_local_state_untouched ... ok
billing.tests.test_subscription_cancel.CancelThenResumeTests.test_cancel_then_resume_restores_renewal ... ok
billing.tests.test_subscription_cancel.CancelThenResumeTests.test_resume_does_not_restore_a_cancelled_plan_change ... ok
billing.tests.test_subscription_cancel.CancelWithPendingPlanChangeTests.test_already_released_schedule_is_not_an_error ... ok
billing.tests.test_subscription_cancel.CancelWithPendingPlanChangeTests.test_clears_all_pending_fields ... ok
billing.tests.test_subscription_cancel.CancelWithPendingPlanChangeTests.test_message_mentions_the_cancelled_plan_change ... ok
billing.tests.test_subscription_cancel.CancelWithPendingPlanChangeTests.test_releases_schedule_before_setting_cancel_at_period_end ... ok
billing.tests.test_subscription_cancel.CancelWithPendingPlanChangeTests.test_releases_the_stripe_schedule ... ok
billing.tests.test_subscription_cancel.CancelWithPendingPlanChangeTests.test_schedule_id_without_pending_plan_is_still_cleared ... ok
billing.tests.test_subscription_cycle_integrity.ApplyImmediatePlanChangeDirectTestCase.test_preserves_cycle_and_swaps_plan_in_place ... ok
billing.tests.test_subscription_cycle_integrity.ApplyImmediatePlanChangeDirectTestCase.test_rejects_inactive_subscription ... ok
billing.tests.test_subscription_cycle_integrity.ApplyImmediatePlanChangeDirectTestCase.test_rejects_interval_crossing ... ok
billing.tests.test_subscription_cycle_integrity.DowngradeAfterUpgradeDateIntegrityTestCase.test_downgrade_after_upgrade_targets_the_original_cycle_boundary ... ok
billing.tests.test_subscription_cycle_integrity.MultiCycleRenewalSimulationTestCase.test_interval_crossing_to_annual_then_year_of_mid_cycle_grants ... ok
billing.tests.test_subscription_cycle_integrity.MultiCycleRenewalSimulationTestCase.test_mid_cycle_upgrade_then_twelve_real_monthly_renewals ... ok
billing.tests.test_subscription_cycle_integrity.UpgradeEntryPointCycleIntegrityTestCase.test_apply_upgrade_directly_preserves_cycle_for_same_interval ... ok
billing.tests.test_subscription_cycle_integrity.UpgradeEntryPointCycleIntegrityTestCase.test_apply_upgrade_directly_resets_cycle_for_interval_crossing ... ok
billing.tests.test_subscription_cycle_integrity.UpgradeEntryPointCycleIntegrityTestCase.test_webhook_preserves_cycle_for_same_interval ... ok
billing.tests.test_subscription_cycle_integrity.UpgradeEntryPointCycleIntegrityTestCase.test_webhook_resets_cycle_for_interval_crossing ... ok
billing.tests.test_subscription_me_payload_samples.SubscriptionMePayloadSampleTests.test_individual_active ... ok
billing.tests.test_subscription_me_payload_samples.SubscriptionMePayloadSampleTests.test_individual_expired ... ok
billing.tests.test_subscription_me_payload_samples.SubscriptionMePayloadSampleTests.test_individual_none ... ok
billing.tests.test_subscription_me_payload_samples.SubscriptionMePayloadSampleTests.test_license_admin_active ... ok
billing.tests.test_subscription_me_payload_samples.SubscriptionMePayloadSampleTests.test_license_admin_expired ... ok
billing.tests.test_subscription_me_payload_samples.SubscriptionMePayloadSampleTests.test_license_teacher_active ... ok
billing.tests.test_subscription_me_payload_samples.SubscriptionMePayloadSampleTests.test_license_teacher_expired_allocation_deactivated ... ok
billing.tests.test_subscription_me_payload_samples.SubscriptionMePayloadSampleTests.test_license_teacher_expired_parent_license_lapsed ... ok
billing.tests.test_subscription_me_payload_samples.SubscriptionMePayloadSampleTests.test_student_caller_is_refused ... ok
billing.tests.test_subscription_me_status.ActiveStatusTests.test_active_individual_subscription_reports_status_active ... ok
billing.tests.test_subscription_me_status.ActiveStatusTests.test_active_license_admin_reports_status_active ... ok
billing.tests.test_subscription_me_status.ActiveStatusTests.test_active_license_teacher_reports_status_active ... ok
billing.tests.test_subscription_me_status.ExpiredStatusTests.test_active_license_context_takes_precedence_over_inactive_individual_sub ... ok
billing.tests.test_subscription_me_status.ExpiredStatusTests.test_expired_nulls_out_renewal_fields_instead_of_negative_days ... ok
billing.tests.test_subscription_me_status.ExpiredStatusTests.test_expired_still_carries_cancellation_reason ... ok
billing.tests.test_subscription_me_status.ExpiredStatusTests.test_lapsed_individual_subscription_reports_status_expired ... ok
billing.tests.test_subscription_me_status.ExpiredStatusTests.test_most_recent_inactive_subscription_is_the_one_returned ... ok
billing.tests.test_subscription_me_status.LicenseAdminExpiredTests.test_expired_license_admin_nulls_days_until_renewal ... ok
billing.tests.test_subscription_me_status.LicenseAdminExpiredTests.test_expired_license_admin_reports_zero_managed_licenses ... ok
billing.tests.test_subscription_me_status.LicenseAdminExpiredTests.test_lapsed_license_admin_reports_status_expired ... ok
billing.tests.test_subscription_me_status.LicenseAdminExpiredTests.test_most_recent_lapsed_license_is_the_one_returned ... ok
billing.tests.test_subscription_me_status.LicenseTeacherExpiredTests.test_admin_allocation_never_surfaces_as_a_teacher_expired_row ... ok
billing.tests.test_subscription_me_status.LicenseTeacherExpiredTests.test_admin_only_allocation_without_managed_license_is_excluded_from_teacher_lookup ... ok
billing.tests.test_subscription_me_status.LicenseTeacherExpiredTests.test_expired_teacher_nulls_days_until_next_credit_grant ... ok
billing.tests.test_subscription_me_status.LicenseTeacherExpiredTests.test_license_itself_lapsed_reports_status_expired_and_is_license_active_false ... ok
billing.tests.test_subscription_me_status.LicenseTeacherExpiredTests.test_most_recently_updated_lapsed_allocation_is_the_one_returned ... ok
billing.tests.test_subscription_me_status.LicenseTeacherExpiredTests.test_teachers_own_allocation_deactivated_reports_status_expired ... ok
billing.tests.test_subscription_me_status.NoneStatusTests.test_none_response_is_exactly_status_and_message_no_other_fields ... ok
billing.tests.test_subscription_me_status.NoneStatusTests.test_user_who_never_had_a_subscription_reports_status_none ... ok
billing.tests.test_subscription_me_status.PriorityOrderExpiredTests.test_expired_individual_history_wins_over_expired_license_admin_history ... ok
billing.tests.test_subscription_me_status.PriorityOrderExpiredTests.test_expired_license_admin_history_wins_over_expired_license_teacher_history ... ok
billing.tests.test_subscription_reactivation.AutoResumeThenRenewalTestCase.test_auto_resumed_subscription_keeps_renewing_across_multiple_cycles ... ok
billing.tests.test_subscription_reactivation.AutoResumeThenRenewalTestCase.test_auto_resumed_subscription_renews_on_next_cycle ... ok
billing.tests.test_subscription_reactivation.AutoResumeThenRenewalTestCase.test_resume_via_endpoint_then_renewal_succeeds ... ok
billing.tests.test_subscription_reactivation.SelectPlanAutoResumeTestCase.test_downgrade_auto_resumes_and_note_stays_clean ... ok
billing.tests.test_subscription_reactivation.SelectPlanAutoResumeTestCase.test_downgrade_blocked_when_fully_canceled ... ok
billing.tests.test_subscription_reactivation.SelectPlanAutoResumeTestCase.test_lateral_scheduled_auto_resumes ... ok
billing.tests.test_subscription_reactivation.SelectPlanAutoResumeTestCase.test_upgrade_auto_resumes ... ok
billing.tests.test_subscription_reactivation.SelectPlanAutoResumeTestCase.test_upgrade_scheduled_auto_resumes ... ok
billing.tests.test_subscription_reactivation.SubscriptionReactivationServiceTestCase.test_blocks_fully_canceled ... ok
billing.tests.test_subscription_reactivation.SubscriptionReactivationServiceTestCase.test_clears_and_flips_auto_renew ... ok
billing.tests.test_subscription_reactivation.SubscriptionReactivationServiceTestCase.test_compensating_rollback_on_save_failure ... ok
billing.tests.test_subscription_reactivation.SubscriptionReactivationServiceTestCase.test_noop_when_no_stripe_subscription_id ... ok
billing.tests.test_subscription_reactivation.SubscriptionReactivationServiceTestCase.test_noop_when_not_cancelling ... ok
billing.tests.test_subscription_reactivation.SubscriptionReactivationServiceTestCase.test_raises_expired_during_request_when_row_superseded ... ok
billing.tests.test_subscription_reactivation.SubscriptionReactivationServiceTestCase.test_surfaces_past_due_warning ... ok
billing.tests.test_subscription_reactivation.SubscriptionResumeTestCase.test_already_active_noop ... ok
billing.tests.test_subscription_reactivation.SubscriptionResumeTestCase.test_already_renewed_race ... ok
billing.tests.test_subscription_reactivation.SubscriptionResumeTestCase.test_billing_period_already_ended ... ok
billing.tests.test_subscription_reactivation.SubscriptionResumeTestCase.test_fully_canceled_rejection ... ok
billing.tests.test_subscription_reactivation.SubscriptionResumeTestCase.test_no_active_subscription ... ok
billing.tests.test_subscription_reactivation.SubscriptionResumeTestCase.test_past_due_warning_surfaces ... ok
billing.tests.test_subscription_reactivation.SubscriptionResumeTestCase.test_successful_resume ... ok
billing.tests.test_subscription_reactivation.SubscriptionResumeTestCase.test_trial_cancelling_message ... ok
billing.tests.test_subscription_reactivation.SubscriptionResumeTestCase.test_trial_not_cancelling_message ... ok
billing.tests.test_subscription_updated_webhook.DispatchTableTests.test_customer_subscription_updated_is_registered ... ok
billing.tests.test_subscription_updated_webhook.DispatchTableTests.test_handler_is_atomic ... ok
billing.tests.test_subscription_updated_webhook.IndividualSubscriptionUpdatedTests.test_canceled_from_dashboard_deactivates_the_row ... ok
billing.tests.test_subscription_updated_webhook.IndividualSubscriptionUpdatedTests.test_dashboard_side_pause_is_synced ... ok
billing.tests.test_subscription_updated_webhook.IndividualSubscriptionUpdatedTests.test_does_not_touch_plan_or_billing_period ... ok
billing.tests.test_subscription_updated_webhook.IndividualSubscriptionUpdatedTests.test_only_the_active_row_is_matched ... ok
billing.tests.test_subscription_updated_webhook.IndividualSubscriptionUpdatedTests.test_same_status_replay_is_a_no_op ... ok
billing.tests.test_subscription_updated_webhook.IndividualSubscriptionUpdatedTests.test_unmapped_status_is_left_alone ... ok
billing.tests.test_subscription_updated_webhook.IndividualSubscriptionUpdatedTests.test_unpaid_from_dashboard_deactivates_the_row ... ok
billing.tests.test_subscription_updated_webhook.LicenseSubscriptionUpdatedTests.test_canceled_from_dashboard_deactivates_the_license ... ok
billing.tests.test_subscription_updated_webhook.LicenseSubscriptionUpdatedTests.test_dashboard_side_past_due_is_synced ... ok
billing.tests.test_subscription_updated_webhook.LicenseSubscriptionUpdatedTests.test_individual_lookup_does_not_fire_for_a_license_id ... ok
billing.tests.test_subscription_updated_webhook.NoMatchingSubscriptionTests.test_unknown_subscription_id_is_a_silent_no_op ... ok
billing.tests.test_subscription_upgrade.CreateUpgradeCheckoutSessionTestCase.test_proceeds_normally_when_not_scheduled_to_cancel ... ok
billing.tests.test_subscription_upgrade.SchedulePlanChangeGuardTestCase.test_proceeds_normally_when_not_scheduled_to_cancel ... ok
billing.tests.test_subscription_upgrade.SubscriptionUpgradeTestCase.test_card_declined_synchronously_during_modify_reverts ... ok
billing.tests.test_subscription_upgrade.SubscriptionUpgradeTestCase.test_card_declined_synchronously_reverts_price_when_revert_succeeds ... ok
billing.tests.test_subscription_upgrade.SubscriptionUpgradeTestCase.test_declined_invoice_reverts_price_and_grants_no_credits ... ok
billing.tests.test_subscription_upgrade.SubscriptionUpgradeTestCase.test_interval_crossing_upgrade_resets_billing_cycle ... ok
billing.tests.test_subscription_upgrade.SubscriptionUpgradeTestCase.test_rejects_new_plan_with_no_stripe_price_id ... ok
billing.tests.test_subscription_upgrade.SubscriptionUpgradeTestCase.test_rejects_subscription_with_no_stripe_id ... ok
billing.tests.test_subscription_upgrade.SubscriptionUpgradeTestCase.test_requires_action_gives_clear_message_and_reverts ... ok
billing.tests.test_subscription_upgrade.SubscriptionUpgradeTestCase.test_revert_failure_after_declined_invoice_is_logged_not_raised ... ok
billing.tests.test_subscription_upgrade.SubscriptionUpgradeTestCase.test_same_interval_upgrade_applies_in_place ... ok
billing.tests.test_subscription_upgrade.SubscriptionUpgradeTestCase.test_upgrade_clears_previously_scheduled_change ... ok
billing.tests.test_subscription_upgrade.SubscriptionUpgradeTestCase.test_upgrade_preserves_overage_blocks_used ... ok
billing.tests.test_subscription_upgrade.SubscriptionUpgradeTestCase.test_upgrade_rolls_over_unused_credits_under_new_plan_cap ... ok
billing.tests.test_subscription_upgrade.SubscriptionUpgradeTestCase.test_upgrade_succeeds_when_no_proration_invoice_is_generated ... ok
billing.tests.test_track_separation.HalfCrossingTests.test_a_school_cannot_be_attached_to_a_personal_email_teacher ... ok
billing.tests.test_track_separation.HalfCrossingTests.test_a_school_may_be_attached_to_a_business_email_teacher ... ok
billing.tests.test_track_separation.HalfCrossingTests.test_detaching_a_school_is_still_allowed ... ok
billing.tests.test_track_separation.IndividualToLicenseTests.test_a_personal_email_teacher_cannot_be_invited_onto_a_license ... ok
billing.tests.test_track_separation.IndividualToLicenseTests.test_an_individual_subscriber_cannot_be_enrolled ... ok
billing.tests.test_track_separation.IndividualToLicenseTests.test_consumer_alias_domains_cannot_be_invited_either ... ok
billing.tests.test_track_separation.LicenseToIndividualTests.test_a_lapsed_license_does_not_block_its_teachers ... ok
billing.tests.test_track_separation.LicenseToIndividualTests.test_a_teacher_removed_from_the_license_may_subscribe ... ok
billing.tests.test_track_separation.LicenseToIndividualTests.test_an_unaffiliated_teacher_is_unaffected ... ok
billing.tests.test_track_separation.LicenseToIndividualTests.test_license_admin_cannot_buy_an_individual_plan ... ok
billing.tests.test_track_separation.LicenseToIndividualTests.test_licensed_teacher_cannot_buy_an_individual_plan ... ok
billing.tests.test_track_separation.LicenseToIndividualTests.test_no_stripe_checkout_session_is_ever_opened ... ok
billing.tests.test_track_separation.LicenseToIndividualTests.test_the_checkout_builder_refuses_too ... ok
billing.tests.test_track_separation.LicenseToIndividualTests.test_the_plan_change_lock_is_not_left_held ... ok
billing.tests.test_trial_forfeiture_on_activation.ActivateSubscriptionForfeitsLingeringTrialTests.test_a_trial_bucket_already_processed_is_left_alone ... ok
billing.tests.test_trial_forfeiture_on_activation.ActivateSubscriptionForfeitsLingeringTrialTests.test_forfeiture_logs_an_expire_ledger_entry_for_the_unused_amount ... ok
billing.tests.test_trial_forfeiture_on_activation.ActivateSubscriptionForfeitsLingeringTrialTests.test_fully_exhausted_trial_forfeits_with_no_ledger_noise ... ok
billing.tests.test_trial_forfeiture_on_activation.ActivateSubscriptionForfeitsLingeringTrialTests.test_lingering_trial_bucket_is_forfeited_on_activation ... ok
billing.tests.test_trial_forfeiture_on_activation.ActivateSubscriptionForfeitsLingeringTrialTests.test_only_the_current_users_trial_bucket_is_touched ... ok
billing.tests.test_trial_forfeiture_on_activation.ActivateSubscriptionForfeitsLingeringTrialTests.test_partially_used_trial_only_forfeits_the_unused_remainder ... ok
billing.tests.test_trial_forfeiture_on_activation.ActivateSubscriptionForfeitsLingeringTrialTests.test_total_remaining_credits_no_longer_double_counts_the_trial ... ok
billing.tests.test_trial_forfeiture_on_activation.ActivateSubscriptionForfeitsLingeringTrialTests.test_user_with_no_trial_at_all_is_unaffected ... ok
billing.tests.test_trial_to_annual_conversion.CheckoutConversionTests.test_annual_grant_task_can_find_the_converted_subscription ... ok
billing.tests.test_trial_to_annual_conversion.CheckoutConversionTests.test_grant_date_survives_the_save ... ok
billing.tests.test_trial_to_annual_conversion.CheckoutConversionTests.test_monthly_plan_conversion_is_unchanged ... ok
billing.tests.test_trial_to_annual_conversion.StripeFinalizedAnnualConversionTests.test_grant_date_is_persisted_and_bucket_expires_monthly ... ok
billing.tests.test_trial_to_annual_conversion.StripeFinalizedAnnualConversionTests.test_monthly_plan_conversion_is_unchanged ... ok
billing.tests.test_trial_to_annual_conversion.StripeFinalizedAnnualConversionTests.test_subscriber_receives_credits_in_every_month_of_the_year ... ok
billing.tests.test_usage_log_query_count.CreditUsageLogListQueryCountTests.test_query_count_stays_within_budget ... ok
billing.tests.test_usage_log_query_count.CreditUsageLogListQueryCountTests.test_the_serialized_bucket_type_is_still_correct ... ok
billing.tests.test_webhook_idempotency.AtomicRequestsCheckTests.test_error_when_atomic_requests_is_enabled ... ok
billing.tests.test_webhook_idempotency.AtomicRequestsCheckTests.test_no_error_by_default ... ok
billing.tests.test_webhook_idempotency.BackfillCommandExcludesUnsucceededEventsTests.test_only_succeeded_events_are_backfilled ... ok
billing.tests.test_webhook_idempotency.ClaimStripeEventTests.test_brand_new_event_is_claimed ... ok
billing.tests.test_webhook_idempotency.ClaimStripeEventTests.test_failed_event_is_reclaimable ... ok
billing.tests.test_webhook_idempotency.ClaimStripeEventTests.test_fresh_processing_claim_blocks_a_second_delivery ... ok
billing.tests.test_webhook_idempotency.ClaimStripeEventTests.test_payload_and_type_are_refreshed_on_reclaim ... ok
billing.tests.test_webhook_idempotency.ClaimStripeEventTests.test_processing_row_with_null_claimed_at_is_claimable ... ok
billing.tests.test_webhook_idempotency.ClaimStripeEventTests.test_stale_processing_claim_is_stealable ... ok
billing.tests.test_webhook_idempotency.ClaimStripeEventTests.test_staleness_boundary_just_inside_is_still_in_flight ... ok
billing.tests.test_webhook_idempotency.ClaimStripeEventTests.test_succeeded_event_is_not_reclaimed ... ok
billing.tests.test_webhook_idempotency.DispatchTests.test_duplicate_of_succeeded_event_skips_the_handler ... ok
billing.tests.test_webhook_idempotency.DispatchTests.test_failed_event_is_retried_on_redelivery ... ok
billing.tests.test_webhook_idempotency.DispatchTests.test_handler_failure_keeps_the_row_as_failed ... ok
billing.tests.test_webhook_idempotency.DispatchTests.test_in_flight_event_returns_409_without_running_the_handler ... ok
billing.tests.test_webhook_idempotency.DispatchTests.test_stale_claim_is_reclaimed_and_handler_runs ... ok
billing.tests.test_webhook_idempotency.DispatchTests.test_success_marks_succeeded ... ok
billing.tests.test_webhook_idempotency.DispatchTests.test_unknown_event_type_is_recorded_and_settled ... ok
billing.tests.test_webhook_idempotency.FinishStripeEventTests.test_error_text_is_truncated ... ok
billing.tests.test_webhook_idempotency.FinishStripeEventTests.test_owner_settles_the_row ... ok
billing.tests.test_webhook_idempotency.FinishStripeEventTests.test_stale_owner_cannot_stomp_the_new_owners_result ... ok
billing.tests.test_webhook_idempotency.ReplayStripeEventsCommandTests.test_a_replay_that_fails_again_stays_failed ... ok
billing.tests.test_webhook_idempotency.ReplayStripeEventsCommandTests.test_apply_replays_the_stored_payload_and_settles_the_row ... ok
billing.tests.test_webhook_idempotency.ReplayStripeEventsCommandTests.test_dry_run_is_the_default_and_changes_nothing ... ok
billing.tests.test_webhook_idempotency.ReplayStripeEventsCommandTests.test_event_id_filter_selects_a_single_event ... ok
billing.tests.test_webhook_idempotency.ReplayStripeEventsCommandTests.test_succeeded_events_are_never_replayed ... ok
billing.tests.test_webhook_idempotency.SweepStaleStripeEventsTests.test_a_stale_claim_that_HAD_STARTED_is_settled_as_failed ... ok
billing.tests.test_webhook_idempotency.SweepStaleStripeEventsTests.test_a_stale_claim_that_NEVER_STARTED_is_re_dispatched ... ok
billing.tests.test_webhook_idempotency.SweepStaleStripeEventsTests.test_failures_are_split_by_stripes_retry_window ... ok
billing.tests.test_webhook_idempotency.SweepStaleStripeEventsTests.test_fresh_claim_and_succeeded_rows_are_left_alone ... ok
billing.tests.test_webhook_idempotency.SweepStaleStripeEventsTests.test_task_runs_with_no_arguments ... ok
billing.tests.test_webhook_idempotency.WebhookEndpointTests.test_a_broker_outage_returns_500_so_stripe_retries ... ok
billing.tests.test_webhook_idempotency.WebhookEndpointTests.test_bad_signature_is_rejected_without_touching_the_ledger ... ok
billing.tests.test_webhook_idempotency.WebhookEndpointTests.test_get_is_not_allowed ... ok
billing.tests.test_webhook_idempotency.WebhookEndpointTests.test_invalid_payload_is_rejected_without_touching_the_ledger ... ok
billing.tests.test_webhook_idempotency.WebhookEndpointTests.test_the_queued_worker_completes_the_work ... ok
billing.tests.test_webhook_idempotency.WebhookEndpointTests.test_thin_webhook_retrieve_failure_creates_no_row ... ok
billing.tests.test_webhook_idempotency.WebhookEndpointTests.test_thin_webhook_shares_the_same_ledger_behaviour ... ok
billing.tests.test_webhook_idempotency.WebhookEndpointTests.test_valid_event_is_processed ... ok
billing.tests.test_webhook_signature_verification.RealSignatureVerificationTests.test_a_body_mutated_by_one_byte_is_rejected ... ok
billing.tests.test_webhook_signature_verification.RealSignatureVerificationTests.test_a_correctly_signed_payload_passes_verification ... ok
billing.tests.test_webhook_signature_verification.RealSignatureVerificationTests.test_a_garbage_signature_header_is_rejected_not_crashed ... ok
billing.tests.test_webhook_signature_verification.RealSignatureVerificationTests.test_a_header_with_no_timestamp_is_rejected ... ok
billing.tests.test_webhook_signature_verification.RealSignatureVerificationTests.test_a_missing_signature_header_is_rejected ... ok
billing.tests.test_webhook_signature_verification.RealSignatureVerificationTests.test_a_payload_signed_with_the_wrong_secret_is_rejected ... ok
billing.tests.test_webhook_signature_verification.RealSignatureVerificationTests.test_a_rolled_secret_still_verifies_while_both_are_live ... ok
billing.tests.test_webhook_signature_verification.RealSignatureVerificationTests.test_a_signature_just_inside_the_tolerance_is_accepted ... ok
billing.tests.test_webhook_signature_verification.RealSignatureVerificationTests.test_a_signature_just_outside_the_tolerance_is_rejected ... ok
billing.tests.test_webhook_signature_verification.RealSignatureVerificationTests.test_a_signature_over_different_bytes_is_rejected ... ok
billing.tests.test_webhook_signature_verification.RealSignatureVerificationTests.test_a_stale_timestamp_is_rejected_as_a_replay ... ok
billing.tests.test_webhook_signature_verification.RealSignatureVerificationTests.test_a_v0_only_signature_is_rejected_as_a_downgrade_attack ... ok
billing.tests.test_webhook_signature_verification.RealSignatureVerificationTests.test_an_empty_signature_header_is_rejected ... ok
billing.tests.test_webhook_signature_verification.ThinWebhookRealSignatureTests.test_a_body_mutated_by_one_byte_is_rejected ... ok
billing.tests.test_webhook_signature_verification.ThinWebhookRealSignatureTests.test_a_correctly_signed_payload_passes_verification ... ok
billing.tests.test_webhook_signature_verification.ThinWebhookRealSignatureTests.test_a_garbage_signature_header_is_rejected_not_crashed ... ok
billing.tests.test_webhook_signature_verification.ThinWebhookRealSignatureTests.test_a_header_with_no_timestamp_is_rejected ... ok
billing.tests.test_webhook_signature_verification.ThinWebhookRealSignatureTests.test_a_missing_signature_header_is_rejected ... ok
billing.tests.test_webhook_signature_verification.ThinWebhookRealSignatureTests.test_a_payload_signed_with_the_wrong_secret_is_rejected ... ok
billing.tests.test_webhook_signature_verification.ThinWebhookRealSignatureTests.test_a_rolled_secret_still_verifies_while_both_are_live ... ok
billing.tests.test_webhook_signature_verification.ThinWebhookRealSignatureTests.test_a_signature_just_inside_the_tolerance_is_accepted ... ok
billing.tests.test_webhook_signature_verification.ThinWebhookRealSignatureTests.test_a_signature_just_outside_the_tolerance_is_rejected ... ok
billing.tests.test_webhook_signature_verification.ThinWebhookRealSignatureTests.test_a_signature_over_different_bytes_is_rejected ... ok
billing.tests.test_webhook_signature_verification.ThinWebhookRealSignatureTests.test_a_stale_timestamp_is_rejected_as_a_replay ... ok
billing.tests.test_webhook_signature_verification.ThinWebhookRealSignatureTests.test_a_v0_only_signature_is_rejected_as_a_downgrade_attack ... ok
billing.tests.test_webhook_signature_verification.ThinWebhookRealSignatureTests.test_an_empty_signature_header_is_rejected ... ok
billing.tests.test_webhook_signature_verification.ThinWebhookRealSignatureTests.test_retrieve_is_never_reached_when_the_signature_is_bad ... ok
billing.tests.tests.SubscriptionPlanViewSetTests.test_create_plan_super_admin_success ... ok
billing.tests.tests.SubscriptionPlanViewSetTests.test_create_plan_teacher_forbidden ... ok
billing.tests.tests.SubscriptionPlanViewSetTests.test_list_plans_authenticated ... ok
billing.tests.tests.SubscriptionPlanViewSetTests.test_list_plans_unauthenticated ... ok
billing.tests.tests.SubscriptionPlanViewSetTests.test_retrieve_plan_authenticated ... ok
billing.tests.tests.UserSubscriptionViewSetTests.test_create_subscription_forbidden_for_student ... ok
billing.tests.tests.UserSubscriptionViewSetTests.test_create_subscription_forbidden_for_teacher ... ok
billing.tests.tests.UserSubscriptionViewSetTests.test_list_subscriptions_own_only ... ok
billing.tests.tests.UserSubscriptionViewSetTests.test_list_subscriptions_superadmin_all ... ok
billing.tests.tests_free_trial.TestActivateFreeTrial.test_billing_cycle_end_equals_trial_end ... ok
billing.tests.tests_free_trial.TestActivateFreeTrial.test_creates_grant_ledger_entry ... ok
billing.tests.tests_free_trial.TestActivateFreeTrial.test_creates_trial_credit_bucket ... ok
billing.tests.tests_free_trial.TestActivateFreeTrial.test_creates_trial_subscription ... ok
billing.tests.tests_free_trial.TestActivateFreeTrial.test_creates_wallet_if_missing ... ok
billing.tests.tests_free_trial.TestActivateFreeTrial.test_one_active_subscription_constraint_enforced ... ok
billing.tests.tests_free_trial.TestActivateFreeTrial.test_overage_blocks_reset_to_zero ... ok
billing.tests.tests_free_trial.TestActivateFreeTrial.test_rejects_license_plan ... ok
billing.tests.tests_free_trial.TestActivateFreeTrial.test_rejects_second_trial ... ok
billing.tests.tests_free_trial.TestActivateFreeTrial.test_rejects_user_with_active_subscription ... ok
billing.tests.tests_free_trial.TestActivateFreeTrial.test_trial_bucket_expires_at_trial_end ... ok
billing.tests.tests_free_trial.TestActivateFreeTrial.test_trial_credits_are_5k_display ... ok
billing.tests.tests_free_trial.TestActivateFreeTrial.test_trial_duration_is_14_days ... ok
billing.tests.tests_free_trial.TestExpireTrial.test_creates_expire_ledger_for_unused_credits ... ok
billing.tests.tests_free_trial.TestExpireTrial.test_deactivates_subscription_on_expiry ... ok
billing.tests.tests_free_trial.TestExpireTrial.test_expire_ledger_only_logs_unused_portion ... ok
billing.tests.tests_free_trial.TestExpireTrial.test_no_expire_ledger_if_all_credits_consumed ... ok
billing.tests.tests_free_trial.TestExpireTrial.test_rejects_non_trial_subscription ... ok
billing.tests.tests_free_trial.TestExpireTrial.test_rejects_trial_that_has_not_ended ... ok
billing.tests.tests_free_trial.TestExpireTrial.test_trial_bucket_marked_processed ... ok
billing.tests.tests_free_trial.TestExpireTrial.test_user_has_no_active_subscription_after_expiry ... ok
billing.tests.tests_free_trial.TestTrialCreditConsumptionOrdering.test_carry_over_consumed_before_trial ... ok
billing.tests.tests_free_trial.TestTrialCreditConsumptionOrdering.test_spills_into_monthly_when_trial_exhausted ... ok
billing.tests.tests_free_trial.TestTrialCreditConsumptionOrdering.test_trial_credits_consumed_before_monthly ... ok
billing.tests.tests_free_trial.TestUserSubscriptionSerializerTrialFields.test_is_trial_false_for_paid_subscription ... ok
billing.tests.tests_free_trial.TestUserSubscriptionSerializerTrialFields.test_is_trial_true_for_trial_subscription ... ok
billing.tests.tests_free_trial.TestUserSubscriptionSerializerTrialFields.test_trial_credits_remaining_reflects_consumption ... ok
billing.tests.test_abandoned_claim_recovery.ConcurrentRecoveryTests.test_the_loser_does_not_mark_the_row_FAILED ... ok
billing.tests.test_abandoned_claim_recovery.ConcurrentRecoveryTests.test_two_sweepers_racing_recover_the_event_exactly_once ... ok
billing.tests.test_audit_identity_migration.AuditIdentityMigrationTests.test_backfill_is_idempotent ... ok
billing.tests.test_audit_identity_migration.AuditIdentityMigrationTests.test_user_id_survives_and_email_is_backfilled ... ok
billing.tests.test_concurrent_credit_operations.ConcurrentConsumptionTests.test_a_wallet_cannot_be_overdrawn_by_racing_consumers ... ok
billing.tests.test_concurrent_credit_operations.ConcurrentConsumptionTests.test_concurrent_consumption_does_not_lose_updates ... ok
billing.tests.test_concurrent_credit_operations.ConcurrentConsumptionTests.test_contention_across_two_buckets_still_balances ... ok
billing.tests.test_concurrent_credit_operations.ConcurrentConsumptionTests.test_the_ledger_agrees_with_the_balance_after_contention ... ok
billing.tests.test_concurrent_credit_operations.ConcurrentImmutabilityTests.test_concurrent_inserts_all_succeed ... ok
billing.tests.test_concurrent_credit_operations.ConcurrentImmutabilityTests.test_concurrent_mutation_attempts_are_all_rejected ... ok
billing.tests.test_concurrent_credit_operations.ConcurrentRefundTests.test_racing_refunds_of_the_same_charge_refund_once ... ok
billing.tests.test_event_replay.ReplayConcurrencyTests.test_concurrent_sweeps_replay_once ... ok
billing.tests.test_event_replay.ReplayConcurrencyTests.test_replays_racing_live_duplicate_events_for_one_session_grant_once ... ok
billing.tests.test_event_replay.ReplayConcurrencyTests.test_sweep_racing_a_live_redelivery_grants_once ... ok
billing.tests.test_event_replay.ReplayTheAllowedFlowTests.test_a_replay_that_fails_again_stays_failed ... ok
billing.tests.test_event_replay.ReplayTheAllowedFlowTests.test_replaying_an_already_granted_purchase_grants_nothing_more ... ok
billing.tests.test_event_replay.ReplayTheAllowedFlowTests.test_stripe_is_never_re_fetched_to_decide ... ok
billing.tests.test_event_replay.ReplayTheAllowedFlowTests.test_stuck_paid_purchase_is_credited ... ok
billing.tests.test_event_replay.StaleReplayClaimTests.test_a_replay_whose_claim_went_stale_mid_handler_grants_once ... ok
billing.tests.test_expire_bucket_race.ConcurrentExpiryTests.test_two_racing_expiries_write_one_expire_row ... ok
billing.tests.test_free_plan_activation_security.ConcurrentActivationTests.test_concurrent_service_calls_yield_one_grant ... ok
billing.tests.test_free_plan_activation_security.ConcurrentActivationTests.test_racing_requests_that_all_pass_the_checks_yield_one_grant ... ok
billing.tests.test_free_plan_activation_security.ConcurrentActivationTests.test_signup_racing_an_admin_assignment_yields_one_grant ... ok
billing.tests.test_free_plan_activation_security.ConcurrentActivationTests.test_simultaneous_self_service_and_admin_requests_yield_one_grant ... ok
billing.tests.test_free_plan_activation_security.ConcurrentActivationTests.test_twenty_simultaneous_requests_for_ten_rounds_yield_one_grant_each ... ok
billing.tests.test_h28_alerting.AlertTests.test_a_failing_alert_never_raises ... ok
billing.tests.test_h28_alerting.AlertTests.test_an_escalation_emails_every_active_super_admin ... ok
billing.tests.test_h28_alerting.ResolveCommandTests.test_a_closed_intent_cannot_be_resolved ... ok
billing.tests.test_h28_alerting.ResolveCommandTests.test_a_dry_run_describes_and_changes_nothing ... ok
billing.tests.test_h28_alerting.ResolveCommandTests.test_apply_closes_the_intent_and_frees_the_licence ... ok
billing.tests.test_h28_alerting.ResolveCommandTests.test_apply_needs_an_outcome_a_note_and_a_super_admin ... ok
billing.tests.test_h28_alerting.ResolveCommandTests.test_not_applied_closes_as_failed ... ok
billing.tests.test_h28_alerting.StaleIntentCheckTests.test_a_stale_stripe_applied_intent_is_escalated ... ok
billing.tests.test_h28_alerting.StaleIntentCheckTests.test_recent_and_closed_intents_are_left_alone ... ok
billing.tests.test_h28_alerting.StaleIntentCheckTests.test_stale_in_flight_intents_are_escalated_and_alerted_once ... ok
billing.tests.test_h28_alerting.StaleIntentCheckTests.test_the_check_makes_no_stripe_call ... ok
billing.tests.test_h28_alerting.StaleIntentCheckTests.test_the_periodic_task_is_scheduled_and_watched ... ok
billing.tests.test_h28_cancel_phases.CancelPhaseTests.test_a_compensated_intent_frees_the_licence_for_a_retry ... ok
billing.tests.test_h28_cancel_phases.CancelPhaseTests.test_a_failed_local_write_is_undone_at_stripe_and_compensated ... ok
billing.tests.test_h28_cancel_phases.CancelPhaseTests.test_a_failed_undo_escalates_to_a_human ... ok
billing.tests.test_h28_cancel_phases.CancelPhaseTests.test_a_licence_changed_meanwhile_is_not_overwritten ... ok
billing.tests.test_h28_cancel_phases.CancelPhaseTests.test_a_lost_response_that_did_not_land_is_read_back_and_failed ... ok
billing.tests.test_h28_cancel_phases.CancelPhaseTests.test_a_lost_response_that_landed_is_read_back_and_completed ... ok
billing.tests.test_h28_cancel_phases.CancelPhaseTests.test_a_refusal_changes_nothing_and_marks_the_intent_failed ... ok
billing.tests.test_h28_cancel_phases.CancelPhaseTests.test_a_repeat_request_makes_no_second_stripe_call ... ok
billing.tests.test_h28_cancel_phases.CancelPhaseTests.test_a_request_while_another_change_is_in_flight_is_refused ... ok
billing.tests.test_h28_cancel_phases.CancelPhaseTests.test_a_server_error_is_treated_as_an_unknown_outcome ... ok
billing.tests.test_h28_cancel_phases.CancelPhaseTests.test_a_stripe_licence_without_a_subscription_cancels_locally ... ok
billing.tests.test_h28_cancel_phases.CancelPhaseTests.test_an_offline_licence_is_deactivated_at_once_without_an_intent ... ok
billing.tests.test_h28_cancel_phases.CancelPhaseTests.test_an_unreadable_outcome_leaves_the_intent_pending_and_says_so ... ok
billing.tests.test_h28_cancel_phases.CancelPhaseTests.test_refuses_to_run_inside_a_callers_transaction ... ok
billing.tests.test_h28_cancel_phases.CancelPhaseTests.test_success_completes_the_intent_outside_any_transaction ... ok
billing.tests.test_h28_cancel_phases.CancelPhaseTests.test_the_stripe_call_carries_the_intents_apply_key ... ok
billing.tests.test_h28_convert_phases.ConvertToOfflinePhaseTests.test_a_failed_local_write_escalates_and_never_recreates ... ok
billing.tests.test_h28_convert_phases.ConvertToOfflinePhaseTests.test_a_licence_without_a_subscription_converts_locally ... ok
billing.tests.test_h28_convert_phases.ConvertToOfflinePhaseTests.test_a_lost_response_to_a_delete_that_landed_completes ... ok
billing.tests.test_h28_convert_phases.ConvertToOfflinePhaseTests.test_a_real_refusal_changes_nothing_and_fails_the_intent ... ok
billing.tests.test_h28_convert_phases.ConvertToOfflinePhaseTests.test_a_refused_delete_of_a_subscription_already_gone_completes ... ok
billing.tests.test_h28_convert_phases.ConvertToOfflinePhaseTests.test_a_request_while_another_change_is_in_flight_is_refused ... ok
billing.tests.test_h28_convert_phases.ConvertToOfflinePhaseTests.test_an_offline_licence_is_refused ... ok
billing.tests.test_h28_convert_phases.ConvertToOfflinePhaseTests.test_an_unreadable_outcome_stays_pending_and_says_so ... ok
billing.tests.test_h28_convert_phases.ConvertToOfflinePhaseTests.test_refuses_to_run_inside_a_callers_transaction ... ok
billing.tests.test_h28_convert_phases.ConvertToOfflinePhaseTests.test_success_deletes_then_records_offline ... ok
billing.tests.test_h28_finalise_retry.FinaliseRetryTests.test_a_logic_failure_is_not_retried ... ok
billing.tests.test_h28_finalise_retry.FinaliseRetryTests.test_a_persistent_transient_failure_stops_after_three_attempts ... ok
billing.tests.test_h28_finalise_retry.FinaliseRetryTests.test_a_retry_after_a_commit_whose_reply_was_lost_writes_nothing_twice ... ok
billing.tests.test_h28_finalise_retry.FinaliseRetryTests.test_after_the_connection_is_killed_the_retry_succeeds_on_a_fresh_one ... ok
billing.tests.test_h28_licence_stripe_divergence.LicenceStripeDivergenceTests.test_F0_plan_change_with_no_failure_updates_the_stripe_price ... ok
billing.tests.test_h28_licence_stripe_divergence.LicenceStripeDivergenceTests.test_F1_plan_upgrade_needing_3d_secure_leaves_both_sides_agreeing ... ok
billing.tests.test_h28_licence_stripe_divergence.LicenceStripeDivergenceTests.test_F2_plan_upgrade_card_error_leaves_both_sides_agreeing ... ok
billing.tests.test_h28_licence_stripe_divergence.LicenceStripeDivergenceTests.test_F3_plan_upgrade_declined_leaves_no_open_invoice ... ok
billing.tests.test_h28_licence_stripe_divergence.LicenceStripeDivergenceTests.test_F4_seat_increase_declined_leaves_no_open_invoice ... ok
billing.tests.test_h28_licence_stripe_divergence.LicenceStripeDivergenceTests.test_F4_seat_increase_needing_3d_secure_leaves_no_open_invoice ... ok
billing.tests.test_h28_licence_stripe_divergence.LicenceStripeDivergenceTests.test_F5_seat_increase_card_error_leaves_both_sides_agreeing ... ok
billing.tests.test_h28_licence_stripe_divergence.LicenceStripeDivergenceTests.test_cancel_applied_but_response_lost_leaves_both_sides_agreeing ... ok
billing.tests.test_h28_licence_stripe_divergence.LicenceStripeDivergenceTests.test_cancel_killed_mid_stripe_call_leaves_both_sides_agreeing ... ok
billing.tests.test_h28_licence_stripe_divergence.LicenceStripeDivergenceTests.test_convert_to_offline_delete_applied_but_response_lost ... ok
billing.tests.test_h28_licence_stripe_divergence.LicenceStripeDivergenceTests.test_convert_to_offline_killed_mid_delete_leaves_both_sides_agreeing ... ok
billing.tests.test_h28_licence_stripe_divergence.LicenceStripeDivergenceTests.test_latent_F1_price_change_needing_3d_secure_is_reverted_and_voided ... ok
billing.tests.test_h28_licence_stripe_divergence.LicenceStripeDivergenceTests.test_latent_F2_price_change_card_error_is_reverted ... ok
billing.tests.test_h28_licence_stripe_divergence.LicenceStripeDivergenceTests.test_latent_F3_price_change_declined_leaves_no_open_invoice ... ok
billing.tests.test_h28_licence_stripe_divergence.LicenceStripeDivergenceTests.test_plan_downgrade_applied_but_response_lost_leaves_both_sides_agreeing ... ok
billing.tests.test_h28_licence_stripe_divergence.LicenceStripeDivergenceTests.test_plan_downgrade_killed_mid_stripe_call_leaves_both_sides_agreeing ... ok
billing.tests.test_h28_licence_stripe_divergence.LicenceStripeDivergenceTests.test_seat_decrease_applied_but_response_lost_leaves_both_sides_agreeing ... ok
billing.tests.test_h28_licence_stripe_divergence.LicenceStripeDivergenceTests.test_seat_decrease_killed_mid_stripe_call_leaves_both_sides_agreeing ... ok
billing.tests.test_h28_plan_phases.PlanPhaseTests.test_F0_a_downgrade_reaches_stripe ... ok
billing.tests.test_h28_plan_phases.PlanPhaseTests.test_F1_an_upgrade_needing_3d_secure_is_reverted_and_voided ... ok
billing.tests.test_h28_plan_phases.PlanPhaseTests.test_F2_a_card_error_is_reverted_and_voided ... ok
billing.tests.test_h28_plan_phases.PlanPhaseTests.test_F3_a_declined_upgrade_is_reverted_and_voided ... ok
billing.tests.test_h28_plan_phases.PlanPhaseTests.test_a_contract_price_is_created_once_keyed_and_recorded ... ok
billing.tests.test_h28_plan_phases.PlanPhaseTests.test_a_custom_price_is_billed_at_stripe ... ok
billing.tests.test_h28_plan_phases.PlanPhaseTests.test_a_failed_local_write_after_a_downgrade_is_compensated ... ok
billing.tests.test_h28_plan_phases.PlanPhaseTests.test_a_failed_local_write_after_a_paid_upgrade_escalates ... ok
billing.tests.test_h28_plan_phases.PlanPhaseTests.test_a_failed_price_creation_changes_nothing_and_frees_the_licence ... ok
billing.tests.test_h28_plan_phases.PlanPhaseTests.test_a_paid_upgrade_completes_and_records_the_charge ... ok
billing.tests.test_h28_plan_phases.PlanPhaseTests.test_a_request_while_another_change_is_in_flight_is_refused ... ok
billing.tests.test_h28_plan_phases.PlanPhaseTests.test_a_stripe_licence_without_a_subscription_is_refused ... ok
billing.tests.test_h28_plan_phases.PlanPhaseTests.test_an_offline_licence_changes_locally_without_an_intent ... ok
billing.tests.test_h28_plan_phases.PlanPhaseTests.test_an_unreadable_upgrade_invoice_escalates_without_undoing ... ok
billing.tests.test_h28_plan_phases.PlanPhaseTests.test_change_license_price_now_records_the_change_too ... ok
billing.tests.test_h28_plan_phases.PlanPhaseTests.test_refuses_to_run_inside_a_callers_transaction ... ok
billing.tests.test_h28_plan_phases.PlanPhaseTests.test_the_same_price_on_another_plan_needs_no_stripe_change ... ok
billing.tests.test_h28_seat_phases.SeatPhaseTests.test_F4_a_declined_increase_is_reverted_and_its_invoice_voided ... ok
billing.tests.test_h28_seat_phases.SeatPhaseTests.test_F4_an_increase_needing_3d_secure_is_reverted_and_its_invoice_voided ... ok
billing.tests.test_h28_seat_phases.SeatPhaseTests.test_F5_a_card_error_is_not_taken_as_a_refusal ... ok
billing.tests.test_h28_seat_phases.SeatPhaseTests.test_a_decrease_completes_outside_any_transaction ... ok
billing.tests.test_h28_seat_phases.SeatPhaseTests.test_a_failed_local_write_after_a_decrease_is_compensated ... ok
billing.tests.test_h28_seat_phases.SeatPhaseTests.test_a_failed_local_write_after_a_paid_increase_escalates ... ok
billing.tests.test_h28_seat_phases.SeatPhaseTests.test_a_failed_undo_escalates_to_a_human ... ok
billing.tests.test_h28_seat_phases.SeatPhaseTests.test_a_licence_changed_meanwhile_is_not_overwritten ... ok
billing.tests.test_h28_seat_phases.SeatPhaseTests.test_a_licence_without_a_subscription_changes_locally ... ok
billing.tests.test_h28_seat_phases.SeatPhaseTests.test_a_lost_response_on_a_decrease_is_read_back ... ok
billing.tests.test_h28_seat_phases.SeatPhaseTests.test_a_paid_increase_completes_and_records_the_charge ... ok
billing.tests.test_h28_seat_phases.SeatPhaseTests.test_a_request_while_another_change_is_in_flight_is_refused ... ok
billing.tests.test_h28_seat_phases.SeatPhaseTests.test_an_older_open_invoice_is_never_voided ... ok
billing.tests.test_h28_seat_phases.SeatPhaseTests.test_an_unreadable_invoice_after_an_increase_escalates_without_undoing ... ok
billing.tests.test_h28_seat_phases.SeatPhaseTests.test_an_unreadable_subscription_frees_the_licence ... ok
billing.tests.test_h28_seat_phases.SeatPhaseTests.test_refuses_to_run_inside_a_callers_transaction ... ok
billing.tests.test_h28_stripe_budget.NoLegacyStripeCallTests.test_no_licence_flow_calls_the_legacy_api ... ok
billing.tests.test_h28_stripe_budget.NoLegacyStripeCallTests.test_the_scan_sees_a_legacy_call ... ok
billing.tests.test_h28_stripe_budget.StripeBudgetTests.test_a_call_the_budget_never_started_is_failed_not_pending ... ok
billing.tests.test_h28_stripe_budget.StripeBudgetTests.test_an_error_from_stripe_reaches_the_caller_unchanged ... ok
billing.tests.test_h28_stripe_budget.StripeBudgetTests.test_nested_budgets_keep_the_earlier_deadline ... ok
billing.tests.test_h28_stripe_budget.StripeBudgetTests.test_slow_stripe_on_every_call_ends_in_the_error_branch_with_its_alert_in_time ... ok
billing.tests.test_h28_stripe_budget.StripeBudgetTests.test_the_production_budget_ends_well_inside_the_request_timeout ... ok
billing.tests.test_h28_stripe_budget.StripeBudgetTests.test_the_worker_thread_leaves_no_database_connection_open ... ok
billing.tests.test_h28_stripe_budget.StripeBudgetTests.test_under_a_budget_the_call_reports_its_callers_transaction ... ok
billing.tests.test_h28_stripe_budget.StripeBudgetTests.test_without_a_budget_the_call_runs_inline ... ok
billing.tests.test_license_cancellation.LicenseCancellationServiceTests.test_already_inactive_license_is_rejected ... ok
billing.tests.test_license_cancellation.LicenseCancellationServiceTests.test_already_scheduled_to_cancel_is_rejected ... ok
billing.tests.test_license_cancellation.LicenseCancellationServiceTests.test_cancellation_is_recorded_on_the_billing_ledger ... ERROR
billing.tests.test_license_cancellation.LicenseCancellationServiceTests.test_offline_license_deactivates_immediately ... ok
billing.tests.test_license_cancellation.LicenseCancellationServiceTests.test_stripe_failure_is_surfaced_and_leaves_local_state_untouched ... ok
billing.tests.test_license_cancellation.LicenseCancellationServiceTests.test_stripe_license_defers_deactivation_to_period_end ... ERROR
billing.tests.test_license_cancellation.LicenseCancellationServiceTests.test_stripe_license_tells_stripe_to_stop_renewing ... ERROR
billing.tests.test_license_cancellation.LicenseCancellationServiceTests.test_stripe_license_with_no_subscription_id_cancels_locally_only ... ok
billing.tests.test_license_overage_offline.OfflineOverageRequestTestCase.test_approve_auto_rejects_whole_request_when_license_inactive ... ok
billing.tests.test_license_overage_offline.OfflineOverageRequestTestCase.test_approve_grants_credits_when_all_teachers_active ... ok
billing.tests.test_license_overage_offline.OfflineOverageRequestTestCase.test_approve_partial_fulfillment_when_teacher_removed ... ok
billing.tests.test_license_overage_offline.OfflineOverageRequestTestCase.test_approve_then_reject_raises ... ok
billing.tests.test_license_overage_offline.OfflineOverageRequestTestCase.test_approve_twice_raises ... ok
billing.tests.test_license_overage_offline.OfflineOverageRequestTestCase.test_grant_overage_blocks_used_by_superadmin_and_offline_paths_differ_in_metadata ... ok
billing.tests.test_license_overage_offline.OfflineOverageRequestTestCase.test_overage_bucket_survives_expired_bucket_cleanup_task_indefinitely ... ok
billing.tests.test_license_overage_offline.OfflineOverageRequestTestCase.test_reject_then_approve_raises ... ok
billing.tests.test_license_overage_offline.OfflineOverageRequestTestCase.test_reject_touches_no_credits ... ok
billing.tests.test_license_overage_offline.OfflineOverageRequestTestCase.test_request_creates_pending_row_and_snapshots_pricing ... ok
billing.tests.test_license_overage_offline.OfflineOverageRequestTestCase.test_request_queues_super_admin_email ... ok
billing.tests.test_license_overage_offline.OfflineOverageRequestTestCase.test_request_rejects_inactive_license ... ok
billing.tests.test_license_overage_offline.OfflineOverageRequestTestCase.test_superadmin_grant_and_offline_approval_both_create_non_expiring_buckets ... ok
billing.tests.test_license_renewal_partial_failure.LicenseRenewalTransactionBoundaryTests.test_a_failed_teacher_does_not_stop_the_others_renewing ... ok
billing.tests.test_license_renewal_partial_failure.LicenseRenewalTransactionBoundaryTests.test_a_failed_teacher_is_reported_and_not_counted_as_renewed ... ok
billing.tests.test_license_renewal_partial_failure.LicenseRenewalTransactionBoundaryTests.test_a_failed_teacher_leaves_no_partial_writes_behind ... ok
billing.tests.test_license_renewal_partial_failure.LicenseRenewalTransactionBoundaryTests.test_successful_renewal_grants_credits_and_advances_the_cycle ... ok
billing.tests.test_license_renewal_partial_failure.OfflineRenewalTransactionBoundaryTests.test_a_failed_teacher_leaves_no_partial_writes_behind ... ok
billing.tests.test_license_service.TestLicenseCreation.test_create_license_carries_forward_active_teachers ... ok
billing.tests.test_license_service.TestLicenseCreation.test_create_license_carry_forward_cancels_pending_overage_requests ... ok
billing.tests.test_license_service.TestLicenseCreation.test_create_license_carry_forward_dedupes_against_teacher_emails ... ok
billing.tests.test_license_service.TestLicenseCreation.test_create_license_carry_forward_excludes_admin_allocation ... ok
billing.tests.test_license_service.TestLicenseCreation.test_create_license_carry_forward_live_vs_expired_monthly_bucket ... ok
billing.tests.test_license_service.TestLicenseCreation.test_create_license_carry_forward_opt_out ... ok
billing.tests.test_license_service.TestLicenseCreation.test_create_license_carry_forward_seat_overflow_rejected ... ok
billing.tests.test_license_service.TestLicenseCreation.test_create_license_deactivates_previous_license ... ok
billing.tests.test_license_service.TestLicenseCreation.test_create_license_rejects_teacher_with_active_individual_subscription ... ok
billing.tests.test_license_service.TestLicenseCreation.test_create_license_subscription_basic ... ok
billing.tests.test_license_service.TestLicenseCreation.test_create_license_subscription_with_teachers ... ok
billing.tests.test_license_service.TestLicenseRenewal.test_license_renewal_applies_rollover ... ok
billing.tests.test_license_service.TestLicenseRenewal.test_license_renewal_creates_new_monthly_bucket ... ok
billing.tests.test_license_service.TestLicenseRenewal.test_license_renewal_inactive_license_skips ... ok
billing.tests.test_license_service.TestLicenseRenewal.test_license_renewal_no_auto_renew_deactivates ... ok
billing.tests.test_license_service.TestTeacherAllocation.test_add_single_teacher_creates_allocation ... ok
billing.tests.test_license_service.TestTeacherAllocation.test_add_teachers_batch_invalid_email ... ok
billing.tests.test_license_service.TestTeacherAllocation.test_add_teachers_batch_success ... ok
billing.tests.test_license_service.TestTeacherAllocation.test_remove_teacher_deactivates_allocation ... ok
billing.tests.test_license_service.TestTeacherInvitePasswordGeneration.test_an_already_active_normal_signup_is_unaffected ... ok
billing.tests.test_license_service.TestTeacherInvitePasswordGeneration.test_generated_password_is_never_logged ... ok
billing.tests.test_license_service.TestTeacherInvitePasswordGeneration.test_invitation_email_links_to_the_login_page ... ok
billing.tests.test_license_service.TestTeacherInvitePasswordGeneration.test_new_teacher_gets_a_usable_generated_password ... ok
billing.tests.test_license_service.TestTeacherInvitePasswordGeneration.test_new_teacher_is_active_immediately_with_no_activation_token ... ok
billing.tests.test_license_service.TestTeacherInvitePasswordGeneration.test_re_adding_an_already_onboarded_teacher_does_not_reset_password_or_resend ... ok
billing.tests.test_license_service.TestTeacherInvitePasswordGeneration.test_re_adding_an_already_onboarded_teacher_still_attaches_missing_school ... ok
billing.tests.test_license_service.TestTeacherInvitePasswordGeneration.test_resending_an_invitation_to_a_still_pending_teacher_issues_a_fresh_password ... ok
billing.tests.test_overage_lock_across_network.OverageGrantAcrossSlowStripeTests.test_credit_consumption_is_not_blocked_by_slow_receipt_lookup ... ok
billing.tests.test_overage_lock_across_network.OverageGrantAcrossSlowStripeTests.test_slow_receipt_lookup_does_not_roll_back_paid_grant ... ok
billing.tests.test_overage_purchase_integrity.ConcurrentOverageDeliveryTests.test_a_worker_outliving_the_join_fails_loudly_instead_of_reading_partial_state ... ok
billing.tests.test_overage_purchase_integrity.ConcurrentOverageDeliveryTests.test_concurrent_purchases_by_different_teachers_stay_separate ... ok
billing.tests.test_overage_purchase_integrity.ConcurrentOverageDeliveryTests.test_concurrent_purchases_cannot_exceed_the_cap ... ok
billing.tests.test_overage_purchase_integrity.ConcurrentOverageDeliveryTests.test_simultaneous_duplicate_deliveries_grant_exactly_once ... ok
billing.tests.test_overage_purchase_integrity.ConcurrentOverageDeliveryTests.test_twenty_purchases_racing_for_two_blocks_grant_exactly_two_every_round ... ok
billing.tests.test_overage_purchase_integrity.ConcurrentOverageDeliveryTests.test_twenty_simultaneous_duplicates_grant_once_every_round ... ok
billing.tests.test_overage_purchase_integrity.ConcurrentOverageDeliveryTests.test_twenty_teachers_buying_at_once_each_get_only_their_own_blocks ... ok
billing.tests.test_overage_purchase_integrity.ConcurrentOverageDeliveryTests.test_two_genuinely_different_purchases_both_land ... ok
billing.tests.test_overage_refund_lifecycle.ConcurrentRefundTests.test_a_refund_racing_a_chargeback_reverses_the_payment_once ... ok
billing.tests.test_overage_refund_lifecycle.ConcurrentRefundTests.test_a_refund_racing_a_consumption_never_oversells ... ok
billing.tests.test_overage_refund_lifecycle.ConcurrentRefundTests.test_simultaneous_duplicate_refunds_reverse_exactly_once ... ok
billing.tests.test_price_reconciliation.ConcurrentRunTests.test_only_one_of_two_simultaneous_tasks_performs_the_sweep ... ok
billing.tests.test_qa_test_clock_attachment.NewCustomerTestClockKwargsTests.test_raises_rather_than_creating_a_permanently_clockless_customer ... ok
billing.tests.test_qa_test_clock_attachment.NewCustomerTestClockKwargsTests.test_raises_when_library_lacks_test_helpers ... ok
billing.tests.test_qa_test_clock_attachment.NewCustomerTestClockKwargsTests.test_raises_when_stripe_returns_a_clock_without_an_id ... ok
billing.tests.test_qa_test_clock_attachment.NewCustomerTestClockKwargsTests.test_returns_clock_id_for_a_qa_customer ... ok
billing.tests.test_qa_test_clock_attachment.NewCustomerTestClockKwargsTests.test_returns_empty_and_creates_nothing_for_a_normal_customer ... ok
billing.tests.test_qa_test_clock_attachment.ShouldAttachTestClockPolicyTests.test_attaches_for_listed_domain ... ok
billing.tests.test_qa_test_clock_attachment.ShouldAttachTestClockPolicyTests.test_does_not_attach_for_unlisted_domain ... ok
billing.tests.test_qa_test_clock_attachment.ShouldAttachTestClockPolicyTests.test_domain_entries_are_normalized ... ok
billing.tests.test_qa_test_clock_attachment.ShouldAttachTestClockPolicyTests.test_empty_domain_list_is_the_safe_default ... ok
billing.tests.test_qa_test_clock_attachment.ShouldAttachTestClockPolicyTests.test_malformed_emails_are_rejected_not_crashed ... ok
billing.tests.test_qa_test_clock_attachment.ShouldAttachTestClockPolicyTests.test_never_attaches_under_a_live_stripe_key ... ok
billing.tests.test_qa_test_clock_attachment.ShouldAttachTestClockPolicyTests.test_never_attaches_when_time_travel_flag_is_off ... ok
billing.tests.test_qa_test_clock_attachment.ShouldAttachTestClockPolicyTests.test_setting_may_be_a_delimited_string ... ok
billing.tests.test_qa_test_clock_attachment.ShouldAttachTestClockPolicyTests.test_wildcard_covers_every_customer ... ok
billing.tests.test_qa_time_travel_clock.AdvanceTestClockTests.test_advances_one_hour_past_item_period_end ... ok
billing.tests.test_qa_time_travel_clock.AdvanceTestClockTests.test_advances_to_trial_end_for_a_trialing_subscription ... ok
billing.tests.test_qa_time_travel_clock.AdvanceTestClockTests.test_already_advancing_clock_is_rejected ... ok
billing.tests.test_qa_time_travel_clock.AdvanceTestClockTests.test_customer_without_test_clock_is_a_note_not_an_error ... ok
billing.tests.test_qa_time_travel_clock.AdvanceTestClockTests.test_errors_when_clock_already_past_the_boundary ... ok
billing.tests.test_qa_time_travel_clock.AdvanceTestClockTests.test_errors_when_clock_reports_no_usable_frozen_time ... ok
billing.tests.test_qa_time_travel_clock.AdvanceTestClockTests.test_legacy_top_level_shape_still_advances ... ok
billing.tests.test_qa_time_travel_clock.AdvanceTestClockTests.test_never_issues_a_short_advance_that_misses_the_boundary ... ok
billing.tests.test_qa_time_travel_clock.AdvanceTestClockTests.test_no_subscription_id_is_skipped_without_calling_stripe ... ok
billing.tests.test_qa_time_travel_clock.AdvanceTestClockTests.test_stripe_errors_are_captured_never_raised ... ok
billing.tests.test_qa_time_travel_clock.AdvanceTestClockTests.test_subscription_without_customer_is_skipped ... ok
billing.tests.test_qa_time_travel_clock.AdvanceTestClockTests.test_unexpected_errors_are_captured_never_raised ... ok
billing.tests.test_qa_time_travel_clock.AdvanceTestClockTests.test_wait_for_ready_polls_and_reports_observed_position ... ok
billing.tests.test_qa_time_travel_clock.BillingBoundaryExtractionTests.test_falls_back_to_legacy_top_level_current_period_end ... ok
billing.tests.test_qa_time_travel_clock.BillingBoundaryExtractionTests.test_ignores_item_boundaries_already_behind_the_clock ... ok
billing.tests.test_qa_time_travel_clock.BillingBoundaryExtractionTests.test_ignores_malformed_and_placeholder_timestamps ... ok
billing.tests.test_qa_time_travel_clock.BillingBoundaryExtractionTests.test_picks_earliest_future_boundary_across_multiple_items ... ok
billing.tests.test_qa_time_travel_clock.BillingBoundaryExtractionTests.test_prefers_item_period_end_when_both_shapes_present ... ok
billing.tests.test_qa_time_travel_clock.BillingBoundaryExtractionTests.test_reads_current_period_end_from_subscription_item ... ok
billing.tests.test_qa_time_travel_clock.BillingBoundaryExtractionTests.test_returns_latest_boundary_when_all_are_behind_the_clock ... ok
billing.tests.test_qa_time_travel_clock.BillingBoundaryExtractionTests.test_returns_none_when_no_boundary_present_anywhere ... ok
billing.tests.test_qa_time_travel_clock.BillingBoundaryExtractionTests.test_tolerates_attribute_style_and_malformed_payloads ... ok
billing.tests.test_qa_time_travel_clock.BillingBoundaryExtractionTests.test_trial_end_is_used_when_it_precedes_the_period_end ... ok
billing.tests.test_qa_time_travel_clock.SimulationWarningTests.test_no_warning_when_boundary_crossed ... ok
billing.tests.test_qa_time_travel_clock.SimulationWarningTests.test_silent_for_local_only_modes ... ok
billing.tests.test_qa_time_travel_clock.SimulationWarningTests.test_warns_when_boundary_not_crossed ... ok
billing.tests.test_qa_time_travel_clock.SimulationWarningTests.test_warns_when_clock_advancement_was_declined ... ok
billing.tests.test_receipt_lookup_outside_transaction.IndividualFlowReceiptTests.test_individual_checkout_fresh_activation ... ok
billing.tests.test_receipt_lookup_outside_transaction.IndividualFlowReceiptTests.test_individual_checkout_trial_conversion ... ok
billing.tests.test_receipt_lookup_outside_transaction.IndividualFlowReceiptTests.test_individual_subscribe_replay ... ok
billing.tests.test_receipt_lookup_outside_transaction.IndividualFlowReceiptTests.test_individual_upgrade_applied ... ok
billing.tests.test_receipt_lookup_outside_transaction.IndividualFlowReceiptTests.test_individual_upgrade_subscription_changed ... ok
billing.tests.test_receipt_lookup_outside_transaction.IndividualFlowReceiptTests.test_overage_block_purchase ... ok
billing.tests.test_receipt_lookup_outside_transaction.IndividualFlowReceiptTests.test_trial_to_paid_replay ... ok
billing.tests.test_receipt_lookup_outside_transaction.LicenseFlowReceiptTests.test_license_create ... ok
billing.tests.test_receipt_lookup_outside_transaction.LicenseFlowReceiptTests.test_license_overage_fulfilled ... ok
billing.tests.test_receipt_lookup_outside_transaction.LicenseFlowReceiptTests.test_license_overage_on_inactive_license ... ok
billing.tests.test_receipts.ReceiptConcurrencyTests.test_concurrent_fills_write_the_link_exactly_once ... ok
billing.tests.test_receipts.ReceiptConcurrencyTests.test_duplicate_webhook_deliveries_with_slow_stripe_grant_once ... ok
billing.tests.test_receipts.ReceiptIsolationTests.test_fill_writes_one_row_only ... ok
billing.tests.test_receipts.ReceiptIsolationTests.test_link_lands_only_on_its_own_row ... ok
billing.tests.test_receipts.ScheduleReceiptUrlFillTests.test_broker_down_after_commit_does_not_fail_the_caller ... ok
billing.tests.test_receipts.ScheduleReceiptUrlFillTests.test_nothing_queued_when_link_already_known_or_no_reference ... ok
billing.tests.test_receipts.ScheduleReceiptUrlFillTests.test_queued_only_after_commit ... ok
billing.tests.test_receipts.ScheduleReceiptUrlFillTests.test_rollback_queues_nothing ... ok
billing.tests.test_receipts.ScheduleReceiptUrlFillTests.test_unexpected_enqueue_error_after_commit_does_not_fail_the_caller ... ok
billing.tests.test_receipts.WebhookReceiptRecoveryTests.test_broker_down_at_commit_grant_succeeds ... ok
billing.tests.test_receipts.WebhookReceiptRecoveryTests.test_crash_after_stripe_answers_but_before_the_local_write ... ok
billing.tests.test_receipts.WebhookReceiptRecoveryTests.test_handler_failure_after_record_queues_no_receipt_task ... ok
billing.tests.test_receipts.WebhookReceiptRecoveryTests.test_malformed_stripe_reply_leaves_grant_intact_and_is_backfilled ... ok
billing.tests.test_receipts.WebhookReceiptRecoveryTests.test_stripe_down_during_receipt_task_grant_succeeds ... ok
billing.tests.test_receipts.WebhookReceiptRecoveryTests.test_worker_lost_before_receipt_task_is_healed_by_sweep ... ok
billing.tests.test_refusal_handling_gates.ConcurrentRefusalTest.test_a_top_up_landing_mid_flight_never_half_charges ... ok
billing.tests.test_refusal_handling_gates.ConcurrentRefusalTest.test_twenty_simultaneous_refusals_charge_nothing_and_persist_nothing ... ok
billing.tests.test_webhook_idempotency.WebhookRaceRegressionTests.test_in_flight_duplicate_is_not_reported_as_delivered ... ok
billing.tests.test_webhook_idempotency.WebhookRaceRegressionTests.test_only_one_of_two_concurrent_claims_succeeds ... ok
billing.tests.tests.ConcurrentRegistrationTest.test_concurrent_registration ... ok
billing.tests.tests.ConcurrentRegistrationTest.test_deleted_user_has_no_trial_access ... ok
billing.tests.tests.ConcurrentRegistrationTest.test_expired_trial_task_handles_missing_wallet ... ok
billing.tests.tests.ConcurrentRegistrationTest.test_license_invited_user_does_not_get_trial ... ok
billing.tests.tests.ConcurrentRegistrationTest.test_settings_creation_failure_doesnt_block_trial ... ok
billing.tests.tests.ConcurrentRegistrationTest.test_student_does_not_get_trial ... ok
billing.tests.tests.ConcurrentRegistrationTest.test_teacher_gets_trial ... ok
billing.tests.tests.ConcurrentRegistrationTest.test_trial_activation_with_existing_wallet ... ok
billing.tests.tests.ConcurrentRegistrationTest.test_trial_bucket_creation_failure_rolls_back ... ok
billing.tests.tests.ConcurrentRegistrationTest.test_trial_cannot_be_activated_twice ... ok
billing.tests.tests.ConcurrentRegistrationTest.test_trial_expires_after_14_days ... ok
billing.tests.tests.ConcurrentRegistrationTest.test_trial_expires_when_credits_exhausted ... ok
ERROR: test_cancellation_is_recorded_on_the_billing_ledger (billing.tests.test_license_cancellation.LicenseCancellationServiceTests.test_cancellation_is_recorded_on_the_billing_ledger)
ERROR: test_stripe_license_defers_deactivation_to_period_end (billing.tests.test_license_cancellation.LicenseCancellationServiceTests.test_stripe_license_defers_deactivation_to_period_end)
ERROR: test_stripe_license_tells_stripe_to_stop_renewing (billing.tests.test_license_cancellation.LicenseCancellationServiceTests.test_stripe_license_tells_stripe_to_stop_renewing)
FAIL: test_cancelling_twice_is_rejected_with_a_400 (billing.tests.test_license_cancellation.LicenseCancellationApiTests.test_cancelling_twice_is_rejected_with_a_400)
FAIL: test_super_admin_can_cancel_a_stripe_license (billing.tests.test_license_cancellation.LicenseCancellationApiTests.test_super_admin_can_cancel_a_stripe_license)
Ran 1882 tests in 216.255s
FAILED (failures=2, errors=3)
