Creating test database for alias 'default' ('test_beta_batch_15')...
Found 156 test(s).
Operations to perform:
  Synchronize unmigrated apps: anymail, cloudinary, cloudinary_storage, corsheaders, django_extensions, django_filters, djoser, drf_spectacular, encrypted_model_fields, humanize, messages, rest_framework, staticfiles
  Apply all migrations: admin, ai_processor, assignments, auth, authtoken, billing, classrooms, contenttypes, dashboard, django_celery_beat, django_celery_results, sessions, students, token_blacklist, users
Synchronizing apps without migrations:
  Creating tables...
    Running deferred SQL...
Running migrations:
  Applying contenttypes.0001_initial... OK
  Applying contenttypes.0002_remove_content_type_name... OK
  Applying auth.0001_initial... OK
  Applying auth.0002_alter_permission_name_max_length... OK
  Applying auth.0003_alter_user_email_max_length... OK
  Applying auth.0004_alter_user_username_opts... OK
  Applying auth.0005_alter_user_last_login_null... OK
  Applying auth.0006_require_contenttypes_0002... OK
  Applying auth.0007_alter_validators_add_error_messages... OK
  Applying auth.0008_alter_user_username_max_length... OK
  Applying auth.0009_alter_user_last_name_max_length... OK
  Applying auth.0010_alter_group_name_max_length... OK
  Applying auth.0011_update_proxy_permissions... OK
  Applying auth.0012_alter_user_first_name_max_length... OK
  Applying users.0001_initial... OK
  Applying admin.0001_initial... OK
  Applying admin.0002_logentry_remove_auto_add... OK
  Applying admin.0003_logentry_add_action_flag_choices... OK
  Applying classrooms.0001_initial... OK
  Applying ai_processor.0001_initial... OK
  Applying ai_processor.0002_initial... OK
  Applying ai_processor.0003_chatsession_user... OK
  Applying ai_processor.0004_chatsession_assistant_type... OK
  Applying ai_processor.0005_benchmarkrun_benchmarkquestionoutcome... OK
  Applying classrooms.0002_initial... OK
  Applying classrooms.0003_coursecategory_course_categories... OK
  Applying classrooms.0004_course_teacher... OK
  Applying classrooms.0005_rename_studentsection_studentcourse... OK
  Applying classrooms.0006_remove_course_unique_section_name_per_session_and_more... OK
  Applying classrooms.0007_remove_studentcourse_is_active_and_more... OK
  Applying classrooms.0008_alter_studentcourse_enrollment_status... OK
  Applying classrooms.0009_school... OK
  Applying classrooms.0010_alter_studentcourse_enrollment_status... OK
  Applying classrooms.0011_remove_course_categories_topic... OK
  Applying classrooms.0012_studentcourse_auto_added... OK
  Applying classrooms.0013_studentcourse_ai_summary_and_more... OK
  Applying classrooms.0014_remove_session_unique_session_name_per_teacher_and_more... OK
  Applying classrooms.0015_remove_session_unique_session_name_per_teacher_and_more... OK
  Applying classrooms.0016_school_is_active... OK
  Applying assignments.0001_initial... OK
  Applying assignments.0002_initial... OK
  Applying assignments.0003_initial... OK
  Applying assignments.0004_rename_created_by_assignment_teacher_and_more... OK
  Applying assignments.0005_alter_assignment_options... OK
  Applying assignments.0006_assignment_estimated_time... OK
  Applying assignments.0007_remove_assignment_estimated_time_and_more... OK
  Applying assignments.0008_alter_assignment_due_date... OK
  Applying assignments.0009_assignment_extraction_confidence_and_more... OK
  Applying assignments.0010_assignment_custom_ai_prompt... OK
  Applying assignments.0011_assignment_ai_generated_assignment_ai_generated_at_and_more... OK
  Applying assignments.0012_assignment_was_overridden... OK
  Applying assignments.0013_alter_assignment_ai_generated... OK
  Applying assignments.0014_assignment_self_assessment_and_more... OK
  Applying assignments.0015_alter_assignment_potential_issues... OK
  Applying assignments.0016_assignment_extraction_completed_at_and_more... OK
  Applying assignments.0017_assignment_grading_status... OK
  Applying assignments.0018_assignment_topic... OK
  Applying assignments.0019_alter_assignment_title_and_more... OK
  Applying assignments.0020_remove_assignment_grading_status_and_more... OK
  Applying assignments.0021_assignment_overridden_at... OK
  Applying assignments.0022_assignment_raw_input... OK
  Applying assignments.0023_delete_rubric... OK
  Applying assignments.0024_alter_assignment_instructions_and_more... OK
  Applying assignments.0025_alter_assignment_instructions... OK
  Applying assignments.0026_assignment_status... OK
  Applying assignments.0027_remove_assignment_unique_assignment_per_course_and_more... OK
  Applying assignments.0028_alter_assignment_raw_input_hash... OK
  Applying assignments.0029_assignment_auto_grade_on_due_date... OK
  Applying assignments.0030_alter_assignment_status... OK
  Applying assignments.0031_assignment_grading_task_name_and_more... OK
  Applying assignments.0032_assignmentgenerationsession_and_message... OK
  Applying assignments.0033_assignmentgenerationhistory_and_more... OK
  Applying assignments.0034_assignment_admin_grading_notified_at... OK
  Applying assignments.0035_assignment_rigor_blooms_coverage_and_more... OK
  Applying assignments.0036_backfill_assignment_rigor... OK
  Applying assignments.0037_assignment_course_title_index... OK
  Applying assignments.0038_assignment_updated_at... OK
  Applying assignments.0039_assignment_upload_fingerprint... OK
  Applying assignments.0040_db_defaults_for_rollback... OK
  Applying authtoken.0001_initial... OK
  Applying authtoken.0002_auto_20160226_1747... OK
  Applying authtoken.0003_tokenproxy... OK
  Applying authtoken.0004_alter_tokenproxy_options... OK
  Applying users.0002_customuser_activation_expires_and_more... OK
  Applying users.0003_passwordresetotp... OK
  Applying users.0004_customuser_email_verified_at... OK
  Applying users.0005_alter_passwordresetotp_code... OK
  Applying users.0006_alter_passwordresetotp_code... OK
  Applying users.0007_passwordchangeotp... OK
  Applying users.0008_passwordchangeotp_hash_value_and_more... OK
  Applying users.0009_remove_passwordchangeotp_hash_value_and_more... OK
  Applying users.0010_customuser_school_alter_customuser_user_type... OK
  Applying billing.0001_initial... OK
  Applying billing.0002_alter_subscriptionplan_options_and_more... OK
  Applying billing.0003_creditusagelog_creditwallet_and_more... OK
  Applying billing.0004_alter_creditwallet_options_alter_creditbucket_wallet... OK
  Applying billing.0005_usersubscription_pending_plan... OK
  Applying billing.0006_alter_subscriptionplan_name... OK
  Applying billing.0007_creditbucket_is_processed_creditusagelog_is_refunded... OK
  Applying billing.0008_betaprofile... OK
  Applying billing.0009_betaprofile_uuid_and_more... OK
  Applying billing.0010_alter_betaprofile_id... OK
  Applying billing.0011_remove_betaprofile_uuid_betaprofile_uid_and_more... OK
  Applying billing.0012_populate_beta_profile_uuids... OK
  Applying billing.0013_remove_betaprofile_id_alter_betaprofile_uid... OK
  Applying billing.0014_rename_uid_betaprofile_id... OK
  Applying billing.0015_betaprofile_credits_used_feedback... OK
  Applying billing.0016_planfeature_alter_subscriptionplan_options_and_more... OK
  Applying billing.0017_remove_subscriptionplan_overage_credit_price_cents_and_more... OK
  Applying billing.0018_subscriptionplan_overage_block_price_and_more... OK
  Applying billing.0019_licensesubscription_schoolcreditallocation... OK
  Applying billing.0020_licensesubscription_contract_months_and_more... OK
  Applying billing.0021_alter_creditbucket_bucket_type_and_more... OK
  Applying billing.0022_usersubscription_is_trial_usersubscription_trial_end_and_more... OK
  Applying billing.0023_alter_subscriptionplan_name... OK
  Applying billing.0024_licensesubscription_custom_price_cents... OK
  Applying billing.0025_alter_subscriptionplan_name... OK
  Applying billing.0026_licensesubscription_total_credits_consumed... OK
  Applying billing.0027_stripeevent_creditwallet_stripe_customer_id_and_more... OK
  Applying billing.0028_alter_usersubscription_is_trial... OK
  Applying billing.0029_usersubscription_next_credit_grant_at... OK
  Applying billing.0030_alter_subscriptionplan_interval_and_more... OK
  Applying billing.0031_alter_licensesubscription_custom_price_cents_and_more... OK
  Applying billing.0032_remove_subscriptionplan_price_cents_and_more... OK
  Applying billing.0033_rename_price_subscriptionplan_price_cents... OK
  Applying billing.0034_alter_licensesubscription_custom_price_cents... OK
  Applying billing.0035_licensesubscription_stripe_customer_id... OK
  Applying billing.0036_alter_licensesubscription_contract_months_and_more... OK
  Applying billing.0037_schoolcreditallocation_next_credit_grant_at... OK
  Applying billing.0038_licensesubscription_billing_method_and_more... OK
  Applying billing.0039_alter_subscriptionplan_overage_block_price... OK
  Applying billing.0040_usersubscription_pending_change_note_and_more... OK
  Applying billing.0041_alter_usersubscription_pending_change_note_and_more... OK
  Applying billing.0042_subscriptionplan_stripe_overage_price_id... OK
  Applying billing.0043_schoolcreditallocation_is_admin_allocation... OK
  Applying billing.0044_alter_creditusagelog_feature... OK
  Applying billing.0045_billingtransaction... OK
  Applying billing.0046_remove_subscriptionplan_carry_over_max_and_more... OK
  Applying billing.0047_subscriptionplan_carry_over_max... OK
  Applying billing.0048_alter_billingtransaction_transaction_type_and_more... OK
  Applying billing.0049_billingtransaction_receipt_url... OK
  Applying billing.0050_creditusagelog_course... OK
  Applying billing.0051_creditusagelog_task_id_index... OK
  Applying billing.0052_creditusagelog_school... OK
  Applying billing.0053_backfill_creditusagelog_school... OK
  Applying billing.0054_stripeevent_attempts_stripeevent_claimed_at_and_more... OK
  Applying billing.0055_licensesubscription_consumption_window_start_and_more... OK
  Applying billing.0056_liveqarun... OK
  Applying billing.0057_usersubscription_cancelled_at... OK
  Applying billing.0058_alter_licensebillingrecord_record_type... OK
  Applying billing.0059_append_only_audit_tables... OK
  Applying billing.0060_backfill_audit_identity...
  backfilled identity on 0 ledger row(s) and 0 usage log row(s)
 OK
  Applying billing.0061_add_audit_table_time_indexes... OK
  Applying billing.0062_liveqarun_skipped_and_error_status... OK
  Applying billing.0063_payment_disputes... OK
  Applying billing.0064_refund_credit_reversal... OK
  Applying billing.0065_backfill_ledger_payment_intent...
  attributed 0 ledger row(s) to their Stripe payment
 OK
  Applying billing.0066_dispute_deficit_by_wallet... OK
  Applying billing.0067_stripe_event_recovery... OK
  Applying billing.0068_price_reconciliation... OK
  Applying billing.0069_price_sync_audit... OK
  Applying billing.0070_db_defaults_for_rollback... OK
  Applying billing.0071_stripeevent_auto_replay_attempts_and_more... OK
  Applying billing.0072_license_stripe_mutation_intent... OK
  Applying billing.0073_schoolcreditallocation_grant_anchor_at... OK
  Applying dashboard.0001_initial... OK
  Applying dashboard.0002_schoolatrisksnapshot... OK
  Applying dashboard.0003_studentriskalertstate_alert_pending... OK
  Applying dashboard.0004_db_defaults_for_rollback... OK
  Applying django_celery_beat.0001_initial... OK
  Applying django_celery_beat.0002_auto_20161118_0346... OK
  Applying django_celery_beat.0003_auto_20161209_0049... OK
  Applying django_celery_beat.0004_auto_20170221_0000... OK
  Applying django_celery_beat.0005_add_solarschedule_events_choices... OK
  Applying django_celery_beat.0006_auto_20180322_0932... OK
  Applying django_celery_beat.0007_auto_20180521_0826... OK
  Applying django_celery_beat.0008_auto_20180914_1922... OK
  Applying django_celery_beat.0006_auto_20180210_1226... OK
  Applying django_celery_beat.0006_periodictask_priority... OK
  Applying django_celery_beat.0009_periodictask_headers... OK
  Applying django_celery_beat.0010_auto_20190429_0326... OK
  Applying django_celery_beat.0011_auto_20190508_0153... OK
  Applying django_celery_beat.0012_periodictask_expire_seconds... OK
  Applying django_celery_beat.0013_auto_20200609_0727... OK
  Applying django_celery_beat.0014_remove_clockedschedule_enabled... OK
  Applying django_celery_beat.0015_edit_solarschedule_events_choices... OK
  Applying django_celery_beat.0016_alter_crontabschedule_timezone... OK
  Applying django_celery_beat.0017_alter_crontabschedule_month_of_year... OK
  Applying django_celery_beat.0018_improve_crontab_helptext... OK
  Applying django_celery_beat.0019_alter_periodictasks_options... OK
  Applying django_celery_results.0001_initial... OK
  Applying django_celery_results.0002_add_task_name_args_kwargs... OK
  Applying django_celery_results.0003_auto_20181106_1101... OK
  Applying django_celery_results.0004_auto_20190516_0412... OK
  Applying django_celery_results.0005_taskresult_worker... OK
  Applying django_celery_results.0006_taskresult_date_created... OK
  Applying django_celery_results.0007_remove_taskresult_hidden... OK
  Applying django_celery_results.0008_chordcounter... OK
  Applying django_celery_results.0009_groupresult... OK
  Applying django_celery_results.0010_remove_duplicate_indices... OK
  Applying django_celery_results.0011_taskresult_periodic_task_name... OK
  Applying django_celery_results.0012_taskresult_date_started... OK
  Applying django_celery_results.0013_taskresult_django_cele_periodi_1993cf_idx... OK
  Applying django_celery_results.0014_alter_taskresult_status... OK
  Applying sessions.0001_initial... OK
  Applying users.0011_concurrentusersnapshot_useractivity... OK
  Applying users.0012_alter_concurrentusersnapshot_timestamp... OK
  Applying users.0013_customuser_middle_name... OK
  Applying users.0014_alter_customuser_middle_name... OK
  Applying users.0015_customuser_bio_settings... OK
  Applying users.0016_remove_customuser_bio_delete_settings... OK
  Applying users.0017_settings... OK
  Applying users.0018_customuser_bio... OK
  Applying users.0019_betawhitelist... OK
  Applying users.0020_waitlist_betawhitelist_mode... OK
  Applying users.0021_betawhitelist_test_id_alter_betawhitelist_id... OK
  Applying users.0022_remove_betawhitelist_test_id_alter_betawhitelist_id... OK
  Applying users.0023_remove_waitlist_id_waitlist_test_id... OK
  Applying users.0024_remove_waitlist_test_id_waitlist_id... OK
  Applying users.0025_customuser_profile_image... OK
  Applying students.0001_initial... OK
  Applying students.0002_initial... OK
  Applying students.0003_studentsubmission_graded_at_and_more... OK
  Applying students.0004_alter_studentsubmission_graded_at... OK
  Applying students.0005_studentsubmission_ai_feedback_and_more... OK
  Applying students.0006_studentsubmission_ai_grading_completed_at... OK
  Applying students.0007_studentsubmission_extraction_confidence... OK
  Applying students.0008_studentsubmission_formatted_grade... OK
  Applying students.0009_studentsubmission_raw_input... OK
  Applying students.0010_batchuploadsession... OK
  Applying students.0011_batchuploadsession_course_and_more... OK
  Applying students.0012_alter_batchuploadsession_task_type... OK
  Applying students.0013_studentsubmission_max_points_and_more... OK
  Applying students.0014_alter_studentsubmission_score_percentage... OK
  Applying students.0015_studentsubmission_is_published... OK
  Applying students.0016_studentsubmission_grading_task_name_and_more... OK
  Applying students.0017_backgroundprocessingtask... OK
  Applying students.0018_studentsubmission_attempt_count... OK
  Applying students.0019_alter_studentsubmission_attempt_count... OK
  Applying students.0020_studentsubmission_grading_state... OK
  Applying students.0021_studentsubmission_needs_review... OK
  Applying students.0022_studentsubmission_review_severity... OK
  Applying students.0023_studentsubmission_review_tier_and_more... OK
  Applying students.0024_repair_raw_input_json... OK
  Applying students.0025_student_submission_hot_path_indexes... OK
  Applying students.0026_alter_backgroundprocessingtask_task_type... OK
  Applying students.0027_alter_studentsubmission_ai_grading_completed_at... OK
  Applying students.0028_backfill_ai_grading_completed_at... OK
  Applying token_blacklist.0001_initial... OK
  Applying token_blacklist.0002_outstandingtoken_jti_hex... OK
  Applying token_blacklist.0003_auto_20171017_2007... OK
  Applying token_blacklist.0004_auto_20171017_2013... OK
  Applying token_blacklist.0005_remove_outstandingtoken_jti... OK
  Applying token_blacklist.0006_auto_20171017_2113... OK
  Applying token_blacklist.0007_auto_20171017_2214... OK
  Applying token_blacklist.0008_migrate_to_bigautofield... OK
  Applying token_blacklist.0010_fix_migrate_to_bigautofield... OK
  Applying token_blacklist.0011_linearizes_history... OK
  Applying token_blacklist.0012_alter_outstandingtoken_user... OK
  Applying token_blacklist.0013_alter_blacklistedtoken_options_and_more... OK
  Applying users.0026_customuser_registration_method... OK
  Applying users.0027_customuser_profile_image_url... OK
  Applying users.0028_alter_customuser_middle_name... OK
  Applying users.0029_usergooglecredentials... OK
  Applying users.0030_usergooglecredentials_access_token_and_more... OK
  Applying users.0031_settings_notify_new_assignment_posted... OK
  Applying users.0032_alter_settings_notify_assignment_due_reminder_and_more... OK
  Applying users.0033_settings_notify_at_risk_student_alerts_and_more... OK
  Applying users.0034_passwordresetotp_attempts_and_more... OK
  Applying users.0035_settings_notify_assignment_edited... OK
  Applying users.0036_customuser_failed_login_attempts_and_more... OK
  Applying users.0037_customuser_must_change_password... OK
  Applying users.0038_alter_customuser_must_change_password... OK
  Applying users.0039_customuser_token_epoch... OK
  Applying users.0040_db_defaults_for_rollback...System check identified some issues:

WARNINGS:
?: (billing.W001) PlanFeature catalogue is missing (or not marked is_gating_feature=True for) gating key(s): ['AI_PROMPT_ANALYTICS_SUMMARY', 'AI_PROMPT_ASSIGNMENT_CREATION']. Every user in this environment will be DENIED the corresponding AI feature(s) - see AI_FEATURE_GATING_MAP in billing/access_control.py - until `manage.py seed_plan_features` is run.

System check identified 1 issue (0 silenced).
test_a_mock_for_a_reason_is_treated_as_absent (ai_processor.tests_finish_reason.CutOffRepliesAreCounted.test_a_mock_for_a_reason_is_treated_as_absent) ... Free trial plan not found: no trial activated for user e1d31738-110a-4cc6-b42b-79831a1e79e3.
Cannot activate automatic trial for user e1d31738-110a-4cc6-b42b-79831a1e79e3 (validation): ValueError
ok
test_a_model_name_that_is_not_text_is_logged_as_none (ai_processor.tests_finish_reason.CutOffRepliesAreCounted.test_a_model_name_that_is_not_text_is_logged_as_none) ... Free trial plan not found: no trial activated for user 16ed2610-0d67-439c-8fcf-1e6218ca1bf5.
Cannot activate automatic trial for user 16ed2610-0d67-439c-8fcf-1e6218ca1bf5 (validation): ValueError
ok
test_a_reply_cut_off_at_the_limit_is_logged_once_with_its_task_type (ai_processor.tests_finish_reason.CutOffRepliesAreCounted.test_a_reply_cut_off_at_the_limit_is_logged_once_with_its_task_type) ... Free trial plan not found: no trial activated for user 98637684-18e6-4af7-9003-684b6b08d377.
Cannot activate automatic trial for user 98637684-18e6-4af7-9003-684b6b08d377 (validation): ValueError
ok
test_a_reply_object_without_the_attribute_does_not_break_the_call (ai_processor.tests_finish_reason.CutOffRepliesAreCounted.test_a_reply_object_without_the_attribute_does_not_break_the_call) ... Free trial plan not found: no trial activated for user 4386aea7-047a-400c-9a26-87cb75f0e775.
Cannot activate automatic trial for user 4386aea7-047a-400c-9a26-87cb75f0e775 (validation): ValueError
ok
test_a_reply_that_stopped_normally_is_not_logged (ai_processor.tests_finish_reason.CutOffRepliesAreCounted.test_a_reply_that_stopped_normally_is_not_logged) ... Free trial plan not found: no trial activated for user f40d6e57-d1ea-4869-9221-35c67b85b079.
Cannot activate automatic trial for user f40d6e57-d1ea-4869-9221-35c67b85b079 (validation): ValueError
ok
test_a_reply_with_no_choices_does_not_break_the_call (ai_processor.tests_finish_reason.CutOffRepliesAreCounted.test_a_reply_with_no_choices_does_not_break_the_call) ... Free trial plan not found: no trial activated for user 8ff2dfa7-7c4a-42d7-8547-cbc62ee2dea9.
Cannot activate automatic trial for user 8ff2dfa7-7c4a-42d7-8547-cbc62ee2dea9 (validation): ValueError
ok
test_no_reason_at_all_is_not_logged (ai_processor.tests_finish_reason.CutOffRepliesAreCounted.test_no_reason_at_all_is_not_logged) ... Free trial plan not found: no trial activated for user 6f232589-57a7-461c-bbdb-d730b4689080.
Cannot activate automatic trial for user 6f232589-57a7-461c-bbdb-d730b4689080 (validation): ValueError
ok
test_the_line_has_exactly_the_three_fields_and_no_more (ai_processor.tests_finish_reason.CutOffRepliesAreCounted.test_the_line_has_exactly_the_three_fields_and_no_more) ... Free trial plan not found: no trial activated for user 39ac81df-1019-4e0f-ba7b-043e208df231.
Cannot activate automatic trial for user 39ac81df-1019-4e0f-ba7b-043e208df231 (validation): ValueError
ok
test_the_unmetered_super_admin_branch_logs_nothing (ai_processor.tests_finish_reason.CutOffRepliesAreCounted.test_the_unmetered_super_admin_branch_logs_nothing) ... ok
test_detail_breaks_a_created_at_tie_by_enrolment_id (classrooms.tests_enrollment_list_order.CourseDetailOrderTests.test_detail_breaks_a_created_at_tie_by_enrolment_id) ... Free trial plan not found: no trial activated for user 624d39e1-24ba-408b-ac3d-5db9b2061088.
Cannot activate automatic trial for user 624d39e1-24ba-408b-ac3d-5db9b2061088 (validation): ValueError
ok
test_detail_lists_students_by_enrolment_created_at_oldest_first (classrooms.tests_enrollment_list_order.CourseDetailOrderTests.test_detail_lists_students_by_enrolment_created_at_oldest_first) ... Free trial plan not found: no trial activated for user 495348cf-0d06-4232-b091-9442c38823a8.
Cannot activate automatic trial for user 495348cf-0d06-4232-b091-9442c38823a8 (validation): ValueError
ok
test_list_route_lists_students_in_the_same_order (classrooms.tests_enrollment_list_order.CourseDetailOrderTests.test_list_route_lists_students_in_the_same_order) ... Free trial plan not found: no trial activated for user dbb27bb7-c795-42c2-b366-70bef2db32cf.
Cannot activate automatic trial for user dbb27bb7-c795-42c2-b366-70bef2db32cf (validation): ValueError
ok
test_the_order_is_defined_once_and_the_queryset_uses_it (classrooms.tests_enrollment_list_order.OneDefinitionTests.test_the_order_is_defined_once_and_the_queryset_uses_it) ... ok
test_fallback_breaks_a_created_at_tie_by_enrolment_id (classrooms.tests_enrollment_list_order.SerializerFallbackOrderTests.test_fallback_breaks_a_created_at_tie_by_enrolment_id) ... Free trial plan not found: no trial activated for user 5869b0ba-e334-4eca-9b4f-92616d165254.
Cannot activate automatic trial for user 5869b0ba-e334-4eca-9b4f-92616d165254 (validation): ValueError
ok
test_fallback_lists_students_by_created_at_oldest_first (classrooms.tests_enrollment_list_order.SerializerFallbackOrderTests.test_fallback_lists_students_by_created_at_oldest_first) ... Free trial plan not found: no trial activated for user bec989ba-6172-45b2-b94d-8ce3d7ef4557.
Cannot activate automatic trial for user bec989ba-6172-45b2-b94d-8ce3d7ef4557 (validation): ValueError
ok
test_my_students_lists_enrolled_courses_oldest_enrolment_first (classrooms.tests_enrollment_list_order.StudentCoursesOrderTests.test_my_students_lists_enrolled_courses_oldest_enrolment_first) ... Free trial plan not found: no trial activated for user bab82107-abbc-448d-95e1-1f96da3777cc.
Cannot activate automatic trial for user bab82107-abbc-448d-95e1-1f96da3777cc (validation): ValueError
ok
test_unprefetched_serializer_lists_enrolled_courses_in_the_same_order (classrooms.tests_enrollment_list_order.StudentCoursesOrderTests.test_unprefetched_serializer_lists_enrolled_courses_in_the_same_order) ... Free trial plan not found: no trial activated for user ba5b4635-c37b-4978-acfe-e4e3720f72d2.
Cannot activate automatic trial for user ba5b4635-c37b-4978-acfe-e4e3720f72d2 (validation): ValueError
ok
test_the_assignment_route_answers_not_found (students.tests_answer_document_before_release.AStudentWhoIsOnlyInvitedReadsNoAssignment.test_the_assignment_route_answers_not_found) ... Free trial plan not found: no trial activated for user a0787995-5db1-4d1a-8793-f703f3a47cb8.
Cannot activate automatic trial for user a0787995-5db1-4d1a-8793-f703f3a47cb8 (validation): ValueError
API Exception
Traceback (most recent call last):
  File "/home/bond-servant-in-training/Documents/Virtualenvs/AutoGrader_env/lib/python3.12/site-packages/django/shortcuts.py", line 90, in get_object_or_404
    return queryset.get(*args, **kwargs)
           ^^^^^^^^^^^^^^^^^^^^^^^^^^^^^
  File "/home/bond-servant-in-training/Documents/Virtualenvs/AutoGrader_env/lib/python3.12/site-packages/django/db/models/query.py", line 633, in get
    raise self.model.DoesNotExist(
assignments.models.Assignment.DoesNotExist: Assignment matching query does not exist.

During handling of the above exception, another exception occurred:

Traceback (most recent call last):
  File "/home/bond-servant-in-training/Documents/Virtualenvs/AutoGrader_env/lib/python3.12/site-packages/rest_framework/views.py", line 512, in dispatch
    response = handler(request, *args, **kwargs)
               ^^^^^^^^^^^^^^^^^^^^^^^^^^^^^^^^^
  File "/home/bond-servant-in-training/Documents/Virtualenvs/AutoGrader_env/lib/python3.12/site-packages/drf_spectacular/drainage.py", line 207, in wrapped_method
    return method(self, request, *args, **kwargs)
           ^^^^^^^^^^^^^^^^^^^^^^^^^^^^^^^^^^^^^^
  File "/home/bond-servant-in-training/Documents/Projects/Grade-Automator-Plus-beta-batch-15/users/mixins.py", line 85, in retrieve
    response = super().retrieve(request, *args, **kwargs)  # type: ignore
               ^^^^^^^^^^^^^^^^^^^^^^^^^^^^^^^^^^^^^^^^^^
  File "/home/bond-servant-in-training/Documents/Virtualenvs/AutoGrader_env/lib/python3.12/site-packages/rest_framework/mixins.py", line 54, in retrieve
    instance = self.get_object()
               ^^^^^^^^^^^^^^^^^
  File "/home/bond-servant-in-training/Documents/Virtualenvs/AutoGrader_env/lib/python3.12/site-packages/rest_framework/generics.py", line 100, in get_object
    obj = get_object_or_404(queryset, **filter_kwargs)
          ^^^^^^^^^^^^^^^^^^^^^^^^^^^^^^^^^^^^^^^^^^^^
  File "/home/bond-servant-in-training/Documents/Virtualenvs/AutoGrader_env/lib/python3.12/site-packages/rest_framework/generics.py", line 19, in get_object_or_404
    return _get_object_or_404(queryset, *filter_args, **filter_kwargs)
           ^^^^^^^^^^^^^^^^^^^^^^^^^^^^^^^^^^^^^^^^^^^^^^^^^^^^^^^^^^^
  File "/home/bond-servant-in-training/Documents/Virtualenvs/AutoGrader_env/lib/python3.12/site-packages/django/shortcuts.py", line 92, in get_object_or_404
    raise Http404(
django.http.response.Http404: No Assignment matches the given query.
ok
test_on_the_students_own_submission (students.tests_answer_document_before_release.ASubmittedDocumentIsUnchangedByThisRow.test_on_the_students_own_submission) ... Free trial plan not found: no trial activated for user 95511116-b15e-44f8-b743-444039921cd9.
Cannot activate automatic trial for user 95511116-b15e-44f8-b743-444039921cd9 (validation): ValueError
ok
test_on_the_students_view_of_the_assignment (students.tests_answer_document_before_release.ASubmittedDocumentIsUnchangedByThisRow.test_on_the_students_view_of_the_assignment) ... Free trial plan not found: no trial activated for user 566c802f-5a58-499b-9896-77df41232f15.
Cannot activate automatic trial for user 566c802f-5a58-499b-9896-77df41232f15 (validation): ValueError
ok
test_the_upload_engine_stored_a_document (students.tests_answer_document_before_release.ASubmittedDocumentIsUnchangedByThisRow.test_the_upload_engine_stored_a_document) ... Free trial plan not found: no trial activated for user 2e3c7836-78b9-435e-905b-b5c507bdbbf7.
Cannot activate automatic trial for user 2e3c7836-78b9-435e-905b-b5c507bdbbf7 (validation): ValueError
ok
test_a_student_facing_serializer_does_not_return_the_stored_column (students.tests_answer_document_before_release.EveryReaderOfTheDocumentIsNamed.test_a_student_facing_serializer_does_not_return_the_stored_column) ... Free trial plan not found: no trial activated for user d3417431-5ef4-4ac0-aa48-8338879f5100.
Cannot activate automatic trial for user d3417431-5ef4-4ac0-aa48-8338879f5100 (validation): ValueError
ok
test_no_serializer_carries_the_document_unnamed (students.tests_answer_document_before_release.EveryReaderOfTheDocumentIsNamed.test_no_serializer_carries_the_document_unnamed) ... Free trial plan not found: no trial activated for user eaf89e82-280c-4a15-81e1-5e60f3a11de7.
Cannot activate automatic trial for user eaf89e82-280c-4a15-81e1-5e60f3a11de7 (validation): ValueError
ok
test_the_students_assignment_serializer_does_not_read_the_stored_column (students.tests_answer_document_before_release.EveryReaderOfTheDocumentIsNamed.test_the_students_assignment_serializer_does_not_read_the_stored_column)
It carries the document under another name, through a method. ... Free trial plan not found: no trial activated for user 98193335-35be-4f18-8104-e0282862f508.
Cannot activate automatic trial for user 98193335-35be-4f18-8104-e0282862f508 (validation): ValueError
ok
test_a_grade_of_zero_changes_nothing_either (students.tests_answer_document_before_release.GradingChangesNothingTheStudentReads.test_a_grade_of_zero_changes_nothing_either)
A genuine zero. The header prints nothing for a zero score, in ... Free trial plan not found: no trial activated for user 8d305dc9-6f95-4805-a562-69a986e92496.
Cannot activate automatic trial for user 8d305dc9-6f95-4805-a562-69a986e92496 (validation): ValueError
ok
test_a_graded_row_whose_stored_document_was_lost (students.tests_answer_document_before_release.GradingChangesNothingTheStudentReads.test_a_graded_row_whose_stored_document_was_lost)
The read itself rebuilds and stores the document (an existing ... Free trial plan not found: no trial activated for user fbf72350-4b7a-412d-8f09-0949fe59cbb4.
Cannot activate automatic trial for user fbf72350-4b7a-412d-8f09-0949fe59cbb4 (validation): ValueError
ok
test_a_half_graded_row_reads_the_same_too (students.tests_answer_document_before_release.GradingChangesNothingTheStudentReads.test_a_half_graded_row_reads_the_same_too)
A run that died between the score and the grading time, either ... Free trial plan not found: no trial activated for user e753d5c1-be65-47ac-a3db-f63f4279748b.
Cannot activate automatic trial for user e753d5c1-be65-47ac-a3db-f63f4279748b (validation): ValueError
ok
test_a_regrade_changes_nothing_either (students.tests_answer_document_before_release.GradingChangesNothingTheStudentReads.test_a_regrade_changes_nothing_either) ... Free trial plan not found: no trial activated for user 946a85cc-9cf7-4c70-abbf-3b886c4cc05b.
Cannot activate automatic trial for user 946a85cc-9cf7-4c70-abbf-3b886c4cc05b (validation): ValueError
ok
test_on_the_students_own_submission (students.tests_answer_document_before_release.GradingChangesNothingTheStudentReads.test_on_the_students_own_submission) ... Free trial plan not found: no trial activated for user f80c60b9-74b9-476e-a73d-0e98d6ea3b31.
Cannot activate automatic trial for user f80c60b9-74b9-476e-a73d-0e98d6ea3b31 (validation): ValueError
ok
test_on_the_students_view_of_the_assignment (students.tests_answer_document_before_release.GradingChangesNothingTheStudentReads.test_on_the_students_view_of_the_assignment) ... Free trial plan not found: no trial activated for user bb2ac487-7293-4f4d-9cee-9f890d068e34.
Cannot activate automatic trial for user bb2ac487-7293-4f4d-9cee-9f890d068e34 (validation): ValueError
ok
test_a_row_with_no_stored_document_is_served_as_it_is (students.tests_answer_document_before_release.NothingElseChanges.test_a_row_with_no_stored_document_is_served_as_it_is)
Nothing is made up where there is no document: a submission ... Free trial plan not found: no trial activated for user 1836631a-764e-44b0-bd7b-fb0c4aa8a4dd.
Cannot activate automatic trial for user 1836631a-764e-44b0-bd7b-fb0c4aa8a4dd (validation): ValueError
ok
test_after_release_the_student_reads_what_the_teacher_reads (students.tests_answer_document_before_release.NothingElseChanges.test_after_release_the_student_reads_what_the_teacher_reads) ... Free trial plan not found: no trial activated for user 76040983-1a59-4c04-b6f4-2c2db9d85229.
Cannot activate automatic trial for user 76040983-1a59-4c04-b6f4-2c2db9d85229 (validation): ValueError
ok
test_grading_stores_a_different_document_and_a_students_read_leaves_it (students.tests_answer_document_before_release.NothingElseChanges.test_grading_stores_a_different_document_and_a_students_read_leaves_it) ... Free trial plan not found: no trial activated for user 76b6f14e-5dce-4777-8789-02723ad9d99d.
Cannot activate automatic trial for user 76b6f14e-5dce-4777-8789-02723ad9d99d (validation): ValueError
ok
test_the_teacher_reads_the_graded_document_before_release (students.tests_answer_document_before_release.NothingElseChanges.test_the_teacher_reads_the_graded_document_before_release) ... Free trial plan not found: no trial activated for user df14f2f0-c18e-40a0-9bf5-4c62958e010a.
Cannot activate automatic trial for user df14f2f0-c18e-40a0-9bf5-4c62958e010a (validation): ValueError
ok
test_a_response_cached_before_grading_is_not_the_graded_form_after_it (students.tests_answer_document_before_release.TheCachedResponse.test_a_response_cached_before_grading_is_not_the_graded_form_after_it) ... Free trial plan not found: no trial activated for user fe09d882-1ba4-410a-b0dc-3b7ba6dc2540.
Cannot activate automatic trial for user fe09d882-1ba4-410a-b0dc-3b7ba6dc2540 (validation): ValueError
ok
test_a_response_cached_before_release_is_not_served_after_it (students.tests_answer_document_before_release.TheCachedResponse.test_a_response_cached_before_release_is_not_served_after_it) ... Free trial plan not found: no trial activated for user 42b89f18-d5dc-4b76-b216-bdb2e3fe929f.
Cannot activate automatic trial for user 42b89f18-d5dc-4b76-b216-bdb2e3fe929f (validation): ValueError
ok
test_nor_after_the_release_of_the_whole_assignment (students.tests_answer_document_before_release.TheCachedResponse.test_nor_after_the_release_of_the_whole_assignment)
That route updates the rows with no save signal. ... Free trial plan not found: no trial activated for user 03baedb8-29a4-42f5-a96f-4fa1eb57bec0.
Cannot activate automatic trial for user 03baedb8-29a4-42f5-a96f-4fa1eb57bec0 (validation): ValueError
ok
test_a_first_upload_answers_with_the_submitted_document (students.tests_answer_document_before_release.TheUploadRoutesOwnAnswer.test_a_first_upload_answers_with_the_submitted_document) ... Free trial plan not found: no trial activated for user 23063954-980c-4368-b08d-65a0d541444c.
Cannot activate automatic trial for user 23063954-980c-4368-b08d-65a0d541444c (validation): ValueError
ok
test_an_upload_on_a_graded_unreleased_row_is_refused_with_no_document (students.tests_answer_document_before_release.TheUploadRoutesOwnAnswer.test_an_upload_on_a_graded_unreleased_row_is_refused_with_no_document) ... Free trial plan not found: no trial activated for user ed6d4b39-9da0-43de-b471-a56286d393cf.
Cannot activate automatic trial for user ed6d4b39-9da0-43de-b471-a56286d393cf (validation): ValueError
ok
test_a_rename_shows_when_it_happens_and_not_when_grading_happens (students.tests_answer_document_before_release.WhatIsGivenUp.test_a_rename_shows_when_it_happens_and_not_when_grading_happens) ... Free trial plan not found: no trial activated for user d1333645-b0cc-4207-a781-1365afb6ff76.
Cannot activate automatic trial for user d1333645-b0cc-4207-a781-1365afb6ff76 (validation): ValueError
ok
test_a_rename_the_teacher_saves_refreshes_the_students_cached_document (students.tests_answer_document_before_release.WhatIsGivenUp.test_a_rename_the_teacher_saves_refreshes_the_students_cached_document)
The two tests around this one rename by a queryset update and ... Free trial plan not found: no trial activated for user 623091a2-6a01-49cd-bebd-cee9c1047301.
Cannot activate automatic trial for user 623091a2-6a01-49cd-bebd-cee9c1047301 (validation): ValueError
ok
test_the_same_on_the_students_view_of_the_assignment (students.tests_answer_document_before_release.WhatIsGivenUp.test_the_same_on_the_students_view_of_the_assignment) ... Free trial plan not found: no trial activated for user 84acdc3c-ea25-463e-a833-f72eafb1e118.
Cannot activate automatic trial for user 84acdc3c-ea25-463e-a833-f72eafb1e118 (validation): ValueError
ok
test_a_genuine_zero_is_printed (students.tests_answer_document_score_printing.AGradedRowPrintsItsScoreWithTwoDecimals.test_a_genuine_zero_is_printed) ... Free trial plan not found: no trial activated for user 1310ed35-e941-4f8f-82b7-e5d5580bdedd.
Cannot activate automatic trial for user 1310ed35-e941-4f8f-82b7-e5d5580bdedd (validation): ValueError
ok
test_a_half_point (students.tests_answer_document_score_printing.AGradedRowPrintsItsScoreWithTwoDecimals.test_a_half_point) ... Free trial plan not found: no trial activated for user 80d0bcc8-70aa-46d1-8698-deb4366460d8.
Cannot activate automatic trial for user 80d0bcc8-70aa-46d1-8698-deb4366460d8 (validation): ValueError
ok
test_a_whole_score (students.tests_answer_document_score_printing.AGradedRowPrintsItsScoreWithTwoDecimals.test_a_whole_score) ... Free trial plan not found: no trial activated for user 6e067750-0e9b-4da9-967c-376ca3ba8d1c.
Cannot activate automatic trial for user 6e067750-0e9b-4da9-967c-376ca3ba8d1c (validation): ValueError
ok
test_full_marks (students.tests_answer_document_score_printing.AGradedRowPrintsItsScoreWithTwoDecimals.test_full_marks) ... Free trial plan not found: no trial activated for user 10e1d575-ac49-4999-856b-92ffe910e79f.
Cannot activate automatic trial for user 10e1d575-ac49-4999-856b-92ffe910e79f (validation): ValueError
ok
test_the_stored_document_is_rebuilt (students.tests_answer_document_score_printing.AManualGradeBeforeRelease.test_the_stored_document_is_rebuilt) ... Free trial plan not found: no trial activated for user edec6fab-6443-4bb6-9779-2778caee2c2e.
Cannot activate automatic trial for user edec6fab-6443-4bb6-9779-2778caee2c2e (validation): ValueError
ok
test_the_student_still_reads_the_submitted_form (students.tests_answer_document_score_printing.AManualGradeBeforeRelease.test_the_student_still_reads_the_submitted_form) ... Free trial plan not found: no trial activated for user e7da9974-d143-4139-be30-605622618bcb.
Cannot activate automatic trial for user e7da9974-d143-4139-be30-605622618bcb (validation): ValueError
ok
test_a_grading_time_and_no_score_says_not_graded_yet (students.tests_answer_document_score_printing.ARowThatIsNotGradedPrintsWhatItPrinted.test_a_grading_time_and_no_score_says_not_graded_yet) ... Free trial plan not found: no trial activated for user ff31e480-5199-4af7-9339-0f0351e0e049.
Cannot activate automatic trial for user ff31e480-5199-4af7-9339-0f0351e0e049 (validation): ValueError
ok
test_a_score_and_no_grading_time_prints_the_stored_value_as_before (students.tests_answer_document_score_printing.ARowThatIsNotGradedPrintsWhatItPrinted.test_a_score_and_no_grading_time_prints_the_stored_value_as_before) ... Free trial plan not found: no trial activated for user c958484e-0d1b-4575-839b-f7d88393b5a8.
Cannot activate automatic trial for user c958484e-0d1b-4575-839b-f7d88393b5a8 (validation): ValueError
ok
test_a_submitted_row_prints_an_empty_score_line (students.tests_answer_document_score_printing.ARowThatIsNotGradedPrintsWhatItPrinted.test_a_submitted_row_prints_an_empty_score_line) ... Free trial plan not found: no trial activated for user 562d3d9a-fa26-4b56-9816-12d835e1422f.
Cannot activate automatic trial for user 562d3d9a-fa26-4b56-9816-12d835e1422f (validation): ValueError
ok
test_the_form_a_student_reads_before_release_stays_empty (students.tests_answer_document_score_printing.ARowThatIsNotGradedPrintsWhatItPrinted.test_the_form_a_student_reads_before_release_stays_empty) ... Free trial plan not found: no trial activated for user 20f4fc94-4f15-453b-921e-973e7f6521e1.
Cannot activate automatic trial for user 20f4fc94-4f15-453b-921e-973e7f6521e1 (validation): ValueError
ok
test_a_released_student_reads_a_paper_that_moved_with_the_score (students.tests_answer_document_score_printing.AfterAManualGradeThePaperShowsTheNewScore.test_a_released_student_reads_a_paper_that_moved_with_the_score) ... Free trial plan not found: no trial activated for user 286cb614-ee4f-4169-8f29-06d5ab681f37.
Cannot activate automatic trial for user 286cb614-ee4f-4169-8f29-06d5ab681f37 (validation): ValueError
ok
test_an_override_to_the_same_score_leaves_the_document_as_it_is (students.tests_answer_document_score_printing.AfterAManualGradeThePaperShowsTheNewScore.test_an_override_to_the_same_score_leaves_the_document_as_it_is)
The other direction, so that "rebuilt" cannot be satisfied by a ... Free trial plan not found: no trial activated for user cd35c2c3-47ab-4c3a-9afa-72a0c85314bf.
Cannot activate automatic trial for user cd35c2c3-47ab-4c3a-9afa-72a0c85314bf (validation): ValueError
ok
test_the_route_stores_the_new_score (students.tests_answer_document_score_printing.AfterAManualGradeThePaperShowsTheNewScore.test_the_route_stores_the_new_score)
The control: the override itself works. ... Free trial plan not found: no trial activated for user b7c97860-42ab-41b8-a08a-fafc251af5c6.
Cannot activate automatic trial for user b7c97860-42ab-41b8-a08a-fafc251af5c6 (validation): ValueError
ok
test_the_routes_own_answer_carries_the_new_document (students.tests_answer_document_score_printing.AfterAManualGradeThePaperShowsTheNewScore.test_the_routes_own_answer_carries_the_new_document) ... Free trial plan not found: no trial activated for user 7f8e83cc-b08e-4181-817c-26bd7fa568a4.
Cannot activate automatic trial for user 7f8e83cc-b08e-4181-817c-26bd7fa568a4 (validation): ValueError
ok
test_the_routes_own_answer_does_not_carry_the_old_document (students.tests_answer_document_score_printing.AfterAManualGradeThePaperShowsTheNewScore.test_the_routes_own_answer_does_not_carry_the_old_document) ... Free trial plan not found: no trial activated for user 7c820193-141a-4e68-9621-878d5dd7f6a0.
Cannot activate automatic trial for user 7c820193-141a-4e68-9621-878d5dd7f6a0 (validation): ValueError
ok
test_the_stored_document_is_rebuilt (students.tests_answer_document_score_printing.AfterAManualGradeThePaperShowsTheNewScore.test_the_stored_document_is_rebuilt) ... Free trial plan not found: no trial activated for user fa7ef1f2-50c1-463e-b187-4cf9968fe6a0.
Cannot activate automatic trial for user fa7ef1f2-50c1-463e-b187-4cf9968fe6a0 (validation): ValueError
ok
test_the_stored_document_is_the_one_a_rebuild_gives (students.tests_answer_document_score_printing.AfterAManualGradeThePaperShowsTheNewScore.test_the_stored_document_is_the_one_a_rebuild_gives)
Not just "different": the document of the row as it now is. ... Free trial plan not found: no trial activated for user f633505a-8337-4037-9f8b-efb6cd0f5a1e.
Cannot activate automatic trial for user f633505a-8337-4037-9f8b-efb6cd0f5a1e (validation): ValueError
ok
test_a_graded_zero_is_not_the_submitted_document (students.tests_answer_document_score_printing.TheStoredDocumentIsTheSameOnEveryPath.test_a_graded_zero_is_not_the_submitted_document) ... Free trial plan not found: no trial activated for user 3d9fda83-6850-42fb-816d-62933bdd4ce2.
Cannot activate automatic trial for user 3d9fda83-6850-42fb-816d-62933bdd4ce2 (validation): ValueError
ok
test_grading_and_the_rebuild_on_a_read (students.tests_answer_document_score_printing.TheStoredDocumentIsTheSameOnEveryPath.test_grading_and_the_rebuild_on_a_read) ... Free trial plan not found: no trial activated for user c181fa87-0ca1-476f-bbf0-5d77b47c336c.
Cannot activate automatic trial for user c181fa87-0ca1-476f-bbf0-5d77b47c336c (validation): ValueError
ok
test_the_same_for_a_genuine_zero (students.tests_answer_document_score_printing.TheStoredDocumentIsTheSameOnEveryPath.test_the_same_for_a_genuine_zero) ... Free trial plan not found: no trial activated for user 3c03697b-661e-4972-b780-2ce76a07fa24.
Cannot activate automatic trial for user 3c03697b-661e-4972-b780-2ce76a07fa24 (validation): ValueError
ok
test_the_first_gradings_task_writes_nothing_after_a_regrade (students.tests_formatting_task_superseded.ARegradeSupersedesTheFirstGradingsTask.test_the_first_gradings_task_writes_nothing_after_a_regrade) ... Free trial plan not found: no trial activated for user 4908815e-c42c-493c-bb41-91ee277af1f2.
Cannot activate automatic trial for user 4908815e-c42c-493c-bb41-91ee277af1f2 (validation): ValueError
ok
test_the_regrades_own_task_writes (students.tests_formatting_task_superseded.ARegradeSupersedesTheFirstGradingsTask.test_the_regrades_own_task_writes) ... Free trial plan not found: no trial activated for user 061f3bac-6047-4288-acf2-0cc806f49f5d.
Cannot activate automatic trial for user 061f3bac-6047-4288-acf2-0cc806f49f5d (validation): ValueError
ok
test_a_message_with_no_stamp_behaves_as_before (students.tests_formatting_task_superseded.AnOlderTaskDoesNotWriteOverAManualGrade.test_a_message_with_no_stamp_behaves_as_before)
One queued before this change is still in the queue when it is ... Free trial plan not found: no trial activated for user dd44ac90-c190-4f16-b48e-24546bde2fe5.
Cannot activate automatic trial for user dd44ac90-c190-4f16-b48e-24546bde2fe5 (validation): ValueError
ok
test_a_task_whose_result_is_still_the_rows_writes (students.tests_formatting_task_superseded.AnOlderTaskDoesNotWriteOverAManualGrade.test_a_task_whose_result_is_still_the_rows_writes) ... Free trial plan not found: no trial activated for user 59792c5e-a3fd-4691-85e1-96eb24de5aa3.
Cannot activate automatic trial for user 59792c5e-a3fd-4691-85e1-96eb24de5aa3 (validation): ValueError
ok
test_one_queued_before_and_started_after_the_manual_grade (students.tests_formatting_task_superseded.AnOlderTaskDoesNotWriteOverAManualGrade.test_one_queued_before_and_started_after_the_manual_grade)
Way 2. ... Free trial plan not found: no trial activated for user 56b062e1-67ac-45b0-842d-53b028bf3b47.
Cannot activate automatic trial for user 56b062e1-67ac-45b0-842d-53b028bf3b47 (validation): ValueError
ok
test_one_that_loaded_the_row_before_the_manual_grade (students.tests_formatting_task_superseded.AnOlderTaskDoesNotWriteOverAManualGrade.test_one_that_loaded_the_row_before_the_manual_grade)
Way 1. The manual grade clears the text (H-144); the older ... Free trial plan not found: no trial activated for user 7850f662-666b-43f4-9ad8-3baa8bb81315.
Cannot activate automatic trial for user 7850f662-666b-43f4-9ad8-3baa8bb81315 (validation): ValueError
ok
test_the_manual_grades_own_task_fills_the_text (students.tests_formatting_task_superseded.AnOlderTaskDoesNotWriteOverAManualGrade.test_the_manual_grades_own_task_fills_the_text) ... Free trial plan not found: no trial activated for user 05013912-5888-4488-9c11-02e79f3b8979.
Cannot activate automatic trial for user 05013912-5888-4488-9c11-02e79f3b8979 (validation): ValueError
ok
test_a_score_saved_during_its_ai_call_is_not_written_back (students.tests_formatting_task_superseded.FormatGradeSavesOnlyItsText.test_a_score_saved_during_its_ai_call_is_not_written_back) ... Free trial plan not found: no trial activated for user b743ed6e-ecca-4a8e-b9ba-39036407a719.
Cannot activate automatic trial for user b743ed6e-ecca-4a8e-b9ba-39036407a719 (validation): ValueError
ok
test_it_still_writes_its_text (students.tests_formatting_task_superseded.FormatGradeSavesOnlyItsText.test_it_still_writes_its_text) ... Free trial plan not found: no trial activated for user 4ff3506d-0586-4757-b3bd-f3ff1831bd63.
Cannot activate automatic trial for user 4ff3506d-0586-4757-b3bd-f3ff1831bd63 (validation): ValueError
ok
test_as_a_success_not_a_failure (students.tests_formatting_task_superseded.HowASupersededTaskEnds.test_as_a_success_not_a_failure) ... Free trial plan not found: no trial activated for user ebbd5ed1-1227-4c26-a0bd-cf00cbf3e149.
Cannot activate automatic trial for user ebbd5ed1-1227-4c26-a0bd-cf00cbf3e149 (validation): ValueError
ok
test_its_step_says_superseded_and_names_no_score (students.tests_formatting_task_superseded.HowASupersededTaskEnds.test_its_step_says_superseded_and_names_no_score) ... Free trial plan not found: no trial activated for user 3728617e-ab4e-448d-8cca-0bcdae0bafe8.
Cannot activate automatic trial for user 3728617e-ab4e-448d-8cca-0bcdae0bafe8 (validation): ValueError
ok
test_it_changes_with_a_regrade_and_with_a_manual_grade (students.tests_formatting_task_superseded.TheStamp.test_it_changes_with_a_regrade_and_with_a_manual_grade) ... Free trial plan not found: no trial activated for user 39e7b14e-e365-4357-9687-a760f75139c1.
Cannot activate automatic trial for user 39e7b14e-e365-4357-9687-a760f75139c1 (validation): ValueError
ok
test_it_holds_no_score (students.tests_formatting_task_superseded.TheStamp.test_it_holds_no_score) ... Free trial plan not found: no trial activated for user b8dc8473-2ea8-4496-a0ed-34c0e182b31d.
Cannot activate automatic trial for user b8dc8473-2ea8-4496-a0ed-34c0e182b31d (validation): ValueError
ok
test_it_is_the_same_for_the_row_in_memory_and_from_the_database (students.tests_formatting_task_superseded.TheStamp.test_it_is_the_same_for_the_row_in_memory_and_from_the_database) ... Free trial plan not found: no trial activated for user 798846a7-d91e-48df-a968-51540c767031.
Cannot activate automatic trial for user 798846a7-d91e-48df-a968-51540c767031 (validation): ValueError
ok
test_the_route_queues_the_task_with_the_rows_stamp (students.tests_formatting_task_superseded.TheTeacherFeedbackRoutePassesTheStamp.test_the_route_queues_the_task_with_the_rows_stamp) ... Free trial plan not found: no trial activated for user 485c723f-dd05-47cf-ad46-03e807e29490.
Cannot activate automatic trial for user 485c723f-dd05-47cf-ad46-03e807e29490 (validation): ValueError
ok
test_the_route_clears_the_stored_formatted_grade (students.tests_manual_grade_formatted_grade.BeforeReleaseItIsClearedToo.test_the_route_clears_the_stored_formatted_grade) ... Free trial plan not found: no trial activated for user 6210601a-a927-463b-a46d-5f8050d5eb17.
Cannot activate automatic trial for user 6210601a-a927-463b-a46d-5f8050d5eb17 (validation): ValueError
ok
test_a_released_student_reads_the_new_score_and_no_formatted_grade (students.tests_manual_grade_formatted_grade.TheOldTextDoesNotStandBesideTheNewScore.test_a_released_student_reads_the_new_score_and_no_formatted_grade) ... Free trial plan not found: no trial activated for user 338e41d2-9a3b-48ad-bf69-6ef01751b6ca.
Cannot activate automatic trial for user 338e41d2-9a3b-48ad-bf69-6ef01751b6ca (validation): ValueError
ok
test_before_the_manual_grade_the_student_reads_the_old_statement (students.tests_manual_grade_formatted_grade.TheOldTextDoesNotStandBesideTheNewScore.test_before_the_manual_grade_the_student_reads_the_old_statement)
The control: the fixture's text does reach the student. ... Free trial plan not found: no trial activated for user 5a2c73d0-b448-479d-b808-4c6f51308eb8.
Cannot activate automatic trial for user 5a2c73d0-b448-479d-b808-4c6f51308eb8 (validation): ValueError
ok
test_the_route_clears_the_stored_formatted_grade (students.tests_manual_grade_formatted_grade.TheOldTextDoesNotStandBesideTheNewScore.test_the_route_clears_the_stored_formatted_grade) ... Free trial plan not found: no trial activated for user 0979c6b5-754a-4219-9268-948b17405ade.
Cannot activate automatic trial for user 0979c6b5-754a-4219-9268-948b17405ade (validation): ValueError
ok
test_the_routes_own_answer_has_the_new_score_and_no_formatted_grade (students.tests_manual_grade_formatted_grade.TheOldTextDoesNotStandBesideTheNewScore.test_the_routes_own_answer_has_the_new_score_and_no_formatted_grade) ... Free trial plan not found: no trial activated for user 6ff0c796-905a-46d5-9a21-b099d9325aaf.
Cannot activate automatic trial for user 6ff0c796-905a-46d5-9a21-b099d9325aaf (validation): ValueError
ok
test_the_task_is_still_queued_and_the_notice_still_sent (students.tests_manual_grade_formatted_grade.TheOldTextDoesNotStandBesideTheNewScore.test_the_task_is_still_queued_and_the_notice_still_sent) ... Free trial plan not found: no trial activated for user c10bd463-dc02-4281-b040-76a9ffc866f1.
Cannot activate automatic trial for user c10bd463-dc02-4281-b040-76a9ffc866f1 (validation): ValueError
ok
test_an_unreachable_queue_does_not_fail_the_grade (students.tests_manual_grade_formatted_grade.WhenTheTaskCannotBeQueued.test_an_unreachable_queue_does_not_fail_the_grade) ... Free trial plan not found: no trial activated for user 51c9f898-0836-4071-b73a-341e1dae1484.
Cannot activate automatic trial for user 51c9f898-0836-4071-b73a-341e1dae1484 (validation): ValueError


students.task_tracking ERROR 2026-10-09 12:12:15,745 task_tracking 1456082 137870913190848 [request_id=50d7b9deb97d47a8b8246d9aac3012c2] Background task ca40dade-4e97-42f4-90cd-8457c8aa31c5 failed

Traceback (most recent call last):
  File "/home/bond-servant-in-training/Documents/Projects/Grade-Automator-Plus-beta-batch-15/students/task_tracking.py", line 72, in launch_processing_task
    async_result = task_callable.delay(*args, **kwargs)
                   ^^^^^^^^^^^^^^^^^^^^^^^^^^^^^^^^^^^^
  File "/home/bond-servant-in-training/.pyenv/versions/3.12.10/lib/python3.12/unittest/mock.py", line 1139, in __call__
    return self._mock_call(*args, **kwargs)
           ^^^^^^^^^^^^^^^^^^^^^^^^^^^^^^^^
  File "/home/bond-servant-in-training/.pyenv/versions/3.12.10/lib/python3.12/unittest/mock.py", line 1143, in _mock_call
    return self._execute_mock_call(*args, **kwargs)
           ^^^^^^^^^^^^^^^^^^^^^^^^^^^^^^^^^^^^^^^^
  File "/home/bond-servant-in-training/.pyenv/versions/3.12.10/lib/python3.12/unittest/mock.py", line 1198, in _execute_mock_call
    raise effect
kombu.exceptions.OperationalError: the-broker-said-this
ok
test_nor_does_any_other_failure_to_queue (students.tests_manual_grade_formatted_grade.WhenTheTaskCannotBeQueued.test_nor_does_any_other_failure_to_queue) ... Free trial plan not found: no trial activated for user d8b4554f-ba97-40aa-99e3-723bc38a24c4.
Cannot activate automatic trial for user d8b4554f-ba97-40aa-99e3-723bc38a24c4 (validation): ValueError


students.task_tracking ERROR 2026-10-09 12:12:15,948 task_tracking 1456082 137870913190848 [request_id=ccd647020ff84634a4e97cdd6793bebf] Background task b50d5e53-1c6b-45e8-b381-c7075b62ff0d failed

Traceback (most recent call last):
  File "/home/bond-servant-in-training/Documents/Projects/Grade-Automator-Plus-beta-batch-15/students/task_tracking.py", line 72, in launch_processing_task
    async_result = task_callable.delay(*args, **kwargs)
                   ^^^^^^^^^^^^^^^^^^^^^^^^^^^^^^^^^^^^
  File "/home/bond-servant-in-training/.pyenv/versions/3.12.10/lib/python3.12/unittest/mock.py", line 1139, in __call__
    return self._mock_call(*args, **kwargs)
           ^^^^^^^^^^^^^^^^^^^^^^^^^^^^^^^^
  File "/home/bond-servant-in-training/.pyenv/versions/3.12.10/lib/python3.12/unittest/mock.py", line 1143, in _mock_call
    return self._execute_mock_call(*args, **kwargs)
           ^^^^^^^^^^^^^^^^^^^^^^^^^^^^^^^^^^^^^^^^
  File "/home/bond-servant-in-training/.pyenv/versions/3.12.10/lib/python3.12/unittest/mock.py", line 1198, in _execute_mock_call
    raise effect
RuntimeError: the-broker-said-this
ok
test_the_failure_is_logged_with_ids_and_nothing_else (students.tests_manual_grade_formatted_grade.WhenTheTaskCannotBeQueued.test_the_failure_is_logged_with_ids_and_nothing_else) ... Free trial plan not found: no trial activated for user ed626855-7899-4666-bc20-fb503a72e9dc.
Cannot activate automatic trial for user ed626855-7899-4666-bc20-fb503a72e9dc (validation): ValueError


students.task_tracking ERROR 2026-10-09 12:12:16,155 task_tracking 1456082 137870913190848 [request_id=6183a668607b4951964e267c89247720] Background task 5821ab0f-d03b-4b11-b9a5-7690f05560ea failed

Traceback (most recent call last):
  File "/home/bond-servant-in-training/Documents/Projects/Grade-Automator-Plus-beta-batch-15/students/task_tracking.py", line 72, in launch_processing_task
    async_result = task_callable.delay(*args, **kwargs)
                   ^^^^^^^^^^^^^^^^^^^^^^^^^^^^^^^^^^^^
  File "/home/bond-servant-in-training/.pyenv/versions/3.12.10/lib/python3.12/unittest/mock.py", line 1139, in __call__
    return self._mock_call(*args, **kwargs)
           ^^^^^^^^^^^^^^^^^^^^^^^^^^^^^^^^
  File "/home/bond-servant-in-training/.pyenv/versions/3.12.10/lib/python3.12/unittest/mock.py", line 1143, in _mock_call
    return self._execute_mock_call(*args, **kwargs)
           ^^^^^^^^^^^^^^^^^^^^^^^^^^^^^^^^^^^^^^^^
  File "/home/bond-servant-in-training/.pyenv/versions/3.12.10/lib/python3.12/unittest/mock.py", line 1198, in _execute_mock_call
    raise effect
kombu.exceptions.OperationalError: the-broker-said-this
ok
test_the_student_reads_the_new_score_and_no_formatted_grade (students.tests_manual_grade_formatted_grade.WhenTheTaskCannotBeQueued.test_the_student_reads_the_new_score_and_no_formatted_grade) ... Free trial plan not found: no trial activated for user d236cb98-ec83-4a72-bb37-0dcc774eb94d.
Cannot activate automatic trial for user d236cb98-ec83-4a72-bb37-0dcc774eb94d (validation): ValueError


students.task_tracking ERROR 2026-10-09 12:12:16,358 task_tracking 1456082 137870913190848 [request_id=5934ab7d151b4ce4b6d27937579cc277] Background task 3d4770a4-400d-4a0b-a08b-28b062611280 failed

Traceback (most recent call last):
  File "/home/bond-servant-in-training/Documents/Projects/Grade-Automator-Plus-beta-batch-15/students/task_tracking.py", line 72, in launch_processing_task
    async_result = task_callable.delay(*args, **kwargs)
                   ^^^^^^^^^^^^^^^^^^^^^^^^^^^^^^^^^^^^
  File "/home/bond-servant-in-training/.pyenv/versions/3.12.10/lib/python3.12/unittest/mock.py", line 1139, in __call__
    return self._mock_call(*args, **kwargs)
           ^^^^^^^^^^^^^^^^^^^^^^^^^^^^^^^^
  File "/home/bond-servant-in-training/.pyenv/versions/3.12.10/lib/python3.12/unittest/mock.py", line 1143, in _mock_call
    return self._execute_mock_call(*args, **kwargs)
           ^^^^^^^^^^^^^^^^^^^^^^^^^^^^^^^^^^^^^^^^
  File "/home/bond-servant-in-training/.pyenv/versions/3.12.10/lib/python3.12/unittest/mock.py", line 1198, in _execute_mock_call
    raise effect
kombu.exceptions.OperationalError: the-broker-said-this
ok
test_a_failed_task_leaves_nothing_stale (students.tests_manual_grade_formatted_grade.WhenTheTaskEnds.test_a_failed_task_leaves_nothing_stale) ... Free trial plan not found: no trial activated for user 6b8edfd9-423b-44d9-b399-eef41d2ad35c.
Cannot activate automatic trial for user 6b8edfd9-423b-44d9-b399-eef41d2ad35c (validation): ValueError


students.task_tracking ERROR 2026-10-09 12:12:16,577 task_tracking 1456082 137870913190848 [request_id=-] Background task None failed

Traceback (most recent call last):
  File "/home/bond-servant-in-training/Documents/Projects/Grade-Automator-Plus-beta-batch-15/assignments/tasks.py", line 963, in formatted_grade_async
    formatted_grade = ai_processor.formatted_grade(
                      ^^^^^^^^^^^^^^^^^^^^^^^^^^^^^
  File "/home/bond-servant-in-training/.pyenv/versions/3.12.10/lib/python3.12/unittest/mock.py", line 1139, in __call__
    return self._mock_call(*args, **kwargs)
           ^^^^^^^^^^^^^^^^^^^^^^^^^^^^^^^^
  File "/home/bond-servant-in-training/.pyenv/versions/3.12.10/lib/python3.12/unittest/mock.py", line 1143, in _mock_call
    return self._execute_mock_call(*args, **kwargs)
           ^^^^^^^^^^^^^^^^^^^^^^^^^^^^^^^^^^^^^^^^
  File "/home/bond-servant-in-training/.pyenv/versions/3.12.10/lib/python3.12/unittest/mock.py", line 1198, in _execute_mock_call
    raise effect
RuntimeError: the formatter failed
ok
test_a_finished_task_gives_the_student_the_new_statement (students.tests_manual_grade_formatted_grade.WhenTheTaskEnds.test_a_finished_task_gives_the_student_the_new_statement) ... Free trial plan not found: no trial activated for user 8f9b1bf6-a8ac-4bdc-b0f0-c83b0ce9c560.
Cannot activate automatic trial for user 8f9b1bf6-a8ac-4bdc-b0f0-c83b0ce9c560 (validation): ValueError
ok
test_a_dict_of_answers (students.tests_manual_grade_unreadable_answers.TheBuilderMakesTheGradeSaveForEveryShape.test_a_dict_of_answers) ... Free trial plan not found: no trial activated for user 4d5feaf8-161e-4469-bd44-7cf49103bba1.
Cannot activate automatic trial for user 4d5feaf8-161e-4469-bd44-7cf49103bba1 (validation): ValueError
ok
test_a_list_of_strings (students.tests_manual_grade_unreadable_answers.TheBuilderMakesTheGradeSaveForEveryShape.test_a_list_of_strings) ... Free trial plan not found: no trial activated for user 27e10e64-f753-48fa-bfd7-bcd3c2904657.
Cannot activate automatic trial for user 27e10e64-f753-48fa-bfd7-bcd3c2904657 (validation): ValueError
ok
test_a_string_of_answers (students.tests_manual_grade_unreadable_answers.TheBuilderMakesTheGradeSaveForEveryShape.test_a_string_of_answers) ... Free trial plan not found: no trial activated for user 72e9ab80-efc4-4301-b4ee-4d70db266577.
Cannot activate automatic trial for user 72e9ab80-efc4-4301-b4ee-4d70db266577 (validation): ValueError
ok
test_a_fault_in_the_save_is_not_swallowed (students.tests_manual_grade_unreadable_answers.TheGuardKeepsTheSaveSafeFromTheNextBuilderFault.test_a_fault_in_the_save_is_not_swallowed)
The guard is around the build only. A save that fails still fails ... Free trial plan not found: no trial activated for user 3aad8b8c-2fc8-4652-ac76-f8ad452b167f.
Cannot activate automatic trial for user 3aad8b8c-2fc8-4652-ac76-f8ad452b167f (validation): ValueError
API Exception
Traceback (most recent call last):
  File "/home/bond-servant-in-training/Documents/Virtualenvs/AutoGrader_env/lib/python3.12/site-packages/rest_framework/views.py", line 512, in dispatch
    response = handler(request, *args, **kwargs)
               ^^^^^^^^^^^^^^^^^^^^^^^^^^^^^^^^^
  File "/home/bond-servant-in-training/Documents/Projects/Grade-Automator-Plus-beta-batch-15/students/views.py", line 1181, in update_grade
    submission.save(
  File "/home/bond-servant-in-training/.pyenv/versions/3.12.10/lib/python3.12/unittest/mock.py", line 1139, in __call__
    return self._mock_call(*args, **kwargs)
           ^^^^^^^^^^^^^^^^^^^^^^^^^^^^^^^^
  File "/home/bond-servant-in-training/.pyenv/versions/3.12.10/lib/python3.12/unittest/mock.py", line 1143, in _mock_call
    return self._execute_mock_call(*args, **kwargs)
           ^^^^^^^^^^^^^^^^^^^^^^^^^^^^^^^^^^^^^^^^
  File "/home/bond-servant-in-training/.pyenv/versions/3.12.10/lib/python3.12/unittest/mock.py", line 1198, in _execute_mock_call
    raise effect
OSError: x


django.request ERROR 2026-10-09 12:12:17,499 log 1456082 137870913190848 [request_id=-] Internal Server Error: /api/v1/submissions/8e4506b4-7c99-47bc-b1ca-aa9cd2f55a50/update-grade


ok
test_the_answer_does_not_claim_a_refresh (students.tests_manual_grade_unreadable_answers.TheGuardKeepsTheSaveSafeFromTheNextBuilderFault.test_the_answer_does_not_claim_a_refresh) ... Free trial plan not found: no trial activated for user 99ba0975-2d8d-4859-acb4-2ad2913b87b7.
Cannot activate automatic trial for user 99ba0975-2d8d-4859-acb4-2ad2913b87b7 (validation): ValueError
ok
test_the_fault_is_logged_with_the_id_and_the_type_and_nothing_else (students.tests_manual_grade_unreadable_answers.TheGuardKeepsTheSaveSafeFromTheNextBuilderFault.test_the_fault_is_logged_with_the_id_and_the_type_and_nothing_else) ... Free trial plan not found: no trial activated for user cfa0e0ed-5607-4854-9437-345a89034f88.
Cannot activate automatic trial for user cfa0e0ed-5607-4854-9437-345a89034f88 (validation): ValueError
ok
test_the_grade_is_saved_and_the_old_document_is_left_as_it_was (students.tests_manual_grade_unreadable_answers.TheGuardKeepsTheSaveSafeFromTheNextBuilderFault.test_the_grade_is_saved_and_the_old_document_is_left_as_it_was) ... Free trial plan not found: no trial activated for user 42ee611c-a43f-4e17-85b5-d257570956a0.
Cannot activate automatic trial for user 42ee611c-a43f-4e17-85b5-d257570956a0 (validation): ValueError
ok
test_a_first_grading_leaves_no_formatted_grade (students.tests_regrade_formatted_grade.AFirstGradingHasNothingToClear.test_a_first_grading_leaves_no_formatted_grade) ... Free trial plan not found: no trial activated for user 0a5be386-dbde-4f74-af5a-e7fd206537e2.
Cannot activate automatic trial for user 0a5be386-dbde-4f74-af5a-e7fd206537e2 (validation): ValueError
ok
test_a_failed_task_leaves_it_empty (students.tests_regrade_formatted_grade.ARegradeClearsTheOldWording.test_a_failed_task_leaves_it_empty) ... Free trial plan not found: no trial activated for user 909fb61e-2cb6-4eb0-a88a-00d72356b2bf.
Cannot activate automatic trial for user 909fb61e-2cb6-4eb0-a88a-00d72356b2bf (validation): ValueError


students.task_tracking ERROR 2026-10-09 12:12:18,354 task_tracking 1456082 137870913190848 [request_id=-] Background task None failed

Traceback (most recent call last):
  File "/home/bond-servant-in-training/Documents/Projects/Grade-Automator-Plus-beta-batch-15/assignments/tasks.py", line 963, in formatted_grade_async
    formatted_grade = ai_processor.formatted_grade(
                      ^^^^^^^^^^^^^^^^^^^^^^^^^^^^^
  File "/home/bond-servant-in-training/.pyenv/versions/3.12.10/lib/python3.12/unittest/mock.py", line 1139, in __call__
    return self._mock_call(*args, **kwargs)
           ^^^^^^^^^^^^^^^^^^^^^^^^^^^^^^^^
  File "/home/bond-servant-in-training/.pyenv/versions/3.12.10/lib/python3.12/unittest/mock.py", line 1143, in _mock_call
    return self._execute_mock_call(*args, **kwargs)
           ^^^^^^^^^^^^^^^^^^^^^^^^^^^^^^^^^^^^^^^^
  File "/home/bond-servant-in-training/.pyenv/versions/3.12.10/lib/python3.12/unittest/mock.py", line 1198, in _execute_mock_call
    raise effect
RuntimeError: the formatter failed
ok
test_before_the_regrade_the_student_reads_the_old_statement (students.tests_regrade_formatted_grade.ARegradeClearsTheOldWording.test_before_the_regrade_the_student_reads_the_old_statement)
The control: the fixture's text does reach the student. ... Free trial plan not found: no trial activated for user 3837ea26-ed3a-46b9-8d51-6c2a219db8bb.
Cannot activate automatic trial for user 3837ea26-ed3a-46b9-8d51-6c2a219db8bb (validation): ValueError
ok
test_between_the_save_and_the_task_the_student_reads_no_old_wording (students.tests_regrade_formatted_grade.ARegradeClearsTheOldWording.test_between_the_save_and_the_task_the_student_reads_no_old_wording) ... Free trial plan not found: no trial activated for user 8069278f-01d0-48f0-b7b9-23fa70419e24.
Cannot activate automatic trial for user 8069278f-01d0-48f0-b7b9-23fa70419e24 (validation): ValueError
ok
test_it_is_cleared_by_the_same_update_as_the_score (students.tests_regrade_formatted_grade.ARegradeClearsTheOldWording.test_it_is_cleared_by_the_same_update_as_the_score)
Not a second write after the grade's: one UPDATE, so no moment ... Free trial plan not found: no trial activated for user 5a97452f-c835-48ad-91f1-5a180fd6796a.
Cannot activate automatic trial for user 5a97452f-c835-48ad-91f1-5a180fd6796a (validation): ValueError
ok
test_the_first_gradings_task_does_not_put_text_back (students.tests_regrade_formatted_grade.ARegradeClearsTheOldWording.test_the_first_gradings_task_does_not_put_text_back) ... Free trial plan not found: no trial activated for user c623a574-5b24-4047-ad60-d1d9b9c5494a.
Cannot activate automatic trial for user c623a574-5b24-4047-ad60-d1d9b9c5494a (validation): ValueError
ok
test_the_regrade_clears_the_stored_formatted_grade (students.tests_regrade_formatted_grade.ARegradeClearsTheOldWording.test_the_regrade_clears_the_stored_formatted_grade) ... Free trial plan not found: no trial activated for user 76b13f6f-774b-49c4-a0e7-4edf8a28a004.
Cannot activate automatic trial for user 76b13f6f-774b-49c4-a0e7-4edf8a28a004 (validation): ValueError
ok
test_the_regrades_own_task_fills_it (students.tests_regrade_formatted_grade.ARegradeClearsTheOldWording.test_the_regrades_own_task_fills_it) ... Free trial plan not found: no trial activated for user 52000bf0-3ab3-4792-a679-aa0357475f73.
Cannot activate automatic trial for user 52000bf0-3ab3-4792-a679-aa0357475f73 (validation): ValueError
ok
test_a_regrade_before_release_clears_the_stored_wording (students.tests_regrade_formatted_grade.BeforeReleaseItIsClearedToo.test_a_regrade_before_release_clears_the_stored_wording) ... Free trial plan not found: no trial activated for user 6abf9f4a-5db5-4d73-90ed-dc2c3c61d3ca.
Cannot activate automatic trial for user 6abf9f4a-5db5-4d73-90ed-dc2c3c61d3ca (validation): ValueError
ok
test_released_afterwards_the_student_reads_no_old_sentence (students.tests_regrade_formatted_grade.BeforeReleaseItIsClearedToo.test_released_afterwards_the_student_reads_no_old_sentence) ... Free trial plan not found: no trial activated for user 2c505f41-0a44-4a71-a89d-709d98667d20.
Cannot activate automatic trial for user 2c505f41-0a44-4a71-a89d-709d98667d20 (validation): ValueError
ok
test_a_funded_teacher_is_queued_as_before (students.tests_upload_credit_door.AssignmentUploadDoorTest.test_a_funded_teacher_is_queued_as_before) ... Free trial plan not found: no trial activated for user 35f88403-1efe-409c-8c43-2c2204bf882e.
Cannot activate automatic trial for user 35f88403-1efe-409c-8c43-2c2204bf882e (validation): ValueError
ok
test_a_poor_teacher_is_refused_and_nothing_is_queued (students.tests_upload_credit_door.AssignmentUploadDoorTest.test_a_poor_teacher_is_refused_and_nothing_is_queued) ... Free trial plan not found: no trial activated for user 3058885b-0100-4739-9ab7-0ff6e1ee1fd2.
Cannot activate automatic trial for user 3058885b-0100-4739-9ab7-0ff6e1ee1fd2 (validation): ValueError
Upload door refused: InsufficientCreditsError: Upload needs ~20806 credits, balance 5000
ok
test_a_file_the_door_cannot_read_is_left_to_the_task (students.tests_upload_credit_door.StudentUploadDoorTest.test_a_file_the_door_cannot_read_is_left_to_the_task) ... Free trial plan not found: no trial activated for user a5070a13-94ff-4a37-934a-aaf4a03beac7.
Cannot activate automatic trial for user a5070a13-94ff-4a37-934a-aaf4a03beac7 (validation): ValueError
Upload door could not estimate a.png: ParseError
ok
test_a_teacher_without_a_wallet_is_left_to_the_permission (students.tests_upload_credit_door.StudentUploadDoorTest.test_a_teacher_without_a_wallet_is_left_to_the_permission) ... Free trial plan not found: no trial activated for user daba6373-f28a-40f4-9f4f-5566b6b66329.
Cannot activate automatic trial for user daba6373-f28a-40f4-9f4f-5566b6b66329 (validation): ValueError
ok
test_a_wallet_above_the_estimate_is_queued_as_before (students.tests_upload_credit_door.StudentUploadDoorTest.test_a_wallet_above_the_estimate_is_queued_as_before) ... Free trial plan not found: no trial activated for user 5ff30b31-582e-4dd3-86fc-dc2f169d72c7.
Cannot activate automatic trial for user 5ff30b31-582e-4dd3-86fc-dc2f169d72c7 (validation): ValueError
ok
test_a_wallet_below_the_estimate_is_refused_before_anything_is_queued (students.tests_upload_credit_door.StudentUploadDoorTest.test_a_wallet_below_the_estimate_is_refused_before_anything_is_queued) ... Free trial plan not found: no trial activated for user c967a7a5-900d-4319-a533-71d4bae2b722.
Cannot activate automatic trial for user c967a7a5-900d-4319-a533-71d4bae2b722 (validation): ValueError
Upload door refused: InsufficientCreditsError: Upload needs ~20806 credits, balance 5000
ok
test_the_door_asks_the_shared_estimate_method_and_nothing_else (students.tests_upload_credit_door.StudentUploadDoorTest.test_the_door_asks_the_shared_estimate_method_and_nothing_else) ... Free trial plan not found: no trial activated for user 3ef0c4c1-eba1-43b0-92c3-e4b5885b57ee.
Cannot activate automatic trial for user 3ef0c4c1-eba1-43b0-92c3-e4b5885b57ee (validation): ValueError
Free trial plan not found: no trial activated for user aa3718fc-d9a7-467d-b7bc-b53faf0dc05c.
Cannot activate automatic trial for user aa3718fc-d9a7-467d-b7bc-b53faf0dc05c (validation): ValueError
Upload door refused: InsufficientCreditsError: Upload needs ~1000000000 credits, balance 100000
ok
test_the_line_is_the_estimate_itself_one_below_refuses_the_estimate_passes (students.tests_upload_credit_door.StudentUploadDoorTest.test_the_line_is_the_estimate_itself_one_below_refuses_the_estimate_passes) ... Free trial plan not found: no trial activated for user 49bcde37-cd20-4d06-bf8f-2e92ddcfc66c.
Cannot activate automatic trial for user 49bcde37-cd20-4d06-bf8f-2e92ddcfc66c (validation): ValueError
Free trial plan not found: no trial activated for user 1b79541c-327f-42b1-bb41-52f4b288bd0f.
Cannot activate automatic trial for user 1b79541c-327f-42b1-bb41-52f4b288bd0f (validation): ValueError
Free trial plan not found: no trial activated for user 8b932eb9-f42e-48aa-8855-d04d30bcffaa.
Cannot activate automatic trial for user 8b932eb9-f42e-48aa-8855-d04d30bcffaa (validation): ValueError
Upload door refused: InsufficientCreditsError: Upload needs ~20806 credits, balance 20805
ok
test_the_sentence_a_student_reads_names_no_money (students.tests_upload_credit_door.StudentUploadDoorTest.test_the_sentence_a_student_reads_names_no_money) ... Free trial plan not found: no trial activated for user e7429442-ed67-49c9-84c3-79dd939d2543.
Cannot activate automatic trial for user e7429442-ed67-49c9-84c3-79dd939d2543 (validation): ValueError
Upload door refused: InsufficientCreditsError: Upload needs ~20806 credits, balance 5000
ok
test_a_funded_teacher_is_queued_as_before (students.tests_upload_credit_door.TeacherBatchDoorTest.test_a_funded_teacher_is_queued_as_before) ... Free trial plan not found: no trial activated for user ed1a3669-b455-4983-b033-e78f6532eb19.
Cannot activate automatic trial for user ed1a3669-b455-4983-b033-e78f6532eb19 (validation): ValueError
ok
test_a_poor_teacher_is_refused_and_nothing_is_queued (students.tests_upload_credit_door.TeacherBatchDoorTest.test_a_poor_teacher_is_refused_and_nothing_is_queued) ... Free trial plan not found: no trial activated for user aef982da-2523-4759-a984-cff37de52968.
Cannot activate automatic trial for user aef982da-2523-4759-a984-cff37de52968 (validation): ValueError
Upload door refused: InsufficientCreditsError: Upload needs ~20806 credits, balance 5000
ok
test_a_super_admin_is_never_refused_and_a_poor_teacher_is (students.tests_upload_credit_door.TheDoorFunctionTest.test_a_super_admin_is_never_refused_and_a_poor_teacher_is) ... Free trial plan not found: no trial activated for user a3cc3d37-787b-4515-b543-bb62027859f1.
Cannot activate automatic trial for user a3cc3d37-787b-4515-b543-bb62027859f1 (validation): ValueError
Upload door refused: InsufficientCreditsError: Upload needs ~20766 credits, balance 5000
ok
test_the_gate_lets_through_what_the_shared_method_says_is_cheap (students.tests_upload_credit_door.TheGateAsksTheSameMethodTest.test_the_gate_lets_through_what_the_shared_method_says_is_cheap) ... Free trial plan not found: no trial activated for user df7e3df2-c3d4-46ff-8b9d-fd271b3de12d.
Cannot activate automatic trial for user df7e3df2-c3d4-46ff-8b9d-fd271b3de12d (validation): ValueError
ok
test_the_gate_refuses_what_the_shared_method_says_is_too_dear (students.tests_upload_credit_door.TheGateAsksTheSameMethodTest.test_the_gate_refuses_what_the_shared_method_says_is_too_dear) ... Free trial plan not found: no trial activated for user f81b1bb3-a4e9-4ce6-9a86-39703773e29a.
Cannot activate automatic trial for user f81b1bb3-a4e9-4ce6-9a86-39703773e29a (validation): ValueError
ok
test_the_method_counts_the_text_the_images_and_the_flat_part (students.tests_upload_credit_door.TheGateAsksTheSameMethodTest.test_the_method_counts_the_text_the_images_and_the_flat_part) ... ok
test_a_student_reads_the_fixed_sentence (students.tests_upload_credit_door.WhatAStudentReadsWhenTheTaskIsRefusedTest.test_a_student_reads_the_fixed_sentence) ... Free trial plan not found: no trial activated for user 69ed3400-4786-4241-b952-199b2bee5574.
Cannot activate automatic trial for user 69ed3400-4786-4241-b952-199b2bee5574 (validation): ValueError
Background task 8a1e22fd-b3fe-47b1-bcf3-5faaba2ca074 refused: InsufficientCreditsError: Task requires ~25000 credits, but you only have 5000 credits. Please refill your wallet to continue


students.task_tracking WARNING 2026-10-09 12:12:21,124 refusals 1456082 137870913190848 [request_id=-] Background task 8a1e22fd-b3fe-47b1-bcf3-5faaba2ca074 refused: StudentUploadNotProcessedError: Your answers were not submitted. Your teacher's account can't process uploads right now. Please keep your file and try again later, or let your teacher know.


ok
test_a_teacher_keeps_the_generic_text (students.tests_upload_credit_door.WhatAStudentReadsWhenTheTaskIsRefusedTest.test_a_teacher_keeps_the_generic_text) ... Free trial plan not found: no trial activated for user e8d85651-1b50-4b75-abf0-8e378375b4ca.
Cannot activate automatic trial for user e8d85651-1b50-4b75-abf0-8e378375b4ca (validation): ValueError


students.task_tracking WARNING 2026-10-09 12:12:21,188 refusals 1456082 137870913190848 [request_id=-] Background task e2a87d82-5807-4892-9cd9-18e9b4dfaf19 refused: InsufficientCreditsError: Task requires ~25000 credits, but you only have 5000 credits. Please refill your wallet to continue


ok
test_every_describer_returns_the_generic_message (billing.tests.test_refusal_handling.D10CreditDetailNeverSurfacesTest.test_every_describer_returns_the_generic_message) ... ok
test_feature_refusal_text_still_passes_through (billing.tests.test_refusal_handling.D10CreditDetailNeverSurfacesTest.test_feature_refusal_text_still_passes_through) ... ok
test_browsable_api_renders_the_refusal_instead_of_crashing (billing.tests.test_refusal_handling.D11EmptyWalletPermissionTest.test_browsable_api_renders_the_refusal_instead_of_crashing)
An HTML request to a credit-guarded endpoint: the 402 page is ... Free trial plan not found: no trial activated for user e2b1c2ef-99ba-4570-894a-78bae299d7f6.
Cannot activate automatic trial for user e2b1c2ef-99ba-4570-894a-78bae299d7f6 (validation): ValueError
API request refused: EmptyWalletError: Credit wallet is empty
ok
test_every_credit_guarded_endpoint_answers_402_with_a_code (billing.tests.test_refusal_handling.D11EmptyWalletPermissionTest.test_every_credit_guarded_endpoint_answers_402_with_a_code) ... Free trial plan not found: no trial activated for user 612fc248-777c-45df-970e-ef7434c4563e.
Cannot activate automatic trial for user 612fc248-777c-45df-970e-ef7434c4563e (validation): ValueError
API request refused: EmptyWalletError: Credit wallet is empty
API request refused: EmptyWalletError: Credit wallet is empty
API request refused: EmptyWalletError: Credit wallet is empty
API request refused: EmptyWalletError: Credit wallet is empty
API request refused: EmptyWalletError: Credit wallet is empty
API request refused: EmptyWalletError: Credit wallet is empty
API request refused: EmptyWalletError: Credit wallet is empty
API request refused: EmptyWalletError: Credit wallet is empty
API request refused: EmptyWalletError: Credit wallet is empty
API request refused: EmptyWalletError: Credit wallet is empty
API request refused: EmptyWalletError: Credit wallet is empty
API request refused: EmptyWalletError: Credit wallet is empty
API request refused: EmptyWalletError: Credit wallet is empty
API request refused: EmptyWalletError: Credit wallet is empty
API request refused: EmptyWalletError: Credit wallet is empty
API request refused: EmptyWalletError: Credit wallet is empty
API request refused: EmptyWalletError: Credit wallet is empty
API request refused: EmptyWalletError: Credit wallet is empty
ok
test_extract_assignment_text_path_keeps_the_refusal_type (billing.tests.test_refusal_handling.D1ExtractionRewrapTest.test_extract_assignment_text_path_keeps_the_refusal_type) ... Free trial plan not found: no trial activated for user b6c9145b-837c-4b99-bed4-b5ea2f2a5b5d.
Cannot activate automatic trial for user b6c9145b-837c-4b99-bed4-b5ea2f2a5b5d (validation): ValueError
Free trial plan not found: no trial activated for user 18d20e53-b895-4a5e-bad4-be6df81f355f.
Cannot activate automatic trial for user 18d20e53-b895-4a5e-bad4-be6df81f355f (validation): ValueError
ok
test_small_document_refusal_keeps_its_type_and_is_checked_once (billing.tests.test_refusal_handling.D1ExtractionRewrapTest.test_small_document_refusal_keeps_its_type_and_is_checked_once) ... Free trial plan not found: no trial activated for user 744c020a-1fe8-40c6-a18e-32b5cd48ac03.
Cannot activate automatic trial for user 744c020a-1fe8-40c6-a18e-32b5cd48ac03 (validation): ValueError
Free trial plan not found: no trial activated for user 18179b44-e82b-4806-ae9b-d7a46f787762.
Cannot activate automatic trial for user 18179b44-e82b-4806-ae9b-d7a46f787762 (validation): ValueError
ok
test_school_admin_chat_refusal_is_403 (billing.tests.test_refusal_handling.D2D3AssistantChatRefusalTest.test_school_admin_chat_refusal_is_403) ... Custom AI prompt refused: AIFeatureNotAvailableError: AI access denied: No active subscription
ok
test_superadmin_assistants_refused_by_kill_switch_are_403 (billing.tests.test_refusal_handling.D2D3AssistantChatRefusalTest.test_superadmin_assistants_refused_by_kill_switch_are_403) ... Custom AI prompt refused: AIFeatureNotAvailableError: The AI analytics assistant is temporarily unavailable. Please try again later.
Superadmin custom AI prompt refused: AIFeatureNotAvailableError: The AI analytics assistant is temporarily unavailable. Please try again later.
ok
test_teacher_chat_refusals_are_402_or_403_never_500 (billing.tests.test_refusal_handling.D2D3AssistantChatRefusalTest.test_teacher_chat_refusals_are_402_or_403_never_500) ... Free trial plan not found: no trial activated for user 01dc0451-5bff-4ab4-9bac-9514d195f69d.
Cannot activate automatic trial for user 01dc0451-5bff-4ab4-9bac-9514d195f69d (validation): ValueError
Custom AI prompt refused: AIFeatureNotAvailableError: AI access denied: No active subscription
Free trial plan not found: no trial activated for user 8f19b21d-329b-49a1-9e2a-f45d636b4be3.
Cannot activate automatic trial for user 8f19b21d-329b-49a1-9e2a-f45d636b4be3 (validation): ValueError
Custom AI prompt refused: InsufficientCreditsError: Task requires ~22170 credits, but you only have 1000 credits. Please refill your wallet to continue
ok
test_sync_assignment_create_refusal_is_402_or_403 (billing.tests.test_refusal_handling.D4UncaughtRefusalTest.test_sync_assignment_create_refusal_is_402_or_403) ... Free trial plan not found: no trial activated for user 173e14dd-3f26-4374-9589-9931d5500461.
Cannot activate automatic trial for user 173e14dd-3f26-4374-9589-9931d5500461 (validation): ValueError


ai_processor.services ERROR 2026-10-09 12:12:22,010 services 1456082 137870913190848 [request_id=95abed4942b5461f9b4943a0363c9c44] Error decoding JSON: Expecting value: line 1 column 1 (char 0)


API request refused: AIFeatureNotAvailableError: AI access denied: No active subscription
Free trial plan not found: no trial activated for user e1e302f8-3e9b-40ca-a81d-f7712bf8edd1.
Cannot activate automatic trial for user e1e302f8-3e9b-40ca-a81d-f7712bf8edd1 (validation): ValueError


ai_processor.services ERROR 2026-10-09 12:12:22,071 services 1456082 137870913190848 [request_id=38d7fd6730dc4ec39577bb7ac402e032] Error decoding JSON: Expecting value: line 1 column 1 (char 0)


API request refused: InsufficientCreditsError: Task requires ~32234 credits, but you only have 1000 credits. Please refill your wallet to continue
ok
test_extract_answer_background_task_does_not_retry_a_refusal (billing.tests.test_refusal_handling.D5TaskRetryTest.test_extract_answer_background_task_does_not_retry_a_refusal) ... Free trial plan not found: no trial activated for user e81754e5-e462-41c3-8748-d6a079000423.
Cannot activate automatic trial for user e81754e5-e462-41c3-8748-d6a079000423 (validation): ValueError


ai_processor.services WARNING 2026-10-09 12:12:22,195 services 1456082 137870913190848 [request_id=-] AI access denied for assignment 39af2ca1-30a3-4dcc-bf60-83090847b73d (teacher e81754e5-e462-41c3-8748-d6a079000423): No active subscription




students.task_tracking WARNING 2026-10-09 12:12:22,196 refusals 1456082 137870913190848 [request_id=-] Background task c87fcb6b-b332-42b9-9aad-3f4eecdaf167 refused: AIFeatureNotAvailableError: AI features aren't available for this assignment right now. Please ask your teacher to check their account.


Free trial plan not found: no trial activated for user 1f81c549-3e89-4343-ab7f-8e90d7dc4b9a.
Cannot activate automatic trial for user 1f81c549-3e89-4343-ab7f-8e90d7dc4b9a (validation): ValueError


students.task_tracking WARNING 2026-10-09 12:12:22,278 refusals 1456082 137870913190848 [request_id=-] Background task 1a21bf53-2f4d-4286-aaa1-6f39ecbde5bd refused: InsufficientCreditsError: Task requires ~26467 credits, but you only have 1000 credits. Please refill your wallet to continue


ok
test_upload_answers_engine_async_does_not_retry_a_refusal (billing.tests.test_refusal_handling.D5TaskRetryTest.test_upload_answers_engine_async_does_not_retry_a_refusal) ... Free trial plan not found: no trial activated for user 57af98e2-01cc-494d-8142-5b846a9e0c4b.
Cannot activate automatic trial for user 57af98e2-01cc-494d-8142-5b846a9e0c4b (validation): ValueError


ai_processor.services WARNING 2026-10-09 12:12:22,402 services 1456082 137870913190848 [request_id=-] AI access denied for assignment e4bcdbf2-aa7b-43e2-9afd-0848775016b5 (teacher 57af98e2-01cc-494d-8142-5b846a9e0c4b): No active subscription




students.task_tracking WARNING 2026-10-09 12:12:22,402 refusals 1456082 137870913190848 [request_id=-] Background task 28aec486-3161-437c-b63f-bc2d2acc1c93 refused: AIFeatureNotAvailableError: AI features aren't available for this assignment right now. Please ask your teacher to check their account.


Free trial plan not found: no trial activated for user 7884cbb3-b825-4b9e-8bf9-a38e2cded533.
Cannot activate automatic trial for user 7884cbb3-b825-4b9e-8bf9-a38e2cded533 (validation): ValueError
Background task a05e21be-a196-4796-81de-238b58d95d58 refused: InsufficientCreditsError: Task requires ~27514 credits, but you only have 1000 credits. Please refill your wallet to continue


students.task_tracking WARNING 2026-10-09 12:12:22,504 refusals 1456082 137870913190848 [request_id=-] Background task a05e21be-a196-4796-81de-238b58d95d58 refused: StudentUploadNotProcessedError: Your answers were not submitted. Your teacher's account can't process uploads right now. Please keep your file and try again later, or let your teacher know.


ok
test_refused_batch_grade_records_the_refusal_message (billing.tests.test_refusal_handling.D6BatchResultErrorTest.test_refused_batch_grade_records_the_refusal_message) ... Free trial plan not found: no trial activated for user a861df41-63dd-4c7e-8f83-7a17f6ba554f.
Cannot activate automatic trial for user a861df41-63dd-4c7e-8f83-7a17f6ba554f (validation): ValueError


ai_processor.services INFO 2026-10-09 12:12:22,617 services 1456082 137870913190848 [request_id=-] [Grading] Partition: 1 question(s) — 0 graded deterministically, 0 ambiguous objective(s) deferred to the AI, 1 subjective.




ai_processor.services INFO 2026-10-09 12:12:22,618 services 1456082 137870913190848 [request_id=-] [Grading] 1 question(s) for the AI (0 already graded deterministically) - using single pass grading




students.task_tracking WARNING 2026-10-09 12:12:22,634 refusals 1456082 137870913190848 [request_id=-] Background task None refused: AIFeatureNotAvailableError: AI access denied: No active subscription


Free trial plan not found: no trial activated for user e939b35b-0854-4b26-a075-8b1b066dc9fa.
Cannot activate automatic trial for user e939b35b-0854-4b26-a075-8b1b066dc9fa (validation): ValueError


ai_processor.services INFO 2026-10-09 12:12:22,716 services 1456082 137870913190848 [request_id=-] [Grading] Partition: 1 question(s) — 0 graded deterministically, 0 ambiguous objective(s) deferred to the AI, 1 subjective.




ai_processor.services INFO 2026-10-09 12:12:22,717 services 1456082 137870913190848 [request_id=-] [Grading] 1 question(s) for the AI (0 already graded deterministically) - using single pass grading




students.task_tracking WARNING 2026-10-09 12:12:22,734 refusals 1456082 137870913190848 [request_id=-] Background task None refused: InsufficientCreditsError: Task requires ~25521 credits, but you only have 1000 credits. Please refill your wallet to continue


ok
test_course_summary_refusal_sends_email_counts_and_warns (billing.tests.test_refusal_handling.D7WeeklySummaryRefusalTest.test_course_summary_refusal_sends_email_counts_and_warns) ... Free trial plan not found: no trial activated for user 199b7148-77ac-4554-bbe6-02ef1e709b8b.
Cannot activate automatic trial for user 199b7148-77ac-4554-bbe6-02ef1e709b8b (validation): ValueError
ok
test_school_admin_summary_refusal_sends_email_counts_and_warns (billing.tests.test_refusal_handling.D7WeeklySummaryRefusalTest.test_school_admin_summary_refusal_sends_email_counts_and_warns) ... ok
test_refusal_is_logged_at_warning_without_a_stack (billing.tests.test_refusal_handling.D8TaskFailureLoggingTest.test_refusal_is_logged_at_warning_without_a_stack) ... ok
test_transient_failure_still_logs_error_with_stack (billing.tests.test_refusal_handling.D8TaskFailureLoggingTest.test_transient_failure_still_logs_error_with_stack) ... ok
test_sync_submission_edit_refusal_is_402_or_403 (billing.tests.test_refusal_handling.D9StudentSubmissionRefusalStatusTest.test_sync_submission_edit_refusal_is_402_or_403) ... Free trial plan not found: no trial activated for user 0ea87bc0-42f1-4cb9-a686-d7d0a758812c.
Cannot activate automatic trial for user 0ea87bc0-42f1-4cb9-a686-d7d0a758812c (validation): ValueError


ai_processor.services WARNING 2026-10-09 12:12:23,012 services 1456082 137870913190848 [request_id=11704f136ab54214827648869e6ced9d] AI access denied for assignment 5da765cd-80a2-4b09-8181-4f930e08604a (teacher 0ea87bc0-42f1-4cb9-a686-d7d0a758812c): No active subscription




students.views ERROR 2026-10-09 12:12:23,012 views 1456082 137870913190848 [request_id=11704f136ab54214827648869e6ced9d] Failed to save submission update

Traceback (most recent call last):
  File "/home/bond-servant-in-training/Documents/Projects/Grade-Automator-Plus-beta-batch-15/students/views.py", line 730, in partial_update
    submission = update_submission_from_raw_text(
                 ^^^^^^^^^^^^^^^^^^^^^^^^^^^^^^^^
  File "/home/bond-servant-in-training/Documents/Projects/Grade-Automator-Plus-beta-batch-15/students/services.py", line 1407, in update_submission_from_raw_text
    extracted = ai_processor.extract_answer_with_retry(
                ^^^^^^^^^^^^^^^^^^^^^^^^^^^^^^^^^^^^^^^
  File "/home/bond-servant-in-training/Documents/Projects/Grade-Automator-Plus-beta-batch-15/ai_processor/services.py", line 2221, in extract_answer_with_retry
    result = self.extract_answer_image(
             ^^^^^^^^^^^^^^^^^^^^^^^^^^
  File "/home/bond-servant-in-training/Documents/Projects/Grade-Automator-Plus-beta-batch-15/ai_processor/services.py", line 1919, in extract_answer_image
    response = self.execute_graded_task(
               ^^^^^^^^^^^^^^^^^^^^^^^^^
  File "<string>", line 3, in execute_graded_task
  File "/home/bond-servant-in-training/.pyenv/versions/3.12.10/lib/python3.12/unittest/mock.py", line 1139, in __call__
    return self._mock_call(*args, **kwargs)
           ^^^^^^^^^^^^^^^^^^^^^^^^^^^^^^^^
  File "/home/bond-servant-in-training/.pyenv/versions/3.12.10/lib/python3.12/unittest/mock.py", line 1143, in _mock_call
    return self._execute_mock_call(*args, **kwargs)
           ^^^^^^^^^^^^^^^^^^^^^^^^^^^^^^^^^^^^^^^^
  File "/home/bond-servant-in-training/.pyenv/versions/3.12.10/lib/python3.12/unittest/mock.py", line 1204, in _execute_mock_call
    result = effect(*args, **kwargs)
             ^^^^^^^^^^^^^^^^^^^^^^^
  File "/home/bond-servant-in-training/Documents/Projects/Grade-Automator-Plus-beta-batch-15/ai_processor/services.py", line 4659, in execute_graded_task
    raise AIFeatureNotAvailableError(STUDENT_AI_UNAVAILABLE_MESSAGE)
billing.access_control.AIFeatureNotAvailableError: AI features aren't available for this assignment right now. Please ask your teacher to check their account.
Free trial plan not found: no trial activated for user 059759d3-3fa3-4d6c-a4b2-51134666c034.
Cannot activate automatic trial for user 059759d3-3fa3-4d6c-a4b2-51134666c034 (validation): ValueError


students.views ERROR 2026-10-09 12:12:23,101 views 1456082 137870913190848 [request_id=e0b5d0df5c4d45ca992681a0316a1100] Failed to save submission update

Traceback (most recent call last):
  File "/home/bond-servant-in-training/Documents/Projects/Grade-Automator-Plus-beta-batch-15/students/views.py", line 730, in partial_update
    submission = update_submission_from_raw_text(
                 ^^^^^^^^^^^^^^^^^^^^^^^^^^^^^^^^
  File "/home/bond-servant-in-training/Documents/Projects/Grade-Automator-Plus-beta-batch-15/students/services.py", line 1407, in update_submission_from_raw_text
    extracted = ai_processor.extract_answer_with_retry(
                ^^^^^^^^^^^^^^^^^^^^^^^^^^^^^^^^^^^^^^^
  File "/home/bond-servant-in-training/Documents/Projects/Grade-Automator-Plus-beta-batch-15/ai_processor/services.py", line 2221, in extract_answer_with_retry
    result = self.extract_answer_image(
             ^^^^^^^^^^^^^^^^^^^^^^^^^^
  File "/home/bond-servant-in-training/Documents/Projects/Grade-Automator-Plus-beta-batch-15/ai_processor/services.py", line 1919, in extract_answer_image
    response = self.execute_graded_task(
               ^^^^^^^^^^^^^^^^^^^^^^^^^
  File "<string>", line 3, in execute_graded_task
  File "/home/bond-servant-in-training/.pyenv/versions/3.12.10/lib/python3.12/unittest/mock.py", line 1139, in __call__
    return self._mock_call(*args, **kwargs)
           ^^^^^^^^^^^^^^^^^^^^^^^^^^^^^^^^
  File "/home/bond-servant-in-training/.pyenv/versions/3.12.10/lib/python3.12/unittest/mock.py", line 1143, in _mock_call
    return self._execute_mock_call(*args, **kwargs)
           ^^^^^^^^^^^^^^^^^^^^^^^^^^^^^^^^^^^^^^^^
  File "/home/bond-servant-in-training/.pyenv/versions/3.12.10/lib/python3.12/unittest/mock.py", line 1204, in _execute_mock_call
    result = effect(*args, **kwargs)
             ^^^^^^^^^^^^^^^^^^^^^^^
  File "/home/bond-servant-in-training/Documents/Projects/Grade-Automator-Plus-beta-batch-15/ai_processor/services.py", line 4728, in execute_graded_task
    raise InsufficientCreditsError(
billing.errors.InsufficientCreditsError: Task requires ~26467 credits, but you only have 1000 credits. Please refill your wallet to continue
ok
test_the_follow_up_is_queued_with_the_saved_results_stamp (students.tests_formatting_task_superseded.GradingPassesTheStamp.test_the_follow_up_is_queued_with_the_saved_results_stamp) ... Free trial plan not found: no trial activated for user e4c4f486-1d94-4cce-a360-2c67647f930d.
Cannot activate automatic trial for user e4c4f486-1d94-4cce-a360-2c67647f930d (validation): ValueError
ok
test_twenty_concurrent_enrollments_racing_reads_settle_fresh_every_round (AutoGrader.tests_cache_commit_race.ConcurrentEnrollmentRaceLoadTests.test_twenty_concurrent_enrollments_racing_reads_settle_fresh_every_round) ... Free trial plan not found: no trial activated for user d205f9e5-3032-4988-ac48-5e887afb9e0e.
Cannot activate automatic trial for user d205f9e5-3032-4988-ac48-5e887afb9e0e (validation): ValueError
ok
test_pre_write_entries_are_orphaned_even_if_on_commit_never_runs (AutoGrader.tests_cache_commit_race.CrashAfterCommitTests.test_pre_write_entries_are_orphaned_even_if_on_commit_never_runs) ... Free trial plan not found: no trial activated for user 7766ec18-3dd4-46e0-abfd-b1fddfd3f100.
Cannot activate automatic trial for user 7766ec18-3dd4-46e0-abfd-b1fddfd3f100 (validation): ValueError
ok
test_a_nested_caller_with_a_rolled_back_savepoint_is_not_served_stale (AutoGrader.tests_cache_commit_race.ForcedInterleavingTests.test_a_nested_caller_with_a_rolled_back_savepoint_is_not_served_stale)
Enrollment (itself atomic) inside an outer transaction that also ... Free trial plan not found: no trial activated for user 5f5d60e8-7597-402a-9943-9912efd2cc27.
Cannot activate automatic trial for user 5f5d60e8-7597-402a-9943-9912efd2cc27 (validation): ValueError
ok
test_a_read_in_the_pre_commit_window_is_not_served_stale (AutoGrader.tests_cache_commit_race.ForcedInterleavingTests.test_a_read_in_the_pre_commit_window_is_not_served_stale) ... Free trial plan not found: no trial activated for user 868079d3-38da-441e-a4de-1cf71f4f8a8d.
Cannot activate automatic trial for user 868079d3-38da-441e-a4de-1cf71f4f8a8d (validation): ValueError
ok
test_only_the_writers_scopes_move_and_the_commit_exactly_repeats_them (AutoGrader.tests_cache_commit_race.PostCommitBumpIsolationTests.test_only_the_writers_scopes_move_and_the_commit_exactly_repeats_them) ... Free trial plan not found: no trial activated for user a093b70c-e214-4b02-b057-646393c2b862.
Cannot activate automatic trial for user a093b70c-e214-4b02-b057-646393c2b862 (validation): ValueError
Free trial plan not found: no trial activated for user f55e3e25-ca80-4de9-a4d7-eabf443d899b.
Cannot activate automatic trial for user f55e3e25-ca80-4de9-a4d7-eabf443d899b (validation): ValueError
Free trial plan not found: no trial activated for user 3f6a6ef9-4273-4e6d-ab35-9b6b7557a398.
Cannot activate automatic trial for user 3f6a6ef9-4273-4e6d-ab35-9b6b7557a398 (validation): ValueError
ok
test_the_write_commits_and_staleness_ends_when_the_entry_expires (AutoGrader.tests_cache_commit_race.RedisDownAtCommitTests.test_the_write_commits_and_staleness_ends_when_the_entry_expires) ... Free trial plan not found: no trial activated for user 341c0667-3b87-49f9-9aa2-209ed68e25e5.
Cannot activate automatic trial for user 341c0667-3b87-49f9-9aa2-209ed68e25e5 (validation): ValueError
Cache generation bump failed for cachegen:global; entries keyed on it will serve stale data until their TTL expires.
Traceback (most recent call last):
  File "/home/bond-servant-in-training/Documents/Projects/Grade-Automator-Plus-beta-batch-15/AutoGrader/cache_generation.py", line 171, in bump_generation
    return _incr_or_create(key)
           ^^^^^^^^^^^^^^^^^^^^
  File "/home/bond-servant-in-training/Documents/Projects/Grade-Automator-Plus-beta-batch-15/AutoGrader/cache_generation.py", line 201, in _incr_or_create
    return cache.incr(key)
           ^^^^^^^^^^^^^^^
  File "/home/bond-servant-in-training/Documents/Virtualenvs/AutoGrader_env/lib/python3.12/site-packages/django_redis/cache.py", line 29, in _decorator
    return method(self, *args, **kwargs)
           ^^^^^^^^^^^^^^^^^^^^^^^^^^^^^
  File "/home/bond-servant-in-training/Documents/Virtualenvs/AutoGrader_env/lib/python3.12/site-packages/django_redis/cache.py", line 130, in incr
    return self.client.incr(*args, **kwargs)
           ^^^^^^^^^^^^^^^^^^^^^^^^^^^^^^^^^
  File "/home/bond-servant-in-training/Documents/Virtualenvs/AutoGrader_env/lib/python3.12/site-packages/django_redis/client/default.py", line 653, in incr
    return self._incr(
           ^^^^^^^^^^^
  File "/home/bond-servant-in-training/Documents/Virtualenvs/AutoGrader_env/lib/python3.12/site-packages/django_redis/client/default.py", line 595, in _incr
    client = self.get_client(write=True)
             ^^^^^^^^^^^^^^^^^^^^^^^^^^^
  File "/home/bond-servant-in-training/Documents/Projects/Grade-Automator-Plus-beta-batch-15/AutoGrader/tests_cache_commit_race.py", line 289, in broken_get_client
    raise ConnectionError("redis unavailable at commit")
ConnectionError: redis unavailable at commit
Cache generation bump failed for cachegen:usr:341c0667-3b87-49f9-9aa2-209ed68e25e5; entries keyed on it will serve stale data until their TTL expires.
Traceback (most recent call last):
  File "/home/bond-servant-in-training/Documents/Projects/Grade-Automator-Plus-beta-batch-15/AutoGrader/cache_generation.py", line 171, in bump_generation
    return _incr_or_create(key)
           ^^^^^^^^^^^^^^^^^^^^
  File "/home/bond-servant-in-training/Documents/Projects/Grade-Automator-Plus-beta-batch-15/AutoGrader/cache_generation.py", line 201, in _incr_or_create
    return cache.incr(key)
           ^^^^^^^^^^^^^^^
  File "/home/bond-servant-in-training/Documents/Virtualenvs/AutoGrader_env/lib/python3.12/site-packages/django_redis/cache.py", line 29, in _decorator
    return method(self, *args, **kwargs)
           ^^^^^^^^^^^^^^^^^^^^^^^^^^^^^
  File "/home/bond-servant-in-training/Documents/Virtualenvs/AutoGrader_env/lib/python3.12/site-packages/django_redis/cache.py", line 130, in incr
    return self.client.incr(*args, **kwargs)
           ^^^^^^^^^^^^^^^^^^^^^^^^^^^^^^^^^
  File "/home/bond-servant-in-training/Documents/Virtualenvs/AutoGrader_env/lib/python3.12/site-packages/django_redis/client/default.py", line 653, in incr
    return self._incr(
           ^^^^^^^^^^^
  File "/home/bond-servant-in-training/Documents/Virtualenvs/AutoGrader_env/lib/python3.12/site-packages/django_redis/client/default.py", line 595, in _incr
    client = self.get_client(write=True)
             ^^^^^^^^^^^^^^^^^^^^^^^^^^^
  File "/home/bond-servant-in-training/Documents/Projects/Grade-Automator-Plus-beta-batch-15/AutoGrader/tests_cache_commit_race.py", line 289, in broken_get_client
    raise ConnectionError("redis unavailable at commit")
ConnectionError: redis unavailable at commit
Cache generation bump failed for cachegen:crs:12e9e38c-bf54-49f6-90d8-12e095c082f9; entries keyed on it will serve stale data until their TTL expires.
Traceback (most recent call last):
  File "/home/bond-servant-in-training/Documents/Projects/Grade-Automator-Plus-beta-batch-15/AutoGrader/cache_generation.py", line 171, in bump_generation
    return _incr_or_create(key)
           ^^^^^^^^^^^^^^^^^^^^
  File "/home/bond-servant-in-training/Documents/Projects/Grade-Automator-Plus-beta-batch-15/AutoGrader/cache_generation.py", line 201, in _incr_or_create
    return cache.incr(key)
           ^^^^^^^^^^^^^^^
  File "/home/bond-servant-in-training/Documents/Virtualenvs/AutoGrader_env/lib/python3.12/site-packages/django_redis/cache.py", line 29, in _decorator
    return method(self, *args, **kwargs)
           ^^^^^^^^^^^^^^^^^^^^^^^^^^^^^
  File "/home/bond-servant-in-training/Documents/Virtualenvs/AutoGrader_env/lib/python3.12/site-packages/django_redis/cache.py", line 130, in incr
    return self.client.incr(*args, **kwargs)
           ^^^^^^^^^^^^^^^^^^^^^^^^^^^^^^^^^
  File "/home/bond-servant-in-training/Documents/Virtualenvs/AutoGrader_env/lib/python3.12/site-packages/django_redis/client/default.py", line 653, in incr
    return self._incr(
           ^^^^^^^^^^^
  File "/home/bond-servant-in-training/Documents/Virtualenvs/AutoGrader_env/lib/python3.12/site-packages/django_redis/client/default.py", line 595, in _incr
    client = self.get_client(write=True)
             ^^^^^^^^^^^^^^^^^^^^^^^^^^^
  File "/home/bond-servant-in-training/Documents/Projects/Grade-Automator-Plus-beta-batch-15/AutoGrader/tests_cache_commit_race.py", line 289, in broken_get_client
    raise ConnectionError("redis unavailable at commit")
ConnectionError: redis unavailable at commit
Cache generation bump failed for cachegen:usr:b44ccc5d-a17a-42db-a9b1-465cd20f5538; entries keyed on it will serve stale data until their TTL expires.
Traceback (most recent call last):
  File "/home/bond-servant-in-training/Documents/Projects/Grade-Automator-Plus-beta-batch-15/AutoGrader/cache_generation.py", line 171, in bump_generation
    return _incr_or_create(key)
           ^^^^^^^^^^^^^^^^^^^^
  File "/home/bond-servant-in-training/Documents/Projects/Grade-Automator-Plus-beta-batch-15/AutoGrader/cache_generation.py", line 201, in _incr_or_create
    return cache.incr(key)
           ^^^^^^^^^^^^^^^
  File "/home/bond-servant-in-training/Documents/Virtualenvs/AutoGrader_env/lib/python3.12/site-packages/django_redis/cache.py", line 29, in _decorator
    return method(self, *args, **kwargs)
           ^^^^^^^^^^^^^^^^^^^^^^^^^^^^^
  File "/home/bond-servant-in-training/Documents/Virtualenvs/AutoGrader_env/lib/python3.12/site-packages/django_redis/cache.py", line 130, in incr
    return self.client.incr(*args, **kwargs)
           ^^^^^^^^^^^^^^^^^^^^^^^^^^^^^^^^^
  File "/home/bond-servant-in-training/Documents/Virtualenvs/AutoGrader_env/lib/python3.12/site-packages/django_redis/client/default.py", line 653, in incr
    return self._incr(
           ^^^^^^^^^^^
  File "/home/bond-servant-in-training/Documents/Virtualenvs/AutoGrader_env/lib/python3.12/site-packages/django_redis/client/default.py", line 595, in _incr
    client = self.get_client(write=True)
             ^^^^^^^^^^^^^^^^^^^^^^^^^^^
  File "/home/bond-servant-in-training/Documents/Projects/Grade-Automator-Plus-beta-batch-15/AutoGrader/tests_cache_commit_race.py", line 289, in broken_get_client
    raise ConnectionError("redis unavailable at commit")
ConnectionError: redis unavailable at commit
ok
test_a_bump_inside_a_rolled_back_savepoint_is_not_repeated_on_commit (AutoGrader.tests_cache_commit_race.TransactionBumpCountTests.test_a_bump_inside_a_rolled_back_savepoint_is_not_repeated_on_commit) ... Free trial plan not found: no trial activated for user d0607c94-a39a-4cc8-97a4-575d3ab0bbbe.
Cannot activate automatic trial for user d0607c94-a39a-4cc8-97a4-575d3ab0bbbe (validation): ValueError
ok
test_a_committed_transaction_bumps_before_and_after_commit (AutoGrader.tests_cache_commit_race.TransactionBumpCountTests.test_a_committed_transaction_bumps_before_and_after_commit) ... Free trial plan not found: no trial activated for user f25aa2b3-cd44-46a7-9d5c-9bcdb187f3fa.
Cannot activate automatic trial for user f25aa2b3-cd44-46a7-9d5c-9bcdb187f3fa (validation): ValueError
ok
test_a_rolled_back_transaction_does_not_bump_after_commit (AutoGrader.tests_cache_commit_race.TransactionBumpCountTests.test_a_rolled_back_transaction_does_not_bump_after_commit) ... Free trial plan not found: no trial activated for user fb45c790-d18c-4468-936d-d7bd767db5d2.
Cannot activate automatic trial for user fb45c790-d18c-4468-936d-d7bd767db5d2 (validation): ValueError
ok
test_an_inner_savepoint_rollback_keeps_the_outer_post_commit_bump (AutoGrader.tests_cache_commit_race.TransactionBumpCountTests.test_an_inner_savepoint_rollback_keeps_the_outer_post_commit_bump) ... Free trial plan not found: no trial activated for user db9ba607-1631-40e9-9ed4-273932ec429f.
Cannot activate automatic trial for user db9ba607-1631-40e9-9ed4-273932ec429f (validation): ValueError
ok
test_nested_committed_savepoints_bump_once_after_the_outer_commit (AutoGrader.tests_cache_commit_race.TransactionBumpCountTests.test_nested_committed_savepoints_bump_once_after_the_outer_commit) ... Free trial plan not found: no trial activated for user 0fd1fb6f-d6ef-49b7-9741-7c4d79d085df.
Cannot activate automatic trial for user 0fd1fb6f-d6ef-49b7-9741-7c4d79d085df (validation): ValueError
ok
test_outside_a_transaction_a_bump_happens_once (AutoGrader.tests_cache_commit_race.TransactionBumpCountTests.test_outside_a_transaction_a_bump_happens_once) ... Free trial plan not found: no trial activated for user 5e0cdc40-5c98-47c0-899c-0647faf53663.
Cannot activate automatic trial for user 5e0cdc40-5c98-47c0-899c-0647faf53663 (validation): ValueError
ok
test_a_failed_in_transaction_bump_is_recovered_by_the_post_commit_bump (AutoGrader.tests_cache_commit_race.WriterRedisFailureTests.test_a_failed_in_transaction_bump_is_recovered_by_the_post_commit_bump) ... Free trial plan not found: no trial activated for user d829c56a-9f8f-42f5-9fcf-68e64b23d499.
Cannot activate automatic trial for user d829c56a-9f8f-42f5-9fcf-68e64b23d499 (validation): ValueError
Cache generation bump failed for cachegen:crs:92fde293-f857-486b-832f-6c5886470390; entries keyed on it will serve stale data until their TTL expires.
Traceback (most recent call last):
  File "/home/bond-servant-in-training/Documents/Projects/Grade-Automator-Plus-beta-batch-15/AutoGrader/cache_generation.py", line 171, in bump_generation
    return _incr_or_create(key)
           ^^^^^^^^^^^^^^^^^^^^
  File "/home/bond-servant-in-training/Documents/Projects/Grade-Automator-Plus-beta-batch-15/AutoGrader/cache_generation.py", line 201, in _incr_or_create
    return cache.incr(key)
           ^^^^^^^^^^^^^^^
  File "/home/bond-servant-in-training/Documents/Virtualenvs/AutoGrader_env/lib/python3.12/site-packages/django_redis/cache.py", line 29, in _decorator
    return method(self, *args, **kwargs)
           ^^^^^^^^^^^^^^^^^^^^^^^^^^^^^
  File "/home/bond-servant-in-training/Documents/Virtualenvs/AutoGrader_env/lib/python3.12/site-packages/django_redis/cache.py", line 130, in incr
    return self.client.incr(*args, **kwargs)
           ^^^^^^^^^^^^^^^^^^^^^^^^^^^^^^^^^
  File "/home/bond-servant-in-training/Documents/Virtualenvs/AutoGrader_env/lib/python3.12/site-packages/django_redis/client/default.py", line 653, in incr
    return self._incr(
           ^^^^^^^^^^^
  File "/home/bond-servant-in-training/Documents/Virtualenvs/AutoGrader_env/lib/python3.12/site-packages/django_redis/client/default.py", line 595, in _incr
    client = self.get_client(write=True)
             ^^^^^^^^^^^^^^^^^^^^^^^^^^^
  File "/home/bond-servant-in-training/Documents/Projects/Grade-Automator-Plus-beta-batch-15/AutoGrader/tests_cache_commit_race.py", line 352, in get_client
    raise failure
  File "/home/bond-servant-in-training/Documents/Projects/Grade-Automator-Plus-beta-batch-15/AutoGrader/cache_generation.py", line 277, in _bump_pipelined
    client = cache.client.get_client(write=True)
             ^^^^^^^^^^^^^^^^^^^^^^^^^^^^^^^^^^^
  File "/home/bond-servant-in-training/Documents/Projects/Grade-Automator-Plus-beta-batch-15/AutoGrader/tests_cache_commit_race.py", line 352, in get_client
    raise failure
ConnectionError: redis unavailable
Cache generation bump failed for cachegen:global; entries keyed on it will serve stale data until their TTL expires.
Traceback (most recent call last):
  File "/home/bond-servant-in-training/Documents/Projects/Grade-Automator-Plus-beta-batch-15/AutoGrader/cache_generation.py", line 171, in bump_generation
    return _incr_or_create(key)
           ^^^^^^^^^^^^^^^^^^^^
  File "/home/bond-servant-in-training/Documents/Projects/Grade-Automator-Plus-beta-batch-15/AutoGrader/cache_generation.py", line 201, in _incr_or_create
    return cache.incr(key)
           ^^^^^^^^^^^^^^^
  File "/home/bond-servant-in-training/Documents/Virtualenvs/AutoGrader_env/lib/python3.12/site-packages/django_redis/cache.py", line 29, in _decorator
    return method(self, *args, **kwargs)
           ^^^^^^^^^^^^^^^^^^^^^^^^^^^^^
  File "/home/bond-servant-in-training/Documents/Virtualenvs/AutoGrader_env/lib/python3.12/site-packages/django_redis/cache.py", line 130, in incr
    return self.client.incr(*args, **kwargs)
           ^^^^^^^^^^^^^^^^^^^^^^^^^^^^^^^^^
  File "/home/bond-servant-in-training/Documents/Virtualenvs/AutoGrader_env/lib/python3.12/site-packages/django_redis/client/default.py", line 653, in incr
    return self._incr(
           ^^^^^^^^^^^
  File "/home/bond-servant-in-training/Documents/Virtualenvs/AutoGrader_env/lib/python3.12/site-packages/django_redis/client/default.py", line 595, in _incr
    client = self.get_client(write=True)
             ^^^^^^^^^^^^^^^^^^^^^^^^^^^
  File "/home/bond-servant-in-training/Documents/Projects/Grade-Automator-Plus-beta-batch-15/AutoGrader/tests_cache_commit_race.py", line 352, in get_client
    raise failure
  File "/home/bond-servant-in-training/Documents/Projects/Grade-Automator-Plus-beta-batch-15/AutoGrader/cache_generation.py", line 171, in bump_generation
    return _incr_or_create(key)
           ^^^^^^^^^^^^^^^^^^^^
  File "/home/bond-servant-in-training/Documents/Projects/Grade-Automator-Plus-beta-batch-15/AutoGrader/cache_generation.py", line 201, in _incr_or_create
    return cache.incr(key)
           ^^^^^^^^^^^^^^^
  File "/home/bond-servant-in-training/Documents/Virtualenvs/AutoGrader_env/lib/python3.12/site-packages/django_redis/cache.py", line 29, in _decorator
    return method(self, *args, **kwargs)
           ^^^^^^^^^^^^^^^^^^^^^^^^^^^^^
  File "/home/bond-servant-in-training/Documents/Virtualenvs/AutoGrader_env/lib/python3.12/site-packages/django_redis/cache.py", line 130, in incr
    return self.client.incr(*args, **kwargs)
           ^^^^^^^^^^^^^^^^^^^^^^^^^^^^^^^^^
  File "/home/bond-servant-in-training/Documents/Virtualenvs/AutoGrader_env/lib/python3.12/site-packages/django_redis/client/default.py", line 653, in incr
    return self._incr(
           ^^^^^^^^^^^
  File "/home/bond-servant-in-training/Documents/Virtualenvs/AutoGrader_env/lib/python3.12/site-packages/django_redis/client/default.py", line 595, in _incr
    client = self.get_client(write=True)
             ^^^^^^^^^^^^^^^^^^^^^^^^^^^
  File "/home/bond-servant-in-training/Documents/Projects/Grade-Automator-Plus-beta-batch-15/AutoGrader/tests_cache_commit_race.py", line 352, in get_client
    raise failure
  File "/home/bond-servant-in-training/Documents/Projects/Grade-Automator-Plus-beta-batch-15/AutoGrader/cache_generation.py", line 277, in _bump_pipelined
    client = cache.client.get_client(write=True)
             ^^^^^^^^^^^^^^^^^^^^^^^^^^^^^^^^^^^
  File "/home/bond-servant-in-training/Documents/Projects/Grade-Automator-Plus-beta-batch-15/AutoGrader/tests_cache_commit_race.py", line 352, in get_client
    raise failure
ConnectionError: redis unavailable
Cache generation bump failed for cachegen:usr:aed4a6c1-90e2-4ac5-8c46-dad236abab96; entries keyed on it will serve stale data until their TTL expires.
Traceback (most recent call last):
  File "/home/bond-servant-in-training/Documents/Projects/Grade-Automator-Plus-beta-batch-15/AutoGrader/cache_generation.py", line 171, in bump_generation
    return _incr_or_create(key)
           ^^^^^^^^^^^^^^^^^^^^
  File "/home/bond-servant-in-training/Documents/Projects/Grade-Automator-Plus-beta-batch-15/AutoGrader/cache_generation.py", line 201, in _incr_or_create
    return cache.incr(key)
           ^^^^^^^^^^^^^^^
  File "/home/bond-servant-in-training/Documents/Virtualenvs/AutoGrader_env/lib/python3.12/site-packages/django_redis/cache.py", line 29, in _decorator
    return method(self, *args, **kwargs)
           ^^^^^^^^^^^^^^^^^^^^^^^^^^^^^
  File "/home/bond-servant-in-training/Documents/Virtualenvs/AutoGrader_env/lib/python3.12/site-packages/django_redis/cache.py", line 130, in incr
    return self.client.incr(*args, **kwargs)
           ^^^^^^^^^^^^^^^^^^^^^^^^^^^^^^^^^
  File "/home/bond-servant-in-training/Documents/Virtualenvs/AutoGrader_env/lib/python3.12/site-packages/django_redis/client/default.py", line 653, in incr
    return self._incr(
           ^^^^^^^^^^^
  File "/home/bond-servant-in-training/Documents/Virtualenvs/AutoGrader_env/lib/python3.12/site-packages/django_redis/client/default.py", line 595, in _incr
    client = self.get_client(write=True)
             ^^^^^^^^^^^^^^^^^^^^^^^^^^^
  File "/home/bond-servant-in-training/Documents/Projects/Grade-Automator-Plus-beta-batch-15/AutoGrader/tests_cache_commit_race.py", line 352, in get_client
    raise failure
  File "/home/bond-servant-in-training/Documents/Projects/Grade-Automator-Plus-beta-batch-15/AutoGrader/cache_generation.py", line 171, in bump_generation
    return _incr_or_create(key)
           ^^^^^^^^^^^^^^^^^^^^
  File "/home/bond-servant-in-training/Documents/Projects/Grade-Automator-Plus-beta-batch-15/AutoGrader/cache_generation.py", line 201, in _incr_or_create
    return cache.incr(key)
           ^^^^^^^^^^^^^^^
  File "/home/bond-servant-in-training/Documents/Virtualenvs/AutoGrader_env/lib/python3.12/site-packages/django_redis/cache.py", line 29, in _decorator
    return method(self, *args, **kwargs)
           ^^^^^^^^^^^^^^^^^^^^^^^^^^^^^
  File "/home/bond-servant-in-training/Documents/Virtualenvs/AutoGrader_env/lib/python3.12/site-packages/django_redis/cache.py", line 130, in incr
    return self.client.incr(*args, **kwargs)
           ^^^^^^^^^^^^^^^^^^^^^^^^^^^^^^^^^
  File "/home/bond-servant-in-training/Documents/Virtualenvs/AutoGrader_env/lib/python3.12/site-packages/django_redis/client/default.py", line 653, in incr
    return self._incr(
           ^^^^^^^^^^^
  File "/home/bond-servant-in-training/Documents/Virtualenvs/AutoGrader_env/lib/python3.12/site-packages/django_redis/client/default.py", line 595, in _incr
    client = self.get_client(write=True)
             ^^^^^^^^^^^^^^^^^^^^^^^^^^^
  File "/home/bond-servant-in-training/Documents/Projects/Grade-Automator-Plus-beta-batch-15/AutoGrader/tests_cache_commit_race.py", line 352, in get_client
    raise failure
  File "/home/bond-servant-in-training/Documents/Projects/Grade-Automator-Plus-beta-batch-15/AutoGrader/cache_generation.py", line 171, in bump_generation
    return _incr_or_create(key)
           ^^^^^^^^^^^^^^^^^^^^
  File "/home/bond-servant-in-training/Documents/Projects/Grade-Automator-Plus-beta-batch-15/AutoGrader/cache_generation.py", line 201, in _incr_or_create
    return cache.incr(key)
           ^^^^^^^^^^^^^^^
  File "/home/bond-servant-in-training/Documents/Virtualenvs/AutoGrader_env/lib/python3.12/site-packages/django_redis/cache.py", line 29, in _decorator
    return method(self, *args, **kwargs)
           ^^^^^^^^^^^^^^^^^^^^^^^^^^^^^
  File "/home/bond-servant-in-training/Documents/Virtualenvs/AutoGrader_env/lib/python3.12/site-packages/django_redis/cache.py", line 130, in incr
    return self.client.incr(*args, **kwargs)
           ^^^^^^^^^^^^^^^^^^^^^^^^^^^^^^^^^
  File "/home/bond-servant-in-training/Documents/Virtualenvs/AutoGrader_env/lib/python3.12/site-packages/django_redis/client/default.py", line 653, in incr
    return self._incr(
           ^^^^^^^^^^^
  File "/home/bond-servant-in-training/Documents/Virtualenvs/AutoGrader_env/lib/python3.12/site-packages/django_redis/client/default.py", line 595, in _incr
    client = self.get_client(write=True)
             ^^^^^^^^^^^^^^^^^^^^^^^^^^^
  File "/home/bond-servant-in-training/Documents/Projects/Grade-Automator-Plus-beta-batch-15/AutoGrader/tests_cache_commit_race.py", line 352, in get_client
    raise failure
  File "/home/bond-servant-in-training/Documents/Projects/Grade-Automator-Plus-beta-batch-15/AutoGrader/cache_generation.py", line 277, in _bump_pipelined
    client = cache.client.get_client(write=True)
             ^^^^^^^^^^^^^^^^^^^^^^^^^^^^^^^^^^^
  File "/home/bond-servant-in-training/Documents/Projects/Grade-Automator-Plus-beta-batch-15/AutoGrader/tests_cache_commit_race.py", line 352, in get_client
    raise failure
ConnectionError: redis unavailable
Cache generation bump failed for cachegen:usr:d829c56a-9f8f-42f5-9fcf-68e64b23d499; entries keyed on it will serve stale data until their TTL expires.
Traceback (most recent call last):
  File "/home/bond-servant-in-training/Documents/Projects/Grade-Automator-Plus-beta-batch-15/AutoGrader/cache_generation.py", line 171, in bump_generation
    return _incr_or_create(key)
           ^^^^^^^^^^^^^^^^^^^^
  File "/home/bond-servant-in-training/Documents/Projects/Grade-Automator-Plus-beta-batch-15/AutoGrader/cache_generation.py", line 201, in _incr_or_create
    return cache.incr(key)
           ^^^^^^^^^^^^^^^
  File "/home/bond-servant-in-training/Documents/Virtualenvs/AutoGrader_env/lib/python3.12/site-packages/django_redis/cache.py", line 29, in _decorator
    return method(self, *args, **kwargs)
           ^^^^^^^^^^^^^^^^^^^^^^^^^^^^^
  File "/home/bond-servant-in-training/Documents/Virtualenvs/AutoGrader_env/lib/python3.12/site-packages/django_redis/cache.py", line 130, in incr
    return self.client.incr(*args, **kwargs)
           ^^^^^^^^^^^^^^^^^^^^^^^^^^^^^^^^^
  File "/home/bond-servant-in-training/Documents/Virtualenvs/AutoGrader_env/lib/python3.12/site-packages/django_redis/client/default.py", line 653, in incr
    return self._incr(
           ^^^^^^^^^^^
  File "/home/bond-servant-in-training/Documents/Virtualenvs/AutoGrader_env/lib/python3.12/site-packages/django_redis/client/default.py", line 595, in _incr
    client = self.get_client(write=True)
             ^^^^^^^^^^^^^^^^^^^^^^^^^^^
  File "/home/bond-servant-in-training/Documents/Projects/Grade-Automator-Plus-beta-batch-15/AutoGrader/tests_cache_commit_race.py", line 352, in get_client
    raise failure
  File "/home/bond-servant-in-training/Documents/Projects/Grade-Automator-Plus-beta-batch-15/AutoGrader/cache_generation.py", line 171, in bump_generation
    return _incr_or_create(key)
           ^^^^^^^^^^^^^^^^^^^^
  File "/home/bond-servant-in-training/Documents/Projects/Grade-Automator-Plus-beta-batch-15/AutoGrader/cache_generation.py", line 201, in _incr_or_create
    return cache.incr(key)
           ^^^^^^^^^^^^^^^
  File "/home/bond-servant-in-training/Documents/Virtualenvs/AutoGrader_env/lib/python3.12/site-packages/django_redis/cache.py", line 29, in _decorator
    return method(self, *args, **kwargs)
           ^^^^^^^^^^^^^^^^^^^^^^^^^^^^^
  File "/home/bond-servant-in-training/Documents/Virtualenvs/AutoGrader_env/lib/python3.12/site-packages/django_redis/cache.py", line 130, in incr
    return self.client.incr(*args, **kwargs)
           ^^^^^^^^^^^^^^^^^^^^^^^^^^^^^^^^^
  File "/home/bond-servant-in-training/Documents/Virtualenvs/AutoGrader_env/lib/python3.12/site-packages/django_redis/client/default.py", line 653, in incr
    return self._incr(
           ^^^^^^^^^^^
  File "/home/bond-servant-in-training/Documents/Virtualenvs/AutoGrader_env/lib/python3.12/site-packages/django_redis/client/default.py", line 595, in _incr
    client = self.get_client(write=True)
             ^^^^^^^^^^^^^^^^^^^^^^^^^^^
  File "/home/bond-servant-in-training/Documents/Projects/Grade-Automator-Plus-beta-batch-15/AutoGrader/tests_cache_commit_race.py", line 352, in get_client
    raise failure
  File "/home/bond-servant-in-training/Documents/Projects/Grade-Automator-Plus-beta-batch-15/AutoGrader/cache_generation.py", line 171, in bump_generation
    return _incr_or_create(key)
           ^^^^^^^^^^^^^^^^^^^^
  File "/home/bond-servant-in-training/Documents/Projects/Grade-Automator-Plus-beta-batch-15/AutoGrader/cache_generation.py", line 201, in _incr_or_create
    return cache.incr(key)
           ^^^^^^^^^^^^^^^
  File "/home/bond-servant-in-training/Documents/Virtualenvs/AutoGrader_env/lib/python3.12/site-packages/django_redis/cache.py", line 29, in _decorator
    return method(self, *args, **kwargs)
           ^^^^^^^^^^^^^^^^^^^^^^^^^^^^^
  File "/home/bond-servant-in-training/Documents/Virtualenvs/AutoGrader_env/lib/python3.12/site-packages/django_redis/cache.py", line 130, in incr
    return self.client.incr(*args, **kwargs)
           ^^^^^^^^^^^^^^^^^^^^^^^^^^^^^^^^^
  File "/home/bond-servant-in-training/Documents/Virtualenvs/AutoGrader_env/lib/python3.12/site-packages/django_redis/client/default.py", line 653, in incr
    return self._incr(
           ^^^^^^^^^^^
  File "/home/bond-servant-in-training/Documents/Virtualenvs/AutoGrader_env/lib/python3.12/site-packages/django_redis/client/default.py", line 595, in _incr
    client = self.get_client(write=True)
             ^^^^^^^^^^^^^^^^^^^^^^^^^^^
  File "/home/bond-servant-in-training/Documents/Projects/Grade-Automator-Plus-beta-batch-15/AutoGrader/tests_cache_commit_race.py", line 352, in get_client
    raise failure
  File "/home/bond-servant-in-training/Documents/Projects/Grade-Automator-Plus-beta-batch-15/AutoGrader/cache_generation.py", line 171, in bump_generation
    return _incr_or_create(key)
           ^^^^^^^^^^^^^^^^^^^^
  File "/home/bond-servant-in-training/Documents/Projects/Grade-Automator-Plus-beta-batch-15/AutoGrader/cache_generation.py", line 201, in _incr_or_create
    return cache.incr(key)
           ^^^^^^^^^^^^^^^
  File "/home/bond-servant-in-training/Documents/Virtualenvs/AutoGrader_env/lib/python3.12/site-packages/django_redis/cache.py", line 29, in _decorator
    return method(self, *args, **kwargs)
           ^^^^^^^^^^^^^^^^^^^^^^^^^^^^^
  File "/home/bond-servant-in-training/Documents/Virtualenvs/AutoGrader_env/lib/python3.12/site-packages/django_redis/cache.py", line 130, in incr
    return self.client.incr(*args, **kwargs)
           ^^^^^^^^^^^^^^^^^^^^^^^^^^^^^^^^^
  File "/home/bond-servant-in-training/Documents/Virtualenvs/AutoGrader_env/lib/python3.12/site-packages/django_redis/client/default.py", line 653, in incr
    return self._incr(
           ^^^^^^^^^^^
  File "/home/bond-servant-in-training/Documents/Virtualenvs/AutoGrader_env/lib/python3.12/site-packages/django_redis/client/default.py", line 595, in _incr
    client = self.get_client(write=True)
             ^^^^^^^^^^^^^^^^^^^^^^^^^^^
  File "/home/bond-servant-in-training/Documents/Projects/Grade-Automator-Plus-beta-batch-15/AutoGrader/tests_cache_commit_race.py", line 352, in get_client
    raise failure
  File "/home/bond-servant-in-training/Documents/Projects/Grade-Automator-Plus-beta-batch-15/AutoGrader/cache_generation.py", line 277, in _bump_pipelined
    client = cache.client.get_client(write=True)
             ^^^^^^^^^^^^^^^^^^^^^^^^^^^^^^^^^^^
  File "/home/bond-servant-in-training/Documents/Projects/Grade-Automator-Plus-beta-batch-15/AutoGrader/tests_cache_commit_race.py", line 352, in get_client
    raise failure
ConnectionError: redis unavailable
Cache generation bump failed for cachegen:crs:92fde293-f857-486b-832f-6c5886470390; entries keyed on it will serve stale data until their TTL expires.
Traceback (most recent call last):
  File "/home/bond-servant-in-training/Documents/Projects/Grade-Automator-Plus-beta-batch-15/AutoGrader/cache_generation.py", line 171, in bump_generation
    return _incr_or_create(key)
           ^^^^^^^^^^^^^^^^^^^^
  File "/home/bond-servant-in-training/Documents/Projects/Grade-Automator-Plus-beta-batch-15/AutoGrader/cache_generation.py", line 201, in _incr_or_create
    return cache.incr(key)
           ^^^^^^^^^^^^^^^
  File "/home/bond-servant-in-training/Documents/Virtualenvs/AutoGrader_env/lib/python3.12/site-packages/django_redis/cache.py", line 29, in _decorator
    return method(self, *args, **kwargs)
           ^^^^^^^^^^^^^^^^^^^^^^^^^^^^^
  File "/home/bond-servant-in-training/Documents/Virtualenvs/AutoGrader_env/lib/python3.12/site-packages/django_redis/cache.py", line 130, in incr
    return self.client.incr(*args, **kwargs)
           ^^^^^^^^^^^^^^^^^^^^^^^^^^^^^^^^^
  File "/home/bond-servant-in-training/Documents/Virtualenvs/AutoGrader_env/lib/python3.12/site-packages/django_redis/client/default.py", line 653, in incr
    return self._incr(
           ^^^^^^^^^^^
  File "/home/bond-servant-in-training/Documents/Virtualenvs/AutoGrader_env/lib/python3.12/site-packages/django_redis/client/default.py", line 595, in _incr
    client = self.get_client(write=True)
             ^^^^^^^^^^^^^^^^^^^^^^^^^^^
  File "/home/bond-servant-in-training/Documents/Projects/Grade-Automator-Plus-beta-batch-15/AutoGrader/tests_cache_commit_race.py", line 352, in get_client
    raise failure
  File "/home/bond-servant-in-training/Documents/Projects/Grade-Automator-Plus-beta-batch-15/AutoGrader/cache_generation.py", line 277, in _bump_pipelined
    client = cache.client.get_client(write=True)
             ^^^^^^^^^^^^^^^^^^^^^^^^^^^^^^^^^^^
  File "/home/bond-servant-in-training/Documents/Projects/Grade-Automator-Plus-beta-batch-15/AutoGrader/tests_cache_commit_race.py", line 352, in get_client
    raise failure
redis.exceptions.TimeoutError: redis timed out
Cache generation bump failed for cachegen:global; entries keyed on it will serve stale data until their TTL expires.
Traceback (most recent call last):
  File "/home/bond-servant-in-training/Documents/Projects/Grade-Automator-Plus-beta-batch-15/AutoGrader/cache_generation.py", line 171, in bump_generation
    return _incr_or_create(key)
           ^^^^^^^^^^^^^^^^^^^^
  File "/home/bond-servant-in-training/Documents/Projects/Grade-Automator-Plus-beta-batch-15/AutoGrader/cache_generation.py", line 201, in _incr_or_create
    return cache.incr(key)
           ^^^^^^^^^^^^^^^
  File "/home/bond-servant-in-training/Documents/Virtualenvs/AutoGrader_env/lib/python3.12/site-packages/django_redis/cache.py", line 29, in _decorator
    return method(self, *args, **kwargs)
           ^^^^^^^^^^^^^^^^^^^^^^^^^^^^^
  File "/home/bond-servant-in-training/Documents/Virtualenvs/AutoGrader_env/lib/python3.12/site-packages/django_redis/cache.py", line 130, in incr
    return self.client.incr(*args, **kwargs)
           ^^^^^^^^^^^^^^^^^^^^^^^^^^^^^^^^^
  File "/home/bond-servant-in-training/Documents/Virtualenvs/AutoGrader_env/lib/python3.12/site-packages/django_redis/client/default.py", line 653, in incr
    return self._incr(
           ^^^^^^^^^^^
  File "/home/bond-servant-in-training/Documents/Virtualenvs/AutoGrader_env/lib/python3.12/site-packages/django_redis/client/default.py", line 595, in _incr
    client = self.get_client(write=True)
             ^^^^^^^^^^^^^^^^^^^^^^^^^^^
  File "/home/bond-servant-in-training/Documents/Projects/Grade-Automator-Plus-beta-batch-15/AutoGrader/tests_cache_commit_race.py", line 352, in get_client
    raise failure
  File "/home/bond-servant-in-training/Documents/Projects/Grade-Automator-Plus-beta-batch-15/AutoGrader/cache_generation.py", line 171, in bump_generation
    return _incr_or_create(key)
           ^^^^^^^^^^^^^^^^^^^^
  File "/home/bond-servant-in-training/Documents/Projects/Grade-Automator-Plus-beta-batch-15/AutoGrader/cache_generation.py", line 201, in _incr_or_create
    return cache.incr(key)
           ^^^^^^^^^^^^^^^
  File "/home/bond-servant-in-training/Documents/Virtualenvs/AutoGrader_env/lib/python3.12/site-packages/django_redis/cache.py", line 29, in _decorator
    return method(self, *args, **kwargs)
           ^^^^^^^^^^^^^^^^^^^^^^^^^^^^^
  File "/home/bond-servant-in-training/Documents/Virtualenvs/AutoGrader_env/lib/python3.12/site-packages/django_redis/cache.py", line 130, in incr
    return self.client.incr(*args, **kwargs)
           ^^^^^^^^^^^^^^^^^^^^^^^^^^^^^^^^^
  File "/home/bond-servant-in-training/Documents/Virtualenvs/AutoGrader_env/lib/python3.12/site-packages/django_redis/client/default.py", line 653, in incr
    return self._incr(
           ^^^^^^^^^^^
  File "/home/bond-servant-in-training/Documents/Virtualenvs/AutoGrader_env/lib/python3.12/site-packages/django_redis/client/default.py", line 595, in _incr
    client = self.get_client(write=True)
             ^^^^^^^^^^^^^^^^^^^^^^^^^^^
  File "/home/bond-servant-in-training/Documents/Projects/Grade-Automator-Plus-beta-batch-15/AutoGrader/tests_cache_commit_race.py", line 352, in get_client
    raise failure
  File "/home/bond-servant-in-training/Documents/Projects/Grade-Automator-Plus-beta-batch-15/AutoGrader/cache_generation.py", line 277, in _bump_pipelined
    client = cache.client.get_client(write=True)
             ^^^^^^^^^^^^^^^^^^^^^^^^^^^^^^^^^^^
  File "/home/bond-servant-in-training/Documents/Projects/Grade-Automator-Plus-beta-batch-15/AutoGrader/tests_cache_commit_race.py", line 352, in get_client
    raise failure
redis.exceptions.TimeoutError: redis timed out
Cache generation bump failed for cachegen:usr:aed4a6c1-90e2-4ac5-8c46-dad236abab96; entries keyed on it will serve stale data until their TTL expires.
Traceback (most recent call last):
  File "/home/bond-servant-in-training/Documents/Projects/Grade-Automator-Plus-beta-batch-15/AutoGrader/cache_generation.py", line 171, in bump_generation
    return _incr_or_create(key)
           ^^^^^^^^^^^^^^^^^^^^
  File "/home/bond-servant-in-training/Documents/Projects/Grade-Automator-Plus-beta-batch-15/AutoGrader/cache_generation.py", line 201, in _incr_or_create
    return cache.incr(key)
           ^^^^^^^^^^^^^^^
  File "/home/bond-servant-in-training/Documents/Virtualenvs/AutoGrader_env/lib/python3.12/site-packages/django_redis/cache.py", line 29, in _decorator
    return method(self, *args, **kwargs)
           ^^^^^^^^^^^^^^^^^^^^^^^^^^^^^
  File "/home/bond-servant-in-training/Documents/Virtualenvs/AutoGrader_env/lib/python3.12/site-packages/django_redis/cache.py", line 130, in incr
    return self.client.incr(*args, **kwargs)
           ^^^^^^^^^^^^^^^^^^^^^^^^^^^^^^^^^
  File "/home/bond-servant-in-training/Documents/Virtualenvs/AutoGrader_env/lib/python3.12/site-packages/django_redis/client/default.py", line 653, in incr
    return self._incr(
           ^^^^^^^^^^^
  File "/home/bond-servant-in-training/Documents/Virtualenvs/AutoGrader_env/lib/python3.12/site-packages/django_redis/client/default.py", line 595, in _incr
    client = self.get_client(write=True)
             ^^^^^^^^^^^^^^^^^^^^^^^^^^^
  File "/home/bond-servant-in-training/Documents/Projects/Grade-Automator-Plus-beta-batch-15/AutoGrader/tests_cache_commit_race.py", line 352, in get_client
    raise failure
  File "/home/bond-servant-in-training/Documents/Projects/Grade-Automator-Plus-beta-batch-15/AutoGrader/cache_generation.py", line 171, in bump_generation
    return _incr_or_create(key)
           ^^^^^^^^^^^^^^^^^^^^
  File "/home/bond-servant-in-training/Documents/Projects/Grade-Automator-Plus-beta-batch-15/AutoGrader/cache_generation.py", line 201, in _incr_or_create
    return cache.incr(key)
           ^^^^^^^^^^^^^^^
  File "/home/bond-servant-in-training/Documents/Virtualenvs/AutoGrader_env/lib/python3.12/site-packages/django_redis/cache.py", line 29, in _decorator
    return method(self, *args, **kwargs)
           ^^^^^^^^^^^^^^^^^^^^^^^^^^^^^
  File "/home/bond-servant-in-training/Documents/Virtualenvs/AutoGrader_env/lib/python3.12/site-packages/django_redis/cache.py", line 130, in incr
    return self.client.incr(*args, **kwargs)
           ^^^^^^^^^^^^^^^^^^^^^^^^^^^^^^^^^
  File "/home/bond-servant-in-training/Documents/Virtualenvs/AutoGrader_env/lib/python3.12/site-packages/django_redis/client/default.py", line 653, in incr
    return self._incr(
           ^^^^^^^^^^^
  File "/home/bond-servant-in-training/Documents/Virtualenvs/AutoGrader_env/lib/python3.12/site-packages/django_redis/client/default.py", line 595, in _incr
    client = self.get_client(write=True)
             ^^^^^^^^^^^^^^^^^^^^^^^^^^^
  File "/home/bond-servant-in-training/Documents/Projects/Grade-Automator-Plus-beta-batch-15/AutoGrader/tests_cache_commit_race.py", line 352, in get_client
    raise failure
  File "/home/bond-servant-in-training/Documents/Projects/Grade-Automator-Plus-beta-batch-15/AutoGrader/cache_generation.py", line 171, in bump_generation
    return _incr_or_create(key)
           ^^^^^^^^^^^^^^^^^^^^
  File "/home/bond-servant-in-training/Documents/Projects/Grade-Automator-Plus-beta-batch-15/AutoGrader/cache_generation.py", line 201, in _incr_or_create
    return cache.incr(key)
           ^^^^^^^^^^^^^^^
  File "/home/bond-servant-in-training/Documents/Virtualenvs/AutoGrader_env/lib/python3.12/site-packages/django_redis/cache.py", line 29, in _decorator
    return method(self, *args, **kwargs)
           ^^^^^^^^^^^^^^^^^^^^^^^^^^^^^
  File "/home/bond-servant-in-training/Documents/Virtualenvs/AutoGrader_env/lib/python3.12/site-packages/django_redis/cache.py", line 130, in incr
    return self.client.incr(*args, **kwargs)
           ^^^^^^^^^^^^^^^^^^^^^^^^^^^^^^^^^
  File "/home/bond-servant-in-training/Documents/Virtualenvs/AutoGrader_env/lib/python3.12/site-packages/django_redis/client/default.py", line 653, in incr
    return self._incr(
           ^^^^^^^^^^^
  File "/home/bond-servant-in-training/Documents/Virtualenvs/AutoGrader_env/lib/python3.12/site-packages/django_redis/client/default.py", line 595, in _incr
    client = self.get_client(write=True)
             ^^^^^^^^^^^^^^^^^^^^^^^^^^^
  File "/home/bond-servant-in-training/Documents/Projects/Grade-Automator-Plus-beta-batch-15/AutoGrader/tests_cache_commit_race.py", line 352, in get_client
    raise failure
  File "/home/bond-servant-in-training/Documents/Projects/Grade-Automator-Plus-beta-batch-15/AutoGrader/cache_generation.py", line 277, in _bump_pipelined
    client = cache.client.get_client(write=True)
             ^^^^^^^^^^^^^^^^^^^^^^^^^^^^^^^^^^^
  File "/home/bond-servant-in-training/Documents/Projects/Grade-Automator-Plus-beta-batch-15/AutoGrader/tests_cache_commit_race.py", line 352, in get_client
    raise failure
redis.exceptions.TimeoutError: redis timed out
Cache generation bump failed for cachegen:usr:d829c56a-9f8f-42f5-9fcf-68e64b23d499; entries keyed on it will serve stale data until their TTL expires.
Traceback (most recent call last):
  File "/home/bond-servant-in-training/Documents/Projects/Grade-Automator-Plus-beta-batch-15/AutoGrader/cache_generation.py", line 171, in bump_generation
    return _incr_or_create(key)
           ^^^^^^^^^^^^^^^^^^^^
  File "/home/bond-servant-in-training/Documents/Projects/Grade-Automator-Plus-beta-batch-15/AutoGrader/cache_generation.py", line 201, in _incr_or_create
    return cache.incr(key)
           ^^^^^^^^^^^^^^^
  File "/home/bond-servant-in-training/Documents/Virtualenvs/AutoGrader_env/lib/python3.12/site-packages/django_redis/cache.py", line 29, in _decorator
    return method(self, *args, **kwargs)
           ^^^^^^^^^^^^^^^^^^^^^^^^^^^^^
  File "/home/bond-servant-in-training/Documents/Virtualenvs/AutoGrader_env/lib/python3.12/site-packages/django_redis/cache.py", line 130, in incr
    return self.client.incr(*args, **kwargs)
           ^^^^^^^^^^^^^^^^^^^^^^^^^^^^^^^^^
  File "/home/bond-servant-in-training/Documents/Virtualenvs/AutoGrader_env/lib/python3.12/site-packages/django_redis/client/default.py", line 653, in incr
    return self._incr(
           ^^^^^^^^^^^
  File "/home/bond-servant-in-training/Documents/Virtualenvs/AutoGrader_env/lib/python3.12/site-packages/django_redis/client/default.py", line 595, in _incr
    client = self.get_client(write=True)
             ^^^^^^^^^^^^^^^^^^^^^^^^^^^
  File "/home/bond-servant-in-training/Documents/Projects/Grade-Automator-Plus-beta-batch-15/AutoGrader/tests_cache_commit_race.py", line 352, in get_client
    raise failure
  File "/home/bond-servant-in-training/Documents/Projects/Grade-Automator-Plus-beta-batch-15/AutoGrader/cache_generation.py", line 171, in bump_generation
    return _incr_or_create(key)
           ^^^^^^^^^^^^^^^^^^^^
  File "/home/bond-servant-in-training/Documents/Projects/Grade-Automator-Plus-beta-batch-15/AutoGrader/cache_generation.py", line 201, in _incr_or_create
    return cache.incr(key)
           ^^^^^^^^^^^^^^^
  File "/home/bond-servant-in-training/Documents/Virtualenvs/AutoGrader_env/lib/python3.12/site-packages/django_redis/cache.py", line 29, in _decorator
    return method(self, *args, **kwargs)
           ^^^^^^^^^^^^^^^^^^^^^^^^^^^^^
  File "/home/bond-servant-in-training/Documents/Virtualenvs/AutoGrader_env/lib/python3.12/site-packages/django_redis/cache.py", line 130, in incr
    return self.client.incr(*args, **kwargs)
           ^^^^^^^^^^^^^^^^^^^^^^^^^^^^^^^^^
  File "/home/bond-servant-in-training/Documents/Virtualenvs/AutoGrader_env/lib/python3.12/site-packages/django_redis/client/default.py", line 653, in incr
    return self._incr(
           ^^^^^^^^^^^
  File "/home/bond-servant-in-training/Documents/Virtualenvs/AutoGrader_env/lib/python3.12/site-packages/django_redis/client/default.py", line 595, in _incr
    client = self.get_client(write=True)
             ^^^^^^^^^^^^^^^^^^^^^^^^^^^
  File "/home/bond-servant-in-training/Documents/Projects/Grade-Automator-Plus-beta-batch-15/AutoGrader/tests_cache_commit_race.py", line 352, in get_client
    raise failure
  File "/home/bond-servant-in-training/Documents/Projects/Grade-Automator-Plus-beta-batch-15/AutoGrader/cache_generation.py", line 171, in bump_generation
    return _incr_or_create(key)
           ^^^^^^^^^^^^^^^^^^^^
  File "/home/bond-servant-in-training/Documents/Projects/Grade-Automator-Plus-beta-batch-15/AutoGrader/cache_generation.py", line 201, in _incr_or_create
    return cache.incr(key)
           ^^^^^^^^^^^^^^^
  File "/home/bond-servant-in-training/Documents/Virtualenvs/AutoGrader_env/lib/python3.12/site-packages/django_redis/cache.py", line 29, in _decorator
    return method(self, *args, **kwargs)
           ^^^^^^^^^^^^^^^^^^^^^^^^^^^^^
  File "/home/bond-servant-in-training/Documents/Virtualenvs/AutoGrader_env/lib/python3.12/site-packages/django_redis/cache.py", line 130, in incr
    return self.client.incr(*args, **kwargs)
           ^^^^^^^^^^^^^^^^^^^^^^^^^^^^^^^^^
  File "/home/bond-servant-in-training/Documents/Virtualenvs/AutoGrader_env/lib/python3.12/site-packages/django_redis/client/default.py", line 653, in incr
    return self._incr(
           ^^^^^^^^^^^
  File "/home/bond-servant-in-training/Documents/Virtualenvs/AutoGrader_env/lib/python3.12/site-packages/django_redis/client/default.py", line 595, in _incr
    client = self.get_client(write=True)
             ^^^^^^^^^^^^^^^^^^^^^^^^^^^
  File "/home/bond-servant-in-training/Documents/Projects/Grade-Automator-Plus-beta-batch-15/AutoGrader/tests_cache_commit_race.py", line 352, in get_client
    raise failure
  File "/home/bond-servant-in-training/Documents/Projects/Grade-Automator-Plus-beta-batch-15/AutoGrader/cache_generation.py", line 171, in bump_generation
    return _incr_or_create(key)
           ^^^^^^^^^^^^^^^^^^^^
  File "/home/bond-servant-in-training/Documents/Projects/Grade-Automator-Plus-beta-batch-15/AutoGrader/cache_generation.py", line 201, in _incr_or_create
    return cache.incr(key)
           ^^^^^^^^^^^^^^^
  File "/home/bond-servant-in-training/Documents/Virtualenvs/AutoGrader_env/lib/python3.12/site-packages/django_redis/cache.py", line 29, in _decorator
    return method(self, *args, **kwargs)
           ^^^^^^^^^^^^^^^^^^^^^^^^^^^^^
  File "/home/bond-servant-in-training/Documents/Virtualenvs/AutoGrader_env/lib/python3.12/site-packages/django_redis/cache.py", line 130, in incr
    return self.client.incr(*args, **kwargs)
           ^^^^^^^^^^^^^^^^^^^^^^^^^^^^^^^^^
  File "/home/bond-servant-in-training/Documents/Virtualenvs/AutoGrader_env/lib/python3.12/site-packages/django_redis/client/default.py", line 653, in incr
    return self._incr(
           ^^^^^^^^^^^
  File "/home/bond-servant-in-training/Documents/Virtualenvs/AutoGrader_env/lib/python3.12/site-packages/django_redis/client/default.py", line 595, in _incr
    client = self.get_client(write=True)
             ^^^^^^^^^^^^^^^^^^^^^^^^^^^
  File "/home/bond-servant-in-training/Documents/Projects/Grade-Automator-Plus-beta-batch-15/AutoGrader/tests_cache_commit_race.py", line 352, in get_client
    raise failure
  File "/home/bond-servant-in-training/Documents/Projects/Grade-Automator-Plus-beta-batch-15/AutoGrader/cache_generation.py", line 277, in _bump_pipelined
    client = cache.client.get_client(write=True)
             ^^^^^^^^^^^^^^^^^^^^^^^^^^^^^^^^^^^
  File "/home/bond-servant-in-training/Documents/Projects/Grade-Automator-Plus-beta-batch-15/AutoGrader/tests_cache_commit_race.py", line 352, in get_client
    raise failure
redis.exceptions.TimeoutError: redis timed out
ok
test_both_bumps_failing_leaves_staleness_bounded_by_the_ttl (AutoGrader.tests_cache_commit_race.WriterRedisFailureTests.test_both_bumps_failing_leaves_staleness_bounded_by_the_ttl) ... Free trial plan not found: no trial activated for user 299be046-a985-4a66-b866-4b0c8d8d11d4.
Cannot activate automatic trial for user 299be046-a985-4a66-b866-4b0c8d8d11d4 (validation): ValueError
Cache generation bump failed for cachegen:global; entries keyed on it will serve stale data until their TTL expires.
Traceback (most recent call last):
  File "/home/bond-servant-in-training/Documents/Projects/Grade-Automator-Plus-beta-batch-15/AutoGrader/cache_generation.py", line 171, in bump_generation
    return _incr_or_create(key)
           ^^^^^^^^^^^^^^^^^^^^
  File "/home/bond-servant-in-training/Documents/Projects/Grade-Automator-Plus-beta-batch-15/AutoGrader/cache_generation.py", line 201, in _incr_or_create
    return cache.incr(key)
           ^^^^^^^^^^^^^^^
  File "/home/bond-servant-in-training/Documents/Virtualenvs/AutoGrader_env/lib/python3.12/site-packages/django_redis/cache.py", line 29, in _decorator
    return method(self, *args, **kwargs)
           ^^^^^^^^^^^^^^^^^^^^^^^^^^^^^
  File "/home/bond-servant-in-training/Documents/Virtualenvs/AutoGrader_env/lib/python3.12/site-packages/django_redis/cache.py", line 130, in incr
    return self.client.incr(*args, **kwargs)
           ^^^^^^^^^^^^^^^^^^^^^^^^^^^^^^^^^
  File "/home/bond-servant-in-training/Documents/Virtualenvs/AutoGrader_env/lib/python3.12/site-packages/django_redis/client/default.py", line 653, in incr
    return self._incr(
           ^^^^^^^^^^^
  File "/home/bond-servant-in-training/Documents/Virtualenvs/AutoGrader_env/lib/python3.12/site-packages/django_redis/client/default.py", line 595, in _incr
    client = self.get_client(write=True)
             ^^^^^^^^^^^^^^^^^^^^^^^^^^^
  File "/home/bond-servant-in-training/Documents/Projects/Grade-Automator-Plus-beta-batch-15/AutoGrader/tests_cache_commit_race.py", line 352, in get_client
    raise failure
  File "/home/bond-servant-in-training/Documents/Projects/Grade-Automator-Plus-beta-batch-15/AutoGrader/cache_generation.py", line 277, in _bump_pipelined
    client = cache.client.get_client(write=True)
             ^^^^^^^^^^^^^^^^^^^^^^^^^^^^^^^^^^^
  File "/home/bond-servant-in-training/Documents/Projects/Grade-Automator-Plus-beta-batch-15/AutoGrader/tests_cache_commit_race.py", line 352, in get_client
    raise failure
  File "/home/bond-servant-in-training/Documents/Projects/Grade-Automator-Plus-beta-batch-15/AutoGrader/cache_generation.py", line 171, in bump_generation
    return _incr_or_create(key)
           ^^^^^^^^^^^^^^^^^^^^
  File "/home/bond-servant-in-training/Documents/Projects/Grade-Automator-Plus-beta-batch-15/AutoGrader/cache_generation.py", line 201, in _incr_or_create
    return cache.incr(key)
           ^^^^^^^^^^^^^^^
  File "/home/bond-servant-in-training/Documents/Virtualenvs/AutoGrader_env/lib/python3.12/site-packages/django_redis/cache.py", line 29, in _decorator
    return method(self, *args, **kwargs)
           ^^^^^^^^^^^^^^^^^^^^^^^^^^^^^
  File "/home/bond-servant-in-training/Documents/Virtualenvs/AutoGrader_env/lib/python3.12/site-packages/django_redis/cache.py", line 130, in incr
    return self.client.incr(*args, **kwargs)
           ^^^^^^^^^^^^^^^^^^^^^^^^^^^^^^^^^
  File "/home/bond-servant-in-training/Documents/Virtualenvs/AutoGrader_env/lib/python3.12/site-packages/django_redis/client/default.py", line 653, in incr
    return self._incr(
           ^^^^^^^^^^^
  File "/home/bond-servant-in-training/Documents/Virtualenvs/AutoGrader_env/lib/python3.12/site-packages/django_redis/client/default.py", line 595, in _incr
    client = self.get_client(write=True)
             ^^^^^^^^^^^^^^^^^^^^^^^^^^^
  File "/home/bond-servant-in-training/Documents/Projects/Grade-Automator-Plus-beta-batch-15/AutoGrader/tests_cache_commit_race.py", line 352, in get_client
    raise failure
  File "/home/bond-servant-in-training/Documents/Projects/Grade-Automator-Plus-beta-batch-15/AutoGrader/cache_generation.py", line 171, in bump_generation
    return _incr_or_create(key)
           ^^^^^^^^^^^^^^^^^^^^
  File "/home/bond-servant-in-training/Documents/Projects/Grade-Automator-Plus-beta-batch-15/AutoGrader/cache_generation.py", line 201, in _incr_or_create
    return cache.incr(key)
           ^^^^^^^^^^^^^^^
  File "/home/bond-servant-in-training/Documents/Virtualenvs/AutoGrader_env/lib/python3.12/site-packages/django_redis/cache.py", line 29, in _decorator
    return method(self, *args, **kwargs)
           ^^^^^^^^^^^^^^^^^^^^^^^^^^^^^
  File "/home/bond-servant-in-training/Documents/Virtualenvs/AutoGrader_env/lib/python3.12/site-packages/django_redis/cache.py", line 130, in incr
    return self.client.incr(*args, **kwargs)
           ^^^^^^^^^^^^^^^^^^^^^^^^^^^^^^^^^
  File "/home/bond-servant-in-training/Documents/Virtualenvs/AutoGrader_env/lib/python3.12/site-packages/django_redis/client/default.py", line 653, in incr
    return self._incr(
           ^^^^^^^^^^^
  File "/home/bond-servant-in-training/Documents/Virtualenvs/AutoGrader_env/lib/python3.12/site-packages/django_redis/client/default.py", line 595, in _incr
    client = self.get_client(write=True)
             ^^^^^^^^^^^^^^^^^^^^^^^^^^^
  File "/home/bond-servant-in-training/Documents/Projects/Grade-Automator-Plus-beta-batch-15/AutoGrader/tests_cache_commit_race.py", line 352, in get_client
    raise failure
  File "/home/bond-servant-in-training/Documents/Projects/Grade-Automator-Plus-beta-batch-15/AutoGrader/cache_generation.py", line 171, in bump_generation
    return _incr_or_create(key)
           ^^^^^^^^^^^^^^^^^^^^
  File "/home/bond-servant-in-training/Documents/Projects/Grade-Automator-Plus-beta-batch-15/AutoGrader/cache_generation.py", line 201, in _incr_or_create
    return cache.incr(key)
           ^^^^^^^^^^^^^^^
  File "/home/bond-servant-in-training/Documents/Virtualenvs/AutoGrader_env/lib/python3.12/site-packages/django_redis/cache.py", line 29, in _decorator
    return method(self, *args, **kwargs)
           ^^^^^^^^^^^^^^^^^^^^^^^^^^^^^
  File "/home/bond-servant-in-training/Documents/Virtualenvs/AutoGrader_env/lib/python3.12/site-packages/django_redis/cache.py", line 130, in incr
    return self.client.incr(*args, **kwargs)
           ^^^^^^^^^^^^^^^^^^^^^^^^^^^^^^^^^
  File "/home/bond-servant-in-training/Documents/Virtualenvs/AutoGrader_env/lib/python3.12/site-packages/django_redis/client/default.py", line 653, in incr
    return self._incr(
           ^^^^^^^^^^^
  File "/home/bond-servant-in-training/Documents/Virtualenvs/AutoGrader_env/lib/python3.12/site-packages/django_redis/client/default.py", line 595, in _incr
    client = self.get_client(write=True)
             ^^^^^^^^^^^^^^^^^^^^^^^^^^^
  File "/home/bond-servant-in-training/Documents/Projects/Grade-Automator-Plus-beta-batch-15/AutoGrader/tests_cache_commit_race.py", line 352, in get_client
    raise failure
  File "/home/bond-servant-in-training/Documents/Projects/Grade-Automator-Plus-beta-batch-15/AutoGrader/cache_generation.py", line 171, in bump_generation
    return _incr_or_create(key)
           ^^^^^^^^^^^^^^^^^^^^
  File "/home/bond-servant-in-training/Documents/Projects/Grade-Automator-Plus-beta-batch-15/AutoGrader/cache_generation.py", line 201, in _incr_or_create
    return cache.incr(key)
           ^^^^^^^^^^^^^^^
  File "/home/bond-servant-in-training/Documents/Virtualenvs/AutoGrader_env/lib/python3.12/site-packages/django_redis/cache.py", line 29, in _decorator
    return method(self, *args, **kwargs)
           ^^^^^^^^^^^^^^^^^^^^^^^^^^^^^
  File "/home/bond-servant-in-training/Documents/Virtualenvs/AutoGrader_env/lib/python3.12/site-packages/django_redis/cache.py", line 130, in incr
    return self.client.incr(*args, **kwargs)
           ^^^^^^^^^^^^^^^^^^^^^^^^^^^^^^^^^
  File "/home/bond-servant-in-training/Documents/Virtualenvs/AutoGrader_env/lib/python3.12/site-packages/django_redis/client/default.py", line 653, in incr
    return self._incr(
           ^^^^^^^^^^^
  File "/home/bond-servant-in-training/Documents/Virtualenvs/AutoGrader_env/lib/python3.12/site-packages/django_redis/client/default.py", line 595, in _incr
    client = self.get_client(write=True)
             ^^^^^^^^^^^^^^^^^^^^^^^^^^^
  File "/home/bond-servant-in-training/Documents/Projects/Grade-Automator-Plus-beta-batch-15/AutoGrader/tests_cache_commit_race.py", line 352, in get_client
    raise failure
  File "/home/bond-servant-in-training/Documents/Projects/Grade-Automator-Plus-beta-batch-15/AutoGrader/cache_generation.py", line 277, in _bump_pipelined
    client = cache.client.get_client(write=True)
             ^^^^^^^^^^^^^^^^^^^^^^^^^^^^^^^^^^^
  File "/home/bond-servant-in-training/Documents/Projects/Grade-Automator-Plus-beta-batch-15/AutoGrader/tests_cache_commit_race.py", line 352, in get_client
    raise failure
ConnectionError: redis unavailable
Cache generation bump failed for cachegen:usr:299be046-a985-4a66-b866-4b0c8d8d11d4; entries keyed on it will serve stale data until their TTL expires.
Traceback (most recent call last):
  File "/home/bond-servant-in-training/Documents/Projects/Grade-Automator-Plus-beta-batch-15/AutoGrader/cache_generation.py", line 171, in bump_generation
    return _incr_or_create(key)
           ^^^^^^^^^^^^^^^^^^^^
  File "/home/bond-servant-in-training/Documents/Projects/Grade-Automator-Plus-beta-batch-15/AutoGrader/cache_generation.py", line 201, in _incr_or_create
    return cache.incr(key)
           ^^^^^^^^^^^^^^^
  File "/home/bond-servant-in-training/Documents/Virtualenvs/AutoGrader_env/lib/python3.12/site-packages/django_redis/cache.py", line 29, in _decorator
    return method(self, *args, **kwargs)
           ^^^^^^^^^^^^^^^^^^^^^^^^^^^^^
  File "/home/bond-servant-in-training/Documents/Virtualenvs/AutoGrader_env/lib/python3.12/site-packages/django_redis/cache.py", line 130, in incr
    return self.client.incr(*args, **kwargs)
           ^^^^^^^^^^^^^^^^^^^^^^^^^^^^^^^^^
  File "/home/bond-servant-in-training/Documents/Virtualenvs/AutoGrader_env/lib/python3.12/site-packages/django_redis/client/default.py", line 653, in incr
    return self._incr(
           ^^^^^^^^^^^
  File "/home/bond-servant-in-training/Documents/Virtualenvs/AutoGrader_env/lib/python3.12/site-packages/django_redis/client/default.py", line 595, in _incr
    client = self.get_client(write=True)
             ^^^^^^^^^^^^^^^^^^^^^^^^^^^
  File "/home/bond-servant-in-training/Documents/Projects/Grade-Automator-Plus-beta-batch-15/AutoGrader/tests_cache_commit_race.py", line 352, in get_client
    raise failure
  File "/home/bond-servant-in-training/Documents/Projects/Grade-Automator-Plus-beta-batch-15/AutoGrader/cache_generation.py", line 171, in bump_generation
    return _incr_or_create(key)
           ^^^^^^^^^^^^^^^^^^^^
  File "/home/bond-servant-in-training/Documents/Projects/Grade-Automator-Plus-beta-batch-15/AutoGrader/cache_generation.py", line 201, in _incr_or_create
    return cache.incr(key)
           ^^^^^^^^^^^^^^^
  File "/home/bond-servant-in-training/Documents/Virtualenvs/AutoGrader_env/lib/python3.12/site-packages/django_redis/cache.py", line 29, in _decorator
    return method(self, *args, **kwargs)
           ^^^^^^^^^^^^^^^^^^^^^^^^^^^^^
  File "/home/bond-servant-in-training/Documents/Virtualenvs/AutoGrader_env/lib/python3.12/site-packages/django_redis/cache.py", line 130, in incr
    return self.client.incr(*args, **kwargs)
           ^^^^^^^^^^^^^^^^^^^^^^^^^^^^^^^^^
  File "/home/bond-servant-in-training/Documents/Virtualenvs/AutoGrader_env/lib/python3.12/site-packages/django_redis/client/default.py", line 653, in incr
    return self._incr(
           ^^^^^^^^^^^
  File "/home/bond-servant-in-training/Documents/Virtualenvs/AutoGrader_env/lib/python3.12/site-packages/django_redis/client/default.py", line 595, in _incr
    client = self.get_client(write=True)
             ^^^^^^^^^^^^^^^^^^^^^^^^^^^
  File "/home/bond-servant-in-training/Documents/Projects/Grade-Automator-Plus-beta-batch-15/AutoGrader/tests_cache_commit_race.py", line 352, in get_client
    raise failure
  File "/home/bond-servant-in-training/Documents/Projects/Grade-Automator-Plus-beta-batch-15/AutoGrader/cache_generation.py", line 277, in _bump_pipelined
    client = cache.client.get_client(write=True)
             ^^^^^^^^^^^^^^^^^^^^^^^^^^^^^^^^^^^
  File "/home/bond-servant-in-training/Documents/Projects/Grade-Automator-Plus-beta-batch-15/AutoGrader/tests_cache_commit_race.py", line 352, in get_client
    raise failure
  File "/home/bond-servant-in-training/Documents/Projects/Grade-Automator-Plus-beta-batch-15/AutoGrader/cache_generation.py", line 171, in bump_generation
    return _incr_or_create(key)
           ^^^^^^^^^^^^^^^^^^^^
  File "/home/bond-servant-in-training/Documents/Projects/Grade-Automator-Plus-beta-batch-15/AutoGrader/cache_generation.py", line 201, in _incr_or_create
    return cache.incr(key)
           ^^^^^^^^^^^^^^^
  File "/home/bond-servant-in-training/Documents/Virtualenvs/AutoGrader_env/lib/python3.12/site-packages/django_redis/cache.py", line 29, in _decorator
    return method(self, *args, **kwargs)
           ^^^^^^^^^^^^^^^^^^^^^^^^^^^^^
  File "/home/bond-servant-in-training/Documents/Virtualenvs/AutoGrader_env/lib/python3.12/site-packages/django_redis/cache.py", line 130, in incr
    return self.client.incr(*args, **kwargs)
           ^^^^^^^^^^^^^^^^^^^^^^^^^^^^^^^^^
  File "/home/bond-servant-in-training/Documents/Virtualenvs/AutoGrader_env/lib/python3.12/site-packages/django_redis/client/default.py", line 653, in incr
    return self._incr(
           ^^^^^^^^^^^
  File "/home/bond-servant-in-training/Documents/Virtualenvs/AutoGrader_env/lib/python3.12/site-packages/django_redis/client/default.py", line 595, in _incr
    client = self.get_client(write=True)
             ^^^^^^^^^^^^^^^^^^^^^^^^^^^
  File "/home/bond-servant-in-training/Documents/Projects/Grade-Automator-Plus-beta-batch-15/AutoGrader/tests_cache_commit_race.py", line 352, in get_client
    raise failure
  File "/home/bond-servant-in-training/Documents/Projects/Grade-Automator-Plus-beta-batch-15/AutoGrader/cache_generation.py", line 171, in bump_generation
    return _incr_or_create(key)
           ^^^^^^^^^^^^^^^^^^^^
  File "/home/bond-servant-in-training/Documents/Projects/Grade-Automator-Plus-beta-batch-15/AutoGrader/cache_generation.py", line 201, in _incr_or_create
    return cache.incr(key)
           ^^^^^^^^^^^^^^^
  File "/home/bond-servant-in-training/Documents/Virtualenvs/AutoGrader_env/lib/python3.12/site-packages/django_redis/cache.py", line 29, in _decorator
    return method(self, *args, **kwargs)
           ^^^^^^^^^^^^^^^^^^^^^^^^^^^^^
  File "/home/bond-servant-in-training/Documents/Virtualenvs/AutoGrader_env/lib/python3.12/site-packages/django_redis/cache.py", line 130, in incr
    return self.client.incr(*args, **kwargs)
           ^^^^^^^^^^^^^^^^^^^^^^^^^^^^^^^^^
  File "/home/bond-servant-in-training/Documents/Virtualenvs/AutoGrader_env/lib/python3.12/site-packages/django_redis/client/default.py", line 653, in incr
    return self._incr(
           ^^^^^^^^^^^
  File "/home/bond-servant-in-training/Documents/Virtualenvs/AutoGrader_env/lib/python3.12/site-packages/django_redis/client/default.py", line 595, in _incr
    client = self.get_client(write=True)
             ^^^^^^^^^^^^^^^^^^^^^^^^^^^
  File "/home/bond-servant-in-training/Documents/Projects/Grade-Automator-Plus-beta-batch-15/AutoGrader/tests_cache_commit_race.py", line 352, in get_client
    raise failure
  File "/home/bond-servant-in-training/Documents/Projects/Grade-Automator-Plus-beta-batch-15/AutoGrader/cache_generation.py", line 171, in bump_generation
    return _incr_or_create(key)
           ^^^^^^^^^^^^^^^^^^^^
  File "/home/bond-servant-in-training/Documents/Projects/Grade-Automator-Plus-beta-batch-15/AutoGrader/cache_generation.py", line 201, in _incr_or_create
    return cache.incr(key)
           ^^^^^^^^^^^^^^^
  File "/home/bond-servant-in-training/Documents/Virtualenvs/AutoGrader_env/lib/python3.12/site-packages/django_redis/cache.py", line 29, in _decorator
    return method(self, *args, **kwargs)
           ^^^^^^^^^^^^^^^^^^^^^^^^^^^^^
  File "/home/bond-servant-in-training/Documents/Virtualenvs/AutoGrader_env/lib/python3.12/site-packages/django_redis/cache.py", line 130, in incr
    return self.client.incr(*args, **kwargs)
           ^^^^^^^^^^^^^^^^^^^^^^^^^^^^^^^^^
  File "/home/bond-servant-in-training/Documents/Virtualenvs/AutoGrader_env/lib/python3.12/site-packages/django_redis/client/default.py", line 653, in incr
    return self._incr(
           ^^^^^^^^^^^
  File "/home/bond-servant-in-training/Documents/Virtualenvs/AutoGrader_env/lib/python3.12/site-packages/django_redis/client/default.py", line 595, in _incr
    client = self.get_client(write=True)
             ^^^^^^^^^^^^^^^^^^^^^^^^^^^
  File "/home/bond-servant-in-training/Documents/Projects/Grade-Automator-Plus-beta-batch-15/AutoGrader/tests_cache_commit_race.py", line 352, in get_client
    raise failure
  File "/home/bond-servant-in-training/Documents/Projects/Grade-Automator-Plus-beta-batch-15/AutoGrader/cache_generation.py", line 171, in bump_generation
    return _incr_or_create(key)
           ^^^^^^^^^^^^^^^^^^^^
  File "/home/bond-servant-in-training/Documents/Projects/Grade-Automator-Plus-beta-batch-15/AutoGrader/cache_generation.py", line 201, in _incr_or_create
    return cache.incr(key)
           ^^^^^^^^^^^^^^^
  File "/home/bond-servant-in-training/Documents/Virtualenvs/AutoGrader_env/lib/python3.12/site-packages/django_redis/cache.py", line 29, in _decorator
    return method(self, *args, **kwargs)
           ^^^^^^^^^^^^^^^^^^^^^^^^^^^^^
  File "/home/bond-servant-in-training/Documents/Virtualenvs/AutoGrader_env/lib/python3.12/site-packages/django_redis/cache.py", line 130, in incr
    return self.client.incr(*args, **kwargs)
           ^^^^^^^^^^^^^^^^^^^^^^^^^^^^^^^^^
  File "/home/bond-servant-in-training/Documents/Virtualenvs/AutoGrader_env/lib/python3.12/site-packages/django_redis/client/default.py", line 653, in incr
    return self._incr(
           ^^^^^^^^^^^
  File "/home/bond-servant-in-training/Documents/Virtualenvs/AutoGrader_env/lib/python3.12/site-packages/django_redis/client/default.py", line 595, in _incr
    client = self.get_client(write=True)
             ^^^^^^^^^^^^^^^^^^^^^^^^^^^
  File "/home/bond-servant-in-training/Documents/Projects/Grade-Automator-Plus-beta-batch-15/AutoGrader/tests_cache_commit_race.py", line 352, in get_client
    raise failure
  File "/home/bond-servant-in-training/Documents/Projects/Grade-Automator-Plus-beta-batch-15/AutoGrader/cache_generation.py", line 277, in _bump_pipelined
    client = cache.client.get_client(write=True)
             ^^^^^^^^^^^^^^^^^^^^^^^^^^^^^^^^^^^
  File "/home/bond-servant-in-training/Documents/Projects/Grade-Automator-Plus-beta-batch-15/AutoGrader/tests_cache_commit_race.py", line 352, in get_client
    raise failure
ConnectionError: redis unavailable
Cache generation bump failed for cachegen:usr:9a5b072a-e687-47fa-99b1-65465706b682; entries keyed on it will serve stale data until their TTL expires.
Traceback (most recent call last):
  File "/home/bond-servant-in-training/Documents/Projects/Grade-Automator-Plus-beta-batch-15/AutoGrader/cache_generation.py", line 171, in bump_generation
    return _incr_or_create(key)
           ^^^^^^^^^^^^^^^^^^^^
  File "/home/bond-servant-in-training/Documents/Projects/Grade-Automator-Plus-beta-batch-15/AutoGrader/cache_generation.py", line 201, in _incr_or_create
    return cache.incr(key)
           ^^^^^^^^^^^^^^^
  File "/home/bond-servant-in-training/Documents/Virtualenvs/AutoGrader_env/lib/python3.12/site-packages/django_redis/cache.py", line 29, in _decorator
    return method(self, *args, **kwargs)
           ^^^^^^^^^^^^^^^^^^^^^^^^^^^^^
  File "/home/bond-servant-in-training/Documents/Virtualenvs/AutoGrader_env/lib/python3.12/site-packages/django_redis/cache.py", line 130, in incr
    return self.client.incr(*args, **kwargs)
           ^^^^^^^^^^^^^^^^^^^^^^^^^^^^^^^^^
  File "/home/bond-servant-in-training/Documents/Virtualenvs/AutoGrader_env/lib/python3.12/site-packages/django_redis/client/default.py", line 653, in incr
    return self._incr(
           ^^^^^^^^^^^
  File "/home/bond-servant-in-training/Documents/Virtualenvs/AutoGrader_env/lib/python3.12/site-packages/django_redis/client/default.py", line 595, in _incr
    client = self.get_client(write=True)
             ^^^^^^^^^^^^^^^^^^^^^^^^^^^
  File "/home/bond-servant-in-training/Documents/Projects/Grade-Automator-Plus-beta-batch-15/AutoGrader/tests_cache_commit_race.py", line 352, in get_client
    raise failure
  File "/home/bond-servant-in-training/Documents/Projects/Grade-Automator-Plus-beta-batch-15/AutoGrader/cache_generation.py", line 171, in bump_generation
    return _incr_or_create(key)
           ^^^^^^^^^^^^^^^^^^^^
  File "/home/bond-servant-in-training/Documents/Projects/Grade-Automator-Plus-beta-batch-15/AutoGrader/cache_generation.py", line 201, in _incr_or_create
    return cache.incr(key)
           ^^^^^^^^^^^^^^^
  File "/home/bond-servant-in-training/Documents/Virtualenvs/AutoGrader_env/lib/python3.12/site-packages/django_redis/cache.py", line 29, in _decorator
    return method(self, *args, **kwargs)
           ^^^^^^^^^^^^^^^^^^^^^^^^^^^^^
  File "/home/bond-servant-in-training/Documents/Virtualenvs/AutoGrader_env/lib/python3.12/site-packages/django_redis/cache.py", line 130, in incr
    return self.client.incr(*args, **kwargs)
           ^^^^^^^^^^^^^^^^^^^^^^^^^^^^^^^^^
  File "/home/bond-servant-in-training/Documents/Virtualenvs/AutoGrader_env/lib/python3.12/site-packages/django_redis/client/default.py", line 653, in incr
    return self._incr(
           ^^^^^^^^^^^
  File "/home/bond-servant-in-training/Documents/Virtualenvs/AutoGrader_env/lib/python3.12/site-packages/django_redis/client/default.py", line 595, in _incr
    client = self.get_client(write=True)
             ^^^^^^^^^^^^^^^^^^^^^^^^^^^
  File "/home/bond-servant-in-training/Documents/Projects/Grade-Automator-Plus-beta-batch-15/AutoGrader/tests_cache_commit_race.py", line 352, in get_client
    raise failure
  File "/home/bond-servant-in-training/Documents/Projects/Grade-Automator-Plus-beta-batch-15/AutoGrader/cache_generation.py", line 171, in bump_generation
    return _incr_or_create(key)
           ^^^^^^^^^^^^^^^^^^^^
  File "/home/bond-servant-in-training/Documents/Projects/Grade-Automator-Plus-beta-batch-15/AutoGrader/cache_generation.py", line 201, in _incr_or_create
    return cache.incr(key)
           ^^^^^^^^^^^^^^^
  File "/home/bond-servant-in-training/Documents/Virtualenvs/AutoGrader_env/lib/python3.12/site-packages/django_redis/cache.py", line 29, in _decorator
    return method(self, *args, **kwargs)
           ^^^^^^^^^^^^^^^^^^^^^^^^^^^^^
  File "/home/bond-servant-in-training/Documents/Virtualenvs/AutoGrader_env/lib/python3.12/site-packages/django_redis/cache.py", line 130, in incr
    return self.client.incr(*args, **kwargs)
           ^^^^^^^^^^^^^^^^^^^^^^^^^^^^^^^^^
  File "/home/bond-servant-in-training/Documents/Virtualenvs/AutoGrader_env/lib/python3.12/site-packages/django_redis/client/default.py", line 653, in incr
    return self._incr(
           ^^^^^^^^^^^
  File "/home/bond-servant-in-training/Documents/Virtualenvs/AutoGrader_env/lib/python3.12/site-packages/django_redis/client/default.py", line 595, in _incr
    client = self.get_client(write=True)
             ^^^^^^^^^^^^^^^^^^^^^^^^^^^
  File "/home/bond-servant-in-training/Documents/Projects/Grade-Automator-Plus-beta-batch-15/AutoGrader/tests_cache_commit_race.py", line 352, in get_client
    raise failure
  File "/home/bond-servant-in-training/Documents/Projects/Grade-Automator-Plus-beta-batch-15/AutoGrader/cache_generation.py", line 277, in _bump_pipelined
    client = cache.client.get_client(write=True)
             ^^^^^^^^^^^^^^^^^^^^^^^^^^^^^^^^^^^
  File "/home/bond-servant-in-training/Documents/Projects/Grade-Automator-Plus-beta-batch-15/AutoGrader/tests_cache_commit_race.py", line 352, in get_client
    raise failure
  File "/home/bond-servant-in-training/Documents/Projects/Grade-Automator-Plus-beta-batch-15/AutoGrader/cache_generation.py", line 171, in bump_generation
    return _incr_or_create(key)
           ^^^^^^^^^^^^^^^^^^^^
  File "/home/bond-servant-in-training/Documents/Projects/Grade-Automator-Plus-beta-batch-15/AutoGrader/cache_generation.py", line 201, in _incr_or_create
    return cache.incr(key)
           ^^^^^^^^^^^^^^^
  File "/home/bond-servant-in-training/Documents/Virtualenvs/AutoGrader_env/lib/python3.12/site-packages/django_redis/cache.py", line 29, in _decorator
    return method(self, *args, **kwargs)
           ^^^^^^^^^^^^^^^^^^^^^^^^^^^^^
  File "/home/bond-servant-in-training/Documents/Virtualenvs/AutoGrader_env/lib/python3.12/site-packages/django_redis/cache.py", line 130, in incr
    return self.client.incr(*args, **kwargs)
           ^^^^^^^^^^^^^^^^^^^^^^^^^^^^^^^^^
  File "/home/bond-servant-in-training/Documents/Virtualenvs/AutoGrader_env/lib/python3.12/site-packages/django_redis/client/default.py", line 653, in incr
    return self._incr(
           ^^^^^^^^^^^
  File "/home/bond-servant-in-training/Documents/Virtualenvs/AutoGrader_env/lib/python3.12/site-packages/django_redis/client/default.py", line 595, in _incr
    client = self.get_client(write=True)
             ^^^^^^^^^^^^^^^^^^^^^^^^^^^
  File "/home/bond-servant-in-training/Documents/Projects/Grade-Automator-Plus-beta-batch-15/AutoGrader/tests_cache_commit_race.py", line 352, in get_client
    raise failure
  File "/home/bond-servant-in-training/Documents/Projects/Grade-Automator-Plus-beta-batch-15/AutoGrader/cache_generation.py", line 171, in bump_generation
    return _incr_or_create(key)
           ^^^^^^^^^^^^^^^^^^^^
  File "/home/bond-servant-in-training/Documents/Projects/Grade-Automator-Plus-beta-batch-15/AutoGrader/cache_generation.py", line 201, in _incr_or_create
    return cache.incr(key)
           ^^^^^^^^^^^^^^^
  File "/home/bond-servant-in-training/Documents/Virtualenvs/AutoGrader_env/lib/python3.12/site-packages/django_redis/cache.py", line 29, in _decorator
    return method(self, *args, **kwargs)
           ^^^^^^^^^^^^^^^^^^^^^^^^^^^^^
  File "/home/bond-servant-in-training/Documents/Virtualenvs/AutoGrader_env/lib/python3.12/site-packages/django_redis/cache.py", line 130, in incr
    return self.client.incr(*args, **kwargs)
           ^^^^^^^^^^^^^^^^^^^^^^^^^^^^^^^^^
  File "/home/bond-servant-in-training/Documents/Virtualenvs/AutoGrader_env/lib/python3.12/site-packages/django_redis/client/default.py", line 653, in incr
    return self._incr(
           ^^^^^^^^^^^
  File "/home/bond-servant-in-training/Documents/Virtualenvs/AutoGrader_env/lib/python3.12/site-packages/django_redis/client/default.py", line 595, in _incr
    client = self.get_client(write=True)
             ^^^^^^^^^^^^^^^^^^^^^^^^^^^
  File "/home/bond-servant-in-training/Documents/Projects/Grade-Automator-Plus-beta-batch-15/AutoGrader/tests_cache_commit_race.py", line 352, in get_client
    raise failure
  File "/home/bond-servant-in-training/Documents/Projects/Grade-Automator-Plus-beta-batch-15/AutoGrader/cache_generation.py", line 171, in bump_generation
    return _incr_or_create(key)
           ^^^^^^^^^^^^^^^^^^^^
  File "/home/bond-servant-in-training/Documents/Projects/Grade-Automator-Plus-beta-batch-15/AutoGrader/cache_generation.py", line 201, in _incr_or_create
    return cache.incr(key)
           ^^^^^^^^^^^^^^^
  File "/home/bond-servant-in-training/Documents/Virtualenvs/AutoGrader_env/lib/python3.12/site-packages/django_redis/cache.py", line 29, in _decorator
    return method(self, *args, **kwargs)
           ^^^^^^^^^^^^^^^^^^^^^^^^^^^^^
  File "/home/bond-servant-in-training/Documents/Virtualenvs/AutoGrader_env/lib/python3.12/site-packages/django_redis/cache.py", line 130, in incr
    return self.client.incr(*args, **kwargs)
           ^^^^^^^^^^^^^^^^^^^^^^^^^^^^^^^^^
  File "/home/bond-servant-in-training/Documents/Virtualenvs/AutoGrader_env/lib/python3.12/site-packages/django_redis/client/default.py", line 653, in incr
    return self._incr(
           ^^^^^^^^^^^
  File "/home/bond-servant-in-training/Documents/Virtualenvs/AutoGrader_env/lib/python3.12/site-packages/django_redis/client/default.py", line 595, in _incr
    client = self.get_client(write=True)
             ^^^^^^^^^^^^^^^^^^^^^^^^^^^
  File "/home/bond-servant-in-training/Documents/Projects/Grade-Automator-Plus-beta-batch-15/AutoGrader/tests_cache_commit_race.py", line 352, in get_client
    raise failure
  File "/home/bond-servant-in-training/Documents/Projects/Grade-Automator-Plus-beta-batch-15/AutoGrader/cache_generation.py", line 171, in bump_generation
    return _incr_or_create(key)
           ^^^^^^^^^^^^^^^^^^^^
  File "/home/bond-servant-in-training/Documents/Projects/Grade-Automator-Plus-beta-batch-15/AutoGrader/cache_generation.py", line 201, in _incr_or_create
    return cache.incr(key)
           ^^^^^^^^^^^^^^^
  File "/home/bond-servant-in-training/Documents/Virtualenvs/AutoGrader_env/lib/python3.12/site-packages/django_redis/cache.py", line 29, in _decorator
    return method(self, *args, **kwargs)
           ^^^^^^^^^^^^^^^^^^^^^^^^^^^^^
  File "/home/bond-servant-in-training/Documents/Virtualenvs/AutoGrader_env/lib/python3.12/site-packages/django_redis/cache.py", line 130, in incr
    return self.client.incr(*args, **kwargs)
           ^^^^^^^^^^^^^^^^^^^^^^^^^^^^^^^^^
  File "/home/bond-servant-in-training/Documents/Virtualenvs/AutoGrader_env/lib/python3.12/site-packages/django_redis/client/default.py", line 653, in incr
    return self._incr(
           ^^^^^^^^^^^
  File "/home/bond-servant-in-training/Documents/Virtualenvs/AutoGrader_env/lib/python3.12/site-packages/django_redis/client/default.py", line 595, in _incr
    client = self.get_client(write=True)
             ^^^^^^^^^^^^^^^^^^^^^^^^^^^
  File "/home/bond-servant-in-training/Documents/Projects/Grade-Automator-Plus-beta-batch-15/AutoGrader/tests_cache_commit_race.py", line 352, in get_client
    raise failure
  File "/home/bond-servant-in-training/Documents/Projects/Grade-Automator-Plus-beta-batch-15/AutoGrader/cache_generation.py", line 277, in _bump_pipelined
    client = cache.client.get_client(write=True)
             ^^^^^^^^^^^^^^^^^^^^^^^^^^^^^^^^^^^
  File "/home/bond-servant-in-training/Documents/Projects/Grade-Automator-Plus-beta-batch-15/AutoGrader/tests_cache_commit_race.py", line 352, in get_client
    raise failure
ConnectionError: redis unavailable
Cache generation bump failed for cachegen:crs:4e51c163-801d-4e24-bfca-c0a67d4b117a; entries keyed on it will serve stale data until their TTL expires.
Traceback (most recent call last):
  File "/home/bond-servant-in-training/Documents/Projects/Grade-Automator-Plus-beta-batch-15/AutoGrader/cache_generation.py", line 171, in bump_generation
    return _incr_or_create(key)
           ^^^^^^^^^^^^^^^^^^^^
  File "/home/bond-servant-in-training/Documents/Projects/Grade-Automator-Plus-beta-batch-15/AutoGrader/cache_generation.py", line 201, in _incr_or_create
    return cache.incr(key)
           ^^^^^^^^^^^^^^^
  File "/home/bond-servant-in-training/Documents/Virtualenvs/AutoGrader_env/lib/python3.12/site-packages/django_redis/cache.py", line 29, in _decorator
    return method(self, *args, **kwargs)
           ^^^^^^^^^^^^^^^^^^^^^^^^^^^^^
  File "/home/bond-servant-in-training/Documents/Virtualenvs/AutoGrader_env/lib/python3.12/site-packages/django_redis/cache.py", line 130, in incr
    return self.client.incr(*args, **kwargs)
           ^^^^^^^^^^^^^^^^^^^^^^^^^^^^^^^^^
  File "/home/bond-servant-in-training/Documents/Virtualenvs/AutoGrader_env/lib/python3.12/site-packages/django_redis/client/default.py", line 653, in incr
    return self._incr(
           ^^^^^^^^^^^
  File "/home/bond-servant-in-training/Documents/Virtualenvs/AutoGrader_env/lib/python3.12/site-packages/django_redis/client/default.py", line 595, in _incr
    client = self.get_client(write=True)
             ^^^^^^^^^^^^^^^^^^^^^^^^^^^
  File "/home/bond-servant-in-training/Documents/Projects/Grade-Automator-Plus-beta-batch-15/AutoGrader/tests_cache_commit_race.py", line 352, in get_client
    raise failure
  File "/home/bond-servant-in-training/Documents/Projects/Grade-Automator-Plus-beta-batch-15/AutoGrader/cache_generation.py", line 171, in bump_generation
    return _incr_or_create(key)
           ^^^^^^^^^^^^^^^^^^^^
  File "/home/bond-servant-in-training/Documents/Projects/Grade-Automator-Plus-beta-batch-15/AutoGrader/cache_generation.py", line 201, in _incr_or_create
    return cache.incr(key)
           ^^^^^^^^^^^^^^^
  File "/home/bond-servant-in-training/Documents/Virtualenvs/AutoGrader_env/lib/python3.12/site-packages/django_redis/cache.py", line 29, in _decorator
    return method(self, *args, **kwargs)
           ^^^^^^^^^^^^^^^^^^^^^^^^^^^^^
  File "/home/bond-servant-in-training/Documents/Virtualenvs/AutoGrader_env/lib/python3.12/site-packages/django_redis/cache.py", line 130, in incr
    return self.client.incr(*args, **kwargs)
           ^^^^^^^^^^^^^^^^^^^^^^^^^^^^^^^^^
  File "/home/bond-servant-in-training/Documents/Virtualenvs/AutoGrader_env/lib/python3.12/site-packages/django_redis/client/default.py", line 653, in incr
    return self._incr(
           ^^^^^^^^^^^
  File "/home/bond-servant-in-training/Documents/Virtualenvs/AutoGrader_env/lib/python3.12/site-packages/django_redis/client/default.py", line 595, in _incr
    client = self.get_client(write=True)
             ^^^^^^^^^^^^^^^^^^^^^^^^^^^
  File "/home/bond-servant-in-training/Documents/Projects/Grade-Automator-Plus-beta-batch-15/AutoGrader/tests_cache_commit_race.py", line 352, in get_client
    raise failure
  File "/home/bond-servant-in-training/Documents/Projects/Grade-Automator-Plus-beta-batch-15/AutoGrader/cache_generation.py", line 171, in bump_generation
    return _incr_or_create(key)
           ^^^^^^^^^^^^^^^^^^^^
  File "/home/bond-servant-in-training/Documents/Projects/Grade-Automator-Plus-beta-batch-15/AutoGrader/cache_generation.py", line 201, in _incr_or_create
    return cache.incr(key)
           ^^^^^^^^^^^^^^^
  File "/home/bond-servant-in-training/Documents/Virtualenvs/AutoGrader_env/lib/python3.12/site-packages/django_redis/cache.py", line 29, in _decorator
    return method(self, *args, **kwargs)
           ^^^^^^^^^^^^^^^^^^^^^^^^^^^^^
  File "/home/bond-servant-in-training/Documents/Virtualenvs/AutoGrader_env/lib/python3.12/site-packages/django_redis/cache.py", line 130, in incr
    return self.client.incr(*args, **kwargs)
           ^^^^^^^^^^^^^^^^^^^^^^^^^^^^^^^^^
  File "/home/bond-servant-in-training/Documents/Virtualenvs/AutoGrader_env/lib/python3.12/site-packages/django_redis/client/default.py", line 653, in incr
    return self._incr(
           ^^^^^^^^^^^
  File "/home/bond-servant-in-training/Documents/Virtualenvs/AutoGrader_env/lib/python3.12/site-packages/django_redis/client/default.py", line 595, in _incr
    client = self.get_client(write=True)
             ^^^^^^^^^^^^^^^^^^^^^^^^^^^
  File "/home/bond-servant-in-training/Documents/Projects/Grade-Automator-Plus-beta-batch-15/AutoGrader/tests_cache_commit_race.py", line 352, in get_client
    raise failure
  File "/home/bond-servant-in-training/Documents/Projects/Grade-Automator-Plus-beta-batch-15/AutoGrader/cache_generation.py", line 171, in bump_generation
    return _incr_or_create(key)
           ^^^^^^^^^^^^^^^^^^^^
  File "/home/bond-servant-in-training/Documents/Projects/Grade-Automator-Plus-beta-batch-15/AutoGrader/cache_generation.py", line 201, in _incr_or_create
    return cache.incr(key)
           ^^^^^^^^^^^^^^^
  File "/home/bond-servant-in-training/Documents/Virtualenvs/AutoGrader_env/lib/python3.12/site-packages/django_redis/cache.py", line 29, in _decorator
    return method(self, *args, **kwargs)
           ^^^^^^^^^^^^^^^^^^^^^^^^^^^^^
  File "/home/bond-servant-in-training/Documents/Virtualenvs/AutoGrader_env/lib/python3.12/site-packages/django_redis/cache.py", line 130, in incr
    return self.client.incr(*args, **kwargs)
           ^^^^^^^^^^^^^^^^^^^^^^^^^^^^^^^^^
  File "/home/bond-servant-in-training/Documents/Virtualenvs/AutoGrader_env/lib/python3.12/site-packages/django_redis/client/default.py", line 653, in incr
    return self._incr(
           ^^^^^^^^^^^
  File "/home/bond-servant-in-training/Documents/Virtualenvs/AutoGrader_env/lib/python3.12/site-packages/django_redis/client/default.py", line 595, in _incr
    client = self.get_client(write=True)
             ^^^^^^^^^^^^^^^^^^^^^^^^^^^
  File "/home/bond-servant-in-training/Documents/Projects/Grade-Automator-Plus-beta-batch-15/AutoGrader/tests_cache_commit_race.py", line 352, in get_client
    raise failure
  File "/home/bond-servant-in-training/Documents/Projects/Grade-Automator-Plus-beta-batch-15/AutoGrader/cache_generation.py", line 277, in _bump_pipelined
    client = cache.client.get_client(write=True)
             ^^^^^^^^^^^^^^^^^^^^^^^^^^^^^^^^^^^
  File "/home/bond-servant-in-training/Documents/Projects/Grade-Automator-Plus-beta-batch-15/AutoGrader/tests_cache_commit_race.py", line 352, in get_client
    raise failure
  File "/home/bond-servant-in-training/Documents/Projects/Grade-Automator-Plus-beta-batch-15/AutoGrader/cache_generation.py", line 171, in bump_generation
    return _incr_or_create(key)
           ^^^^^^^^^^^^^^^^^^^^
  File "/home/bond-servant-in-training/Documents/Projects/Grade-Automator-Plus-beta-batch-15/AutoGrader/cache_generation.py", line 201, in _incr_or_create
    return cache.incr(key)
           ^^^^^^^^^^^^^^^
  File "/home/bond-servant-in-training/Documents/Virtualenvs/AutoGrader_env/lib/python3.12/site-packages/django_redis/cache.py", line 29, in _decorator
    return method(self, *args, **kwargs)
           ^^^^^^^^^^^^^^^^^^^^^^^^^^^^^
  File "/home/bond-servant-in-training/Documents/Virtualenvs/AutoGrader_env/lib/python3.12/site-packages/django_redis/cache.py", line 130, in incr
    return self.client.incr(*args, **kwargs)
           ^^^^^^^^^^^^^^^^^^^^^^^^^^^^^^^^^
  File "/home/bond-servant-in-training/Documents/Virtualenvs/AutoGrader_env/lib/python3.12/site-packages/django_redis/client/default.py", line 653, in incr
    return self._incr(
           ^^^^^^^^^^^
  File "/home/bond-servant-in-training/Documents/Virtualenvs/AutoGrader_env/lib/python3.12/site-packages/django_redis/client/default.py", line 595, in _incr
    client = self.get_client(write=True)
             ^^^^^^^^^^^^^^^^^^^^^^^^^^^
  File "/home/bond-servant-in-training/Documents/Projects/Grade-Automator-Plus-beta-batch-15/AutoGrader/tests_cache_commit_race.py", line 352, in get_client
    raise failure
  File "/home/bond-servant-in-training/Documents/Projects/Grade-Automator-Plus-beta-batch-15/AutoGrader/cache_generation.py", line 171, in bump_generation
    return _incr_or_create(key)
           ^^^^^^^^^^^^^^^^^^^^
  File "/home/bond-servant-in-training/Documents/Projects/Grade-Automator-Plus-beta-batch-15/AutoGrader/cache_generation.py", line 201, in _incr_or_create
    return cache.incr(key)
           ^^^^^^^^^^^^^^^
  File "/home/bond-servant-in-training/Documents/Virtualenvs/AutoGrader_env/lib/python3.12/site-packages/django_redis/cache.py", line 29, in _decorator
    return method(self, *args, **kwargs)
           ^^^^^^^^^^^^^^^^^^^^^^^^^^^^^
  File "/home/bond-servant-in-training/Documents/Virtualenvs/AutoGrader_env/lib/python3.12/site-packages/django_redis/cache.py", line 130, in incr
    return self.client.incr(*args, **kwargs)
           ^^^^^^^^^^^^^^^^^^^^^^^^^^^^^^^^^
  File "/home/bond-servant-in-training/Documents/Virtualenvs/AutoGrader_env/lib/python3.12/site-packages/django_redis/client/default.py", line 653, in incr
    return self._incr(
           ^^^^^^^^^^^
  File "/home/bond-servant-in-training/Documents/Virtualenvs/AutoGrader_env/lib/python3.12/site-packages/django_redis/client/default.py", line 595, in _incr
    client = self.get_client(write=True)
             ^^^^^^^^^^^^^^^^^^^^^^^^^^^
  File "/home/bond-servant-in-training/Documents/Projects/Grade-Automator-Plus-beta-batch-15/AutoGrader/tests_cache_commit_race.py", line 352, in get_client
    raise failure
  File "/home/bond-servant-in-training/Documents/Projects/Grade-Automator-Plus-beta-batch-15/AutoGrader/cache_generation.py", line 171, in bump_generation
    return _incr_or_create(key)
           ^^^^^^^^^^^^^^^^^^^^
  File "/home/bond-servant-in-training/Documents/Projects/Grade-Automator-Plus-beta-batch-15/AutoGrader/cache_generation.py", line 201, in _incr_or_create
    return cache.incr(key)
           ^^^^^^^^^^^^^^^
  File "/home/bond-servant-in-training/Documents/Virtualenvs/AutoGrader_env/lib/python3.12/site-packages/django_redis/cache.py", line 29, in _decorator
    return method(self, *args, **kwargs)
           ^^^^^^^^^^^^^^^^^^^^^^^^^^^^^
  File "/home/bond-servant-in-training/Documents/Virtualenvs/AutoGrader_env/lib/python3.12/site-packages/django_redis/cache.py", line 130, in incr
    return self.client.incr(*args, **kwargs)
           ^^^^^^^^^^^^^^^^^^^^^^^^^^^^^^^^^
  File "/home/bond-servant-in-training/Documents/Virtualenvs/AutoGrader_env/lib/python3.12/site-packages/django_redis/client/default.py", line 653, in incr
    return self._incr(
           ^^^^^^^^^^^
  File "/home/bond-servant-in-training/Documents/Virtualenvs/AutoGrader_env/lib/python3.12/site-packages/django_redis/client/default.py", line 595, in _incr
    client = self.get_client(write=True)
             ^^^^^^^^^^^^^^^^^^^^^^^^^^^
  File "/home/bond-servant-in-training/Documents/Projects/Grade-Automator-Plus-beta-batch-15/AutoGrader/tests_cache_commit_race.py", line 352, in get_client
    raise failure
  File "/home/bond-servant-in-training/Documents/Projects/Grade-Automator-Plus-beta-batch-15/AutoGrader/cache_generation.py", line 171, in bump_generation
    return _incr_or_create(key)
           ^^^^^^^^^^^^^^^^^^^^
  File "/home/bond-servant-in-training/Documents/Projects/Grade-Automator-Plus-beta-batch-15/AutoGrader/cache_generation.py", line 201, in _incr_or_create
    return cache.incr(key)
           ^^^^^^^^^^^^^^^
  File "/home/bond-servant-in-training/Documents/Virtualenvs/AutoGrader_env/lib/python3.12/site-packages/django_redis/cache.py", line 29, in _decorator
    return method(self, *args, **kwargs)
           ^^^^^^^^^^^^^^^^^^^^^^^^^^^^^
  File "/home/bond-servant-in-training/Documents/Virtualenvs/AutoGrader_env/lib/python3.12/site-packages/django_redis/cache.py", line 130, in incr
    return self.client.incr(*args, **kwargs)
           ^^^^^^^^^^^^^^^^^^^^^^^^^^^^^^^^^
  File "/home/bond-servant-in-training/Documents/Virtualenvs/AutoGrader_env/lib/python3.12/site-packages/django_redis/client/default.py", line 653, in incr
    return self._incr(
           ^^^^^^^^^^^
  File "/home/bond-servant-in-training/Documents/Virtualenvs/AutoGrader_env/lib/python3.12/site-packages/django_redis/client/default.py", line 595, in _incr
    client = self.get_client(write=True)
             ^^^^^^^^^^^^^^^^^^^^^^^^^^^
  File "/home/bond-servant-in-training/Documents/Projects/Grade-Automator-Plus-beta-batch-15/AutoGrader/tests_cache_commit_race.py", line 352, in get_client
    raise failure
  File "/home/bond-servant-in-training/Documents/Projects/Grade-Automator-Plus-beta-batch-15/AutoGrader/cache_generation.py", line 277, in _bump_pipelined
    client = cache.client.get_client(write=True)
             ^^^^^^^^^^^^^^^^^^^^^^^^^^^^^^^^^^^
  File "/home/bond-servant-in-training/Documents/Projects/Grade-Automator-Plus-beta-batch-15/AutoGrader/tests_cache_commit_race.py", line 352, in get_client
    raise failure
ConnectionError: redis unavailable
Cache generation bump failed for cachegen:global; entries keyed on it will serve stale data until their TTL expires.
Traceback (most recent call last):
  File "/home/bond-servant-in-training/Documents/Projects/Grade-Automator-Plus-beta-batch-15/AutoGrader/cache_generation.py", line 171, in bump_generation
    return _incr_or_create(key)
           ^^^^^^^^^^^^^^^^^^^^
  File "/home/bond-servant-in-training/Documents/Projects/Grade-Automator-Plus-beta-batch-15/AutoGrader/cache_generation.py", line 201, in _incr_or_create
    return cache.incr(key)
           ^^^^^^^^^^^^^^^
  File "/home/bond-servant-in-training/Documents/Virtualenvs/AutoGrader_env/lib/python3.12/site-packages/django_redis/cache.py", line 29, in _decorator
    return method(self, *args, **kwargs)
           ^^^^^^^^^^^^^^^^^^^^^^^^^^^^^
  File "/home/bond-servant-in-training/Documents/Virtualenvs/AutoGrader_env/lib/python3.12/site-packages/django_redis/cache.py", line 130, in incr
    return self.client.incr(*args, **kwargs)
           ^^^^^^^^^^^^^^^^^^^^^^^^^^^^^^^^^
  File "/home/bond-servant-in-training/Documents/Virtualenvs/AutoGrader_env/lib/python3.12/site-packages/django_redis/client/default.py", line 653, in incr
    return self._incr(
           ^^^^^^^^^^^
  File "/home/bond-servant-in-training/Documents/Virtualenvs/AutoGrader_env/lib/python3.12/site-packages/django_redis/client/default.py", line 595, in _incr
    client = self.get_client(write=True)
             ^^^^^^^^^^^^^^^^^^^^^^^^^^^
  File "/home/bond-servant-in-training/Documents/Projects/Grade-Automator-Plus-beta-batch-15/AutoGrader/tests_cache_commit_race.py", line 352, in get_client
    raise failure
  File "/home/bond-servant-in-training/Documents/Projects/Grade-Automator-Plus-beta-batch-15/AutoGrader/cache_generation.py", line 277, in _bump_pipelined
    client = cache.client.get_client(write=True)
             ^^^^^^^^^^^^^^^^^^^^^^^^^^^^^^^^^^^
  File "/home/bond-servant-in-training/Documents/Projects/Grade-Automator-Plus-beta-batch-15/AutoGrader/tests_cache_commit_race.py", line 352, in get_client
    raise failure
  File "/home/bond-servant-in-training/Documents/Projects/Grade-Automator-Plus-beta-batch-15/AutoGrader/cache_generation.py", line 171, in bump_generation
    return _incr_or_create(key)
           ^^^^^^^^^^^^^^^^^^^^
  File "/home/bond-servant-in-training/Documents/Projects/Grade-Automator-Plus-beta-batch-15/AutoGrader/cache_generation.py", line 201, in _incr_or_create
    return cache.incr(key)
           ^^^^^^^^^^^^^^^
  File "/home/bond-servant-in-training/Documents/Virtualenvs/AutoGrader_env/lib/python3.12/site-packages/django_redis/cache.py", line 29, in _decorator
    return method(self, *args, **kwargs)
           ^^^^^^^^^^^^^^^^^^^^^^^^^^^^^
  File "/home/bond-servant-in-training/Documents/Virtualenvs/AutoGrader_env/lib/python3.12/site-packages/django_redis/cache.py", line 130, in incr
    return self.client.incr(*args, **kwargs)
           ^^^^^^^^^^^^^^^^^^^^^^^^^^^^^^^^^
  File "/home/bond-servant-in-training/Documents/Virtualenvs/AutoGrader_env/lib/python3.12/site-packages/django_redis/client/default.py", line 653, in incr
    return self._incr(
           ^^^^^^^^^^^
  File "/home/bond-servant-in-training/Documents/Virtualenvs/AutoGrader_env/lib/python3.12/site-packages/django_redis/client/default.py", line 595, in _incr
    client = self.get_client(write=True)
             ^^^^^^^^^^^^^^^^^^^^^^^^^^^
  File "/home/bond-servant-in-training/Documents/Projects/Grade-Automator-Plus-beta-batch-15/AutoGrader/tests_cache_commit_race.py", line 352, in get_client
    raise failure
  File "/home/bond-servant-in-training/Documents/Projects/Grade-Automator-Plus-beta-batch-15/AutoGrader/cache_generation.py", line 171, in bump_generation
    return _incr_or_create(key)
           ^^^^^^^^^^^^^^^^^^^^
  File "/home/bond-servant-in-training/Documents/Projects/Grade-Automator-Plus-beta-batch-15/AutoGrader/cache_generation.py", line 201, in _incr_or_create
    return cache.incr(key)
           ^^^^^^^^^^^^^^^
  File "/home/bond-servant-in-training/Documents/Virtualenvs/AutoGrader_env/lib/python3.12/site-packages/django_redis/cache.py", line 29, in _decorator
    return method(self, *args, **kwargs)
           ^^^^^^^^^^^^^^^^^^^^^^^^^^^^^
  File "/home/bond-servant-in-training/Documents/Virtualenvs/AutoGrader_env/lib/python3.12/site-packages/django_redis/cache.py", line 130, in incr
    return self.client.incr(*args, **kwargs)
           ^^^^^^^^^^^^^^^^^^^^^^^^^^^^^^^^^
  File "/home/bond-servant-in-training/Documents/Virtualenvs/AutoGrader_env/lib/python3.12/site-packages/django_redis/client/default.py", line 653, in incr
    return self._incr(
           ^^^^^^^^^^^
  File "/home/bond-servant-in-training/Documents/Virtualenvs/AutoGrader_env/lib/python3.12/site-packages/django_redis/client/default.py", line 595, in _incr
    client = self.get_client(write=True)
             ^^^^^^^^^^^^^^^^^^^^^^^^^^^
  File "/home/bond-servant-in-training/Documents/Projects/Grade-Automator-Plus-beta-batch-15/AutoGrader/tests_cache_commit_race.py", line 352, in get_client
    raise failure
  File "/home/bond-servant-in-training/Documents/Projects/Grade-Automator-Plus-beta-batch-15/AutoGrader/cache_generation.py", line 171, in bump_generation
    return _incr_or_create(key)
           ^^^^^^^^^^^^^^^^^^^^
  File "/home/bond-servant-in-training/Documents/Projects/Grade-Automator-Plus-beta-batch-15/AutoGrader/cache_generation.py", line 201, in _incr_or_create
    return cache.incr(key)
           ^^^^^^^^^^^^^^^
  File "/home/bond-servant-in-training/Documents/Virtualenvs/AutoGrader_env/lib/python3.12/site-packages/django_redis/cache.py", line 29, in _decorator
    return method(self, *args, **kwargs)
           ^^^^^^^^^^^^^^^^^^^^^^^^^^^^^
  File "/home/bond-servant-in-training/Documents/Virtualenvs/AutoGrader_env/lib/python3.12/site-packages/django_redis/cache.py", line 130, in incr
    return self.client.incr(*args, **kwargs)
           ^^^^^^^^^^^^^^^^^^^^^^^^^^^^^^^^^
  File "/home/bond-servant-in-training/Documents/Virtualenvs/AutoGrader_env/lib/python3.12/site-packages/django_redis/client/default.py", line 653, in incr
    return self._incr(
           ^^^^^^^^^^^
  File "/home/bond-servant-in-training/Documents/Virtualenvs/AutoGrader_env/lib/python3.12/site-packages/django_redis/client/default.py", line 595, in _incr
    client = self.get_client(write=True)
             ^^^^^^^^^^^^^^^^^^^^^^^^^^^
  File "/home/bond-servant-in-training/Documents/Projects/Grade-Automator-Plus-beta-batch-15/AutoGrader/tests_cache_commit_race.py", line 352, in get_client
    raise failure
  File "/home/bond-servant-in-training/Documents/Projects/Grade-Automator-Plus-beta-batch-15/AutoGrader/cache_generation.py", line 171, in bump_generation
    return _incr_or_create(key)
           ^^^^^^^^^^^^^^^^^^^^
  File "/home/bond-servant-in-training/Documents/Projects/Grade-Automator-Plus-beta-batch-15/AutoGrader/cache_generation.py", line 201, in _incr_or_create
    return cache.incr(key)
           ^^^^^^^^^^^^^^^
  File "/home/bond-servant-in-training/Documents/Virtualenvs/AutoGrader_env/lib/python3.12/site-packages/django_redis/cache.py", line 29, in _decorator
    return method(self, *args, **kwargs)
           ^^^^^^^^^^^^^^^^^^^^^^^^^^^^^
  File "/home/bond-servant-in-training/Documents/Virtualenvs/AutoGrader_env/lib/python3.12/site-packages/django_redis/cache.py", line 130, in incr
    return self.client.incr(*args, **kwargs)
           ^^^^^^^^^^^^^^^^^^^^^^^^^^^^^^^^^
  File "/home/bond-servant-in-training/Documents/Virtualenvs/AutoGrader_env/lib/python3.12/site-packages/django_redis/client/default.py", line 653, in incr
    return self._incr(
           ^^^^^^^^^^^
  File "/home/bond-servant-in-training/Documents/Virtualenvs/AutoGrader_env/lib/python3.12/site-packages/django_redis/client/default.py", line 595, in _incr
    client = self.get_client(write=True)
             ^^^^^^^^^^^^^^^^^^^^^^^^^^^
  File "/home/bond-servant-in-training/Documents/Projects/Grade-Automator-Plus-beta-batch-15/AutoGrader/tests_cache_commit_race.py", line 352, in get_client
    raise failure
  File "/home/bond-servant-in-training/Documents/Projects/Grade-Automator-Plus-beta-batch-15/AutoGrader/cache_generation.py", line 277, in _bump_pipelined
    client = cache.client.get_client(write=True)
             ^^^^^^^^^^^^^^^^^^^^^^^^^^^^^^^^^^^
  File "/home/bond-servant-in-training/Documents/Projects/Grade-Automator-Plus-beta-batch-15/AutoGrader/tests_cache_commit_race.py", line 352, in get_client
    raise failure
  File "/home/bond-servant-in-training/Documents/Projects/Grade-Automator-Plus-beta-batch-15/AutoGrader/cache_generation.py", line 171, in bump_generation
    return _incr_or_create(key)
           ^^^^^^^^^^^^^^^^^^^^
  File "/home/bond-servant-in-training/Documents/Projects/Grade-Automator-Plus-beta-batch-15/AutoGrader/cache_generation.py", line 201, in _incr_or_create
    return cache.incr(key)
           ^^^^^^^^^^^^^^^
  File "/home/bond-servant-in-training/Documents/Virtualenvs/AutoGrader_env/lib/python3.12/site-packages/django_redis/cache.py", line 29, in _decorator
    return method(self, *args, **kwargs)
           ^^^^^^^^^^^^^^^^^^^^^^^^^^^^^
  File "/home/bond-servant-in-training/Documents/Virtualenvs/AutoGrader_env/lib/python3.12/site-packages/django_redis/cache.py", line 130, in incr
    return self.client.incr(*args, **kwargs)
           ^^^^^^^^^^^^^^^^^^^^^^^^^^^^^^^^^
  File "/home/bond-servant-in-training/Documents/Virtualenvs/AutoGrader_env/lib/python3.12/site-packages/django_redis/client/default.py", line 653, in incr
    return self._incr(
           ^^^^^^^^^^^
  File "/home/bond-servant-in-training/Documents/Virtualenvs/AutoGrader_env/lib/python3.12/site-packages/django_redis/client/default.py", line 595, in _incr
    client = self.get_client(write=True)
             ^^^^^^^^^^^^^^^^^^^^^^^^^^^
  File "/home/bond-servant-in-training/Documents/Projects/Grade-Automator-Plus-beta-batch-15/AutoGrader/tests_cache_commit_race.py", line 352, in get_client
    raise failure
  File "/home/bond-servant-in-training/Documents/Projects/Grade-Automator-Plus-beta-batch-15/AutoGrader/cache_generation.py", line 171, in bump_generation
    return _incr_or_create(key)
           ^^^^^^^^^^^^^^^^^^^^
  File "/home/bond-servant-in-training/Documents/Projects/Grade-Automator-Plus-beta-batch-15/AutoGrader/cache_generation.py", line 201, in _incr_or_create
    return cache.incr(key)
           ^^^^^^^^^^^^^^^
  File "/home/bond-servant-in-training/Documents/Virtualenvs/AutoGrader_env/lib/python3.12/site-packages/django_redis/cache.py", line 29, in _decorator
    return method(self, *args, **kwargs)
           ^^^^^^^^^^^^^^^^^^^^^^^^^^^^^
  File "/home/bond-servant-in-training/Documents/Virtualenvs/AutoGrader_env/lib/python3.12/site-packages/django_redis/cache.py", line 130, in incr
    return self.client.incr(*args, **kwargs)
           ^^^^^^^^^^^^^^^^^^^^^^^^^^^^^^^^^
  File "/home/bond-servant-in-training/Documents/Virtualenvs/AutoGrader_env/lib/python3.12/site-packages/django_redis/client/default.py", line 653, in incr
    return self._incr(
           ^^^^^^^^^^^
  File "/home/bond-servant-in-training/Documents/Virtualenvs/AutoGrader_env/lib/python3.12/site-packages/django_redis/client/default.py", line 595, in _incr
    client = self.get_client(write=True)
             ^^^^^^^^^^^^^^^^^^^^^^^^^^^
  File "/home/bond-servant-in-training/Documents/Projects/Grade-Automator-Plus-beta-batch-15/AutoGrader/tests_cache_commit_race.py", line 352, in get_client
    raise failure
  File "/home/bond-servant-in-training/Documents/Projects/Grade-Automator-Plus-beta-batch-15/AutoGrader/cache_generation.py", line 171, in bump_generation
    return _incr_or_create(key)
           ^^^^^^^^^^^^^^^^^^^^
  File "/home/bond-servant-in-training/Documents/Projects/Grade-Automator-Plus-beta-batch-15/AutoGrader/cache_generation.py", line 201, in _incr_or_create
    return cache.incr(key)
           ^^^^^^^^^^^^^^^
  File "/home/bond-servant-in-training/Documents/Virtualenvs/AutoGrader_env/lib/python3.12/site-packages/django_redis/cache.py", line 29, in _decorator
    return method(self, *args, **kwargs)
           ^^^^^^^^^^^^^^^^^^^^^^^^^^^^^
  File "/home/bond-servant-in-training/Documents/Virtualenvs/AutoGrader_env/lib/python3.12/site-packages/django_redis/cache.py", line 130, in incr
    return self.client.incr(*args, **kwargs)
           ^^^^^^^^^^^^^^^^^^^^^^^^^^^^^^^^^
  File "/home/bond-servant-in-training/Documents/Virtualenvs/AutoGrader_env/lib/python3.12/site-packages/django_redis/client/default.py", line 653, in incr
    return self._incr(
           ^^^^^^^^^^^
  File "/home/bond-servant-in-training/Documents/Virtualenvs/AutoGrader_env/lib/python3.12/site-packages/django_redis/client/default.py", line 595, in _incr
    client = self.get_client(write=True)
             ^^^^^^^^^^^^^^^^^^^^^^^^^^^
  File "/home/bond-servant-in-training/Documents/Projects/Grade-Automator-Plus-beta-batch-15/AutoGrader/tests_cache_commit_race.py", line 352, in get_client
    raise failure
  File "/home/bond-servant-in-training/Documents/Projects/Grade-Automator-Plus-beta-batch-15/AutoGrader/cache_generation.py", line 171, in bump_generation
    return _incr_or_create(key)
           ^^^^^^^^^^^^^^^^^^^^
  File "/home/bond-servant-in-training/Documents/Projects/Grade-Automator-Plus-beta-batch-15/AutoGrader/cache_generation.py", line 201, in _incr_or_create
    return cache.incr(key)
           ^^^^^^^^^^^^^^^
  File "/home/bond-servant-in-training/Documents/Virtualenvs/AutoGrader_env/lib/python3.12/site-packages/django_redis/cache.py", line 29, in _decorator
    return method(self, *args, **kwargs)
           ^^^^^^^^^^^^^^^^^^^^^^^^^^^^^
  File "/home/bond-servant-in-training/Documents/Virtualenvs/AutoGrader_env/lib/python3.12/site-packages/django_redis/cache.py", line 130, in incr
    return self.client.incr(*args, **kwargs)
           ^^^^^^^^^^^^^^^^^^^^^^^^^^^^^^^^^
  File "/home/bond-servant-in-training/Documents/Virtualenvs/AutoGrader_env/lib/python3.12/site-packages/django_redis/client/default.py", line 653, in incr
    return self._incr(
           ^^^^^^^^^^^
  File "/home/bond-servant-in-training/Documents/Virtualenvs/AutoGrader_env/lib/python3.12/site-packages/django_redis/client/default.py", line 595, in _incr
    client = self.get_client(write=True)
             ^^^^^^^^^^^^^^^^^^^^^^^^^^^
  File "/home/bond-servant-in-training/Documents/Projects/Grade-Automator-Plus-beta-batch-15/AutoGrader/tests_cache_commit_race.py", line 352, in get_client
    raise failure
  File "/home/bond-servant-in-training/Documents/Projects/Grade-Automator-Plus-beta-batch-15/AutoGrader/cache_generation.py", line 277, in _bump_pipelined
    client = cache.client.get_client(write=True)
             ^^^^^^^^^^^^^^^^^^^^^^^^^^^^^^^^^^^
  File "/home/bond-servant-in-training/Documents/Projects/Grade-Automator-Plus-beta-batch-15/AutoGrader/tests_cache_commit_race.py", line 352, in get_client
    raise failure
ConnectionError: redis unavailable
Cache generation bump failed for cachegen:usr:299be046-a985-4a66-b866-4b0c8d8d11d4; entries keyed on it will serve stale data until their TTL expires.
Traceback (most recent call last):
  File "/home/bond-servant-in-training/Documents/Projects/Grade-Automator-Plus-beta-batch-15/AutoGrader/cache_generation.py", line 171, in bump_generation
    return _incr_or_create(key)
           ^^^^^^^^^^^^^^^^^^^^
  File "/home/bond-servant-in-training/Documents/Projects/Grade-Automator-Plus-beta-batch-15/AutoGrader/cache_generation.py", line 201, in _incr_or_create
    return cache.incr(key)
           ^^^^^^^^^^^^^^^
  File "/home/bond-servant-in-training/Documents/Virtualenvs/AutoGrader_env/lib/python3.12/site-packages/django_redis/cache.py", line 29, in _decorator
    return method(self, *args, **kwargs)
           ^^^^^^^^^^^^^^^^^^^^^^^^^^^^^
  File "/home/bond-servant-in-training/Documents/Virtualenvs/AutoGrader_env/lib/python3.12/site-packages/django_redis/cache.py", line 130, in incr
    return self.client.incr(*args, **kwargs)
           ^^^^^^^^^^^^^^^^^^^^^^^^^^^^^^^^^
  File "/home/bond-servant-in-training/Documents/Virtualenvs/AutoGrader_env/lib/python3.12/site-packages/django_redis/client/default.py", line 653, in incr
    return self._incr(
           ^^^^^^^^^^^
  File "/home/bond-servant-in-training/Documents/Virtualenvs/AutoGrader_env/lib/python3.12/site-packages/django_redis/client/default.py", line 595, in _incr
    client = self.get_client(write=True)
             ^^^^^^^^^^^^^^^^^^^^^^^^^^^
  File "/home/bond-servant-in-training/Documents/Projects/Grade-Automator-Plus-beta-batch-15/AutoGrader/tests_cache_commit_race.py", line 352, in get_client
    raise failure
  File "/home/bond-servant-in-training/Documents/Projects/Grade-Automator-Plus-beta-batch-15/AutoGrader/cache_generation.py", line 171, in bump_generation
    return _incr_or_create(key)
           ^^^^^^^^^^^^^^^^^^^^
  File "/home/bond-servant-in-training/Documents/Projects/Grade-Automator-Plus-beta-batch-15/AutoGrader/cache_generation.py", line 201, in _incr_or_create
    return cache.incr(key)
           ^^^^^^^^^^^^^^^
  File "/home/bond-servant-in-training/Documents/Virtualenvs/AutoGrader_env/lib/python3.12/site-packages/django_redis/cache.py", line 29, in _decorator
    return method(self, *args, **kwargs)
           ^^^^^^^^^^^^^^^^^^^^^^^^^^^^^
  File "/home/bond-servant-in-training/Documents/Virtualenvs/AutoGrader_env/lib/python3.12/site-packages/django_redis/cache.py", line 130, in incr
    return self.client.incr(*args, **kwargs)
           ^^^^^^^^^^^^^^^^^^^^^^^^^^^^^^^^^
  File "/home/bond-servant-in-training/Documents/Virtualenvs/AutoGrader_env/lib/python3.12/site-packages/django_redis/client/default.py", line 653, in incr
    return self._incr(
           ^^^^^^^^^^^
  File "/home/bond-servant-in-training/Documents/Virtualenvs/AutoGrader_env/lib/python3.12/site-packages/django_redis/client/default.py", line 595, in _incr
    client = self.get_client(write=True)
             ^^^^^^^^^^^^^^^^^^^^^^^^^^^
  File "/home/bond-servant-in-training/Documents/Projects/Grade-Automator-Plus-beta-batch-15/AutoGrader/tests_cache_commit_race.py", line 352, in get_client
    raise failure
  File "/home/bond-servant-in-training/Documents/Projects/Grade-Automator-Plus-beta-batch-15/AutoGrader/cache_generation.py", line 277, in _bump_pipelined
    client = cache.client.get_client(write=True)
             ^^^^^^^^^^^^^^^^^^^^^^^^^^^^^^^^^^^
  File "/home/bond-servant-in-training/Documents/Projects/Grade-Automator-Plus-beta-batch-15/AutoGrader/tests_cache_commit_race.py", line 352, in get_client
    raise failure
  File "/home/bond-servant-in-training/Documents/Projects/Grade-Automator-Plus-beta-batch-15/AutoGrader/cache_generation.py", line 171, in bump_generation
    return _incr_or_create(key)
           ^^^^^^^^^^^^^^^^^^^^
  File "/home/bond-servant-in-training/Documents/Projects/Grade-Automator-Plus-beta-batch-15/AutoGrader/cache_generation.py", line 201, in _incr_or_create
    return cache.incr(key)
           ^^^^^^^^^^^^^^^
  File "/home/bond-servant-in-training/Documents/Virtualenvs/AutoGrader_env/lib/python3.12/site-packages/django_redis/cache.py", line 29, in _decorator
    return method(self, *args, **kwargs)
           ^^^^^^^^^^^^^^^^^^^^^^^^^^^^^
  File "/home/bond-servant-in-training/Documents/Virtualenvs/AutoGrader_env/lib/python3.12/site-packages/django_redis/cache.py", line 130, in incr
    return self.client.incr(*args, **kwargs)
           ^^^^^^^^^^^^^^^^^^^^^^^^^^^^^^^^^
  File "/home/bond-servant-in-training/Documents/Virtualenvs/AutoGrader_env/lib/python3.12/site-packages/django_redis/client/default.py", line 653, in incr
    return self._incr(
           ^^^^^^^^^^^
  File "/home/bond-servant-in-training/Documents/Virtualenvs/AutoGrader_env/lib/python3.12/site-packages/django_redis/client/default.py", line 595, in _incr
    client = self.get_client(write=True)
             ^^^^^^^^^^^^^^^^^^^^^^^^^^^
  File "/home/bond-servant-in-training/Documents/Projects/Grade-Automator-Plus-beta-batch-15/AutoGrader/tests_cache_commit_race.py", line 352, in get_client
    raise failure
  File "/home/bond-servant-in-training/Documents/Projects/Grade-Automator-Plus-beta-batch-15/AutoGrader/cache_generation.py", line 171, in bump_generation
    return _incr_or_create(key)
           ^^^^^^^^^^^^^^^^^^^^
  File "/home/bond-servant-in-training/Documents/Projects/Grade-Automator-Plus-beta-batch-15/AutoGrader/cache_generation.py", line 201, in _incr_or_create
    return cache.incr(key)
           ^^^^^^^^^^^^^^^
  File "/home/bond-servant-in-training/Documents/Virtualenvs/AutoGrader_env/lib/python3.12/site-packages/django_redis/cache.py", line 29, in _decorator
    return method(self, *args, **kwargs)
           ^^^^^^^^^^^^^^^^^^^^^^^^^^^^^
  File "/home/bond-servant-in-training/Documents/Virtualenvs/AutoGrader_env/lib/python3.12/site-packages/django_redis/cache.py", line 130, in incr
    return self.client.incr(*args, **kwargs)
           ^^^^^^^^^^^^^^^^^^^^^^^^^^^^^^^^^
  File "/home/bond-servant-in-training/Documents/Virtualenvs/AutoGrader_env/lib/python3.12/site-packages/django_redis/client/default.py", line 653, in incr
    return self._incr(
           ^^^^^^^^^^^
  File "/home/bond-servant-in-training/Documents/Virtualenvs/AutoGrader_env/lib/python3.12/site-packages/django_redis/client/default.py", line 595, in _incr
    client = self.get_client(write=True)
             ^^^^^^^^^^^^^^^^^^^^^^^^^^^
  File "/home/bond-servant-in-training/Documents/Projects/Grade-Automator-Plus-beta-batch-15/AutoGrader/tests_cache_commit_race.py", line 352, in get_client
    raise failure
  File "/home/bond-servant-in-training/Documents/Projects/Grade-Automator-Plus-beta-batch-15/AutoGrader/cache_generation.py", line 171, in bump_generation
    return _incr_or_create(key)
           ^^^^^^^^^^^^^^^^^^^^
  File "/home/bond-servant-in-training/Documents/Projects/Grade-Automator-Plus-beta-batch-15/AutoGrader/cache_generation.py", line 201, in _incr_or_create
    return cache.incr(key)
           ^^^^^^^^^^^^^^^
  File "/home/bond-servant-in-training/Documents/Virtualenvs/AutoGrader_env/lib/python3.12/site-packages/django_redis/cache.py", line 29, in _decorator
    return method(self, *args, **kwargs)
           ^^^^^^^^^^^^^^^^^^^^^^^^^^^^^
  File "/home/bond-servant-in-training/Documents/Virtualenvs/AutoGrader_env/lib/python3.12/site-packages/django_redis/cache.py", line 130, in incr
    return self.client.incr(*args, **kwargs)
           ^^^^^^^^^^^^^^^^^^^^^^^^^^^^^^^^^
  File "/home/bond-servant-in-training/Documents/Virtualenvs/AutoGrader_env/lib/python3.12/site-packages/django_redis/client/default.py", line 653, in incr
    return self._incr(
           ^^^^^^^^^^^
  File "/home/bond-servant-in-training/Documents/Virtualenvs/AutoGrader_env/lib/python3.12/site-packages/django_redis/client/default.py", line 595, in _incr
    client = self.get_client(write=True)
             ^^^^^^^^^^^^^^^^^^^^^^^^^^^
  File "/home/bond-servant-in-training/Documents/Projects/Grade-Automator-Plus-beta-batch-15/AutoGrader/tests_cache_commit_race.py", line 352, in get_client
    raise failure
  File "/home/bond-servant-in-training/Documents/Projects/Grade-Automator-Plus-beta-batch-15/AutoGrader/cache_generation.py", line 171, in bump_generation
    return _incr_or_create(key)
           ^^^^^^^^^^^^^^^^^^^^
  File "/home/bond-servant-in-training/Documents/Projects/Grade-Automator-Plus-beta-batch-15/AutoGrader/cache_generation.py", line 201, in _incr_or_create
    return cache.incr(key)
           ^^^^^^^^^^^^^^^
  File "/home/bond-servant-in-training/Documents/Virtualenvs/AutoGrader_env/lib/python3.12/site-packages/django_redis/cache.py", line 29, in _decorator
    return method(self, *args, **kwargs)
           ^^^^^^^^^^^^^^^^^^^^^^^^^^^^^
  File "/home/bond-servant-in-training/Documents/Virtualenvs/AutoGrader_env/lib/python3.12/site-packages/django_redis/cache.py", line 130, in incr
    return self.client.incr(*args, **kwargs)
           ^^^^^^^^^^^^^^^^^^^^^^^^^^^^^^^^^
  File "/home/bond-servant-in-training/Documents/Virtualenvs/AutoGrader_env/lib/python3.12/site-packages/django_redis/client/default.py", line 653, in incr
    return self._incr(
           ^^^^^^^^^^^
  File "/home/bond-servant-in-training/Documents/Virtualenvs/AutoGrader_env/lib/python3.12/site-packages/django_redis/client/default.py", line 595, in _incr
    client = self.get_client(write=True)
             ^^^^^^^^^^^^^^^^^^^^^^^^^^^
  File "/home/bond-servant-in-training/Documents/Projects/Grade-Automator-Plus-beta-batch-15/AutoGrader/tests_cache_commit_race.py", line 352, in get_client
    raise failure
  File "/home/bond-servant-in-training/Documents/Projects/Grade-Automator-Plus-beta-batch-15/AutoGrader/cache_generation.py", line 277, in _bump_pipelined
    client = cache.client.get_client(write=True)
             ^^^^^^^^^^^^^^^^^^^^^^^^^^^^^^^^^^^
  File "/home/bond-servant-in-training/Documents/Projects/Grade-Automator-Plus-beta-batch-15/AutoGrader/tests_cache_commit_race.py", line 352, in get_client
    raise failure
  File "/home/bond-servant-in-training/Documents/Projects/Grade-Automator-Plus-beta-batch-15/AutoGrader/cache_generation.py", line 171, in bump_generation
    return _incr_or_create(key)
           ^^^^^^^^^^^^^^^^^^^^
  File "/home/bond-servant-in-training/Documents/Projects/Grade-Automator-Plus-beta-batch-15/AutoGrader/cache_generation.py", line 201, in _incr_or_create
    return cache.incr(key)
           ^^^^^^^^^^^^^^^
  File "/home/bond-servant-in-training/Documents/Virtualenvs/AutoGrader_env/lib/python3.12/site-packages/django_redis/cache.py", line 29, in _decorator
    return method(self, *args, **kwargs)
           ^^^^^^^^^^^^^^^^^^^^^^^^^^^^^
  File "/home/bond-servant-in-training/Documents/Virtualenvs/AutoGrader_env/lib/python3.12/site-packages/django_redis/cache.py", line 130, in incr
    return self.client.incr(*args, **kwargs)
           ^^^^^^^^^^^^^^^^^^^^^^^^^^^^^^^^^
  File "/home/bond-servant-in-training/Documents/Virtualenvs/AutoGrader_env/lib/python3.12/site-packages/django_redis/client/default.py", line 653, in incr
    return self._incr(
           ^^^^^^^^^^^
  File "/home/bond-servant-in-training/Documents/Virtualenvs/AutoGrader_env/lib/python3.12/site-packages/django_redis/client/default.py", line 595, in _incr
    client = self.get_client(write=True)
             ^^^^^^^^^^^^^^^^^^^^^^^^^^^
  File "/home/bond-servant-in-training/Documents/Projects/Grade-Automator-Plus-beta-batch-15/AutoGrader/tests_cache_commit_race.py", line 352, in get_client
    raise failure
  File "/home/bond-servant-in-training/Documents/Projects/Grade-Automator-Plus-beta-batch-15/AutoGrader/cache_generation.py", line 171, in bump_generation
    return _incr_or_create(key)
           ^^^^^^^^^^^^^^^^^^^^
  File "/home/bond-servant-in-training/Documents/Projects/Grade-Automator-Plus-beta-batch-15/AutoGrader/cache_generation.py", line 201, in _incr_or_create
    return cache.incr(key)
           ^^^^^^^^^^^^^^^
  File "/home/bond-servant-in-training/Documents/Virtualenvs/AutoGrader_env/lib/python3.12/site-packages/django_redis/cache.py", line 29, in _decorator
    return method(self, *args, **kwargs)
           ^^^^^^^^^^^^^^^^^^^^^^^^^^^^^
  File "/home/bond-servant-in-training/Documents/Virtualenvs/AutoGrader_env/lib/python3.12/site-packages/django_redis/cache.py", line 130, in incr
    return self.client.incr(*args, **kwargs)
           ^^^^^^^^^^^^^^^^^^^^^^^^^^^^^^^^^
  File "/home/bond-servant-in-training/Documents/Virtualenvs/AutoGrader_env/lib/python3.12/site-packages/django_redis/client/default.py", line 653, in incr
    return self._incr(
           ^^^^^^^^^^^
  File "/home/bond-servant-in-training/Documents/Virtualenvs/AutoGrader_env/lib/python3.12/site-packages/django_redis/client/default.py", line 595, in _incr
    client = self.get_client(write=True)
             ^^^^^^^^^^^^^^^^^^^^^^^^^^^
  File "/home/bond-servant-in-training/Documents/Projects/Grade-Automator-Plus-beta-batch-15/AutoGrader/tests_cache_commit_race.py", line 352, in get_client
    raise failure
  File "/home/bond-servant-in-training/Documents/Projects/Grade-Automator-Plus-beta-batch-15/AutoGrader/cache_generation.py", line 171, in bump_generation
    return _incr_or_create(key)
           ^^^^^^^^^^^^^^^^^^^^
  File "/home/bond-servant-in-training/Documents/Projects/Grade-Automator-Plus-beta-batch-15/AutoGrader/cache_generation.py", line 201, in _incr_or_create
    return cache.incr(key)
           ^^^^^^^^^^^^^^^
  File "/home/bond-servant-in-training/Documents/Virtualenvs/AutoGrader_env/lib/python3.12/site-packages/django_redis/cache.py", line 29, in _decorator
    return method(self, *args, **kwargs)
           ^^^^^^^^^^^^^^^^^^^^^^^^^^^^^
  File "/home/bond-servant-in-training/Documents/Virtualenvs/AutoGrader_env/lib/python3.12/site-packages/django_redis/cache.py", line 130, in incr
    return self.client.incr(*args, **kwargs)
           ^^^^^^^^^^^^^^^^^^^^^^^^^^^^^^^^^
  File "/home/bond-servant-in-training/Documents/Virtualenvs/AutoGrader_env/lib/python3.12/site-packages/django_redis/client/default.py", line 653, in incr
    return self._incr(
           ^^^^^^^^^^^
  File "/home/bond-servant-in-training/Documents/Virtualenvs/AutoGrader_env/lib/python3.12/site-packages/django_redis/client/default.py", line 595, in _incr
    client = self.get_client(write=True)
             ^^^^^^^^^^^^^^^^^^^^^^^^^^^
  File "/home/bond-servant-in-training/Documents/Projects/Grade-Automator-Plus-beta-batch-15/AutoGrader/tests_cache_commit_race.py", line 352, in get_client
    raise failure
  File "/home/bond-servant-in-training/Documents/Projects/Grade-Automator-Plus-beta-batch-15/AutoGrader/cache_generation.py", line 171, in bump_generation
    return _incr_or_create(key)
           ^^^^^^^^^^^^^^^^^^^^
  File "/home/bond-servant-in-training/Documents/Projects/Grade-Automator-Plus-beta-batch-15/AutoGrader/cache_generation.py", line 201, in _incr_or_create
    return cache.incr(key)
           ^^^^^^^^^^^^^^^
  File "/home/bond-servant-in-training/Documents/Virtualenvs/AutoGrader_env/lib/python3.12/site-packages/django_redis/cache.py", line 29, in _decorator
    return method(self, *args, **kwargs)
           ^^^^^^^^^^^^^^^^^^^^^^^^^^^^^
  File "/home/bond-servant-in-training/Documents/Virtualenvs/AutoGrader_env/lib/python3.12/site-packages/django_redis/cache.py", line 130, in incr
    return self.client.incr(*args, **kwargs)
           ^^^^^^^^^^^^^^^^^^^^^^^^^^^^^^^^^
  File "/home/bond-servant-in-training/Documents/Virtualenvs/AutoGrader_env/lib/python3.12/site-packages/django_redis/client/default.py", line 653, in incr
    return self._incr(
           ^^^^^^^^^^^
  File "/home/bond-servant-in-training/Documents/Virtualenvs/AutoGrader_env/lib/python3.12/site-packages/django_redis/client/default.py", line 595, in _incr
    client = self.get_client(write=True)
             ^^^^^^^^^^^^^^^^^^^^^^^^^^^
  File "/home/bond-servant-in-training/Documents/Projects/Grade-Automator-Plus-beta-batch-15/AutoGrader/tests_cache_commit_race.py", line 352, in get_client
    raise failure
  File "/home/bond-servant-in-training/Documents/Projects/Grade-Automator-Plus-beta-batch-15/AutoGrader/cache_generation.py", line 277, in _bump_pipelined
    client = cache.client.get_client(write=True)
             ^^^^^^^^^^^^^^^^^^^^^^^^^^^^^^^^^^^
  File "/home/bond-servant-in-training/Documents/Projects/Grade-Automator-Plus-beta-batch-15/AutoGrader/tests_cache_commit_race.py", line 352, in get_client
    raise failure
ConnectionError: redis unavailable
Cache generation bump failed for cachegen:usr:9a5b072a-e687-47fa-99b1-65465706b682; entries keyed on it will serve stale data until their TTL expires.
Traceback (most recent call last):
  File "/home/bond-servant-in-training/Documents/Projects/Grade-Automator-Plus-beta-batch-15/AutoGrader/cache_generation.py", line 171, in bump_generation
    return _incr_or_create(key)
           ^^^^^^^^^^^^^^^^^^^^
  File "/home/bond-servant-in-training/Documents/Projects/Grade-Automator-Plus-beta-batch-15/AutoGrader/cache_generation.py", line 201, in _incr_or_create
    return cache.incr(key)
           ^^^^^^^^^^^^^^^
  File "/home/bond-servant-in-training/Documents/Virtualenvs/AutoGrader_env/lib/python3.12/site-packages/django_redis/cache.py", line 29, in _decorator
    return method(self, *args, **kwargs)
           ^^^^^^^^^^^^^^^^^^^^^^^^^^^^^
  File "/home/bond-servant-in-training/Documents/Virtualenvs/AutoGrader_env/lib/python3.12/site-packages/django_redis/cache.py", line 130, in incr
    return self.client.incr(*args, **kwargs)
           ^^^^^^^^^^^^^^^^^^^^^^^^^^^^^^^^^
  File "/home/bond-servant-in-training/Documents/Virtualenvs/AutoGrader_env/lib/python3.12/site-packages/django_redis/client/default.py", line 653, in incr
    return self._incr(
           ^^^^^^^^^^^
  File "/home/bond-servant-in-training/Documents/Virtualenvs/AutoGrader_env/lib/python3.12/site-packages/django_redis/client/default.py", line 595, in _incr
    client = self.get_client(write=True)
             ^^^^^^^^^^^^^^^^^^^^^^^^^^^
  File "/home/bond-servant-in-training/Documents/Projects/Grade-Automator-Plus-beta-batch-15/AutoGrader/tests_cache_commit_race.py", line 352, in get_client
    raise failure
  File "/home/bond-servant-in-training/Documents/Projects/Grade-Automator-Plus-beta-batch-15/AutoGrader/cache_generation.py", line 171, in bump_generation
    return _incr_or_create(key)
           ^^^^^^^^^^^^^^^^^^^^
  File "/home/bond-servant-in-training/Documents/Projects/Grade-Automator-Plus-beta-batch-15/AutoGrader/cache_generation.py", line 201, in _incr_or_create
    return cache.incr(key)
           ^^^^^^^^^^^^^^^
  File "/home/bond-servant-in-training/Documents/Virtualenvs/AutoGrader_env/lib/python3.12/site-packages/django_redis/cache.py", line 29, in _decorator
    return method(self, *args, **kwargs)
           ^^^^^^^^^^^^^^^^^^^^^^^^^^^^^
  File "/home/bond-servant-in-training/Documents/Virtualenvs/AutoGrader_env/lib/python3.12/site-packages/django_redis/cache.py", line 130, in incr
    return self.client.incr(*args, **kwargs)
           ^^^^^^^^^^^^^^^^^^^^^^^^^^^^^^^^^
  File "/home/bond-servant-in-training/Documents/Virtualenvs/AutoGrader_env/lib/python3.12/site-packages/django_redis/client/default.py", line 653, in incr
    return self._incr(
           ^^^^^^^^^^^
  File "/home/bond-servant-in-training/Documents/Virtualenvs/AutoGrader_env/lib/python3.12/site-packages/django_redis/client/default.py", line 595, in _incr
    client = self.get_client(write=True)
             ^^^^^^^^^^^^^^^^^^^^^^^^^^^
  File "/home/bond-servant-in-training/Documents/Projects/Grade-Automator-Plus-beta-batch-15/AutoGrader/tests_cache_commit_race.py", line 352, in get_client
    raise failure
  File "/home/bond-servant-in-training/Documents/Projects/Grade-Automator-Plus-beta-batch-15/AutoGrader/cache_generation.py", line 171, in bump_generation
    return _incr_or_create(key)
           ^^^^^^^^^^^^^^^^^^^^
  File "/home/bond-servant-in-training/Documents/Projects/Grade-Automator-Plus-beta-batch-15/AutoGrader/cache_generation.py", line 201, in _incr_or_create
    return cache.incr(key)
           ^^^^^^^^^^^^^^^
  File "/home/bond-servant-in-training/Documents/Virtualenvs/AutoGrader_env/lib/python3.12/site-packages/django_redis/cache.py", line 29, in _decorator
    return method(self, *args, **kwargs)
           ^^^^^^^^^^^^^^^^^^^^^^^^^^^^^
  File "/home/bond-servant-in-training/Documents/Virtualenvs/AutoGrader_env/lib/python3.12/site-packages/django_redis/cache.py", line 130, in incr
    return self.client.incr(*args, **kwargs)
           ^^^^^^^^^^^^^^^^^^^^^^^^^^^^^^^^^
  File "/home/bond-servant-in-training/Documents/Virtualenvs/AutoGrader_env/lib/python3.12/site-packages/django_redis/client/default.py", line 653, in incr
    return self._incr(
           ^^^^^^^^^^^
  File "/home/bond-servant-in-training/Documents/Virtualenvs/AutoGrader_env/lib/python3.12/site-packages/django_redis/client/default.py", line 595, in _incr
    client = self.get_client(write=True)
             ^^^^^^^^^^^^^^^^^^^^^^^^^^^
  File "/home/bond-servant-in-training/Documents/Projects/Grade-Automator-Plus-beta-batch-15/AutoGrader/tests_cache_commit_race.py", line 352, in get_client
    raise failure
  File "/home/bond-servant-in-training/Documents/Projects/Grade-Automator-Plus-beta-batch-15/AutoGrader/cache_generation.py", line 277, in _bump_pipelined
    client = cache.client.get_client(write=True)
             ^^^^^^^^^^^^^^^^^^^^^^^^^^^^^^^^^^^
  File "/home/bond-servant-in-training/Documents/Projects/Grade-Automator-Plus-beta-batch-15/AutoGrader/tests_cache_commit_race.py", line 352, in get_client
    raise failure
  File "/home/bond-servant-in-training/Documents/Projects/Grade-Automator-Plus-beta-batch-15/AutoGrader/cache_generation.py", line 171, in bump_generation
    return _incr_or_create(key)
           ^^^^^^^^^^^^^^^^^^^^
  File "/home/bond-servant-in-training/Documents/Projects/Grade-Automator-Plus-beta-batch-15/AutoGrader/cache_generation.py", line 201, in _incr_or_create
    return cache.incr(key)
           ^^^^^^^^^^^^^^^
  File "/home/bond-servant-in-training/Documents/Virtualenvs/AutoGrader_env/lib/python3.12/site-packages/django_redis/cache.py", line 29, in _decorator
    return method(self, *args, **kwargs)
           ^^^^^^^^^^^^^^^^^^^^^^^^^^^^^
  File "/home/bond-servant-in-training/Documents/Virtualenvs/AutoGrader_env/lib/python3.12/site-packages/django_redis/cache.py", line 130, in incr
    return self.client.incr(*args, **kwargs)
           ^^^^^^^^^^^^^^^^^^^^^^^^^^^^^^^^^
  File "/home/bond-servant-in-training/Documents/Virtualenvs/AutoGrader_env/lib/python3.12/site-packages/django_redis/client/default.py", line 653, in incr
    return self._incr(
           ^^^^^^^^^^^
  File "/home/bond-servant-in-training/Documents/Virtualenvs/AutoGrader_env/lib/python3.12/site-packages/django_redis/client/default.py", line 595, in _incr
    client = self.get_client(write=True)
             ^^^^^^^^^^^^^^^^^^^^^^^^^^^
  File "/home/bond-servant-in-training/Documents/Projects/Grade-Automator-Plus-beta-batch-15/AutoGrader/tests_cache_commit_race.py", line 352, in get_client
    raise failure
  File "/home/bond-servant-in-training/Documents/Projects/Grade-Automator-Plus-beta-batch-15/AutoGrader/cache_generation.py", line 171, in bump_generation
    return _incr_or_create(key)
           ^^^^^^^^^^^^^^^^^^^^
  File "/home/bond-servant-in-training/Documents/Projects/Grade-Automator-Plus-beta-batch-15/AutoGrader/cache_generation.py", line 201, in _incr_or_create
    return cache.incr(key)
           ^^^^^^^^^^^^^^^
  File "/home/bond-servant-in-training/Documents/Virtualenvs/AutoGrader_env/lib/python3.12/site-packages/django_redis/cache.py", line 29, in _decorator
    return method(self, *args, **kwargs)
           ^^^^^^^^^^^^^^^^^^^^^^^^^^^^^
  File "/home/bond-servant-in-training/Documents/Virtualenvs/AutoGrader_env/lib/python3.12/site-packages/django_redis/cache.py", line 130, in incr
    return self.client.incr(*args, **kwargs)
           ^^^^^^^^^^^^^^^^^^^^^^^^^^^^^^^^^
  File "/home/bond-servant-in-training/Documents/Virtualenvs/AutoGrader_env/lib/python3.12/site-packages/django_redis/client/default.py", line 653, in incr
    return self._incr(
           ^^^^^^^^^^^
  File "/home/bond-servant-in-training/Documents/Virtualenvs/AutoGrader_env/lib/python3.12/site-packages/django_redis/client/default.py", line 595, in _incr
    client = self.get_client(write=True)
             ^^^^^^^^^^^^^^^^^^^^^^^^^^^
  File "/home/bond-servant-in-training/Documents/Projects/Grade-Automator-Plus-beta-batch-15/AutoGrader/tests_cache_commit_race.py", line 352, in get_client
    raise failure
  File "/home/bond-servant-in-training/Documents/Projects/Grade-Automator-Plus-beta-batch-15/AutoGrader/cache_generation.py", line 171, in bump_generation
    return _incr_or_create(key)
           ^^^^^^^^^^^^^^^^^^^^
  File "/home/bond-servant-in-training/Documents/Projects/Grade-Automator-Plus-beta-batch-15/AutoGrader/cache_generation.py", line 201, in _incr_or_create
    return cache.incr(key)
           ^^^^^^^^^^^^^^^
  File "/home/bond-servant-in-training/Documents/Virtualenvs/AutoGrader_env/lib/python3.12/site-packages/django_redis/cache.py", line 29, in _decorator
    return method(self, *args, **kwargs)
           ^^^^^^^^^^^^^^^^^^^^^^^^^^^^^
  File "/home/bond-servant-in-training/Documents/Virtualenvs/AutoGrader_env/lib/python3.12/site-packages/django_redis/cache.py", line 130, in incr
    return self.client.incr(*args, **kwargs)
           ^^^^^^^^^^^^^^^^^^^^^^^^^^^^^^^^^
  File "/home/bond-servant-in-training/Documents/Virtualenvs/AutoGrader_env/lib/python3.12/site-packages/django_redis/client/default.py", line 653, in incr
    return self._incr(
           ^^^^^^^^^^^
  File "/home/bond-servant-in-training/Documents/Virtualenvs/AutoGrader_env/lib/python3.12/site-packages/django_redis/client/default.py", line 595, in _incr
    client = self.get_client(write=True)
             ^^^^^^^^^^^^^^^^^^^^^^^^^^^
  File "/home/bond-servant-in-training/Documents/Projects/Grade-Automator-Plus-beta-batch-15/AutoGrader/tests_cache_commit_race.py", line 352, in get_client
    raise failure
  File "/home/bond-servant-in-training/Documents/Projects/Grade-Automator-Plus-beta-batch-15/AutoGrader/cache_generation.py", line 171, in bump_generation
    return _incr_or_create(key)
           ^^^^^^^^^^^^^^^^^^^^
  File "/home/bond-servant-in-training/Documents/Projects/Grade-Automator-Plus-beta-batch-15/AutoGrader/cache_generation.py", line 201, in _incr_or_create
    return cache.incr(key)
           ^^^^^^^^^^^^^^^
  File "/home/bond-servant-in-training/Documents/Virtualenvs/AutoGrader_env/lib/python3.12/site-packages/django_redis/cache.py", line 29, in _decorator
    return method(self, *args, **kwargs)
           ^^^^^^^^^^^^^^^^^^^^^^^^^^^^^
  File "/home/bond-servant-in-training/Documents/Virtualenvs/AutoGrader_env/lib/python3.12/site-packages/django_redis/cache.py", line 130, in incr
    return self.client.incr(*args, **kwargs)
           ^^^^^^^^^^^^^^^^^^^^^^^^^^^^^^^^^
  File "/home/bond-servant-in-training/Documents/Virtualenvs/AutoGrader_env/lib/python3.12/site-packages/django_redis/client/default.py", line 653, in incr
    return self._incr(
           ^^^^^^^^^^^
  File "/home/bond-servant-in-training/Documents/Virtualenvs/AutoGrader_env/lib/python3.12/site-packages/django_redis/client/default.py", line 595, in _incr
    client = self.get_client(write=True)
             ^^^^^^^^^^^^^^^^^^^^^^^^^^^
  File "/home/bond-servant-in-training/Documents/Projects/Grade-Automator-Plus-beta-batch-15/AutoGrader/tests_cache_commit_race.py", line 352, in get_client
    raise failure
  File "/home/bond-servant-in-training/Documents/Projects/Grade-Automator-Plus-beta-batch-15/AutoGrader/cache_generation.py", line 277, in _bump_pipelined
    client = cache.client.get_client(write=True)
             ^^^^^^^^^^^^^^^^^^^^^^^^^^^^^^^^^^^
  File "/home/bond-servant-in-training/Documents/Projects/Grade-Automator-Plus-beta-batch-15/AutoGrader/tests_cache_commit_race.py", line 352, in get_client
    raise failure
  File "/home/bond-servant-in-training/Documents/Projects/Grade-Automator-Plus-beta-batch-15/AutoGrader/cache_generation.py", line 171, in bump_generation
    return _incr_or_create(key)
           ^^^^^^^^^^^^^^^^^^^^
  File "/home/bond-servant-in-training/Documents/Projects/Grade-Automator-Plus-beta-batch-15/AutoGrader/cache_generation.py", line 201, in _incr_or_create
    return cache.incr(key)
           ^^^^^^^^^^^^^^^
  File "/home/bond-servant-in-training/Documents/Virtualenvs/AutoGrader_env/lib/python3.12/site-packages/django_redis/cache.py", line 29, in _decorator
    return method(self, *args, **kwargs)
           ^^^^^^^^^^^^^^^^^^^^^^^^^^^^^
  File "/home/bond-servant-in-training/Documents/Virtualenvs/AutoGrader_env/lib/python3.12/site-packages/django_redis/cache.py", line 130, in incr
    return self.client.incr(*args, **kwargs)
           ^^^^^^^^^^^^^^^^^^^^^^^^^^^^^^^^^
  File "/home/bond-servant-in-training/Documents/Virtualenvs/AutoGrader_env/lib/python3.12/site-packages/django_redis/client/default.py", line 653, in incr
    return self._incr(
           ^^^^^^^^^^^
  File "/home/bond-servant-in-training/Documents/Virtualenvs/AutoGrader_env/lib/python3.12/site-packages/django_redis/client/default.py", line 595, in _incr
    client = self.get_client(write=True)
             ^^^^^^^^^^^^^^^^^^^^^^^^^^^
  File "/home/bond-servant-in-training/Documents/Projects/Grade-Automator-Plus-beta-batch-15/AutoGrader/tests_cache_commit_race.py", line 352, in get_client
    raise failure
  File "/home/bond-servant-in-training/Documents/Projects/Grade-Automator-Plus-beta-batch-15/AutoGrader/cache_generation.py", line 171, in bump_generation
    return _incr_or_create(key)
           ^^^^^^^^^^^^^^^^^^^^
  File "/home/bond-servant-in-training/Documents/Projects/Grade-Automator-Plus-beta-batch-15/AutoGrader/cache_generation.py", line 201, in _incr_or_create
    return cache.incr(key)
           ^^^^^^^^^^^^^^^
  File "/home/bond-servant-in-training/Documents/Virtualenvs/AutoGrader_env/lib/python3.12/site-packages/django_redis/cache.py", line 29, in _decorator
    return method(self, *args, **kwargs)
           ^^^^^^^^^^^^^^^^^^^^^^^^^^^^^
  File "/home/bond-servant-in-training/Documents/Virtualenvs/AutoGrader_env/lib/python3.12/site-packages/django_redis/cache.py", line 130, in incr
    return self.client.incr(*args, **kwargs)
           ^^^^^^^^^^^^^^^^^^^^^^^^^^^^^^^^^
  File "/home/bond-servant-in-training/Documents/Virtualenvs/AutoGrader_env/lib/python3.12/site-packages/django_redis/client/default.py", line 653, in incr
    return self._incr(
           ^^^^^^^^^^^
  File "/home/bond-servant-in-training/Documents/Virtualenvs/AutoGrader_env/lib/python3.12/site-packages/django_redis/client/default.py", line 595, in _incr
    client = self.get_client(write=True)
             ^^^^^^^^^^^^^^^^^^^^^^^^^^^
  File "/home/bond-servant-in-training/Documents/Projects/Grade-Automator-Plus-beta-batch-15/AutoGrader/tests_cache_commit_race.py", line 352, in get_client
    raise failure
  File "/home/bond-servant-in-training/Documents/Projects/Grade-Automator-Plus-beta-batch-15/AutoGrader/cache_generation.py", line 171, in bump_generation
    return _incr_or_create(key)
           ^^^^^^^^^^^^^^^^^^^^
  File "/home/bond-servant-in-training/Documents/Projects/Grade-Automator-Plus-beta-batch-15/AutoGrader/cache_generation.py", line 201, in _incr_or_create
    return cache.incr(key)
           ^^^^^^^^^^^^^^^
  File "/home/bond-servant-in-training/Documents/Virtualenvs/AutoGrader_env/lib/python3.12/site-packages/django_redis/cache.py", line 29, in _decorator
    return method(self, *args, **kwargs)
           ^^^^^^^^^^^^^^^^^^^^^^^^^^^^^
  File "/home/bond-servant-in-training/Documents/Virtualenvs/AutoGrader_env/lib/python3.12/site-packages/django_redis/cache.py", line 130, in incr
    return self.client.incr(*args, **kwargs)
           ^^^^^^^^^^^^^^^^^^^^^^^^^^^^^^^^^
  File "/home/bond-servant-in-training/Documents/Virtualenvs/AutoGrader_env/lib/python3.12/site-packages/django_redis/client/default.py", line 653, in incr
    return self._incr(
           ^^^^^^^^^^^
  File "/home/bond-servant-in-training/Documents/Virtualenvs/AutoGrader_env/lib/python3.12/site-packages/django_redis/client/default.py", line 595, in _incr
    client = self.get_client(write=True)
             ^^^^^^^^^^^^^^^^^^^^^^^^^^^
  File "/home/bond-servant-in-training/Documents/Projects/Grade-Automator-Plus-beta-batch-15/AutoGrader/tests_cache_commit_race.py", line 352, in get_client
    raise failure
  File "/home/bond-servant-in-training/Documents/Projects/Grade-Automator-Plus-beta-batch-15/AutoGrader/cache_generation.py", line 171, in bump_generation
    return _incr_or_create(key)
           ^^^^^^^^^^^^^^^^^^^^
  File "/home/bond-servant-in-training/Documents/Projects/Grade-Automator-Plus-beta-batch-15/AutoGrader/cache_generation.py", line 201, in _incr_or_create
    return cache.incr(key)
           ^^^^^^^^^^^^^^^
  File "/home/bond-servant-in-training/Documents/Virtualenvs/AutoGrader_env/lib/python3.12/site-packages/django_redis/cache.py", line 29, in _decorator
    return method(self, *args, **kwargs)
           ^^^^^^^^^^^^^^^^^^^^^^^^^^^^^
  File "/home/bond-servant-in-training/Documents/Virtualenvs/AutoGrader_env/lib/python3.12/site-packages/django_redis/cache.py", line 130, in incr
    return self.client.incr(*args, **kwargs)
           ^^^^^^^^^^^^^^^^^^^^^^^^^^^^^^^^^
  File "/home/bond-servant-in-training/Documents/Virtualenvs/AutoGrader_env/lib/python3.12/site-packages/django_redis/client/default.py", line 653, in incr
    return self._incr(
           ^^^^^^^^^^^
  File "/home/bond-servant-in-training/Documents/Virtualenvs/AutoGrader_env/lib/python3.12/site-packages/django_redis/client/default.py", line 595, in _incr
    client = self.get_client(write=True)
             ^^^^^^^^^^^^^^^^^^^^^^^^^^^
  File "/home/bond-servant-in-training/Documents/Projects/Grade-Automator-Plus-beta-batch-15/AutoGrader/tests_cache_commit_race.py", line 352, in get_client
    raise failure
  File "/home/bond-servant-in-training/Documents/Projects/Grade-Automator-Plus-beta-batch-15/AutoGrader/cache_generation.py", line 277, in _bump_pipelined
    client = cache.client.get_client(write=True)
             ^^^^^^^^^^^^^^^^^^^^^^^^^^^^^^^^^^^
  File "/home/bond-servant-in-training/Documents/Projects/Grade-Automator-Plus-beta-batch-15/AutoGrader/tests_cache_commit_race.py", line 352, in get_client
    raise failure
ConnectionError: redis unavailable
Cache generation bump failed for cachegen:crs:4e51c163-801d-4e24-bfca-c0a67d4b117a; entries keyed on it will serve stale data until their TTL expires.
Traceback (most recent call last):
  File "/home/bond-servant-in-training/Documents/Projects/Grade-Automator-Plus-beta-batch-15/AutoGrader/cache_generation.py", line 171, in bump_generation
    return _incr_or_create(key)
           ^^^^^^^^^^^^^^^^^^^^
  File "/home/bond-servant-in-training/Documents/Projects/Grade-Automator-Plus-beta-batch-15/AutoGrader/cache_generation.py", line 201, in _incr_or_create
    return cache.incr(key)
           ^^^^^^^^^^^^^^^
  File "/home/bond-servant-in-training/Documents/Virtualenvs/AutoGrader_env/lib/python3.12/site-packages/django_redis/cache.py", line 29, in _decorator
    return method(self, *args, **kwargs)
           ^^^^^^^^^^^^^^^^^^^^^^^^^^^^^
  File "/home/bond-servant-in-training/Documents/Virtualenvs/AutoGrader_env/lib/python3.12/site-packages/django_redis/cache.py", line 130, in incr
    return self.client.incr(*args, **kwargs)
           ^^^^^^^^^^^^^^^^^^^^^^^^^^^^^^^^^
  File "/home/bond-servant-in-training/Documents/Virtualenvs/AutoGrader_env/lib/python3.12/site-packages/django_redis/client/default.py", line 653, in incr
    return self._incr(
           ^^^^^^^^^^^
  File "/home/bond-servant-in-training/Documents/Virtualenvs/AutoGrader_env/lib/python3.12/site-packages/django_redis/client/default.py", line 595, in _incr
    client = self.get_client(write=True)
             ^^^^^^^^^^^^^^^^^^^^^^^^^^^
  File "/home/bond-servant-in-training/Documents/Projects/Grade-Automator-Plus-beta-batch-15/AutoGrader/tests_cache_commit_race.py", line 352, in get_client
    raise failure
  File "/home/bond-servant-in-training/Documents/Projects/Grade-Automator-Plus-beta-batch-15/AutoGrader/cache_generation.py", line 171, in bump_generation
    return _incr_or_create(key)
           ^^^^^^^^^^^^^^^^^^^^
  File "/home/bond-servant-in-training/Documents/Projects/Grade-Automator-Plus-beta-batch-15/AutoGrader/cache_generation.py", line 201, in _incr_or_create
    return cache.incr(key)
           ^^^^^^^^^^^^^^^
  File "/home/bond-servant-in-training/Documents/Virtualenvs/AutoGrader_env/lib/python3.12/site-packages/django_redis/cache.py", line 29, in _decorator
    return method(self, *args, **kwargs)
           ^^^^^^^^^^^^^^^^^^^^^^^^^^^^^
  File "/home/bond-servant-in-training/Documents/Virtualenvs/AutoGrader_env/lib/python3.12/site-packages/django_redis/cache.py", line 130, in incr
    return self.client.incr(*args, **kwargs)
           ^^^^^^^^^^^^^^^^^^^^^^^^^^^^^^^^^
  File "/home/bond-servant-in-training/Documents/Virtualenvs/AutoGrader_env/lib/python3.12/site-packages/django_redis/client/default.py", line 653, in incr
    return self._incr(
           ^^^^^^^^^^^
  File "/home/bond-servant-in-training/Documents/Virtualenvs/AutoGrader_env/lib/python3.12/site-packages/django_redis/client/default.py", line 595, in _incr
    client = self.get_client(write=True)
             ^^^^^^^^^^^^^^^^^^^^^^^^^^^
  File "/home/bond-servant-in-training/Documents/Projects/Grade-Automator-Plus-beta-batch-15/AutoGrader/tests_cache_commit_race.py", line 352, in get_client
    raise failure
  File "/home/bond-servant-in-training/Documents/Projects/Grade-Automator-Plus-beta-batch-15/AutoGrader/cache_generation.py", line 171, in bump_generation
    return _incr_or_create(key)
           ^^^^^^^^^^^^^^^^^^^^
  File "/home/bond-servant-in-training/Documents/Projects/Grade-Automator-Plus-beta-batch-15/AutoGrader/cache_generation.py", line 201, in _incr_or_create
    return cache.incr(key)
           ^^^^^^^^^^^^^^^
  File "/home/bond-servant-in-training/Documents/Virtualenvs/AutoGrader_env/lib/python3.12/site-packages/django_redis/cache.py", line 29, in _decorator
    return method(self, *args, **kwargs)
           ^^^^^^^^^^^^^^^^^^^^^^^^^^^^^
  File "/home/bond-servant-in-training/Documents/Virtualenvs/AutoGrader_env/lib/python3.12/site-packages/django_redis/cache.py", line 130, in incr
    return self.client.incr(*args, **kwargs)
           ^^^^^^^^^^^^^^^^^^^^^^^^^^^^^^^^^
  File "/home/bond-servant-in-training/Documents/Virtualenvs/AutoGrader_env/lib/python3.12/site-packages/django_redis/client/default.py", line 653, in incr
    return self._incr(
           ^^^^^^^^^^^
  File "/home/bond-servant-in-training/Documents/Virtualenvs/AutoGrader_env/lib/python3.12/site-packages/django_redis/client/default.py", line 595, in _incr
    client = self.get_client(write=True)
             ^^^^^^^^^^^^^^^^^^^^^^^^^^^
  File "/home/bond-servant-in-training/Documents/Projects/Grade-Automator-Plus-beta-batch-15/AutoGrader/tests_cache_commit_race.py", line 352, in get_client
    raise failure
  File "/home/bond-servant-in-training/Documents/Projects/Grade-Automator-Plus-beta-batch-15/AutoGrader/cache_generation.py", line 171, in bump_generation
    return _incr_or_create(key)
           ^^^^^^^^^^^^^^^^^^^^
  File "/home/bond-servant-in-training/Documents/Projects/Grade-Automator-Plus-beta-batch-15/AutoGrader/cache_generation.py", line 201, in _incr_or_create
    return cache.incr(key)
           ^^^^^^^^^^^^^^^
  File "/home/bond-servant-in-training/Documents/Virtualenvs/AutoGrader_env/lib/python3.12/site-packages/django_redis/cache.py", line 29, in _decorator
    return method(self, *args, **kwargs)
           ^^^^^^^^^^^^^^^^^^^^^^^^^^^^^
  File "/home/bond-servant-in-training/Documents/Virtualenvs/AutoGrader_env/lib/python3.12/site-packages/django_redis/cache.py", line 130, in incr
    return self.client.incr(*args, **kwargs)
           ^^^^^^^^^^^^^^^^^^^^^^^^^^^^^^^^^
  File "/home/bond-servant-in-training/Documents/Virtualenvs/AutoGrader_env/lib/python3.12/site-packages/django_redis/client/default.py", line 653, in incr
    return self._incr(
           ^^^^^^^^^^^
  File "/home/bond-servant-in-training/Documents/Virtualenvs/AutoGrader_env/lib/python3.12/site-packages/django_redis/client/default.py", line 595, in _incr
    client = self.get_client(write=True)
             ^^^^^^^^^^^^^^^^^^^^^^^^^^^
  File "/home/bond-servant-in-training/Documents/Projects/Grade-Automator-Plus-beta-batch-15/AutoGrader/tests_cache_commit_race.py", line 352, in get_client
    raise failure
  File "/home/bond-servant-in-training/Documents/Projects/Grade-Automator-Plus-beta-batch-15/AutoGrader/cache_generation.py", line 277, in _bump_pipelined
    client = cache.client.get_client(write=True)
             ^^^^^^^^^^^^^^^^^^^^^^^^^^^^^^^^^^^
  File "/home/bond-servant-in-training/Documents/Projects/Grade-Automator-Plus-beta-batch-15/AutoGrader/tests_cache_commit_race.py", line 352, in get_client
    raise failure
  File "/home/bond-servant-in-training/Documents/Projects/Grade-Automator-Plus-beta-batch-15/AutoGrader/cache_generation.py", line 171, in bump_generation
    return _incr_or_create(key)
           ^^^^^^^^^^^^^^^^^^^^
  File "/home/bond-servant-in-training/Documents/Projects/Grade-Automator-Plus-beta-batch-15/AutoGrader/cache_generation.py", line 201, in _incr_or_create
    return cache.incr(key)
           ^^^^^^^^^^^^^^^
  File "/home/bond-servant-in-training/Documents/Virtualenvs/AutoGrader_env/lib/python3.12/site-packages/django_redis/cache.py", line 29, in _decorator
    return method(self, *args, **kwargs)
           ^^^^^^^^^^^^^^^^^^^^^^^^^^^^^
  File "/home/bond-servant-in-training/Documents/Virtualenvs/AutoGrader_env/lib/python3.12/site-packages/django_redis/cache.py", line 130, in incr
    return self.client.incr(*args, **kwargs)
           ^^^^^^^^^^^^^^^^^^^^^^^^^^^^^^^^^
  File "/home/bond-servant-in-training/Documents/Virtualenvs/AutoGrader_env/lib/python3.12/site-packages/django_redis/client/default.py", line 653, in incr
    return self._incr(
           ^^^^^^^^^^^
  File "/home/bond-servant-in-training/Documents/Virtualenvs/AutoGrader_env/lib/python3.12/site-packages/django_redis/client/default.py", line 595, in _incr
    client = self.get_client(write=True)
             ^^^^^^^^^^^^^^^^^^^^^^^^^^^
  File "/home/bond-servant-in-training/Documents/Projects/Grade-Automator-Plus-beta-batch-15/AutoGrader/tests_cache_commit_race.py", line 352, in get_client
    raise failure
  File "/home/bond-servant-in-training/Documents/Projects/Grade-Automator-Plus-beta-batch-15/AutoGrader/cache_generation.py", line 171, in bump_generation
    return _incr_or_create(key)
           ^^^^^^^^^^^^^^^^^^^^
  File "/home/bond-servant-in-training/Documents/Projects/Grade-Automator-Plus-beta-batch-15/AutoGrader/cache_generation.py", line 201, in _incr_or_create
    return cache.incr(key)
           ^^^^^^^^^^^^^^^
  File "/home/bond-servant-in-training/Documents/Virtualenvs/AutoGrader_env/lib/python3.12/site-packages/django_redis/cache.py", line 29, in _decorator
    return method(self, *args, **kwargs)
           ^^^^^^^^^^^^^^^^^^^^^^^^^^^^^
  File "/home/bond-servant-in-training/Documents/Virtualenvs/AutoGrader_env/lib/python3.12/site-packages/django_redis/cache.py", line 130, in incr
    return self.client.incr(*args, **kwargs)
           ^^^^^^^^^^^^^^^^^^^^^^^^^^^^^^^^^
  File "/home/bond-servant-in-training/Documents/Virtualenvs/AutoGrader_env/lib/python3.12/site-packages/django_redis/client/default.py", line 653, in incr
    return self._incr(
           ^^^^^^^^^^^
  File "/home/bond-servant-in-training/Documents/Virtualenvs/AutoGrader_env/lib/python3.12/site-packages/django_redis/client/default.py", line 595, in _incr
    client = self.get_client(write=True)
             ^^^^^^^^^^^^^^^^^^^^^^^^^^^
  File "/home/bond-servant-in-training/Documents/Projects/Grade-Automator-Plus-beta-batch-15/AutoGrader/tests_cache_commit_race.py", line 352, in get_client
    raise failure
  File "/home/bond-servant-in-training/Documents/Projects/Grade-Automator-Plus-beta-batch-15/AutoGrader/cache_generation.py", line 171, in bump_generation
    return _incr_or_create(key)
           ^^^^^^^^^^^^^^^^^^^^
  File "/home/bond-servant-in-training/Documents/Projects/Grade-Automator-Plus-beta-batch-15/AutoGrader/cache_generation.py", line 201, in _incr_or_create
    return cache.incr(key)
           ^^^^^^^^^^^^^^^
  File "/home/bond-servant-in-training/Documents/Virtualenvs/AutoGrader_env/lib/python3.12/site-packages/django_redis/cache.py", line 29, in _decorator
    return method(self, *args, **kwargs)
           ^^^^^^^^^^^^^^^^^^^^^^^^^^^^^
  File "/home/bond-servant-in-training/Documents/Virtualenvs/AutoGrader_env/lib/python3.12/site-packages/django_redis/cache.py", line 130, in incr
    return self.client.incr(*args, **kwargs)
           ^^^^^^^^^^^^^^^^^^^^^^^^^^^^^^^^^
  File "/home/bond-servant-in-training/Documents/Virtualenvs/AutoGrader_env/lib/python3.12/site-packages/django_redis/client/default.py", line 653, in incr
    return self._incr(
           ^^^^^^^^^^^
  File "/home/bond-servant-in-training/Documents/Virtualenvs/AutoGrader_env/lib/python3.12/site-packages/django_redis/client/default.py", line 595, in _incr
    client = self.get_client(write=True)
             ^^^^^^^^^^^^^^^^^^^^^^^^^^^
  File "/home/bond-servant-in-training/Documents/Projects/Grade-Automator-Plus-beta-batch-15/AutoGrader/tests_cache_commit_race.py", line 352, in get_client
    raise failure
  File "/home/bond-servant-in-training/Documents/Projects/Grade-Automator-Plus-beta-batch-15/AutoGrader/cache_generation.py", line 171, in bump_generation
    return _incr_or_create(key)
           ^^^^^^^^^^^^^^^^^^^^
  File "/home/bond-servant-in-training/Documents/Projects/Grade-Automator-Plus-beta-batch-15/AutoGrader/cache_generation.py", line 201, in _incr_or_create
    return cache.incr(key)
           ^^^^^^^^^^^^^^^
  File "/home/bond-servant-in-training/Documents/Virtualenvs/AutoGrader_env/lib/python3.12/site-packages/django_redis/cache.py", line 29, in _decorator
    return method(self, *args, **kwargs)
           ^^^^^^^^^^^^^^^^^^^^^^^^^^^^^
  File "/home/bond-servant-in-training/Documents/Virtualenvs/AutoGrader_env/lib/python3.12/site-packages/django_redis/cache.py", line 130, in incr
    return self.client.incr(*args, **kwargs)
           ^^^^^^^^^^^^^^^^^^^^^^^^^^^^^^^^^
  File "/home/bond-servant-in-training/Documents/Virtualenvs/AutoGrader_env/lib/python3.12/site-packages/django_redis/client/default.py", line 653, in incr
    return self._incr(
           ^^^^^^^^^^^
  File "/home/bond-servant-in-training/Documents/Virtualenvs/AutoGrader_env/lib/python3.12/site-packages/django_redis/client/default.py", line 595, in _incr
    client = self.get_client(write=True)
             ^^^^^^^^^^^^^^^^^^^^^^^^^^^
  File "/home/bond-servant-in-training/Documents/Projects/Grade-Automator-Plus-beta-batch-15/AutoGrader/tests_cache_commit_race.py", line 352, in get_client
    raise failure
  File "/home/bond-servant-in-training/Documents/Projects/Grade-Automator-Plus-beta-batch-15/AutoGrader/cache_generation.py", line 277, in _bump_pipelined
    client = cache.client.get_client(write=True)
             ^^^^^^^^^^^^^^^^^^^^^^^^^^^^^^^^^^^
  File "/home/bond-servant-in-training/Documents/Projects/Grade-Automator-Plus-beta-batch-15/AutoGrader/tests_cache_commit_race.py", line 352, in get_client
    raise failure
  File "/home/bond-servant-in-training/Documents/Projects/Grade-Automator-Plus-beta-batch-15/AutoGrader/cache_generation.py", line 171, in bump_generation
    return _incr_or_create(key)
           ^^^^^^^^^^^^^^^^^^^^
  File "/home/bond-servant-in-training/Documents/Projects/Grade-Automator-Plus-beta-batch-15/AutoGrader/cache_generation.py", line 201, in _incr_or_create
    return cache.incr(key)
           ^^^^^^^^^^^^^^^
  File "/home/bond-servant-in-training/Documents/Virtualenvs/AutoGrader_env/lib/python3.12/site-packages/django_redis/cache.py", line 29, in _decorator
    return method(self, *args, **kwargs)
           ^^^^^^^^^^^^^^^^^^^^^^^^^^^^^
  File "/home/bond-servant-in-training/Documents/Virtualenvs/AutoGrader_env/lib/python3.12/site-packages/django_redis/cache.py", line 130, in incr
    return self.client.incr(*args, **kwargs)
           ^^^^^^^^^^^^^^^^^^^^^^^^^^^^^^^^^
  File "/home/bond-servant-in-training/Documents/Virtualenvs/AutoGrader_env/lib/python3.12/site-packages/django_redis/client/default.py", line 653, in incr
    return self._incr(
           ^^^^^^^^^^^
  File "/home/bond-servant-in-training/Documents/Virtualenvs/AutoGrader_env/lib/python3.12/site-packages/django_redis/client/default.py", line 595, in _incr
    client = self.get_client(write=True)
             ^^^^^^^^^^^^^^^^^^^^^^^^^^^
  File "/home/bond-servant-in-training/Documents/Projects/Grade-Automator-Plus-beta-batch-15/AutoGrader/tests_cache_commit_race.py", line 352, in get_client
    raise failure
  File "/home/bond-servant-in-training/Documents/Projects/Grade-Automator-Plus-beta-batch-15/AutoGrader/cache_generation.py", line 171, in bump_generation
    return _incr_or_create(key)
           ^^^^^^^^^^^^^^^^^^^^
  File "/home/bond-servant-in-training/Documents/Projects/Grade-Automator-Plus-beta-batch-15/AutoGrader/cache_generation.py", line 201, in _incr_or_create
    return cache.incr(key)
           ^^^^^^^^^^^^^^^
  File "/home/bond-servant-in-training/Documents/Virtualenvs/AutoGrader_env/lib/python3.12/site-packages/django_redis/cache.py", line 29, in _decorator
    return method(self, *args, **kwargs)
           ^^^^^^^^^^^^^^^^^^^^^^^^^^^^^
  File "/home/bond-servant-in-training/Documents/Virtualenvs/AutoGrader_env/lib/python3.12/site-packages/django_redis/cache.py", line 130, in incr
    return self.client.incr(*args, **kwargs)
           ^^^^^^^^^^^^^^^^^^^^^^^^^^^^^^^^^
  File "/home/bond-servant-in-training/Documents/Virtualenvs/AutoGrader_env/lib/python3.12/site-packages/django_redis/client/default.py", line 653, in incr
    return self._incr(
           ^^^^^^^^^^^
  File "/home/bond-servant-in-training/Documents/Virtualenvs/AutoGrader_env/lib/python3.12/site-packages/django_redis/client/default.py", line 595, in _incr
    client = self.get_client(write=True)
             ^^^^^^^^^^^^^^^^^^^^^^^^^^^
  File "/home/bond-servant-in-training/Documents/Projects/Grade-Automator-Plus-beta-batch-15/AutoGrader/tests_cache_commit_race.py", line 352, in get_client
    raise failure
  File "/home/bond-servant-in-training/Documents/Projects/Grade-Automator-Plus-beta-batch-15/AutoGrader/cache_generation.py", line 171, in bump_generation
    return _incr_or_create(key)
           ^^^^^^^^^^^^^^^^^^^^
  File "/home/bond-servant-in-training/Documents/Projects/Grade-Automator-Plus-beta-batch-15/AutoGrader/cache_generation.py", line 201, in _incr_or_create
    return cache.incr(key)
           ^^^^^^^^^^^^^^^
  File "/home/bond-servant-in-training/Documents/Virtualenvs/AutoGrader_env/lib/python3.12/site-packages/django_redis/cache.py", line 29, in _decorator
    return method(self, *args, **kwargs)
           ^^^^^^^^^^^^^^^^^^^^^^^^^^^^^
  File "/home/bond-servant-in-training/Documents/Virtualenvs/AutoGrader_env/lib/python3.12/site-packages/django_redis/cache.py", line 130, in incr
    return self.client.incr(*args, **kwargs)
           ^^^^^^^^^^^^^^^^^^^^^^^^^^^^^^^^^
  File "/home/bond-servant-in-training/Documents/Virtualenvs/AutoGrader_env/lib/python3.12/site-packages/django_redis/client/default.py", line 653, in incr
    return self._incr(
           ^^^^^^^^^^^
  File "/home/bond-servant-in-training/Documents/Virtualenvs/AutoGrader_env/lib/python3.12/site-packages/django_redis/client/default.py", line 595, in _incr
    client = self.get_client(write=True)
             ^^^^^^^^^^^^^^^^^^^^^^^^^^^
  File "/home/bond-servant-in-training/Documents/Projects/Grade-Automator-Plus-beta-batch-15/AutoGrader/tests_cache_commit_race.py", line 352, in get_client
    raise failure
  File "/home/bond-servant-in-training/Documents/Projects/Grade-Automator-Plus-beta-batch-15/AutoGrader/cache_generation.py", line 171, in bump_generation
    return _incr_or_create(key)
           ^^^^^^^^^^^^^^^^^^^^
  File "/home/bond-servant-in-training/Documents/Projects/Grade-Automator-Plus-beta-batch-15/AutoGrader/cache_generation.py", line 201, in _incr_or_create
    return cache.incr(key)
           ^^^^^^^^^^^^^^^
  File "/home/bond-servant-in-training/Documents/Virtualenvs/AutoGrader_env/lib/python3.12/site-packages/django_redis/cache.py", line 29, in _decorator
    return method(self, *args, **kwargs)
           ^^^^^^^^^^^^^^^^^^^^^^^^^^^^^
  File "/home/bond-servant-in-training/Documents/Virtualenvs/AutoGrader_env/lib/python3.12/site-packages/django_redis/cache.py", line 130, in incr
    return self.client.incr(*args, **kwargs)
           ^^^^^^^^^^^^^^^^^^^^^^^^^^^^^^^^^
  File "/home/bond-servant-in-training/Documents/Virtualenvs/AutoGrader_env/lib/python3.12/site-packages/django_redis/client/default.py", line 653, in incr
    return self._incr(
           ^^^^^^^^^^^
  File "/home/bond-servant-in-training/Documents/Virtualenvs/AutoGrader_env/lib/python3.12/site-packages/django_redis/client/default.py", line 595, in _incr
    client = self.get_client(write=True)
             ^^^^^^^^^^^^^^^^^^^^^^^^^^^
  File "/home/bond-servant-in-training/Documents/Projects/Grade-Automator-Plus-beta-batch-15/AutoGrader/tests_cache_commit_race.py", line 352, in get_client
    raise failure
  File "/home/bond-servant-in-training/Documents/Projects/Grade-Automator-Plus-beta-batch-15/AutoGrader/cache_generation.py", line 277, in _bump_pipelined
    client = cache.client.get_client(write=True)
             ^^^^^^^^^^^^^^^^^^^^^^^^^^^^^^^^^^^
  File "/home/bond-servant-in-training/Documents/Projects/Grade-Automator-Plus-beta-batch-15/AutoGrader/tests_cache_commit_race.py", line 352, in get_client
    raise failure
ConnectionError: redis unavailable
Cache generation bump failed for cachegen:global; entries keyed on it will serve stale data until their TTL expires.
Traceback (most recent call last):
  File "/home/bond-servant-in-training/Documents/Projects/Grade-Automator-Plus-beta-batch-15/AutoGrader/cache_generation.py", line 171, in bump_generation
    return _incr_or_create(key)
           ^^^^^^^^^^^^^^^^^^^^
  File "/home/bond-servant-in-training/Documents/Projects/Grade-Automator-Plus-beta-batch-15/AutoGrader/cache_generation.py", line 201, in _incr_or_create
    return cache.incr(key)
           ^^^^^^^^^^^^^^^
  File "/home/bond-servant-in-training/Documents/Virtualenvs/AutoGrader_env/lib/python3.12/site-packages/django_redis/cache.py", line 29, in _decorator
    return method(self, *args, **kwargs)
           ^^^^^^^^^^^^^^^^^^^^^^^^^^^^^
  File "/home/bond-servant-in-training/Documents/Virtualenvs/AutoGrader_env/lib/python3.12/site-packages/django_redis/cache.py", line 130, in incr
    return self.client.incr(*args, **kwargs)
           ^^^^^^^^^^^^^^^^^^^^^^^^^^^^^^^^^
  File "/home/bond-servant-in-training/Documents/Virtualenvs/AutoGrader_env/lib/python3.12/site-packages/django_redis/client/default.py", line 653, in incr
    return self._incr(
           ^^^^^^^^^^^
  File "/home/bond-servant-in-training/Documents/Virtualenvs/AutoGrader_env/lib/python3.12/site-packages/django_redis/client/default.py", line 595, in _incr
    client = self.get_client(write=True)
             ^^^^^^^^^^^^^^^^^^^^^^^^^^^
  File "/home/bond-servant-in-training/Documents/Projects/Grade-Automator-Plus-beta-batch-15/AutoGrader/tests_cache_commit_race.py", line 352, in get_client
    raise failure
  File "/home/bond-servant-in-training/Documents/Projects/Grade-Automator-Plus-beta-batch-15/AutoGrader/cache_generation.py", line 277, in _bump_pipelined
    client = cache.client.get_client(write=True)
             ^^^^^^^^^^^^^^^^^^^^^^^^^^^^^^^^^^^
  File "/home/bond-servant-in-training/Documents/Projects/Grade-Automator-Plus-beta-batch-15/AutoGrader/tests_cache_commit_race.py", line 352, in get_client
    raise failure
  File "/home/bond-servant-in-training/Documents/Projects/Grade-Automator-Plus-beta-batch-15/AutoGrader/cache_generation.py", line 171, in bump_generation
    return _incr_or_create(key)
           ^^^^^^^^^^^^^^^^^^^^
  File "/home/bond-servant-in-training/Documents/Projects/Grade-Automator-Plus-beta-batch-15/AutoGrader/cache_generation.py", line 201, in _incr_or_create
    return cache.incr(key)
           ^^^^^^^^^^^^^^^
  File "/home/bond-servant-in-training/Documents/Virtualenvs/AutoGrader_env/lib/python3.12/site-packages/django_redis/cache.py", line 29, in _decorator
    return method(self, *args, **kwargs)
           ^^^^^^^^^^^^^^^^^^^^^^^^^^^^^
  File "/home/bond-servant-in-training/Documents/Virtualenvs/AutoGrader_env/lib/python3.12/site-packages/django_redis/cache.py", line 130, in incr
    return self.client.incr(*args, **kwargs)
           ^^^^^^^^^^^^^^^^^^^^^^^^^^^^^^^^^
  File "/home/bond-servant-in-training/Documents/Virtualenvs/AutoGrader_env/lib/python3.12/site-packages/django_redis/client/default.py", line 653, in incr
    return self._incr(
           ^^^^^^^^^^^
  File "/home/bond-servant-in-training/Documents/Virtualenvs/AutoGrader_env/lib/python3.12/site-packages/django_redis/client/default.py", line 595, in _incr
    client = self.get_client(write=True)
             ^^^^^^^^^^^^^^^^^^^^^^^^^^^
  File "/home/bond-servant-in-training/Documents/Projects/Grade-Automator-Plus-beta-batch-15/AutoGrader/tests_cache_commit_race.py", line 352, in get_client
    raise failure
  File "/home/bond-servant-in-training/Documents/Projects/Grade-Automator-Plus-beta-batch-15/AutoGrader/cache_generation.py", line 171, in bump_generation
    return _incr_or_create(key)
           ^^^^^^^^^^^^^^^^^^^^
  File "/home/bond-servant-in-training/Documents/Projects/Grade-Automator-Plus-beta-batch-15/AutoGrader/cache_generation.py", line 201, in _incr_or_create
    return cache.incr(key)
           ^^^^^^^^^^^^^^^
  File "/home/bond-servant-in-training/Documents/Virtualenvs/AutoGrader_env/lib/python3.12/site-packages/django_redis/cache.py", line 29, in _decorator
    return method(self, *args, **kwargs)
           ^^^^^^^^^^^^^^^^^^^^^^^^^^^^^
  File "/home/bond-servant-in-training/Documents/Virtualenvs/AutoGrader_env/lib/python3.12/site-packages/django_redis/cache.py", line 130, in incr
    return self.client.incr(*args, **kwargs)
           ^^^^^^^^^^^^^^^^^^^^^^^^^^^^^^^^^
  File "/home/bond-servant-in-training/Documents/Virtualenvs/AutoGrader_env/lib/python3.12/site-packages/django_redis/client/default.py", line 653, in incr
    return self._incr(
           ^^^^^^^^^^^
  File "/home/bond-servant-in-training/Documents/Virtualenvs/AutoGrader_env/lib/python3.12/site-packages/django_redis/client/default.py", line 595, in _incr
    client = self.get_client(write=True)
             ^^^^^^^^^^^^^^^^^^^^^^^^^^^
  File "/home/bond-servant-in-training/Documents/Projects/Grade-Automator-Plus-beta-batch-15/AutoGrader/tests_cache_commit_race.py", line 352, in get_client
    raise failure
  File "/home/bond-servant-in-training/Documents/Projects/Grade-Automator-Plus-beta-batch-15/AutoGrader/cache_generation.py", line 171, in bump_generation
    return _incr_or_create(key)
           ^^^^^^^^^^^^^^^^^^^^
  File "/home/bond-servant-in-training/Documents/Projects/Grade-Automator-Plus-beta-batch-15/AutoGrader/cache_generation.py", line 201, in _incr_or_create
    return cache.incr(key)
           ^^^^^^^^^^^^^^^
  File "/home/bond-servant-in-training/Documents/Virtualenvs/AutoGrader_env/lib/python3.12/site-packages/django_redis/cache.py", line 29, in _decorator
    return method(self, *args, **kwargs)
           ^^^^^^^^^^^^^^^^^^^^^^^^^^^^^
  File "/home/bond-servant-in-training/Documents/Virtualenvs/AutoGrader_env/lib/python3.12/site-packages/django_redis/cache.py", line 130, in incr
    return self.client.incr(*args, **kwargs)
           ^^^^^^^^^^^^^^^^^^^^^^^^^^^^^^^^^
  File "/home/bond-servant-in-training/Documents/Virtualenvs/AutoGrader_env/lib/python3.12/site-packages/django_redis/client/default.py", line 653, in incr
    return self._incr(
           ^^^^^^^^^^^
  File "/home/bond-servant-in-training/Documents/Virtualenvs/AutoGrader_env/lib/python3.12/site-packages/django_redis/client/default.py", line 595, in _incr
    client = self.get_client(write=True)
             ^^^^^^^^^^^^^^^^^^^^^^^^^^^
  File "/home/bond-servant-in-training/Documents/Projects/Grade-Automator-Plus-beta-batch-15/AutoGrader/tests_cache_commit_race.py", line 352, in get_client
    raise failure
  File "/home/bond-servant-in-training/Documents/Projects/Grade-Automator-Plus-beta-batch-15/AutoGrader/cache_generation.py", line 171, in bump_generation
    return _incr_or_create(key)
           ^^^^^^^^^^^^^^^^^^^^
  File "/home/bond-servant-in-training/Documents/Projects/Grade-Automator-Plus-beta-batch-15/AutoGrader/cache_generation.py", line 201, in _incr_or_create
    return cache.incr(key)
           ^^^^^^^^^^^^^^^
  File "/home/bond-servant-in-training/Documents/Virtualenvs/AutoGrader_env/lib/python3.12/site-packages/django_redis/cache.py", line 29, in _decorator
    return method(self, *args, **kwargs)
           ^^^^^^^^^^^^^^^^^^^^^^^^^^^^^
  File "/home/bond-servant-in-training/Documents/Virtualenvs/AutoGrader_env/lib/python3.12/site-packages/django_redis/cache.py", line 130, in incr
    return self.client.incr(*args, **kwargs)
           ^^^^^^^^^^^^^^^^^^^^^^^^^^^^^^^^^
  File "/home/bond-servant-in-training/Documents/Virtualenvs/AutoGrader_env/lib/python3.12/site-packages/django_redis/client/default.py", line 653, in incr
    return self._incr(
           ^^^^^^^^^^^
  File "/home/bond-servant-in-training/Documents/Virtualenvs/AutoGrader_env/lib/python3.12/site-packages/django_redis/client/default.py", line 595, in _incr
    client = self.get_client(write=True)
             ^^^^^^^^^^^^^^^^^^^^^^^^^^^
  File "/home/bond-servant-in-training/Documents/Projects/Grade-Automator-Plus-beta-batch-15/AutoGrader/tests_cache_commit_race.py", line 352, in get_client
    raise failure
  File "/home/bond-servant-in-training/Documents/Projects/Grade-Automator-Plus-beta-batch-15/AutoGrader/cache_generation.py", line 277, in _bump_pipelined
    client = cache.client.get_client(write=True)
             ^^^^^^^^^^^^^^^^^^^^^^^^^^^^^^^^^^^
  File "/home/bond-servant-in-training/Documents/Projects/Grade-Automator-Plus-beta-batch-15/AutoGrader/tests_cache_commit_race.py", line 352, in get_client
    raise failure
redis.exceptions.TimeoutError: redis timed out
Cache generation bump failed for cachegen:usr:299be046-a985-4a66-b866-4b0c8d8d11d4; entries keyed on it will serve stale data until their TTL expires.
Traceback (most recent call last):
  File "/home/bond-servant-in-training/Documents/Projects/Grade-Automator-Plus-beta-batch-15/AutoGrader/cache_generation.py", line 171, in bump_generation
    return _incr_or_create(key)
           ^^^^^^^^^^^^^^^^^^^^
  File "/home/bond-servant-in-training/Documents/Projects/Grade-Automator-Plus-beta-batch-15/AutoGrader/cache_generation.py", line 201, in _incr_or_create
    return cache.incr(key)
           ^^^^^^^^^^^^^^^
  File "/home/bond-servant-in-training/Documents/Virtualenvs/AutoGrader_env/lib/python3.12/site-packages/django_redis/cache.py", line 29, in _decorator
    return method(self, *args, **kwargs)
           ^^^^^^^^^^^^^^^^^^^^^^^^^^^^^
  File "/home/bond-servant-in-training/Documents/Virtualenvs/AutoGrader_env/lib/python3.12/site-packages/django_redis/cache.py", line 130, in incr
    return self.client.incr(*args, **kwargs)
           ^^^^^^^^^^^^^^^^^^^^^^^^^^^^^^^^^
  File "/home/bond-servant-in-training/Documents/Virtualenvs/AutoGrader_env/lib/python3.12/site-packages/django_redis/client/default.py", line 653, in incr
    return self._incr(
           ^^^^^^^^^^^
  File "/home/bond-servant-in-training/Documents/Virtualenvs/AutoGrader_env/lib/python3.12/site-packages/django_redis/client/default.py", line 595, in _incr
    client = self.get_client(write=True)
             ^^^^^^^^^^^^^^^^^^^^^^^^^^^
  File "/home/bond-servant-in-training/Documents/Projects/Grade-Automator-Plus-beta-batch-15/AutoGrader/tests_cache_commit_race.py", line 352, in get_client
    raise failure
  File "/home/bond-servant-in-training/Documents/Projects/Grade-Automator-Plus-beta-batch-15/AutoGrader/cache_generation.py", line 171, in bump_generation
    return _incr_or_create(key)
           ^^^^^^^^^^^^^^^^^^^^
  File "/home/bond-servant-in-training/Documents/Projects/Grade-Automator-Plus-beta-batch-15/AutoGrader/cache_generation.py", line 201, in _incr_or_create
    return cache.incr(key)
           ^^^^^^^^^^^^^^^
  File "/home/bond-servant-in-training/Documents/Virtualenvs/AutoGrader_env/lib/python3.12/site-packages/django_redis/cache.py", line 29, in _decorator
    return method(self, *args, **kwargs)
           ^^^^^^^^^^^^^^^^^^^^^^^^^^^^^
  File "/home/bond-servant-in-training/Documents/Virtualenvs/AutoGrader_env/lib/python3.12/site-packages/django_redis/cache.py", line 130, in incr
    return self.client.incr(*args, **kwargs)
           ^^^^^^^^^^^^^^^^^^^^^^^^^^^^^^^^^
  File "/home/bond-servant-in-training/Documents/Virtualenvs/AutoGrader_env/lib/python3.12/site-packages/django_redis/client/default.py", line 653, in incr
    return self._incr(
           ^^^^^^^^^^^
  File "/home/bond-servant-in-training/Documents/Virtualenvs/AutoGrader_env/lib/python3.12/site-packages/django_redis/client/default.py", line 595, in _incr
    client = self.get_client(write=True)
             ^^^^^^^^^^^^^^^^^^^^^^^^^^^
  File "/home/bond-servant-in-training/Documents/Projects/Grade-Automator-Plus-beta-batch-15/AutoGrader/tests_cache_commit_race.py", line 352, in get_client
    raise failure
  File "/home/bond-servant-in-training/Documents/Projects/Grade-Automator-Plus-beta-batch-15/AutoGrader/cache_generation.py", line 277, in _bump_pipelined
    client = cache.client.get_client(write=True)
             ^^^^^^^^^^^^^^^^^^^^^^^^^^^^^^^^^^^
  File "/home/bond-servant-in-training/Documents/Projects/Grade-Automator-Plus-beta-batch-15/AutoGrader/tests_cache_commit_race.py", line 352, in get_client
    raise failure
  File "/home/bond-servant-in-training/Documents/Projects/Grade-Automator-Plus-beta-batch-15/AutoGrader/cache_generation.py", line 171, in bump_generation
    return _incr_or_create(key)
           ^^^^^^^^^^^^^^^^^^^^
  File "/home/bond-servant-in-training/Documents/Projects/Grade-Automator-Plus-beta-batch-15/AutoGrader/cache_generation.py", line 201, in _incr_or_create
    return cache.incr(key)
           ^^^^^^^^^^^^^^^
  File "/home/bond-servant-in-training/Documents/Virtualenvs/AutoGrader_env/lib/python3.12/site-packages/django_redis/cache.py", line 29, in _decorator
    return method(self, *args, **kwargs)
           ^^^^^^^^^^^^^^^^^^^^^^^^^^^^^
  File "/home/bond-servant-in-training/Documents/Virtualenvs/AutoGrader_env/lib/python3.12/site-packages/django_redis/cache.py", line 130, in incr
    return self.client.incr(*args, **kwargs)
           ^^^^^^^^^^^^^^^^^^^^^^^^^^^^^^^^^
  File "/home/bond-servant-in-training/Documents/Virtualenvs/AutoGrader_env/lib/python3.12/site-packages/django_redis/client/default.py", line 653, in incr
    return self._incr(
           ^^^^^^^^^^^
  File "/home/bond-servant-in-training/Documents/Virtualenvs/AutoGrader_env/lib/python3.12/site-packages/django_redis/client/default.py", line 595, in _incr
    client = self.get_client(write=True)
             ^^^^^^^^^^^^^^^^^^^^^^^^^^^
  File "/home/bond-servant-in-training/Documents/Projects/Grade-Automator-Plus-beta-batch-15/AutoGrader/tests_cache_commit_race.py", line 352, in get_client
    raise failure
  File "/home/bond-servant-in-training/Documents/Projects/Grade-Automator-Plus-beta-batch-15/AutoGrader/cache_generation.py", line 171, in bump_generation
    return _incr_or_create(key)
           ^^^^^^^^^^^^^^^^^^^^
  File "/home/bond-servant-in-training/Documents/Projects/Grade-Automator-Plus-beta-batch-15/AutoGrader/cache_generation.py", line 201, in _incr_or_create
    return cache.incr(key)
           ^^^^^^^^^^^^^^^
  File "/home/bond-servant-in-training/Documents/Virtualenvs/AutoGrader_env/lib/python3.12/site-packages/django_redis/cache.py", line 29, in _decorator
    return method(self, *args, **kwargs)
           ^^^^^^^^^^^^^^^^^^^^^^^^^^^^^
  File "/home/bond-servant-in-training/Documents/Virtualenvs/AutoGrader_env/lib/python3.12/site-packages/django_redis/cache.py", line 130, in incr
    return self.client.incr(*args, **kwargs)
           ^^^^^^^^^^^^^^^^^^^^^^^^^^^^^^^^^
  File "/home/bond-servant-in-training/Documents/Virtualenvs/AutoGrader_env/lib/python3.12/site-packages/django_redis/client/default.py", line 653, in incr
    return self._incr(
           ^^^^^^^^^^^
  File "/home/bond-servant-in-training/Documents/Virtualenvs/AutoGrader_env/lib/python3.12/site-packages/django_redis/client/default.py", line 595, in _incr
    client = self.get_client(write=True)
             ^^^^^^^^^^^^^^^^^^^^^^^^^^^
  File "/home/bond-servant-in-training/Documents/Projects/Grade-Automator-Plus-beta-batch-15/AutoGrader/tests_cache_commit_race.py", line 352, in get_client
    raise failure
  File "/home/bond-servant-in-training/Documents/Projects/Grade-Automator-Plus-beta-batch-15/AutoGrader/cache_generation.py", line 171, in bump_generation
    return _incr_or_create(key)
           ^^^^^^^^^^^^^^^^^^^^
  File "/home/bond-servant-in-training/Documents/Projects/Grade-Automator-Plus-beta-batch-15/AutoGrader/cache_generation.py", line 201, in _incr_or_create
    return cache.incr(key)
           ^^^^^^^^^^^^^^^
  File "/home/bond-servant-in-training/Documents/Virtualenvs/AutoGrader_env/lib/python3.12/site-packages/django_redis/cache.py", line 29, in _decorator
    return method(self, *args, **kwargs)
           ^^^^^^^^^^^^^^^^^^^^^^^^^^^^^
  File "/home/bond-servant-in-training/Documents/Virtualenvs/AutoGrader_env/lib/python3.12/site-packages/django_redis/cache.py", line 130, in incr
    return self.client.incr(*args, **kwargs)
           ^^^^^^^^^^^^^^^^^^^^^^^^^^^^^^^^^
  File "/home/bond-servant-in-training/Documents/Virtualenvs/AutoGrader_env/lib/python3.12/site-packages/django_redis/client/default.py", line 653, in incr
    return self._incr(
           ^^^^^^^^^^^
  File "/home/bond-servant-in-training/Documents/Virtualenvs/AutoGrader_env/lib/python3.12/site-packages/django_redis/client/default.py", line 595, in _incr
    client = self.get_client(write=True)
             ^^^^^^^^^^^^^^^^^^^^^^^^^^^
  File "/home/bond-servant-in-training/Documents/Projects/Grade-Automator-Plus-beta-batch-15/AutoGrader/tests_cache_commit_race.py", line 352, in get_client
    raise failure
  File "/home/bond-servant-in-training/Documents/Projects/Grade-Automator-Plus-beta-batch-15/AutoGrader/cache_generation.py", line 171, in bump_generation
    return _incr_or_create(key)
           ^^^^^^^^^^^^^^^^^^^^
  File "/home/bond-servant-in-training/Documents/Projects/Grade-Automator-Plus-beta-batch-15/AutoGrader/cache_generation.py", line 201, in _incr_or_create
    return cache.incr(key)
           ^^^^^^^^^^^^^^^
  File "/home/bond-servant-in-training/Documents/Virtualenvs/AutoGrader_env/lib/python3.12/site-packages/django_redis/cache.py", line 29, in _decorator
    return method(self, *args, **kwargs)
           ^^^^^^^^^^^^^^^^^^^^^^^^^^^^^
  File "/home/bond-servant-in-training/Documents/Virtualenvs/AutoGrader_env/lib/python3.12/site-packages/django_redis/cache.py", line 130, in incr
    return self.client.incr(*args, **kwargs)
           ^^^^^^^^^^^^^^^^^^^^^^^^^^^^^^^^^
  File "/home/bond-servant-in-training/Documents/Virtualenvs/AutoGrader_env/lib/python3.12/site-packages/django_redis/client/default.py", line 653, in incr
    return self._incr(
           ^^^^^^^^^^^
  File "/home/bond-servant-in-training/Documents/Virtualenvs/AutoGrader_env/lib/python3.12/site-packages/django_redis/client/default.py", line 595, in _incr
    client = self.get_client(write=True)
             ^^^^^^^^^^^^^^^^^^^^^^^^^^^
  File "/home/bond-servant-in-training/Documents/Projects/Grade-Automator-Plus-beta-batch-15/AutoGrader/tests_cache_commit_race.py", line 352, in get_client
    raise failure
  File "/home/bond-servant-in-training/Documents/Projects/Grade-Automator-Plus-beta-batch-15/AutoGrader/cache_generation.py", line 277, in _bump_pipelined
    client = cache.client.get_client(write=True)
             ^^^^^^^^^^^^^^^^^^^^^^^^^^^^^^^^^^^
  File "/home/bond-servant-in-training/Documents/Projects/Grade-Automator-Plus-beta-batch-15/AutoGrader/tests_cache_commit_race.py", line 352, in get_client
    raise failure
redis.exceptions.TimeoutError: redis timed out
Cache generation bump failed for cachegen:usr:9a5b072a-e687-47fa-99b1-65465706b682; entries keyed on it will serve stale data until their TTL expires.
Traceback (most recent call last):
  File "/home/bond-servant-in-training/Documents/Projects/Grade-Automator-Plus-beta-batch-15/AutoGrader/cache_generation.py", line 171, in bump_generation
    return _incr_or_create(key)
           ^^^^^^^^^^^^^^^^^^^^
  File "/home/bond-servant-in-training/Documents/Projects/Grade-Automator-Plus-beta-batch-15/AutoGrader/cache_generation.py", line 201, in _incr_or_create
    return cache.incr(key)
           ^^^^^^^^^^^^^^^
  File "/home/bond-servant-in-training/Documents/Virtualenvs/AutoGrader_env/lib/python3.12/site-packages/django_redis/cache.py", line 29, in _decorator
    return method(self, *args, **kwargs)
           ^^^^^^^^^^^^^^^^^^^^^^^^^^^^^
  File "/home/bond-servant-in-training/Documents/Virtualenvs/AutoGrader_env/lib/python3.12/site-packages/django_redis/cache.py", line 130, in incr
    return self.client.incr(*args, **kwargs)
           ^^^^^^^^^^^^^^^^^^^^^^^^^^^^^^^^^
  File "/home/bond-servant-in-training/Documents/Virtualenvs/AutoGrader_env/lib/python3.12/site-packages/django_redis/client/default.py", line 653, in incr
    return self._incr(
           ^^^^^^^^^^^
  File "/home/bond-servant-in-training/Documents/Virtualenvs/AutoGrader_env/lib/python3.12/site-packages/django_redis/client/default.py", line 595, in _incr
    client = self.get_client(write=True)
             ^^^^^^^^^^^^^^^^^^^^^^^^^^^
  File "/home/bond-servant-in-training/Documents/Projects/Grade-Automator-Plus-beta-batch-15/AutoGrader/tests_cache_commit_race.py", line 352, in get_client
    raise failure
  File "/home/bond-servant-in-training/Documents/Projects/Grade-Automator-Plus-beta-batch-15/AutoGrader/cache_generation.py", line 171, in bump_generation
    return _incr_or_create(key)
           ^^^^^^^^^^^^^^^^^^^^
  File "/home/bond-servant-in-training/Documents/Projects/Grade-Automator-Plus-beta-batch-15/AutoGrader/cache_generation.py", line 201, in _incr_or_create
    return cache.incr(key)
           ^^^^^^^^^^^^^^^
  File "/home/bond-servant-in-training/Documents/Virtualenvs/AutoGrader_env/lib/python3.12/site-packages/django_redis/cache.py", line 29, in _decorator
    return method(self, *args, **kwargs)
           ^^^^^^^^^^^^^^^^^^^^^^^^^^^^^
  File "/home/bond-servant-in-training/Documents/Virtualenvs/AutoGrader_env/lib/python3.12/site-packages/django_redis/cache.py", line 130, in incr
    return self.client.incr(*args, **kwargs)
           ^^^^^^^^^^^^^^^^^^^^^^^^^^^^^^^^^
  File "/home/bond-servant-in-training/Documents/Virtualenvs/AutoGrader_env/lib/python3.12/site-packages/django_redis/client/default.py", line 653, in incr
    return self._incr(
           ^^^^^^^^^^^
  File "/home/bond-servant-in-training/Documents/Virtualenvs/AutoGrader_env/lib/python3.12/site-packages/django_redis/client/default.py", line 595, in _incr
    client = self.get_client(write=True)
             ^^^^^^^^^^^^^^^^^^^^^^^^^^^
  File "/home/bond-servant-in-training/Documents/Projects/Grade-Automator-Plus-beta-batch-15/AutoGrader/tests_cache_commit_race.py", line 352, in get_client
    raise failure
  File "/home/bond-servant-in-training/Documents/Projects/Grade-Automator-Plus-beta-batch-15/AutoGrader/cache_generation.py", line 171, in bump_generation
    return _incr_or_create(key)
           ^^^^^^^^^^^^^^^^^^^^
  File "/home/bond-servant-in-training/Documents/Projects/Grade-Automator-Plus-beta-batch-15/AutoGrader/cache_generation.py", line 201, in _incr_or_create
    return cache.incr(key)
           ^^^^^^^^^^^^^^^
  File "/home/bond-servant-in-training/Documents/Virtualenvs/AutoGrader_env/lib/python3.12/site-packages/django_redis/cache.py", line 29, in _decorator
    return method(self, *args, **kwargs)
           ^^^^^^^^^^^^^^^^^^^^^^^^^^^^^
  File "/home/bond-servant-in-training/Documents/Virtualenvs/AutoGrader_env/lib/python3.12/site-packages/django_redis/cache.py", line 130, in incr
    return self.client.incr(*args, **kwargs)
           ^^^^^^^^^^^^^^^^^^^^^^^^^^^^^^^^^
  File "/home/bond-servant-in-training/Documents/Virtualenvs/AutoGrader_env/lib/python3.12/site-packages/django_redis/client/default.py", line 653, in incr
    return self._incr(
           ^^^^^^^^^^^
  File "/home/bond-servant-in-training/Documents/Virtualenvs/AutoGrader_env/lib/python3.12/site-packages/django_redis/client/default.py", line 595, in _incr
    client = self.get_client(write=True)
             ^^^^^^^^^^^^^^^^^^^^^^^^^^^
  File "/home/bond-servant-in-training/Documents/Projects/Grade-Automator-Plus-beta-batch-15/AutoGrader/tests_cache_commit_race.py", line 352, in get_client
    raise failure
  File "/home/bond-servant-in-training/Documents/Projects/Grade-Automator-Plus-beta-batch-15/AutoGrader/cache_generation.py", line 277, in _bump_pipelined
    client = cache.client.get_client(write=True)
             ^^^^^^^^^^^^^^^^^^^^^^^^^^^^^^^^^^^
  File "/home/bond-servant-in-training/Documents/Projects/Grade-Automator-Plus-beta-batch-15/AutoGrader/tests_cache_commit_race.py", line 352, in get_client
    raise failure
  File "/home/bond-servant-in-training/Documents/Projects/Grade-Automator-Plus-beta-batch-15/AutoGrader/cache_generation.py", line 171, in bump_generation
    return _incr_or_create(key)
           ^^^^^^^^^^^^^^^^^^^^
  File "/home/bond-servant-in-training/Documents/Projects/Grade-Automator-Plus-beta-batch-15/AutoGrader/cache_generation.py", line 201, in _incr_or_create
    return cache.incr(key)
           ^^^^^^^^^^^^^^^
  File "/home/bond-servant-in-training/Documents/Virtualenvs/AutoGrader_env/lib/python3.12/site-packages/django_redis/cache.py", line 29, in _decorator
    return method(self, *args, **kwargs)
           ^^^^^^^^^^^^^^^^^^^^^^^^^^^^^
  File "/home/bond-servant-in-training/Documents/Virtualenvs/AutoGrader_env/lib/python3.12/site-packages/django_redis/cache.py", line 130, in incr
    return self.client.incr(*args, **kwargs)
           ^^^^^^^^^^^^^^^^^^^^^^^^^^^^^^^^^
  File "/home/bond-servant-in-training/Documents/Virtualenvs/AutoGrader_env/lib/python3.12/site-packages/django_redis/client/default.py", line 653, in incr
    return self._incr(
           ^^^^^^^^^^^
  File "/home/bond-servant-in-training/Documents/Virtualenvs/AutoGrader_env/lib/python3.12/site-packages/django_redis/client/default.py", line 595, in _incr
    client = self.get_client(write=True)
             ^^^^^^^^^^^^^^^^^^^^^^^^^^^
  File "/home/bond-servant-in-training/Documents/Projects/Grade-Automator-Plus-beta-batch-15/AutoGrader/tests_cache_commit_race.py", line 352, in get_client
    raise failure
  File "/home/bond-servant-in-training/Documents/Projects/Grade-Automator-Plus-beta-batch-15/AutoGrader/cache_generation.py", line 171, in bump_generation
    return _incr_or_create(key)
           ^^^^^^^^^^^^^^^^^^^^
  File "/home/bond-servant-in-training/Documents/Projects/Grade-Automator-Plus-beta-batch-15/AutoGrader/cache_generation.py", line 201, in _incr_or_create
    return cache.incr(key)
           ^^^^^^^^^^^^^^^
  File "/home/bond-servant-in-training/Documents/Virtualenvs/AutoGrader_env/lib/python3.12/site-packages/django_redis/cache.py", line 29, in _decorator
    return method(self, *args, **kwargs)
           ^^^^^^^^^^^^^^^^^^^^^^^^^^^^^
  File "/home/bond-servant-in-training/Documents/Virtualenvs/AutoGrader_env/lib/python3.12/site-packages/django_redis/cache.py", line 130, in incr
    return self.client.incr(*args, **kwargs)
           ^^^^^^^^^^^^^^^^^^^^^^^^^^^^^^^^^
  File "/home/bond-servant-in-training/Documents/Virtualenvs/AutoGrader_env/lib/python3.12/site-packages/django_redis/client/default.py", line 653, in incr
    return self._incr(
           ^^^^^^^^^^^
  File "/home/bond-servant-in-training/Documents/Virtualenvs/AutoGrader_env/lib/python3.12/site-packages/django_redis/client/default.py", line 595, in _incr
    client = self.get_client(write=True)
             ^^^^^^^^^^^^^^^^^^^^^^^^^^^
  File "/home/bond-servant-in-training/Documents/Projects/Grade-Automator-Plus-beta-batch-15/AutoGrader/tests_cache_commit_race.py", line 352, in get_client
    raise failure
  File "/home/bond-servant-in-training/Documents/Projects/Grade-Automator-Plus-beta-batch-15/AutoGrader/cache_generation.py", line 171, in bump_generation
    return _incr_or_create(key)
           ^^^^^^^^^^^^^^^^^^^^
  File "/home/bond-servant-in-training/Documents/Projects/Grade-Automator-Plus-beta-batch-15/AutoGrader/cache_generation.py", line 201, in _incr_or_create
    return cache.incr(key)
           ^^^^^^^^^^^^^^^
  File "/home/bond-servant-in-training/Documents/Virtualenvs/AutoGrader_env/lib/python3.12/site-packages/django_redis/cache.py", line 29, in _decorator
    return method(self, *args, **kwargs)
           ^^^^^^^^^^^^^^^^^^^^^^^^^^^^^
  File "/home/bond-servant-in-training/Documents/Virtualenvs/AutoGrader_env/lib/python3.12/site-packages/django_redis/cache.py", line 130, in incr
    return self.client.incr(*args, **kwargs)
           ^^^^^^^^^^^^^^^^^^^^^^^^^^^^^^^^^
  File "/home/bond-servant-in-training/Documents/Virtualenvs/AutoGrader_env/lib/python3.12/site-packages/django_redis/client/default.py", line 653, in incr
    return self._incr(
           ^^^^^^^^^^^
  File "/home/bond-servant-in-training/Documents/Virtualenvs/AutoGrader_env/lib/python3.12/site-packages/django_redis/client/default.py", line 595, in _incr
    client = self.get_client(write=True)
             ^^^^^^^^^^^^^^^^^^^^^^^^^^^
  File "/home/bond-servant-in-training/Documents/Projects/Grade-Automator-Plus-beta-batch-15/AutoGrader/tests_cache_commit_race.py", line 352, in get_client
    raise failure
  File "/home/bond-servant-in-training/Documents/Projects/Grade-Automator-Plus-beta-batch-15/AutoGrader/cache_generation.py", line 171, in bump_generation
    return _incr_or_create(key)
           ^^^^^^^^^^^^^^^^^^^^
  File "/home/bond-servant-in-training/Documents/Projects/Grade-Automator-Plus-beta-batch-15/AutoGrader/cache_generation.py", line 201, in _incr_or_create
    return cache.incr(key)
           ^^^^^^^^^^^^^^^
  File "/home/bond-servant-in-training/Documents/Virtualenvs/AutoGrader_env/lib/python3.12/site-packages/django_redis/cache.py", line 29, in _decorator
    return method(self, *args, **kwargs)
           ^^^^^^^^^^^^^^^^^^^^^^^^^^^^^
  File "/home/bond-servant-in-training/Documents/Virtualenvs/AutoGrader_env/lib/python3.12/site-packages/django_redis/cache.py", line 130, in incr
    return self.client.incr(*args, **kwargs)
           ^^^^^^^^^^^^^^^^^^^^^^^^^^^^^^^^^
  File "/home/bond-servant-in-training/Documents/Virtualenvs/AutoGrader_env/lib/python3.12/site-packages/django_redis/client/default.py", line 653, in incr
    return self._incr(
           ^^^^^^^^^^^
  File "/home/bond-servant-in-training/Documents/Virtualenvs/AutoGrader_env/lib/python3.12/site-packages/django_redis/client/default.py", line 595, in _incr
    client = self.get_client(write=True)
             ^^^^^^^^^^^^^^^^^^^^^^^^^^^
  File "/home/bond-servant-in-training/Documents/Projects/Grade-Automator-Plus-beta-batch-15/AutoGrader/tests_cache_commit_race.py", line 352, in get_client
    raise failure
  File "/home/bond-servant-in-training/Documents/Projects/Grade-Automator-Plus-beta-batch-15/AutoGrader/cache_generation.py", line 277, in _bump_pipelined
    client = cache.client.get_client(write=True)
             ^^^^^^^^^^^^^^^^^^^^^^^^^^^^^^^^^^^
  File "/home/bond-servant-in-training/Documents/Projects/Grade-Automator-Plus-beta-batch-15/AutoGrader/tests_cache_commit_race.py", line 352, in get_client
    raise failure
redis.exceptions.TimeoutError: redis timed out
Cache generation bump failed for cachegen:crs:4e51c163-801d-4e24-bfca-c0a67d4b117a; entries keyed on it will serve stale data until their TTL expires.
Traceback (most recent call last):
  File "/home/bond-servant-in-training/Documents/Projects/Grade-Automator-Plus-beta-batch-15/AutoGrader/cache_generation.py", line 171, in bump_generation
    return _incr_or_create(key)
           ^^^^^^^^^^^^^^^^^^^^
  File "/home/bond-servant-in-training/Documents/Projects/Grade-Automator-Plus-beta-batch-15/AutoGrader/cache_generation.py", line 201, in _incr_or_create
    return cache.incr(key)
           ^^^^^^^^^^^^^^^
  File "/home/bond-servant-in-training/Documents/Virtualenvs/AutoGrader_env/lib/python3.12/site-packages/django_redis/cache.py", line 29, in _decorator
    return method(self, *args, **kwargs)
           ^^^^^^^^^^^^^^^^^^^^^^^^^^^^^
  File "/home/bond-servant-in-training/Documents/Virtualenvs/AutoGrader_env/lib/python3.12/site-packages/django_redis/cache.py", line 130, in incr
    return self.client.incr(*args, **kwargs)
           ^^^^^^^^^^^^^^^^^^^^^^^^^^^^^^^^^
  File "/home/bond-servant-in-training/Documents/Virtualenvs/AutoGrader_env/lib/python3.12/site-packages/django_redis/client/default.py", line 653, in incr
    return self._incr(
           ^^^^^^^^^^^
  File "/home/bond-servant-in-training/Documents/Virtualenvs/AutoGrader_env/lib/python3.12/site-packages/django_redis/client/default.py", line 595, in _incr
    client = self.get_client(write=True)
             ^^^^^^^^^^^^^^^^^^^^^^^^^^^
  File "/home/bond-servant-in-training/Documents/Projects/Grade-Automator-Plus-beta-batch-15/AutoGrader/tests_cache_commit_race.py", line 352, in get_client
    raise failure
  File "/home/bond-servant-in-training/Documents/Projects/Grade-Automator-Plus-beta-batch-15/AutoGrader/cache_generation.py", line 171, in bump_generation
    return _incr_or_create(key)
           ^^^^^^^^^^^^^^^^^^^^
  File "/home/bond-servant-in-training/Documents/Projects/Grade-Automator-Plus-beta-batch-15/AutoGrader/cache_generation.py", line 201, in _incr_or_create
    return cache.incr(key)
           ^^^^^^^^^^^^^^^
  File "/home/bond-servant-in-training/Documents/Virtualenvs/AutoGrader_env/lib/python3.12/site-packages/django_redis/cache.py", line 29, in _decorator
    return method(self, *args, **kwargs)
           ^^^^^^^^^^^^^^^^^^^^^^^^^^^^^
  File "/home/bond-servant-in-training/Documents/Virtualenvs/AutoGrader_env/lib/python3.12/site-packages/django_redis/cache.py", line 130, in incr
    return self.client.incr(*args, **kwargs)
           ^^^^^^^^^^^^^^^^^^^^^^^^^^^^^^^^^
  File "/home/bond-servant-in-training/Documents/Virtualenvs/AutoGrader_env/lib/python3.12/site-packages/django_redis/client/default.py", line 653, in incr
    return self._incr(
           ^^^^^^^^^^^
  File "/home/bond-servant-in-training/Documents/Virtualenvs/AutoGrader_env/lib/python3.12/site-packages/django_redis/client/default.py", line 595, in _incr
    client = self.get_client(write=True)
             ^^^^^^^^^^^^^^^^^^^^^^^^^^^
  File "/home/bond-servant-in-training/Documents/Projects/Grade-Automator-Plus-beta-batch-15/AutoGrader/tests_cache_commit_race.py", line 352, in get_client
    raise failure
  File "/home/bond-servant-in-training/Documents/Projects/Grade-Automator-Plus-beta-batch-15/AutoGrader/cache_generation.py", line 171, in bump_generation
    return _incr_or_create(key)
           ^^^^^^^^^^^^^^^^^^^^
  File "/home/bond-servant-in-training/Documents/Projects/Grade-Automator-Plus-beta-batch-15/AutoGrader/cache_generation.py", line 201, in _incr_or_create
    return cache.incr(key)
           ^^^^^^^^^^^^^^^
  File "/home/bond-servant-in-training/Documents/Virtualenvs/AutoGrader_env/lib/python3.12/site-packages/django_redis/cache.py", line 29, in _decorator
    return method(self, *args, **kwargs)
           ^^^^^^^^^^^^^^^^^^^^^^^^^^^^^
  File "/home/bond-servant-in-training/Documents/Virtualenvs/AutoGrader_env/lib/python3.12/site-packages/django_redis/cache.py", line 130, in incr
    return self.client.incr(*args, **kwargs)
           ^^^^^^^^^^^^^^^^^^^^^^^^^^^^^^^^^
  File "/home/bond-servant-in-training/Documents/Virtualenvs/AutoGrader_env/lib/python3.12/site-packages/django_redis/client/default.py", line 653, in incr
    return self._incr(
           ^^^^^^^^^^^
  File "/home/bond-servant-in-training/Documents/Virtualenvs/AutoGrader_env/lib/python3.12/site-packages/django_redis/client/default.py", line 595, in _incr
    client = self.get_client(write=True)
             ^^^^^^^^^^^^^^^^^^^^^^^^^^^
  File "/home/bond-servant-in-training/Documents/Projects/Grade-Automator-Plus-beta-batch-15/AutoGrader/tests_cache_commit_race.py", line 352, in get_client
    raise failure
  File "/home/bond-servant-in-training/Documents/Projects/Grade-Automator-Plus-beta-batch-15/AutoGrader/cache_generation.py", line 171, in bump_generation
    return _incr_or_create(key)
           ^^^^^^^^^^^^^^^^^^^^
  File "/home/bond-servant-in-training/Documents/Projects/Grade-Automator-Plus-beta-batch-15/AutoGrader/cache_generation.py", line 201, in _incr_or_create
    return cache.incr(key)
           ^^^^^^^^^^^^^^^
  File "/home/bond-servant-in-training/Documents/Virtualenvs/AutoGrader_env/lib/python3.12/site-packages/django_redis/cache.py", line 29, in _decorator
    return method(self, *args, **kwargs)
           ^^^^^^^^^^^^^^^^^^^^^^^^^^^^^
  File "/home/bond-servant-in-training/Documents/Virtualenvs/AutoGrader_env/lib/python3.12/site-packages/django_redis/cache.py", line 130, in incr
    return self.client.incr(*args, **kwargs)
           ^^^^^^^^^^^^^^^^^^^^^^^^^^^^^^^^^
  File "/home/bond-servant-in-training/Documents/Virtualenvs/AutoGrader_env/lib/python3.12/site-packages/django_redis/client/default.py", line 653, in incr
    return self._incr(
           ^^^^^^^^^^^
  File "/home/bond-servant-in-training/Documents/Virtualenvs/AutoGrader_env/lib/python3.12/site-packages/django_redis/client/default.py", line 595, in _incr
    client = self.get_client(write=True)
             ^^^^^^^^^^^^^^^^^^^^^^^^^^^
  File "/home/bond-servant-in-training/Documents/Projects/Grade-Automator-Plus-beta-batch-15/AutoGrader/tests_cache_commit_race.py", line 352, in get_client
    raise failure
  File "/home/bond-servant-in-training/Documents/Projects/Grade-Automator-Plus-beta-batch-15/AutoGrader/cache_generation.py", line 277, in _bump_pipelined
    client = cache.client.get_client(write=True)
             ^^^^^^^^^^^^^^^^^^^^^^^^^^^^^^^^^^^
  File "/home/bond-servant-in-training/Documents/Projects/Grade-Automator-Plus-beta-batch-15/AutoGrader/tests_cache_commit_race.py", line 352, in get_client
    raise failure
  File "/home/bond-servant-in-training/Documents/Projects/Grade-Automator-Plus-beta-batch-15/AutoGrader/cache_generation.py", line 171, in bump_generation
    return _incr_or_create(key)
           ^^^^^^^^^^^^^^^^^^^^
  File "/home/bond-servant-in-training/Documents/Projects/Grade-Automator-Plus-beta-batch-15/AutoGrader/cache_generation.py", line 201, in _incr_or_create
    return cache.incr(key)
           ^^^^^^^^^^^^^^^
  File "/home/bond-servant-in-training/Documents/Virtualenvs/AutoGrader_env/lib/python3.12/site-packages/django_redis/cache.py", line 29, in _decorator
    return method(self, *args, **kwargs)
           ^^^^^^^^^^^^^^^^^^^^^^^^^^^^^
  File "/home/bond-servant-in-training/Documents/Virtualenvs/AutoGrader_env/lib/python3.12/site-packages/django_redis/cache.py", line 130, in incr
    return self.client.incr(*args, **kwargs)
           ^^^^^^^^^^^^^^^^^^^^^^^^^^^^^^^^^
  File "/home/bond-servant-in-training/Documents/Virtualenvs/AutoGrader_env/lib/python3.12/site-packages/django_redis/client/default.py", line 653, in incr
    return self._incr(
           ^^^^^^^^^^^
  File "/home/bond-servant-in-training/Documents/Virtualenvs/AutoGrader_env/lib/python3.12/site-packages/django_redis/client/default.py", line 595, in _incr
    client = self.get_client(write=True)
             ^^^^^^^^^^^^^^^^^^^^^^^^^^^
  File "/home/bond-servant-in-training/Documents/Projects/Grade-Automator-Plus-beta-batch-15/AutoGrader/tests_cache_commit_race.py", line 352, in get_client
    raise failure
  File "/home/bond-servant-in-training/Documents/Projects/Grade-Automator-Plus-beta-batch-15/AutoGrader/cache_generation.py", line 171, in bump_generation
    return _incr_or_create(key)
           ^^^^^^^^^^^^^^^^^^^^
  File "/home/bond-servant-in-training/Documents/Projects/Grade-Automator-Plus-beta-batch-15/AutoGrader/cache_generation.py", line 201, in _incr_or_create
    return cache.incr(key)
           ^^^^^^^^^^^^^^^
  File "/home/bond-servant-in-training/Documents/Virtualenvs/AutoGrader_env/lib/python3.12/site-packages/django_redis/cache.py", line 29, in _decorator
    return method(self, *args, **kwargs)
           ^^^^^^^^^^^^^^^^^^^^^^^^^^^^^
  File "/home/bond-servant-in-training/Documents/Virtualenvs/AutoGrader_env/lib/python3.12/site-packages/django_redis/cache.py", line 130, in incr
    return self.client.incr(*args, **kwargs)
           ^^^^^^^^^^^^^^^^^^^^^^^^^^^^^^^^^
  File "/home/bond-servant-in-training/Documents/Virtualenvs/AutoGrader_env/lib/python3.12/site-packages/django_redis/client/default.py", line 653, in incr
    return self._incr(
           ^^^^^^^^^^^
  File "/home/bond-servant-in-training/Documents/Virtualenvs/AutoGrader_env/lib/python3.12/site-packages/django_redis/client/default.py", line 595, in _incr
    client = self.get_client(write=True)
             ^^^^^^^^^^^^^^^^^^^^^^^^^^^
  File "/home/bond-servant-in-training/Documents/Projects/Grade-Automator-Plus-beta-batch-15/AutoGrader/tests_cache_commit_race.py", line 352, in get_client
    raise failure
  File "/home/bond-servant-in-training/Documents/Projects/Grade-Automator-Plus-beta-batch-15/AutoGrader/cache_generation.py", line 171, in bump_generation
    return _incr_or_create(key)
           ^^^^^^^^^^^^^^^^^^^^
  File "/home/bond-servant-in-training/Documents/Projects/Grade-Automator-Plus-beta-batch-15/AutoGrader/cache_generation.py", line 201, in _incr_or_create
    return cache.incr(key)
           ^^^^^^^^^^^^^^^
  File "/home/bond-servant-in-training/Documents/Virtualenvs/AutoGrader_env/lib/python3.12/site-packages/django_redis/cache.py", line 29, in _decorator
    return method(self, *args, **kwargs)
           ^^^^^^^^^^^^^^^^^^^^^^^^^^^^^
  File "/home/bond-servant-in-training/Documents/Virtualenvs/AutoGrader_env/lib/python3.12/site-packages/django_redis/cache.py", line 130, in incr
    return self.client.incr(*args, **kwargs)
           ^^^^^^^^^^^^^^^^^^^^^^^^^^^^^^^^^
  File "/home/bond-servant-in-training/Documents/Virtualenvs/AutoGrader_env/lib/python3.12/site-packages/django_redis/client/default.py", line 653, in incr
    return self._incr(
           ^^^^^^^^^^^
  File "/home/bond-servant-in-training/Documents/Virtualenvs/AutoGrader_env/lib/python3.12/site-packages/django_redis/client/default.py", line 595, in _incr
    client = self.get_client(write=True)
             ^^^^^^^^^^^^^^^^^^^^^^^^^^^
  File "/home/bond-servant-in-training/Documents/Projects/Grade-Automator-Plus-beta-batch-15/AutoGrader/tests_cache_commit_race.py", line 352, in get_client
    raise failure
  File "/home/bond-servant-in-training/Documents/Projects/Grade-Automator-Plus-beta-batch-15/AutoGrader/cache_generation.py", line 171, in bump_generation
    return _incr_or_create(key)
           ^^^^^^^^^^^^^^^^^^^^
  File "/home/bond-servant-in-training/Documents/Projects/Grade-Automator-Plus-beta-batch-15/AutoGrader/cache_generation.py", line 201, in _incr_or_create
    return cache.incr(key)
           ^^^^^^^^^^^^^^^
  File "/home/bond-servant-in-training/Documents/Virtualenvs/AutoGrader_env/lib/python3.12/site-packages/django_redis/cache.py", line 29, in _decorator
    return method(self, *args, **kwargs)
           ^^^^^^^^^^^^^^^^^^^^^^^^^^^^^
  File "/home/bond-servant-in-training/Documents/Virtualenvs/AutoGrader_env/lib/python3.12/site-packages/django_redis/cache.py", line 130, in incr
    return self.client.incr(*args, **kwargs)
           ^^^^^^^^^^^^^^^^^^^^^^^^^^^^^^^^^
  File "/home/bond-servant-in-training/Documents/Virtualenvs/AutoGrader_env/lib/python3.12/site-packages/django_redis/client/default.py", line 653, in incr
    return self._incr(
           ^^^^^^^^^^^
  File "/home/bond-servant-in-training/Documents/Virtualenvs/AutoGrader_env/lib/python3.12/site-packages/django_redis/client/default.py", line 595, in _incr
    client = self.get_client(write=True)
             ^^^^^^^^^^^^^^^^^^^^^^^^^^^
  File "/home/bond-servant-in-training/Documents/Projects/Grade-Automator-Plus-beta-batch-15/AutoGrader/tests_cache_commit_race.py", line 352, in get_client
    raise failure
  File "/home/bond-servant-in-training/Documents/Projects/Grade-Automator-Plus-beta-batch-15/AutoGrader/cache_generation.py", line 277, in _bump_pipelined
    client = cache.client.get_client(write=True)
             ^^^^^^^^^^^^^^^^^^^^^^^^^^^^^^^^^^^
  File "/home/bond-servant-in-training/Documents/Projects/Grade-Automator-Plus-beta-batch-15/AutoGrader/tests_cache_commit_race.py", line 352, in get_client
    raise failure
redis.exceptions.TimeoutError: redis timed out
Cache generation bump failed for cachegen:global; entries keyed on it will serve stale data until their TTL expires.
Traceback (most recent call last):
  File "/home/bond-servant-in-training/Documents/Projects/Grade-Automator-Plus-beta-batch-15/AutoGrader/cache_generation.py", line 171, in bump_generation
    return _incr_or_create(key)
           ^^^^^^^^^^^^^^^^^^^^
  File "/home/bond-servant-in-training/Documents/Projects/Grade-Automator-Plus-beta-batch-15/AutoGrader/cache_generation.py", line 201, in _incr_or_create
    return cache.incr(key)
           ^^^^^^^^^^^^^^^
  File "/home/bond-servant-in-training/Documents/Virtualenvs/AutoGrader_env/lib/python3.12/site-packages/django_redis/cache.py", line 29, in _decorator
    return method(self, *args, **kwargs)
           ^^^^^^^^^^^^^^^^^^^^^^^^^^^^^
  File "/home/bond-servant-in-training/Documents/Virtualenvs/AutoGrader_env/lib/python3.12/site-packages/django_redis/cache.py", line 130, in incr
    return self.client.incr(*args, **kwargs)
           ^^^^^^^^^^^^^^^^^^^^^^^^^^^^^^^^^
  File "/home/bond-servant-in-training/Documents/Virtualenvs/AutoGrader_env/lib/python3.12/site-packages/django_redis/client/default.py", line 653, in incr
    return self._incr(
           ^^^^^^^^^^^
  File "/home/bond-servant-in-training/Documents/Virtualenvs/AutoGrader_env/lib/python3.12/site-packages/django_redis/client/default.py", line 595, in _incr
    client = self.get_client(write=True)
             ^^^^^^^^^^^^^^^^^^^^^^^^^^^
  File "/home/bond-servant-in-training/Documents/Projects/Grade-Automator-Plus-beta-batch-15/AutoGrader/tests_cache_commit_race.py", line 352, in get_client
    raise failure
  File "/home/bond-servant-in-training/Documents/Projects/Grade-Automator-Plus-beta-batch-15/AutoGrader/cache_generation.py", line 277, in _bump_pipelined
    client = cache.client.get_client(write=True)
             ^^^^^^^^^^^^^^^^^^^^^^^^^^^^^^^^^^^
  File "/home/bond-servant-in-training/Documents/Projects/Grade-Automator-Plus-beta-batch-15/AutoGrader/tests_cache_commit_race.py", line 352, in get_client
    raise failure
  File "/home/bond-servant-in-training/Documents/Projects/Grade-Automator-Plus-beta-batch-15/AutoGrader/cache_generation.py", line 171, in bump_generation
    return _incr_or_create(key)
           ^^^^^^^^^^^^^^^^^^^^
  File "/home/bond-servant-in-training/Documents/Projects/Grade-Automator-Plus-beta-batch-15/AutoGrader/cache_generation.py", line 201, in _incr_or_create
    return cache.incr(key)
           ^^^^^^^^^^^^^^^
  File "/home/bond-servant-in-training/Documents/Virtualenvs/AutoGrader_env/lib/python3.12/site-packages/django_redis/cache.py", line 29, in _decorator
    return method(self, *args, **kwargs)
           ^^^^^^^^^^^^^^^^^^^^^^^^^^^^^
  File "/home/bond-servant-in-training/Documents/Virtualenvs/AutoGrader_env/lib/python3.12/site-packages/django_redis/cache.py", line 130, in incr
    return self.client.incr(*args, **kwargs)
           ^^^^^^^^^^^^^^^^^^^^^^^^^^^^^^^^^
  File "/home/bond-servant-in-training/Documents/Virtualenvs/AutoGrader_env/lib/python3.12/site-packages/django_redis/client/default.py", line 653, in incr
    return self._incr(
           ^^^^^^^^^^^
  File "/home/bond-servant-in-training/Documents/Virtualenvs/AutoGrader_env/lib/python3.12/site-packages/django_redis/client/default.py", line 595, in _incr
    client = self.get_client(write=True)
             ^^^^^^^^^^^^^^^^^^^^^^^^^^^
  File "/home/bond-servant-in-training/Documents/Projects/Grade-Automator-Plus-beta-batch-15/AutoGrader/tests_cache_commit_race.py", line 352, in get_client
    raise failure
  File "/home/bond-servant-in-training/Documents/Projects/Grade-Automator-Plus-beta-batch-15/AutoGrader/cache_generation.py", line 171, in bump_generation
    return _incr_or_create(key)
           ^^^^^^^^^^^^^^^^^^^^
  File "/home/bond-servant-in-training/Documents/Projects/Grade-Automator-Plus-beta-batch-15/AutoGrader/cache_generation.py", line 201, in _incr_or_create
    return cache.incr(key)
           ^^^^^^^^^^^^^^^
  File "/home/bond-servant-in-training/Documents/Virtualenvs/AutoGrader_env/lib/python3.12/site-packages/django_redis/cache.py", line 29, in _decorator
    return method(self, *args, **kwargs)
           ^^^^^^^^^^^^^^^^^^^^^^^^^^^^^
  File "/home/bond-servant-in-training/Documents/Virtualenvs/AutoGrader_env/lib/python3.12/site-packages/django_redis/cache.py", line 130, in incr
    return self.client.incr(*args, **kwargs)
           ^^^^^^^^^^^^^^^^^^^^^^^^^^^^^^^^^
  File "/home/bond-servant-in-training/Documents/Virtualenvs/AutoGrader_env/lib/python3.12/site-packages/django_redis/client/default.py", line 653, in incr
    return self._incr(
           ^^^^^^^^^^^
  File "/home/bond-servant-in-training/Documents/Virtualenvs/AutoGrader_env/lib/python3.12/site-packages/django_redis/client/default.py", line 595, in _incr
    client = self.get_client(write=True)
             ^^^^^^^^^^^^^^^^^^^^^^^^^^^
  File "/home/bond-servant-in-training/Documents/Projects/Grade-Automator-Plus-beta-batch-15/AutoGrader/tests_cache_commit_race.py", line 352, in get_client
    raise failure
  File "/home/bond-servant-in-training/Documents/Projects/Grade-Automator-Plus-beta-batch-15/AutoGrader/cache_generation.py", line 171, in bump_generation
    return _incr_or_create(key)
           ^^^^^^^^^^^^^^^^^^^^
  File "/home/bond-servant-in-training/Documents/Projects/Grade-Automator-Plus-beta-batch-15/AutoGrader/cache_generation.py", line 201, in _incr_or_create
    return cache.incr(key)
           ^^^^^^^^^^^^^^^
  File "/home/bond-servant-in-training/Documents/Virtualenvs/AutoGrader_env/lib/python3.12/site-packages/django_redis/cache.py", line 29, in _decorator
    return method(self, *args, **kwargs)
           ^^^^^^^^^^^^^^^^^^^^^^^^^^^^^
  File "/home/bond-servant-in-training/Documents/Virtualenvs/AutoGrader_env/lib/python3.12/site-packages/django_redis/cache.py", line 130, in incr
    return self.client.incr(*args, **kwargs)
           ^^^^^^^^^^^^^^^^^^^^^^^^^^^^^^^^^
  File "/home/bond-servant-in-training/Documents/Virtualenvs/AutoGrader_env/lib/python3.12/site-packages/django_redis/client/default.py", line 653, in incr
    return self._incr(
           ^^^^^^^^^^^
  File "/home/bond-servant-in-training/Documents/Virtualenvs/AutoGrader_env/lib/python3.12/site-packages/django_redis/client/default.py", line 595, in _incr
    client = self.get_client(write=True)
             ^^^^^^^^^^^^^^^^^^^^^^^^^^^
  File "/home/bond-servant-in-training/Documents/Projects/Grade-Automator-Plus-beta-batch-15/AutoGrader/tests_cache_commit_race.py", line 352, in get_client
    raise failure
  File "/home/bond-servant-in-training/Documents/Projects/Grade-Automator-Plus-beta-batch-15/AutoGrader/cache_generation.py", line 171, in bump_generation
    return _incr_or_create(key)
           ^^^^^^^^^^^^^^^^^^^^
  File "/home/bond-servant-in-training/Documents/Projects/Grade-Automator-Plus-beta-batch-15/AutoGrader/cache_generation.py", line 201, in _incr_or_create
    return cache.incr(key)
           ^^^^^^^^^^^^^^^
  File "/home/bond-servant-in-training/Documents/Virtualenvs/AutoGrader_env/lib/python3.12/site-packages/django_redis/cache.py", line 29, in _decorator
    return method(self, *args, **kwargs)
           ^^^^^^^^^^^^^^^^^^^^^^^^^^^^^
  File "/home/bond-servant-in-training/Documents/Virtualenvs/AutoGrader_env/lib/python3.12/site-packages/django_redis/cache.py", line 130, in incr
    return self.client.incr(*args, **kwargs)
           ^^^^^^^^^^^^^^^^^^^^^^^^^^^^^^^^^
  File "/home/bond-servant-in-training/Documents/Virtualenvs/AutoGrader_env/lib/python3.12/site-packages/django_redis/client/default.py", line 653, in incr
    return self._incr(
           ^^^^^^^^^^^
  File "/home/bond-servant-in-training/Documents/Virtualenvs/AutoGrader_env/lib/python3.12/site-packages/django_redis/client/default.py", line 595, in _incr
    client = self.get_client(write=True)
             ^^^^^^^^^^^^^^^^^^^^^^^^^^^
  File "/home/bond-servant-in-training/Documents/Projects/Grade-Automator-Plus-beta-batch-15/AutoGrader/tests_cache_commit_race.py", line 352, in get_client
    raise failure
  File "/home/bond-servant-in-training/Documents/Projects/Grade-Automator-Plus-beta-batch-15/AutoGrader/cache_generation.py", line 277, in _bump_pipelined
    client = cache.client.get_client(write=True)
             ^^^^^^^^^^^^^^^^^^^^^^^^^^^^^^^^^^^
  File "/home/bond-servant-in-training/Documents/Projects/Grade-Automator-Plus-beta-batch-15/AutoGrader/tests_cache_commit_race.py", line 352, in get_client
    raise failure
  File "/home/bond-servant-in-training/Documents/Projects/Grade-Automator-Plus-beta-batch-15/AutoGrader/cache_generation.py", line 171, in bump_generation
    return _incr_or_create(key)
           ^^^^^^^^^^^^^^^^^^^^
  File "/home/bond-servant-in-training/Documents/Projects/Grade-Automator-Plus-beta-batch-15/AutoGrader/cache_generation.py", line 201, in _incr_or_create
    return cache.incr(key)
           ^^^^^^^^^^^^^^^
  File "/home/bond-servant-in-training/Documents/Virtualenvs/AutoGrader_env/lib/python3.12/site-packages/django_redis/cache.py", line 29, in _decorator
    return method(self, *args, **kwargs)
           ^^^^^^^^^^^^^^^^^^^^^^^^^^^^^
  File "/home/bond-servant-in-training/Documents/Virtualenvs/AutoGrader_env/lib/python3.12/site-packages/django_redis/cache.py", line 130, in incr
    return self.client.incr(*args, **kwargs)
           ^^^^^^^^^^^^^^^^^^^^^^^^^^^^^^^^^
  File "/home/bond-servant-in-training/Documents/Virtualenvs/AutoGrader_env/lib/python3.12/site-packages/django_redis/client/default.py", line 653, in incr
    return self._incr(
           ^^^^^^^^^^^
  File "/home/bond-servant-in-training/Documents/Virtualenvs/AutoGrader_env/lib/python3.12/site-packages/django_redis/client/default.py", line 595, in _incr
    client = self.get_client(write=True)
             ^^^^^^^^^^^^^^^^^^^^^^^^^^^
  File "/home/bond-servant-in-training/Documents/Projects/Grade-Automator-Plus-beta-batch-15/AutoGrader/tests_cache_commit_race.py", line 352, in get_client
    raise failure
  File "/home/bond-servant-in-training/Documents/Projects/Grade-Automator-Plus-beta-batch-15/AutoGrader/cache_generation.py", line 171, in bump_generation
    return _incr_or_create(key)
           ^^^^^^^^^^^^^^^^^^^^
  File "/home/bond-servant-in-training/Documents/Projects/Grade-Automator-Plus-beta-batch-15/AutoGrader/cache_generation.py", line 201, in _incr_or_create
    return cache.incr(key)
           ^^^^^^^^^^^^^^^
  File "/home/bond-servant-in-training/Documents/Virtualenvs/AutoGrader_env/lib/python3.12/site-packages/django_redis/cache.py", line 29, in _decorator
    return method(self, *args, **kwargs)
           ^^^^^^^^^^^^^^^^^^^^^^^^^^^^^
  File "/home/bond-servant-in-training/Documents/Virtualenvs/AutoGrader_env/lib/python3.12/site-packages/django_redis/cache.py", line 130, in incr
    return self.client.incr(*args, **kwargs)
           ^^^^^^^^^^^^^^^^^^^^^^^^^^^^^^^^^
  File "/home/bond-servant-in-training/Documents/Virtualenvs/AutoGrader_env/lib/python3.12/site-packages/django_redis/client/default.py", line 653, in incr
    return self._incr(
           ^^^^^^^^^^^
  File "/home/bond-servant-in-training/Documents/Virtualenvs/AutoGrader_env/lib/python3.12/site-packages/django_redis/client/default.py", line 595, in _incr
    client = self.get_client(write=True)
             ^^^^^^^^^^^^^^^^^^^^^^^^^^^
  File "/home/bond-servant-in-training/Documents/Projects/Grade-Automator-Plus-beta-batch-15/AutoGrader/tests_cache_commit_race.py", line 352, in get_client
    raise failure
  File "/home/bond-servant-in-training/Documents/Projects/Grade-Automator-Plus-beta-batch-15/AutoGrader/cache_generation.py", line 171, in bump_generation
    return _incr_or_create(key)
           ^^^^^^^^^^^^^^^^^^^^
  File "/home/bond-servant-in-training/Documents/Projects/Grade-Automator-Plus-beta-batch-15/AutoGrader/cache_generation.py", line 201, in _incr_or_create
    return cache.incr(key)
           ^^^^^^^^^^^^^^^
  File "/home/bond-servant-in-training/Documents/Virtualenvs/AutoGrader_env/lib/python3.12/site-packages/django_redis/cache.py", line 29, in _decorator
    return method(self, *args, **kwargs)
           ^^^^^^^^^^^^^^^^^^^^^^^^^^^^^
  File "/home/bond-servant-in-training/Documents/Virtualenvs/AutoGrader_env/lib/python3.12/site-packages/django_redis/cache.py", line 130, in incr
    return self.client.incr(*args, **kwargs)
           ^^^^^^^^^^^^^^^^^^^^^^^^^^^^^^^^^
  File "/home/bond-servant-in-training/Documents/Virtualenvs/AutoGrader_env/lib/python3.12/site-packages/django_redis/client/default.py", line 653, in incr
    return self._incr(
           ^^^^^^^^^^^
  File "/home/bond-servant-in-training/Documents/Virtualenvs/AutoGrader_env/lib/python3.12/site-packages/django_redis/client/default.py", line 595, in _incr
    client = self.get_client(write=True)
             ^^^^^^^^^^^^^^^^^^^^^^^^^^^
  File "/home/bond-servant-in-training/Documents/Projects/Grade-Automator-Plus-beta-batch-15/AutoGrader/tests_cache_commit_race.py", line 352, in get_client
    raise failure
  File "/home/bond-servant-in-training/Documents/Projects/Grade-Automator-Plus-beta-batch-15/AutoGrader/cache_generation.py", line 171, in bump_generation
    return _incr_or_create(key)
           ^^^^^^^^^^^^^^^^^^^^
  File "/home/bond-servant-in-training/Documents/Projects/Grade-Automator-Plus-beta-batch-15/AutoGrader/cache_generation.py", line 201, in _incr_or_create
    return cache.incr(key)
           ^^^^^^^^^^^^^^^
  File "/home/bond-servant-in-training/Documents/Virtualenvs/AutoGrader_env/lib/python3.12/site-packages/django_redis/cache.py", line 29, in _decorator
    return method(self, *args, **kwargs)
           ^^^^^^^^^^^^^^^^^^^^^^^^^^^^^
  File "/home/bond-servant-in-training/Documents/Virtualenvs/AutoGrader_env/lib/python3.12/site-packages/django_redis/cache.py", line 130, in incr
    return self.client.incr(*args, **kwargs)
           ^^^^^^^^^^^^^^^^^^^^^^^^^^^^^^^^^
  File "/home/bond-servant-in-training/Documents/Virtualenvs/AutoGrader_env/lib/python3.12/site-packages/django_redis/client/default.py", line 653, in incr
    return self._incr(
           ^^^^^^^^^^^
  File "/home/bond-servant-in-training/Documents/Virtualenvs/AutoGrader_env/lib/python3.12/site-packages/django_redis/client/default.py", line 595, in _incr
    client = self.get_client(write=True)
             ^^^^^^^^^^^^^^^^^^^^^^^^^^^
  File "/home/bond-servant-in-training/Documents/Projects/Grade-Automator-Plus-beta-batch-15/AutoGrader/tests_cache_commit_race.py", line 352, in get_client
    raise failure
  File "/home/bond-servant-in-training/Documents/Projects/Grade-Automator-Plus-beta-batch-15/AutoGrader/cache_generation.py", line 277, in _bump_pipelined
    client = cache.client.get_client(write=True)
             ^^^^^^^^^^^^^^^^^^^^^^^^^^^^^^^^^^^
  File "/home/bond-servant-in-training/Documents/Projects/Grade-Automator-Plus-beta-batch-15/AutoGrader/tests_cache_commit_race.py", line 352, in get_client
    raise failure
redis.exceptions.TimeoutError: redis timed out
Cache generation bump failed for cachegen:usr:299be046-a985-4a66-b866-4b0c8d8d11d4; entries keyed on it will serve stale data until their TTL expires.
Traceback (most recent call last):
  File "/home/bond-servant-in-training/Documents/Projects/Grade-Automator-Plus-beta-batch-15/AutoGrader/cache_generation.py", line 171, in bump_generation
    return _incr_or_create(key)
           ^^^^^^^^^^^^^^^^^^^^
  File "/home/bond-servant-in-training/Documents/Projects/Grade-Automator-Plus-beta-batch-15/AutoGrader/cache_generation.py", line 201, in _incr_or_create
    return cache.incr(key)
           ^^^^^^^^^^^^^^^
  File "/home/bond-servant-in-training/Documents/Virtualenvs/AutoGrader_env/lib/python3.12/site-packages/django_redis/cache.py", line 29, in _decorator
    return method(self, *args, **kwargs)
           ^^^^^^^^^^^^^^^^^^^^^^^^^^^^^
  File "/home/bond-servant-in-training/Documents/Virtualenvs/AutoGrader_env/lib/python3.12/site-packages/django_redis/cache.py", line 130, in incr
    return self.client.incr(*args, **kwargs)
           ^^^^^^^^^^^^^^^^^^^^^^^^^^^^^^^^^
  File "/home/bond-servant-in-training/Documents/Virtualenvs/AutoGrader_env/lib/python3.12/site-packages/django_redis/client/default.py", line 653, in incr
    return self._incr(
           ^^^^^^^^^^^
  File "/home/bond-servant-in-training/Documents/Virtualenvs/AutoGrader_env/lib/python3.12/site-packages/django_redis/client/default.py", line 595, in _incr
    client = self.get_client(write=True)
             ^^^^^^^^^^^^^^^^^^^^^^^^^^^
  File "/home/bond-servant-in-training/Documents/Projects/Grade-Automator-Plus-beta-batch-15/AutoGrader/tests_cache_commit_race.py", line 352, in get_client
    raise failure
  File "/home/bond-servant-in-training/Documents/Projects/Grade-Automator-Plus-beta-batch-15/AutoGrader/cache_generation.py", line 171, in bump_generation
    return _incr_or_create(key)
           ^^^^^^^^^^^^^^^^^^^^
  File "/home/bond-servant-in-training/Documents/Projects/Grade-Automator-Plus-beta-batch-15/AutoGrader/cache_generation.py", line 201, in _incr_or_create
    return cache.incr(key)
           ^^^^^^^^^^^^^^^
  File "/home/bond-servant-in-training/Documents/Virtualenvs/AutoGrader_env/lib/python3.12/site-packages/django_redis/cache.py", line 29, in _decorator
    return method(self, *args, **kwargs)
           ^^^^^^^^^^^^^^^^^^^^^^^^^^^^^
  File "/home/bond-servant-in-training/Documents/Virtualenvs/AutoGrader_env/lib/python3.12/site-packages/django_redis/cache.py", line 130, in incr
    return self.client.incr(*args, **kwargs)
           ^^^^^^^^^^^^^^^^^^^^^^^^^^^^^^^^^
  File "/home/bond-servant-in-training/Documents/Virtualenvs/AutoGrader_env/lib/python3.12/site-packages/django_redis/client/default.py", line 653, in incr
    return self._incr(
           ^^^^^^^^^^^
  File "/home/bond-servant-in-training/Documents/Virtualenvs/AutoGrader_env/lib/python3.12/site-packages/django_redis/client/default.py", line 595, in _incr
    client = self.get_client(write=True)
             ^^^^^^^^^^^^^^^^^^^^^^^^^^^
  File "/home/bond-servant-in-training/Documents/Projects/Grade-Automator-Plus-beta-batch-15/AutoGrader/tests_cache_commit_race.py", line 352, in get_client
    raise failure
  File "/home/bond-servant-in-training/Documents/Projects/Grade-Automator-Plus-beta-batch-15/AutoGrader/cache_generation.py", line 277, in _bump_pipelined
    client = cache.client.get_client(write=True)
             ^^^^^^^^^^^^^^^^^^^^^^^^^^^^^^^^^^^
  File "/home/bond-servant-in-training/Documents/Projects/Grade-Automator-Plus-beta-batch-15/AutoGrader/tests_cache_commit_race.py", line 352, in get_client
    raise failure
  File "/home/bond-servant-in-training/Documents/Projects/Grade-Automator-Plus-beta-batch-15/AutoGrader/cache_generation.py", line 171, in bump_generation
    return _incr_or_create(key)
           ^^^^^^^^^^^^^^^^^^^^
  File "/home/bond-servant-in-training/Documents/Projects/Grade-Automator-Plus-beta-batch-15/AutoGrader/cache_generation.py", line 201, in _incr_or_create
    return cache.incr(key)
           ^^^^^^^^^^^^^^^
  File "/home/bond-servant-in-training/Documents/Virtualenvs/AutoGrader_env/lib/python3.12/site-packages/django_redis/cache.py", line 29, in _decorator
    return method(self, *args, **kwargs)
           ^^^^^^^^^^^^^^^^^^^^^^^^^^^^^
  File "/home/bond-servant-in-training/Documents/Virtualenvs/AutoGrader_env/lib/python3.12/site-packages/django_redis/cache.py", line 130, in incr
    return self.client.incr(*args, **kwargs)
           ^^^^^^^^^^^^^^^^^^^^^^^^^^^^^^^^^
  File "/home/bond-servant-in-training/Documents/Virtualenvs/AutoGrader_env/lib/python3.12/site-packages/django_redis/client/default.py", line 653, in incr
    return self._incr(
           ^^^^^^^^^^^
  File "/home/bond-servant-in-training/Documents/Virtualenvs/AutoGrader_env/lib/python3.12/site-packages/django_redis/client/default.py", line 595, in _incr
    client = self.get_client(write=True)
             ^^^^^^^^^^^^^^^^^^^^^^^^^^^
  File "/home/bond-servant-in-training/Documents/Projects/Grade-Automator-Plus-beta-batch-15/AutoGrader/tests_cache_commit_race.py", line 352, in get_client
    raise failure
  File "/home/bond-servant-in-training/Documents/Projects/Grade-Automator-Plus-beta-batch-15/AutoGrader/cache_generation.py", line 171, in bump_generation
    return _incr_or_create(key)
           ^^^^^^^^^^^^^^^^^^^^
  File "/home/bond-servant-in-training/Documents/Projects/Grade-Automator-Plus-beta-batch-15/AutoGrader/cache_generation.py", line 201, in _incr_or_create
    return cache.incr(key)
           ^^^^^^^^^^^^^^^
  File "/home/bond-servant-in-training/Documents/Virtualenvs/AutoGrader_env/lib/python3.12/site-packages/django_redis/cache.py", line 29, in _decorator
    return method(self, *args, **kwargs)
           ^^^^^^^^^^^^^^^^^^^^^^^^^^^^^
  File "/home/bond-servant-in-training/Documents/Virtualenvs/AutoGrader_env/lib/python3.12/site-packages/django_redis/cache.py", line 130, in incr
    return self.client.incr(*args, **kwargs)
           ^^^^^^^^^^^^^^^^^^^^^^^^^^^^^^^^^
  File "/home/bond-servant-in-training/Documents/Virtualenvs/AutoGrader_env/lib/python3.12/site-packages/django_redis/client/default.py", line 653, in incr
    return self._incr(
           ^^^^^^^^^^^
  File "/home/bond-servant-in-training/Documents/Virtualenvs/AutoGrader_env/lib/python3.12/site-packages/django_redis/client/default.py", line 595, in _incr
    client = self.get_client(write=True)
             ^^^^^^^^^^^^^^^^^^^^^^^^^^^
  File "/home/bond-servant-in-training/Documents/Projects/Grade-Automator-Plus-beta-batch-15/AutoGrader/tests_cache_commit_race.py", line 352, in get_client
    raise failure
  File "/home/bond-servant-in-training/Documents/Projects/Grade-Automator-Plus-beta-batch-15/AutoGrader/cache_generation.py", line 171, in bump_generation
    return _incr_or_create(key)
           ^^^^^^^^^^^^^^^^^^^^
  File "/home/bond-servant-in-training/Documents/Projects/Grade-Automator-Plus-beta-batch-15/AutoGrader/cache_generation.py", line 201, in _incr_or_create
    return cache.incr(key)
           ^^^^^^^^^^^^^^^
  File "/home/bond-servant-in-training/Documents/Virtualenvs/AutoGrader_env/lib/python3.12/site-packages/django_redis/cache.py", line 29, in _decorator
    return method(self, *args, **kwargs)
           ^^^^^^^^^^^^^^^^^^^^^^^^^^^^^
  File "/home/bond-servant-in-training/Documents/Virtualenvs/AutoGrader_env/lib/python3.12/site-packages/django_redis/cache.py", line 130, in incr
    return self.client.incr(*args, **kwargs)
           ^^^^^^^^^^^^^^^^^^^^^^^^^^^^^^^^^
  File "/home/bond-servant-in-training/Documents/Virtualenvs/AutoGrader_env/lib/python3.12/site-packages/django_redis/client/default.py", line 653, in incr
    return self._incr(
           ^^^^^^^^^^^
  File "/home/bond-servant-in-training/Documents/Virtualenvs/AutoGrader_env/lib/python3.12/site-packages/django_redis/client/default.py", line 595, in _incr
    client = self.get_client(write=True)
             ^^^^^^^^^^^^^^^^^^^^^^^^^^^
  File "/home/bond-servant-in-training/Documents/Projects/Grade-Automator-Plus-beta-batch-15/AutoGrader/tests_cache_commit_race.py", line 352, in get_client
    raise failure
  File "/home/bond-servant-in-training/Documents/Projects/Grade-Automator-Plus-beta-batch-15/AutoGrader/cache_generation.py", line 171, in bump_generation
    return _incr_or_create(key)
           ^^^^^^^^^^^^^^^^^^^^
  File "/home/bond-servant-in-training/Documents/Projects/Grade-Automator-Plus-beta-batch-15/AutoGrader/cache_generation.py", line 201, in _incr_or_create
    return cache.incr(key)
           ^^^^^^^^^^^^^^^
  File "/home/bond-servant-in-training/Documents/Virtualenvs/AutoGrader_env/lib/python3.12/site-packages/django_redis/cache.py", line 29, in _decorator
    return method(self, *args, **kwargs)
           ^^^^^^^^^^^^^^^^^^^^^^^^^^^^^
  File "/home/bond-servant-in-training/Documents/Virtualenvs/AutoGrader_env/lib/python3.12/site-packages/django_redis/cache.py", line 130, in incr
    return self.client.incr(*args, **kwargs)
           ^^^^^^^^^^^^^^^^^^^^^^^^^^^^^^^^^
  File "/home/bond-servant-in-training/Documents/Virtualenvs/AutoGrader_env/lib/python3.12/site-packages/django_redis/client/default.py", line 653, in incr
    return self._incr(
           ^^^^^^^^^^^
  File "/home/bond-servant-in-training/Documents/Virtualenvs/AutoGrader_env/lib/python3.12/site-packages/django_redis/client/default.py", line 595, in _incr
    client = self.get_client(write=True)
             ^^^^^^^^^^^^^^^^^^^^^^^^^^^
  File "/home/bond-servant-in-training/Documents/Projects/Grade-Automator-Plus-beta-batch-15/AutoGrader/tests_cache_commit_race.py", line 352, in get_client
    raise failure
  File "/home/bond-servant-in-training/Documents/Projects/Grade-Automator-Plus-beta-batch-15/AutoGrader/cache_generation.py", line 277, in _bump_pipelined
    client = cache.client.get_client(write=True)
             ^^^^^^^^^^^^^^^^^^^^^^^^^^^^^^^^^^^
  File "/home/bond-servant-in-training/Documents/Projects/Grade-Automator-Plus-beta-batch-15/AutoGrader/tests_cache_commit_race.py", line 352, in get_client
    raise failure
  File "/home/bond-servant-in-training/Documents/Projects/Grade-Automator-Plus-beta-batch-15/AutoGrader/cache_generation.py", line 171, in bump_generation
    return _incr_or_create(key)
           ^^^^^^^^^^^^^^^^^^^^
  File "/home/bond-servant-in-training/Documents/Projects/Grade-Automator-Plus-beta-batch-15/AutoGrader/cache_generation.py", line 201, in _incr_or_create
    return cache.incr(key)
           ^^^^^^^^^^^^^^^
  File "/home/bond-servant-in-training/Documents/Virtualenvs/AutoGrader_env/lib/python3.12/site-packages/django_redis/cache.py", line 29, in _decorator
    return method(self, *args, **kwargs)
           ^^^^^^^^^^^^^^^^^^^^^^^^^^^^^
  File "/home/bond-servant-in-training/Documents/Virtualenvs/AutoGrader_env/lib/python3.12/site-packages/django_redis/cache.py", line 130, in incr
    return self.client.incr(*args, **kwargs)
           ^^^^^^^^^^^^^^^^^^^^^^^^^^^^^^^^^
  File "/home/bond-servant-in-training/Documents/Virtualenvs/AutoGrader_env/lib/python3.12/site-packages/django_redis/client/default.py", line 653, in incr
    return self._incr(
           ^^^^^^^^^^^
  File "/home/bond-servant-in-training/Documents/Virtualenvs/AutoGrader_env/lib/python3.12/site-packages/django_redis/client/default.py", line 595, in _incr
    client = self.get_client(write=True)
             ^^^^^^^^^^^^^^^^^^^^^^^^^^^
  File "/home/bond-servant-in-training/Documents/Projects/Grade-Automator-Plus-beta-batch-15/AutoGrader/tests_cache_commit_race.py", line 352, in get_client
    raise failure
  File "/home/bond-servant-in-training/Documents/Projects/Grade-Automator-Plus-beta-batch-15/AutoGrader/cache_generation.py", line 171, in bump_generation
    return _incr_or_create(key)
           ^^^^^^^^^^^^^^^^^^^^
  File "/home/bond-servant-in-training/Documents/Projects/Grade-Automator-Plus-beta-batch-15/AutoGrader/cache_generation.py", line 201, in _incr_or_create
    return cache.incr(key)
           ^^^^^^^^^^^^^^^
  File "/home/bond-servant-in-training/Documents/Virtualenvs/AutoGrader_env/lib/python3.12/site-packages/django_redis/cache.py", line 29, in _decorator
    return method(self, *args, **kwargs)
           ^^^^^^^^^^^^^^^^^^^^^^^^^^^^^
  File "/home/bond-servant-in-training/Documents/Virtualenvs/AutoGrader_env/lib/python3.12/site-packages/django_redis/cache.py", line 130, in incr
    return self.client.incr(*args, **kwargs)
           ^^^^^^^^^^^^^^^^^^^^^^^^^^^^^^^^^
  File "/home/bond-servant-in-training/Documents/Virtualenvs/AutoGrader_env/lib/python3.12/site-packages/django_redis/client/default.py", line 653, in incr
    return self._incr(
           ^^^^^^^^^^^
  File "/home/bond-servant-in-training/Documents/Virtualenvs/AutoGrader_env/lib/python3.12/site-packages/django_redis/client/default.py", line 595, in _incr
    client = self.get_client(write=True)
             ^^^^^^^^^^^^^^^^^^^^^^^^^^^
  File "/home/bond-servant-in-training/Documents/Projects/Grade-Automator-Plus-beta-batch-15/AutoGrader/tests_cache_commit_race.py", line 352, in get_client
    raise failure
  File "/home/bond-servant-in-training/Documents/Projects/Grade-Automator-Plus-beta-batch-15/AutoGrader/cache_generation.py", line 171, in bump_generation
    return _incr_or_create(key)
           ^^^^^^^^^^^^^^^^^^^^
  File "/home/bond-servant-in-training/Documents/Projects/Grade-Automator-Plus-beta-batch-15/AutoGrader/cache_generation.py", line 201, in _incr_or_create
    return cache.incr(key)
           ^^^^^^^^^^^^^^^
  File "/home/bond-servant-in-training/Documents/Virtualenvs/AutoGrader_env/lib/python3.12/site-packages/django_redis/cache.py", line 29, in _decorator
    return method(self, *args, **kwargs)
           ^^^^^^^^^^^^^^^^^^^^^^^^^^^^^
  File "/home/bond-servant-in-training/Documents/Virtualenvs/AutoGrader_env/lib/python3.12/site-packages/django_redis/cache.py", line 130, in incr
    return self.client.incr(*args, **kwargs)
           ^^^^^^^^^^^^^^^^^^^^^^^^^^^^^^^^^
  File "/home/bond-servant-in-training/Documents/Virtualenvs/AutoGrader_env/lib/python3.12/site-packages/django_redis/client/default.py", line 653, in incr
    return self._incr(
           ^^^^^^^^^^^
  File "/home/bond-servant-in-training/Documents/Virtualenvs/AutoGrader_env/lib/python3.12/site-packages/django_redis/client/default.py", line 595, in _incr
    client = self.get_client(write=True)
             ^^^^^^^^^^^^^^^^^^^^^^^^^^^
  File "/home/bond-servant-in-training/Documents/Projects/Grade-Automator-Plus-beta-batch-15/AutoGrader/tests_cache_commit_race.py", line 352, in get_client
    raise failure
  File "/home/bond-servant-in-training/Documents/Projects/Grade-Automator-Plus-beta-batch-15/AutoGrader/cache_generation.py", line 171, in bump_generation
    return _incr_or_create(key)
           ^^^^^^^^^^^^^^^^^^^^
  File "/home/bond-servant-in-training/Documents/Projects/Grade-Automator-Plus-beta-batch-15/AutoGrader/cache_generation.py", line 201, in _incr_or_create
    return cache.incr(key)
           ^^^^^^^^^^^^^^^
  File "/home/bond-servant-in-training/Documents/Virtualenvs/AutoGrader_env/lib/python3.12/site-packages/django_redis/cache.py", line 29, in _decorator
    return method(self, *args, **kwargs)
           ^^^^^^^^^^^^^^^^^^^^^^^^^^^^^
  File "/home/bond-servant-in-training/Documents/Virtualenvs/AutoGrader_env/lib/python3.12/site-packages/django_redis/cache.py", line 130, in incr
    return self.client.incr(*args, **kwargs)
           ^^^^^^^^^^^^^^^^^^^^^^^^^^^^^^^^^
  File "/home/bond-servant-in-training/Documents/Virtualenvs/AutoGrader_env/lib/python3.12/site-packages/django_redis/client/default.py", line 653, in incr
    return self._incr(
           ^^^^^^^^^^^
  File "/home/bond-servant-in-training/Documents/Virtualenvs/AutoGrader_env/lib/python3.12/site-packages/django_redis/client/default.py", line 595, in _incr
    client = self.get_client(write=True)
             ^^^^^^^^^^^^^^^^^^^^^^^^^^^
  File "/home/bond-servant-in-training/Documents/Projects/Grade-Automator-Plus-beta-batch-15/AutoGrader/tests_cache_commit_race.py", line 352, in get_client
    raise failure
  File "/home/bond-servant-in-training/Documents/Projects/Grade-Automator-Plus-beta-batch-15/AutoGrader/cache_generation.py", line 277, in _bump_pipelined
    client = cache.client.get_client(write=True)
             ^^^^^^^^^^^^^^^^^^^^^^^^^^^^^^^^^^^
  File "/home/bond-servant-in-training/Documents/Projects/Grade-Automator-Plus-beta-batch-15/AutoGrader/tests_cache_commit_race.py", line 352, in get_client
    raise failure
redis.exceptions.TimeoutError: redis timed out
Cache generation bump failed for cachegen:usr:9a5b072a-e687-47fa-99b1-65465706b682; entries keyed on it will serve stale data until their TTL expires.
Traceback (most recent call last):
  File "/home/bond-servant-in-training/Documents/Projects/Grade-Automator-Plus-beta-batch-15/AutoGrader/cache_generation.py", line 171, in bump_generation
    return _incr_or_create(key)
           ^^^^^^^^^^^^^^^^^^^^
  File "/home/bond-servant-in-training/Documents/Projects/Grade-Automator-Plus-beta-batch-15/AutoGrader/cache_generation.py", line 201, in _incr_or_create
    return cache.incr(key)
           ^^^^^^^^^^^^^^^
  File "/home/bond-servant-in-training/Documents/Virtualenvs/AutoGrader_env/lib/python3.12/site-packages/django_redis/cache.py", line 29, in _decorator
    return method(self, *args, **kwargs)
           ^^^^^^^^^^^^^^^^^^^^^^^^^^^^^
  File "/home/bond-servant-in-training/Documents/Virtualenvs/AutoGrader_env/lib/python3.12/site-packages/django_redis/cache.py", line 130, in incr
    return self.client.incr(*args, **kwargs)
           ^^^^^^^^^^^^^^^^^^^^^^^^^^^^^^^^^
  File "/home/bond-servant-in-training/Documents/Virtualenvs/AutoGrader_env/lib/python3.12/site-packages/django_redis/client/default.py", line 653, in incr
    return self._incr(
           ^^^^^^^^^^^
  File "/home/bond-servant-in-training/Documents/Virtualenvs/AutoGrader_env/lib/python3.12/site-packages/django_redis/client/default.py", line 595, in _incr
    client = self.get_client(write=True)
             ^^^^^^^^^^^^^^^^^^^^^^^^^^^
  File "/home/bond-servant-in-training/Documents/Projects/Grade-Automator-Plus-beta-batch-15/AutoGrader/tests_cache_commit_race.py", line 352, in get_client
    raise failure
  File "/home/bond-servant-in-training/Documents/Projects/Grade-Automator-Plus-beta-batch-15/AutoGrader/cache_generation.py", line 171, in bump_generation
    return _incr_or_create(key)
           ^^^^^^^^^^^^^^^^^^^^
  File "/home/bond-servant-in-training/Documents/Projects/Grade-Automator-Plus-beta-batch-15/AutoGrader/cache_generation.py", line 201, in _incr_or_create
    return cache.incr(key)
           ^^^^^^^^^^^^^^^
  File "/home/bond-servant-in-training/Documents/Virtualenvs/AutoGrader_env/lib/python3.12/site-packages/django_redis/cache.py", line 29, in _decorator
    return method(self, *args, **kwargs)
           ^^^^^^^^^^^^^^^^^^^^^^^^^^^^^
  File "/home/bond-servant-in-training/Documents/Virtualenvs/AutoGrader_env/lib/python3.12/site-packages/django_redis/cache.py", line 130, in incr
    return self.client.incr(*args, **kwargs)
           ^^^^^^^^^^^^^^^^^^^^^^^^^^^^^^^^^
  File "/home/bond-servant-in-training/Documents/Virtualenvs/AutoGrader_env/lib/python3.12/site-packages/django_redis/client/default.py", line 653, in incr
    return self._incr(
           ^^^^^^^^^^^
  File "/home/bond-servant-in-training/Documents/Virtualenvs/AutoGrader_env/lib/python3.12/site-packages/django_redis/client/default.py", line 595, in _incr
    client = self.get_client(write=True)
             ^^^^^^^^^^^^^^^^^^^^^^^^^^^
  File "/home/bond-servant-in-training/Documents/Projects/Grade-Automator-Plus-beta-batch-15/AutoGrader/tests_cache_commit_race.py", line 352, in get_client
    raise failure
  File "/home/bond-servant-in-training/Documents/Projects/Grade-Automator-Plus-beta-batch-15/AutoGrader/cache_generation.py", line 171, in bump_generation
    return _incr_or_create(key)
           ^^^^^^^^^^^^^^^^^^^^
  File "/home/bond-servant-in-training/Documents/Projects/Grade-Automator-Plus-beta-batch-15/AutoGrader/cache_generation.py", line 201, in _incr_or_create
    return cache.incr(key)
           ^^^^^^^^^^^^^^^
  File "/home/bond-servant-in-training/Documents/Virtualenvs/AutoGrader_env/lib/python3.12/site-packages/django_redis/cache.py", line 29, in _decorator
    return method(self, *args, **kwargs)
           ^^^^^^^^^^^^^^^^^^^^^^^^^^^^^
  File "/home/bond-servant-in-training/Documents/Virtualenvs/AutoGrader_env/lib/python3.12/site-packages/django_redis/cache.py", line 130, in incr
    return self.client.incr(*args, **kwargs)
           ^^^^^^^^^^^^^^^^^^^^^^^^^^^^^^^^^
  File "/home/bond-servant-in-training/Documents/Virtualenvs/AutoGrader_env/lib/python3.12/site-packages/django_redis/client/default.py", line 653, in incr
    return self._incr(
           ^^^^^^^^^^^
  File "/home/bond-servant-in-training/Documents/Virtualenvs/AutoGrader_env/lib/python3.12/site-packages/django_redis/client/default.py", line 595, in _incr
    client = self.get_client(write=True)
             ^^^^^^^^^^^^^^^^^^^^^^^^^^^
  File "/home/bond-servant-in-training/Documents/Projects/Grade-Automator-Plus-beta-batch-15/AutoGrader/tests_cache_commit_race.py", line 352, in get_client
    raise failure
  File "/home/bond-servant-in-training/Documents/Projects/Grade-Automator-Plus-beta-batch-15/AutoGrader/cache_generation.py", line 277, in _bump_pipelined
    client = cache.client.get_client(write=True)
             ^^^^^^^^^^^^^^^^^^^^^^^^^^^^^^^^^^^
  File "/home/bond-servant-in-training/Documents/Projects/Grade-Automator-Plus-beta-batch-15/AutoGrader/tests_cache_commit_race.py", line 352, in get_client
    raise failure
  File "/home/bond-servant-in-training/Documents/Projects/Grade-Automator-Plus-beta-batch-15/AutoGrader/cache_generation.py", line 171, in bump_generation
    return _incr_or_create(key)
           ^^^^^^^^^^^^^^^^^^^^
  File "/home/bond-servant-in-training/Documents/Projects/Grade-Automator-Plus-beta-batch-15/AutoGrader/cache_generation.py", line 201, in _incr_or_create
    return cache.incr(key)
           ^^^^^^^^^^^^^^^
  File "/home/bond-servant-in-training/Documents/Virtualenvs/AutoGrader_env/lib/python3.12/site-packages/django_redis/cache.py", line 29, in _decorator
    return method(self, *args, **kwargs)
           ^^^^^^^^^^^^^^^^^^^^^^^^^^^^^
  File "/home/bond-servant-in-training/Documents/Virtualenvs/AutoGrader_env/lib/python3.12/site-packages/django_redis/cache.py", line 130, in incr
    return self.client.incr(*args, **kwargs)
           ^^^^^^^^^^^^^^^^^^^^^^^^^^^^^^^^^
  File "/home/bond-servant-in-training/Documents/Virtualenvs/AutoGrader_env/lib/python3.12/site-packages/django_redis/client/default.py", line 653, in incr
    return self._incr(
           ^^^^^^^^^^^
  File "/home/bond-servant-in-training/Documents/Virtualenvs/AutoGrader_env/lib/python3.12/site-packages/django_redis/client/default.py", line 595, in _incr
    client = self.get_client(write=True)
             ^^^^^^^^^^^^^^^^^^^^^^^^^^^
  File "/home/bond-servant-in-training/Documents/Projects/Grade-Automator-Plus-beta-batch-15/AutoGrader/tests_cache_commit_race.py", line 352, in get_client
    raise failure
  File "/home/bond-servant-in-training/Documents/Projects/Grade-Automator-Plus-beta-batch-15/AutoGrader/cache_generation.py", line 171, in bump_generation
    return _incr_or_create(key)
           ^^^^^^^^^^^^^^^^^^^^
  File "/home/bond-servant-in-training/Documents/Projects/Grade-Automator-Plus-beta-batch-15/AutoGrader/cache_generation.py", line 201, in _incr_or_create
    return cache.incr(key)
           ^^^^^^^^^^^^^^^
  File "/home/bond-servant-in-training/Documents/Virtualenvs/AutoGrader_env/lib/python3.12/site-packages/django_redis/cache.py", line 29, in _decorator
    return method(self, *args, **kwargs)
           ^^^^^^^^^^^^^^^^^^^^^^^^^^^^^
  File "/home/bond-servant-in-training/Documents/Virtualenvs/AutoGrader_env/lib/python3.12/site-packages/django_redis/cache.py", line 130, in incr
    return self.client.incr(*args, **kwargs)
           ^^^^^^^^^^^^^^^^^^^^^^^^^^^^^^^^^
  File "/home/bond-servant-in-training/Documents/Virtualenvs/AutoGrader_env/lib/python3.12/site-packages/django_redis/client/default.py", line 653, in incr
    return self._incr(
           ^^^^^^^^^^^
  File "/home/bond-servant-in-training/Documents/Virtualenvs/AutoGrader_env/lib/python3.12/site-packages/django_redis/client/default.py", line 595, in _incr
    client = self.get_client(write=True)
             ^^^^^^^^^^^^^^^^^^^^^^^^^^^
  File "/home/bond-servant-in-training/Documents/Projects/Grade-Automator-Plus-beta-batch-15/AutoGrader/tests_cache_commit_race.py", line 352, in get_client
    raise failure
  File "/home/bond-servant-in-training/Documents/Projects/Grade-Automator-Plus-beta-batch-15/AutoGrader/cache_generation.py", line 171, in bump_generation
    return _incr_or_create(key)
           ^^^^^^^^^^^^^^^^^^^^
  File "/home/bond-servant-in-training/Documents/Projects/Grade-Automator-Plus-beta-batch-15/AutoGrader/cache_generation.py", line 201, in _incr_or_create
    return cache.incr(key)
           ^^^^^^^^^^^^^^^
  File "/home/bond-servant-in-training/Documents/Virtualenvs/AutoGrader_env/lib/python3.12/site-packages/django_redis/cache.py", line 29, in _decorator
    return method(self, *args, **kwargs)
           ^^^^^^^^^^^^^^^^^^^^^^^^^^^^^
  File "/home/bond-servant-in-training/Documents/Virtualenvs/AutoGrader_env/lib/python3.12/site-packages/django_redis/cache.py", line 130, in incr
    return self.client.incr(*args, **kwargs)
           ^^^^^^^^^^^^^^^^^^^^^^^^^^^^^^^^^
  File "/home/bond-servant-in-training/Documents/Virtualenvs/AutoGrader_env/lib/python3.12/site-packages/django_redis/client/default.py", line 653, in incr
    return self._incr(
           ^^^^^^^^^^^
  File "/home/bond-servant-in-training/Documents/Virtualenvs/AutoGrader_env/lib/python3.12/site-packages/django_redis/client/default.py", line 595, in _incr
    client = self.get_client(write=True)
             ^^^^^^^^^^^^^^^^^^^^^^^^^^^
  File "/home/bond-servant-in-training/Documents/Projects/Grade-Automator-Plus-beta-batch-15/AutoGrader/tests_cache_commit_race.py", line 352, in get_client
    raise failure
  File "/home/bond-servant-in-training/Documents/Projects/Grade-Automator-Plus-beta-batch-15/AutoGrader/cache_generation.py", line 171, in bump_generation
    return _incr_or_create(key)
           ^^^^^^^^^^^^^^^^^^^^
  File "/home/bond-servant-in-training/Documents/Projects/Grade-Automator-Plus-beta-batch-15/AutoGrader/cache_generation.py", line 201, in _incr_or_create
    return cache.incr(key)
           ^^^^^^^^^^^^^^^
  File "/home/bond-servant-in-training/Documents/Virtualenvs/AutoGrader_env/lib/python3.12/site-packages/django_redis/cache.py", line 29, in _decorator
    return method(self, *args, **kwargs)
           ^^^^^^^^^^^^^^^^^^^^^^^^^^^^^
  File "/home/bond-servant-in-training/Documents/Virtualenvs/AutoGrader_env/lib/python3.12/site-packages/django_redis/cache.py", line 130, in incr
    return self.client.incr(*args, **kwargs)
           ^^^^^^^^^^^^^^^^^^^^^^^^^^^^^^^^^
  File "/home/bond-servant-in-training/Documents/Virtualenvs/AutoGrader_env/lib/python3.12/site-packages/django_redis/client/default.py", line 653, in incr
    return self._incr(
           ^^^^^^^^^^^
  File "/home/bond-servant-in-training/Documents/Virtualenvs/AutoGrader_env/lib/python3.12/site-packages/django_redis/client/default.py", line 595, in _incr
    client = self.get_client(write=True)
             ^^^^^^^^^^^^^^^^^^^^^^^^^^^
  File "/home/bond-servant-in-training/Documents/Projects/Grade-Automator-Plus-beta-batch-15/AutoGrader/tests_cache_commit_race.py", line 352, in get_client
    raise failure
  File "/home/bond-servant-in-training/Documents/Projects/Grade-Automator-Plus-beta-batch-15/AutoGrader/cache_generation.py", line 277, in _bump_pipelined
    client = cache.client.get_client(write=True)
             ^^^^^^^^^^^^^^^^^^^^^^^^^^^^^^^^^^^
  File "/home/bond-servant-in-training/Documents/Projects/Grade-Automator-Plus-beta-batch-15/AutoGrader/tests_cache_commit_race.py", line 352, in get_client
    raise failure
  File "/home/bond-servant-in-training/Documents/Projects/Grade-Automator-Plus-beta-batch-15/AutoGrader/cache_generation.py", line 171, in bump_generation
    return _incr_or_create(key)
           ^^^^^^^^^^^^^^^^^^^^
  File "/home/bond-servant-in-training/Documents/Projects/Grade-Automator-Plus-beta-batch-15/AutoGrader/cache_generation.py", line 201, in _incr_or_create
    return cache.incr(key)
           ^^^^^^^^^^^^^^^
  File "/home/bond-servant-in-training/Documents/Virtualenvs/AutoGrader_env/lib/python3.12/site-packages/django_redis/cache.py", line 29, in _decorator
    return method(self, *args, **kwargs)
           ^^^^^^^^^^^^^^^^^^^^^^^^^^^^^
  File "/home/bond-servant-in-training/Documents/Virtualenvs/AutoGrader_env/lib/python3.12/site-packages/django_redis/cache.py", line 130, in incr
    return self.client.incr(*args, **kwargs)
           ^^^^^^^^^^^^^^^^^^^^^^^^^^^^^^^^^
  File "/home/bond-servant-in-training/Documents/Virtualenvs/AutoGrader_env/lib/python3.12/site-packages/django_redis/client/default.py", line 653, in incr
    return self._incr(
           ^^^^^^^^^^^
  File "/home/bond-servant-in-training/Documents/Virtualenvs/AutoGrader_env/lib/python3.12/site-packages/django_redis/client/default.py", line 595, in _incr
    client = self.get_client(write=True)
             ^^^^^^^^^^^^^^^^^^^^^^^^^^^
  File "/home/bond-servant-in-training/Documents/Projects/Grade-Automator-Plus-beta-batch-15/AutoGrader/tests_cache_commit_race.py", line 352, in get_client
    raise failure
  File "/home/bond-servant-in-training/Documents/Projects/Grade-Automator-Plus-beta-batch-15/AutoGrader/cache_generation.py", line 171, in bump_generation
    return _incr_or_create(key)
           ^^^^^^^^^^^^^^^^^^^^
  File "/home/bond-servant-in-training/Documents/Projects/Grade-Automator-Plus-beta-batch-15/AutoGrader/cache_generation.py", line 201, in _incr_or_create
    return cache.incr(key)
           ^^^^^^^^^^^^^^^
  File "/home/bond-servant-in-training/Documents/Virtualenvs/AutoGrader_env/lib/python3.12/site-packages/django_redis/cache.py", line 29, in _decorator
    return method(self, *args, **kwargs)
           ^^^^^^^^^^^^^^^^^^^^^^^^^^^^^
  File "/home/bond-servant-in-training/Documents/Virtualenvs/AutoGrader_env/lib/python3.12/site-packages/django_redis/cache.py", line 130, in incr
    return self.client.incr(*args, **kwargs)
           ^^^^^^^^^^^^^^^^^^^^^^^^^^^^^^^^^
  File "/home/bond-servant-in-training/Documents/Virtualenvs/AutoGrader_env/lib/python3.12/site-packages/django_redis/client/default.py", line 653, in incr
    return self._incr(
           ^^^^^^^^^^^
  File "/home/bond-servant-in-training/Documents/Virtualenvs/AutoGrader_env/lib/python3.12/site-packages/django_redis/client/default.py", line 595, in _incr
    client = self.get_client(write=True)
             ^^^^^^^^^^^^^^^^^^^^^^^^^^^
  File "/home/bond-servant-in-training/Documents/Projects/Grade-Automator-Plus-beta-batch-15/AutoGrader/tests_cache_commit_race.py", line 352, in get_client
    raise failure
  File "/home/bond-servant-in-training/Documents/Projects/Grade-Automator-Plus-beta-batch-15/AutoGrader/cache_generation.py", line 171, in bump_generation
    return _incr_or_create(key)
           ^^^^^^^^^^^^^^^^^^^^
  File "/home/bond-servant-in-training/Documents/Projects/Grade-Automator-Plus-beta-batch-15/AutoGrader/cache_generation.py", line 201, in _incr_or_create
    return cache.incr(key)
           ^^^^^^^^^^^^^^^
  File "/home/bond-servant-in-training/Documents/Virtualenvs/AutoGrader_env/lib/python3.12/site-packages/django_redis/cache.py", line 29, in _decorator
    return method(self, *args, **kwargs)
           ^^^^^^^^^^^^^^^^^^^^^^^^^^^^^
  File "/home/bond-servant-in-training/Documents/Virtualenvs/AutoGrader_env/lib/python3.12/site-packages/django_redis/cache.py", line 130, in incr
    return self.client.incr(*args, **kwargs)
           ^^^^^^^^^^^^^^^^^^^^^^^^^^^^^^^^^
  File "/home/bond-servant-in-training/Documents/Virtualenvs/AutoGrader_env/lib/python3.12/site-packages/django_redis/client/default.py", line 653, in incr
    return self._incr(
           ^^^^^^^^^^^
  File "/home/bond-servant-in-training/Documents/Virtualenvs/AutoGrader_env/lib/python3.12/site-packages/django_redis/client/default.py", line 595, in _incr
    client = self.get_client(write=True)
             ^^^^^^^^^^^^^^^^^^^^^^^^^^^
  File "/home/bond-servant-in-training/Documents/Projects/Grade-Automator-Plus-beta-batch-15/AutoGrader/tests_cache_commit_race.py", line 352, in get_client
    raise failure
  File "/home/bond-servant-in-training/Documents/Projects/Grade-Automator-Plus-beta-batch-15/AutoGrader/cache_generation.py", line 171, in bump_generation
    return _incr_or_create(key)
           ^^^^^^^^^^^^^^^^^^^^
  File "/home/bond-servant-in-training/Documents/Projects/Grade-Automator-Plus-beta-batch-15/AutoGrader/cache_generation.py", line 201, in _incr_or_create
    return cache.incr(key)
           ^^^^^^^^^^^^^^^
  File "/home/bond-servant-in-training/Documents/Virtualenvs/AutoGrader_env/lib/python3.12/site-packages/django_redis/cache.py", line 29, in _decorator
    return method(self, *args, **kwargs)
           ^^^^^^^^^^^^^^^^^^^^^^^^^^^^^
  File "/home/bond-servant-in-training/Documents/Virtualenvs/AutoGrader_env/lib/python3.12/site-packages/django_redis/cache.py", line 130, in incr
    return self.client.incr(*args, **kwargs)
           ^^^^^^^^^^^^^^^^^^^^^^^^^^^^^^^^^
  File "/home/bond-servant-in-training/Documents/Virtualenvs/AutoGrader_env/lib/python3.12/site-packages/django_redis/client/default.py", line 653, in incr
    return self._incr(
           ^^^^^^^^^^^
  File "/home/bond-servant-in-training/Documents/Virtualenvs/AutoGrader_env/lib/python3.12/site-packages/django_redis/client/default.py", line 595, in _incr
    client = self.get_client(write=True)
             ^^^^^^^^^^^^^^^^^^^^^^^^^^^
  File "/home/bond-servant-in-training/Documents/Projects/Grade-Automator-Plus-beta-batch-15/AutoGrader/tests_cache_commit_race.py", line 352, in get_client
    raise failure
  File "/home/bond-servant-in-training/Documents/Projects/Grade-Automator-Plus-beta-batch-15/AutoGrader/cache_generation.py", line 277, in _bump_pipelined
    client = cache.client.get_client(write=True)
             ^^^^^^^^^^^^^^^^^^^^^^^^^^^^^^^^^^^
  File "/home/bond-servant-in-training/Documents/Projects/Grade-Automator-Plus-beta-batch-15/AutoGrader/tests_cache_commit_race.py", line 352, in get_client
    raise failure
redis.exceptions.TimeoutError: redis timed out
Cache generation bump failed for cachegen:crs:4e51c163-801d-4e24-bfca-c0a67d4b117a; entries keyed on it will serve stale data until their TTL expires.
Traceback (most recent call last):
  File "/home/bond-servant-in-training/Documents/Projects/Grade-Automator-Plus-beta-batch-15/AutoGrader/cache_generation.py", line 171, in bump_generation
    return _incr_or_create(key)
           ^^^^^^^^^^^^^^^^^^^^
  File "/home/bond-servant-in-training/Documents/Projects/Grade-Automator-Plus-beta-batch-15/AutoGrader/cache_generation.py", line 201, in _incr_or_create
    return cache.incr(key)
           ^^^^^^^^^^^^^^^
  File "/home/bond-servant-in-training/Documents/Virtualenvs/AutoGrader_env/lib/python3.12/site-packages/django_redis/cache.py", line 29, in _decorator
    return method(self, *args, **kwargs)
           ^^^^^^^^^^^^^^^^^^^^^^^^^^^^^
  File "/home/bond-servant-in-training/Documents/Virtualenvs/AutoGrader_env/lib/python3.12/site-packages/django_redis/cache.py", line 130, in incr
    return self.client.incr(*args, **kwargs)
           ^^^^^^^^^^^^^^^^^^^^^^^^^^^^^^^^^
  File "/home/bond-servant-in-training/Documents/Virtualenvs/AutoGrader_env/lib/python3.12/site-packages/django_redis/client/default.py", line 653, in incr
    return self._incr(
           ^^^^^^^^^^^
  File "/home/bond-servant-in-training/Documents/Virtualenvs/AutoGrader_env/lib/python3.12/site-packages/django_redis/client/default.py", line 595, in _incr
    client = self.get_client(write=True)
             ^^^^^^^^^^^^^^^^^^^^^^^^^^^
  File "/home/bond-servant-in-training/Documents/Projects/Grade-Automator-Plus-beta-batch-15/AutoGrader/tests_cache_commit_race.py", line 352, in get_client
    raise failure
  File "/home/bond-servant-in-training/Documents/Projects/Grade-Automator-Plus-beta-batch-15/AutoGrader/cache_generation.py", line 171, in bump_generation
    return _incr_or_create(key)
           ^^^^^^^^^^^^^^^^^^^^
  File "/home/bond-servant-in-training/Documents/Projects/Grade-Automator-Plus-beta-batch-15/AutoGrader/cache_generation.py", line 201, in _incr_or_create
    return cache.incr(key)
           ^^^^^^^^^^^^^^^
  File "/home/bond-servant-in-training/Documents/Virtualenvs/AutoGrader_env/lib/python3.12/site-packages/django_redis/cache.py", line 29, in _decorator
    return method(self, *args, **kwargs)
           ^^^^^^^^^^^^^^^^^^^^^^^^^^^^^
  File "/home/bond-servant-in-training/Documents/Virtualenvs/AutoGrader_env/lib/python3.12/site-packages/django_redis/cache.py", line 130, in incr
    return self.client.incr(*args, **kwargs)
           ^^^^^^^^^^^^^^^^^^^^^^^^^^^^^^^^^
  File "/home/bond-servant-in-training/Documents/Virtualenvs/AutoGrader_env/lib/python3.12/site-packages/django_redis/client/default.py", line 653, in incr
    return self._incr(
           ^^^^^^^^^^^
  File "/home/bond-servant-in-training/Documents/Virtualenvs/AutoGrader_env/lib/python3.12/site-packages/django_redis/client/default.py", line 595, in _incr
    client = self.get_client(write=True)
             ^^^^^^^^^^^^^^^^^^^^^^^^^^^
  File "/home/bond-servant-in-training/Documents/Projects/Grade-Automator-Plus-beta-batch-15/AutoGrader/tests_cache_commit_race.py", line 352, in get_client
    raise failure
  File "/home/bond-servant-in-training/Documents/Projects/Grade-Automator-Plus-beta-batch-15/AutoGrader/cache_generation.py", line 171, in bump_generation
    return _incr_or_create(key)
           ^^^^^^^^^^^^^^^^^^^^
  File "/home/bond-servant-in-training/Documents/Projects/Grade-Automator-Plus-beta-batch-15/AutoGrader/cache_generation.py", line 201, in _incr_or_create
    return cache.incr(key)
           ^^^^^^^^^^^^^^^
  File "/home/bond-servant-in-training/Documents/Virtualenvs/AutoGrader_env/lib/python3.12/site-packages/django_redis/cache.py", line 29, in _decorator
    return method(self, *args, **kwargs)
           ^^^^^^^^^^^^^^^^^^^^^^^^^^^^^
  File "/home/bond-servant-in-training/Documents/Virtualenvs/AutoGrader_env/lib/python3.12/site-packages/django_redis/cache.py", line 130, in incr
    return self.client.incr(*args, **kwargs)
           ^^^^^^^^^^^^^^^^^^^^^^^^^^^^^^^^^
  File "/home/bond-servant-in-training/Documents/Virtualenvs/AutoGrader_env/lib/python3.12/site-packages/django_redis/client/default.py", line 653, in incr
    return self._incr(
           ^^^^^^^^^^^
  File "/home/bond-servant-in-training/Documents/Virtualenvs/AutoGrader_env/lib/python3.12/site-packages/django_redis/client/default.py", line 595, in _incr
    client = self.get_client(write=True)
             ^^^^^^^^^^^^^^^^^^^^^^^^^^^
  File "/home/bond-servant-in-training/Documents/Projects/Grade-Automator-Plus-beta-batch-15/AutoGrader/tests_cache_commit_race.py", line 352, in get_client
    raise failure
  File "/home/bond-servant-in-training/Documents/Projects/Grade-Automator-Plus-beta-batch-15/AutoGrader/cache_generation.py", line 171, in bump_generation
    return _incr_or_create(key)
           ^^^^^^^^^^^^^^^^^^^^
  File "/home/bond-servant-in-training/Documents/Projects/Grade-Automator-Plus-beta-batch-15/AutoGrader/cache_generation.py", line 201, in _incr_or_create
    return cache.incr(key)
           ^^^^^^^^^^^^^^^
  File "/home/bond-servant-in-training/Documents/Virtualenvs/AutoGrader_env/lib/python3.12/site-packages/django_redis/cache.py", line 29, in _decorator
    return method(self, *args, **kwargs)
           ^^^^^^^^^^^^^^^^^^^^^^^^^^^^^
  File "/home/bond-servant-in-training/Documents/Virtualenvs/AutoGrader_env/lib/python3.12/site-packages/django_redis/cache.py", line 130, in incr
    return self.client.incr(*args, **kwargs)
           ^^^^^^^^^^^^^^^^^^^^^^^^^^^^^^^^^
  File "/home/bond-servant-in-training/Documents/Virtualenvs/AutoGrader_env/lib/python3.12/site-packages/django_redis/client/default.py", line 653, in incr
    return self._incr(
           ^^^^^^^^^^^
  File "/home/bond-servant-in-training/Documents/Virtualenvs/AutoGrader_env/lib/python3.12/site-packages/django_redis/client/default.py", line 595, in _incr
    client = self.get_client(write=True)
             ^^^^^^^^^^^^^^^^^^^^^^^^^^^
  File "/home/bond-servant-in-training/Documents/Projects/Grade-Automator-Plus-beta-batch-15/AutoGrader/tests_cache_commit_race.py", line 352, in get_client
    raise failure
  File "/home/bond-servant-in-training/Documents/Projects/Grade-Automator-Plus-beta-batch-15/AutoGrader/cache_generation.py", line 277, in _bump_pipelined
    client = cache.client.get_client(write=True)
             ^^^^^^^^^^^^^^^^^^^^^^^^^^^^^^^^^^^
  File "/home/bond-servant-in-training/Documents/Projects/Grade-Automator-Plus-beta-batch-15/AutoGrader/tests_cache_commit_race.py", line 352, in get_client
    raise failure
  File "/home/bond-servant-in-training/Documents/Projects/Grade-Automator-Plus-beta-batch-15/AutoGrader/cache_generation.py", line 171, in bump_generation
    return _incr_or_create(key)
           ^^^^^^^^^^^^^^^^^^^^
  File "/home/bond-servant-in-training/Documents/Projects/Grade-Automator-Plus-beta-batch-15/AutoGrader/cache_generation.py", line 201, in _incr_or_create
    return cache.incr(key)
           ^^^^^^^^^^^^^^^
  File "/home/bond-servant-in-training/Documents/Virtualenvs/AutoGrader_env/lib/python3.12/site-packages/django_redis/cache.py", line 29, in _decorator
    return method(self, *args, **kwargs)
           ^^^^^^^^^^^^^^^^^^^^^^^^^^^^^
  File "/home/bond-servant-in-training/Documents/Virtualenvs/AutoGrader_env/lib/python3.12/site-packages/django_redis/cache.py", line 130, in incr
    return self.client.incr(*args, **kwargs)
           ^^^^^^^^^^^^^^^^^^^^^^^^^^^^^^^^^
  File "/home/bond-servant-in-training/Documents/Virtualenvs/AutoGrader_env/lib/python3.12/site-packages/django_redis/client/default.py", line 653, in incr
    return self._incr(
           ^^^^^^^^^^^
  File "/home/bond-servant-in-training/Documents/Virtualenvs/AutoGrader_env/lib/python3.12/site-packages/django_redis/client/default.py", line 595, in _incr
    client = self.get_client(write=True)
             ^^^^^^^^^^^^^^^^^^^^^^^^^^^
  File "/home/bond-servant-in-training/Documents/Projects/Grade-Automator-Plus-beta-batch-15/AutoGrader/tests_cache_commit_race.py", line 352, in get_client
    raise failure
  File "/home/bond-servant-in-training/Documents/Projects/Grade-Automator-Plus-beta-batch-15/AutoGrader/cache_generation.py", line 171, in bump_generation
    return _incr_or_create(key)
           ^^^^^^^^^^^^^^^^^^^^
  File "/home/bond-servant-in-training/Documents/Projects/Grade-Automator-Plus-beta-batch-15/AutoGrader/cache_generation.py", line 201, in _incr_or_create
    return cache.incr(key)
           ^^^^^^^^^^^^^^^
  File "/home/bond-servant-in-training/Documents/Virtualenvs/AutoGrader_env/lib/python3.12/site-packages/django_redis/cache.py", line 29, in _decorator
    return method(self, *args, **kwargs)
           ^^^^^^^^^^^^^^^^^^^^^^^^^^^^^
  File "/home/bond-servant-in-training/Documents/Virtualenvs/AutoGrader_env/lib/python3.12/site-packages/django_redis/cache.py", line 130, in incr
    return self.client.incr(*args, **kwargs)
           ^^^^^^^^^^^^^^^^^^^^^^^^^^^^^^^^^
  File "/home/bond-servant-in-training/Documents/Virtualenvs/AutoGrader_env/lib/python3.12/site-packages/django_redis/client/default.py", line 653, in incr
    return self._incr(
           ^^^^^^^^^^^
  File "/home/bond-servant-in-training/Documents/Virtualenvs/AutoGrader_env/lib/python3.12/site-packages/django_redis/client/default.py", line 595, in _incr
    client = self.get_client(write=True)
             ^^^^^^^^^^^^^^^^^^^^^^^^^^^
  File "/home/bond-servant-in-training/Documents/Projects/Grade-Automator-Plus-beta-batch-15/AutoGrader/tests_cache_commit_race.py", line 352, in get_client
    raise failure
  File "/home/bond-servant-in-training/Documents/Projects/Grade-Automator-Plus-beta-batch-15/AutoGrader/cache_generation.py", line 171, in bump_generation
    return _incr_or_create(key)
           ^^^^^^^^^^^^^^^^^^^^
  File "/home/bond-servant-in-training/Documents/Projects/Grade-Automator-Plus-beta-batch-15/AutoGrader/cache_generation.py", line 201, in _incr_or_create
    return cache.incr(key)
           ^^^^^^^^^^^^^^^
  File "/home/bond-servant-in-training/Documents/Virtualenvs/AutoGrader_env/lib/python3.12/site-packages/django_redis/cache.py", line 29, in _decorator
    return method(self, *args, **kwargs)
           ^^^^^^^^^^^^^^^^^^^^^^^^^^^^^
  File "/home/bond-servant-in-training/Documents/Virtualenvs/AutoGrader_env/lib/python3.12/site-packages/django_redis/cache.py", line 130, in incr
    return self.client.incr(*args, **kwargs)
           ^^^^^^^^^^^^^^^^^^^^^^^^^^^^^^^^^
  File "/home/bond-servant-in-training/Documents/Virtualenvs/AutoGrader_env/lib/python3.12/site-packages/django_redis/client/default.py", line 653, in incr
    return self._incr(
           ^^^^^^^^^^^
  File "/home/bond-servant-in-training/Documents/Virtualenvs/AutoGrader_env/lib/python3.12/site-packages/django_redis/client/default.py", line 595, in _incr
    client = self.get_client(write=True)
             ^^^^^^^^^^^^^^^^^^^^^^^^^^^
  File "/home/bond-servant-in-training/Documents/Projects/Grade-Automator-Plus-beta-batch-15/AutoGrader/tests_cache_commit_race.py", line 352, in get_client
    raise failure
  File "/home/bond-servant-in-training/Documents/Projects/Grade-Automator-Plus-beta-batch-15/AutoGrader/cache_generation.py", line 171, in bump_generation
    return _incr_or_create(key)
           ^^^^^^^^^^^^^^^^^^^^
  File "/home/bond-servant-in-training/Documents/Projects/Grade-Automator-Plus-beta-batch-15/AutoGrader/cache_generation.py", line 201, in _incr_or_create
    return cache.incr(key)
           ^^^^^^^^^^^^^^^
  File "/home/bond-servant-in-training/Documents/Virtualenvs/AutoGrader_env/lib/python3.12/site-packages/django_redis/cache.py", line 29, in _decorator
    return method(self, *args, **kwargs)
           ^^^^^^^^^^^^^^^^^^^^^^^^^^^^^
  File "/home/bond-servant-in-training/Documents/Virtualenvs/AutoGrader_env/lib/python3.12/site-packages/django_redis/cache.py", line 130, in incr
    return self.client.incr(*args, **kwargs)
           ^^^^^^^^^^^^^^^^^^^^^^^^^^^^^^^^^
  File "/home/bond-servant-in-training/Documents/Virtualenvs/AutoGrader_env/lib/python3.12/site-packages/django_redis/client/default.py", line 653, in incr
    return self._incr(
           ^^^^^^^^^^^
  File "/home/bond-servant-in-training/Documents/Virtualenvs/AutoGrader_env/lib/python3.12/site-packages/django_redis/client/default.py", line 595, in _incr
    client = self.get_client(write=True)
             ^^^^^^^^^^^^^^^^^^^^^^^^^^^
  File "/home/bond-servant-in-training/Documents/Projects/Grade-Automator-Plus-beta-batch-15/AutoGrader/tests_cache_commit_race.py", line 352, in get_client
    raise failure
  File "/home/bond-servant-in-training/Documents/Projects/Grade-Automator-Plus-beta-batch-15/AutoGrader/cache_generation.py", line 277, in _bump_pipelined
    client = cache.client.get_client(write=True)
             ^^^^^^^^^^^^^^^^^^^^^^^^^^^^^^^^^^^
  File "/home/bond-servant-in-training/Documents/Projects/Grade-Automator-Plus-beta-batch-15/AutoGrader/tests_cache_commit_race.py", line 352, in get_client
    raise failure
  File "/home/bond-servant-in-training/Documents/Projects/Grade-Automator-Plus-beta-batch-15/AutoGrader/cache_generation.py", line 171, in bump_generation
    return _incr_or_create(key)
           ^^^^^^^^^^^^^^^^^^^^
  File "/home/bond-servant-in-training/Documents/Projects/Grade-Automator-Plus-beta-batch-15/AutoGrader/cache_generation.py", line 201, in _incr_or_create
    return cache.incr(key)
           ^^^^^^^^^^^^^^^
  File "/home/bond-servant-in-training/Documents/Virtualenvs/AutoGrader_env/lib/python3.12/site-packages/django_redis/cache.py", line 29, in _decorator
    return method(self, *args, **kwargs)
           ^^^^^^^^^^^^^^^^^^^^^^^^^^^^^
  File "/home/bond-servant-in-training/Documents/Virtualenvs/AutoGrader_env/lib/python3.12/site-packages/django_redis/cache.py", line 130, in incr
    return self.client.incr(*args, **kwargs)
           ^^^^^^^^^^^^^^^^^^^^^^^^^^^^^^^^^
  File "/home/bond-servant-in-training/Documents/Virtualenvs/AutoGrader_env/lib/python3.12/site-packages/django_redis/client/default.py", line 653, in incr
    return self._incr(
           ^^^^^^^^^^^
  File "/home/bond-servant-in-training/Documents/Virtualenvs/AutoGrader_env/lib/python3.12/site-packages/django_redis/client/default.py", line 595, in _incr
    client = self.get_client(write=True)
             ^^^^^^^^^^^^^^^^^^^^^^^^^^^
  File "/home/bond-servant-in-training/Documents/Projects/Grade-Automator-Plus-beta-batch-15/AutoGrader/tests_cache_commit_race.py", line 352, in get_client
    raise failure
  File "/home/bond-servant-in-training/Documents/Projects/Grade-Automator-Plus-beta-batch-15/AutoGrader/cache_generation.py", line 171, in bump_generation
    return _incr_or_create(key)
           ^^^^^^^^^^^^^^^^^^^^
  File "/home/bond-servant-in-training/Documents/Projects/Grade-Automator-Plus-beta-batch-15/AutoGrader/cache_generation.py", line 201, in _incr_or_create
    return cache.incr(key)
           ^^^^^^^^^^^^^^^
  File "/home/bond-servant-in-training/Documents/Virtualenvs/AutoGrader_env/lib/python3.12/site-packages/django_redis/cache.py", line 29, in _decorator
    return method(self, *args, **kwargs)
           ^^^^^^^^^^^^^^^^^^^^^^^^^^^^^
  File "/home/bond-servant-in-training/Documents/Virtualenvs/AutoGrader_env/lib/python3.12/site-packages/django_redis/cache.py", line 130, in incr
    return self.client.incr(*args, **kwargs)
           ^^^^^^^^^^^^^^^^^^^^^^^^^^^^^^^^^
  File "/home/bond-servant-in-training/Documents/Virtualenvs/AutoGrader_env/lib/python3.12/site-packages/django_redis/client/default.py", line 653, in incr
    return self._incr(
           ^^^^^^^^^^^
  File "/home/bond-servant-in-training/Documents/Virtualenvs/AutoGrader_env/lib/python3.12/site-packages/django_redis/client/default.py", line 595, in _incr
    client = self.get_client(write=True)
             ^^^^^^^^^^^^^^^^^^^^^^^^^^^
  File "/home/bond-servant-in-training/Documents/Projects/Grade-Automator-Plus-beta-batch-15/AutoGrader/tests_cache_commit_race.py", line 352, in get_client
    raise failure
  File "/home/bond-servant-in-training/Documents/Projects/Grade-Automator-Plus-beta-batch-15/AutoGrader/cache_generation.py", line 171, in bump_generation
    return _incr_or_create(key)
           ^^^^^^^^^^^^^^^^^^^^
  File "/home/bond-servant-in-training/Documents/Projects/Grade-Automator-Plus-beta-batch-15/AutoGrader/cache_generation.py", line 201, in _incr_or_create
    return cache.incr(key)
           ^^^^^^^^^^^^^^^
  File "/home/bond-servant-in-training/Documents/Virtualenvs/AutoGrader_env/lib/python3.12/site-packages/django_redis/cache.py", line 29, in _decorator
    return method(self, *args, **kwargs)
           ^^^^^^^^^^^^^^^^^^^^^^^^^^^^^
  File "/home/bond-servant-in-training/Documents/Virtualenvs/AutoGrader_env/lib/python3.12/site-packages/django_redis/cache.py", line 130, in incr
    return self.client.incr(*args, **kwargs)
           ^^^^^^^^^^^^^^^^^^^^^^^^^^^^^^^^^
  File "/home/bond-servant-in-training/Documents/Virtualenvs/AutoGrader_env/lib/python3.12/site-packages/django_redis/client/default.py", line 653, in incr
    return self._incr(
           ^^^^^^^^^^^
  File "/home/bond-servant-in-training/Documents/Virtualenvs/AutoGrader_env/lib/python3.12/site-packages/django_redis/client/default.py", line 595, in _incr
    client = self.get_client(write=True)
             ^^^^^^^^^^^^^^^^^^^^^^^^^^^
  File "/home/bond-servant-in-training/Documents/Projects/Grade-Automator-Plus-beta-batch-15/AutoGrader/tests_cache_commit_race.py", line 352, in get_client
    raise failure
  File "/home/bond-servant-in-training/Documents/Projects/Grade-Automator-Plus-beta-batch-15/AutoGrader/cache_generation.py", line 171, in bump_generation
    return _incr_or_create(key)
           ^^^^^^^^^^^^^^^^^^^^
  File "/home/bond-servant-in-training/Documents/Projects/Grade-Automator-Plus-beta-batch-15/AutoGrader/cache_generation.py", line 201, in _incr_or_create
    return cache.incr(key)
           ^^^^^^^^^^^^^^^
  File "/home/bond-servant-in-training/Documents/Virtualenvs/AutoGrader_env/lib/python3.12/site-packages/django_redis/cache.py", line 29, in _decorator
    return method(self, *args, **kwargs)
           ^^^^^^^^^^^^^^^^^^^^^^^^^^^^^
  File "/home/bond-servant-in-training/Documents/Virtualenvs/AutoGrader_env/lib/python3.12/site-packages/django_redis/cache.py", line 130, in incr
    return self.client.incr(*args, **kwargs)
           ^^^^^^^^^^^^^^^^^^^^^^^^^^^^^^^^^
  File "/home/bond-servant-in-training/Documents/Virtualenvs/AutoGrader_env/lib/python3.12/site-packages/django_redis/client/default.py", line 653, in incr
    return self._incr(
           ^^^^^^^^^^^
  File "/home/bond-servant-in-training/Documents/Virtualenvs/AutoGrader_env/lib/python3.12/site-packages/django_redis/client/default.py", line 595, in _incr
    client = self.get_client(write=True)
             ^^^^^^^^^^^^^^^^^^^^^^^^^^^
  File "/home/bond-servant-in-training/Documents/Projects/Grade-Automator-Plus-beta-batch-15/AutoGrader/tests_cache_commit_race.py", line 352, in get_client
    raise failure
  File "/home/bond-servant-in-training/Documents/Projects/Grade-Automator-Plus-beta-batch-15/AutoGrader/cache_generation.py", line 277, in _bump_pipelined
    client = cache.client.get_client(write=True)
             ^^^^^^^^^^^^^^^^^^^^^^^^^^^^^^^^^^^
  File "/home/bond-servant-in-training/Documents/Projects/Grade-Automator-Plus-beta-batch-15/AutoGrader/tests_cache_commit_race.py", line 352, in get_client
    raise failure
redis.exceptions.TimeoutError: redis timed out
ok

----------------------------------------------------------------------
Ran 156 tests in 36.781s

OK
Destroying test database for alias 'default' ('test_beta_batch_15')...
 OK
